Date,sum_Longwave_Radiation_Downwelling_wattPerMeterSquared,sum_Precipitation_millimeterPerDay,TP_load_g_per_d,Shortwave_Wm2,AirTemp_C,median_Ten_Meter_Elevation_Wind_Speed_meterPerSecond,Water_Secchi_m
2020-01-01,-1244.9050517166297,0.0,975.4260155277786,0.0,4.300000000000001,5.913,1.9413991137968325
2020-01-02,-1071.658967950627,0.0,981.5172650267973,0.0,4.5,6.291,1.9742235656199814
2020-01-03,-746.7007704618867,2.6999999999999997,987.608514525816,0.0,5.85,6.7661999999999995,1.9935604719884876
2020-01-04,-1484.4494938593482,3.6,993.6997640248346,0.0,3.3,8.2134,2.0037895450272503
2020-01-05,-989.5445997918722,0.0,999.7910135238533,0.0,4.949999999999999,4.914,2.0307401997381462
2020-01-06,-752.5971490488678,0.4,1005.8822630228719,0.0,6.4,5.1624,2.058565856024451
2020-01-07,-916.8098450696625,0.6000000000000001,1011.9735125218906,0.0,6.35,4.8708,2.0898052145076282
2020-01-08,-503.48554900137907,1.1,1018.0647620209093,0.0,7.5,6.803999999999999,2.1718312510123075
2020-01-09,-547.5981103841114,7.8,1024.156011519928,0.0,4.45,4.2822000000000005,2.2022700073335804
2020-01-10,-740.7788208301231,3.5000000000000004,1030.2472610189466,0.0,4.1,4.4064,2.2354610651156097
2020-01-11,-826.8107859184927,0.8,1036.3385105179652,0.0,6.15,9.012599999999999,2.25778196600154
2020-01-12,-569.9144344042512,7.4,1042.429760016984,0.0,7.0,4.8438,2.376471482524091
2020-01-13,-1130.8663506009627,0.1,1048.5210095160026,0.0,4.55,4.579199999999999,2.392353000510745
2020-01-14,-865.6533658591779,11.8,1054.6122590150212,0.0,7.1,8.569799999999999,2.406363661279937
2020-01-15,-323.0264423432076,10.0,1060.7035085140399,0.0,8.3,6.4746,2.612198028985005
2020-01-16,-1082.9869024567438,0.0,1066.7947580130585,0.0,6.1,6.7608,2.601061722137147
2020-01-17,-834.8259500311444,1.2000000000000002,1072.8860075120772,0.0,6.7,5.1894,2.597121196773294
2020-01-18,-870.452785784471,3.8,1078.9772570110958,0.0,4.75,5.8104,2.583917433699728
2020-01-19,-1434.2237673266225,0.0,1085.0685065101145,0.0,3.2,4.6656,2.5840953959136646
2020-01-20,-777.9687560762361,0.0,1091.1597560091332,0.0,6.0,5.832000000000001,2.5876111267672757
2020-01-21,-730.4137524049337,0.0,1097.2510055081518,0.0,6.15,7.1334,2.5873159706537763
2020-01-22,-1185.4978042583516,0.0,1103.3422550071705,0.0,5.2,5.5404,2.589441535823147
2020-01-23,-637.713363350277,0.1,1109.4335045061891,0.0,6.1,5.0868,2.6168638607779093
2020-01-24,-521.4572211535414,0.2,1115.5247540052078,0.0,5.9,5.0868,2.6473233936112734
2020-01-25,-563.1336108791802,0.30000000000000004,1121.6160035042265,0.0,5.7,4.1364,2.695351476036324
2020-01-26,-769.5186691205388,0.0,1127.7072530032451,0.0,4.9,5.0382,2.7378885184229658
2020-01-27,-609.0667799390743,1.0,1133.7985025022638,0.0,5.7,5.183999999999999,2.7810818548013936
2020-01-28,-1045.9605783638735,2.4,1139.8897520012824,0.0,4.4,5.292,2.8346888803672154
2020-01-29,-1370.4636311919073,0.6,1145.981001500301,0.0,4.35,5.815799999999999,2.882702585996621
2020-01-30,-832.6897927270131,12.8,1152.0722509993197,0.0,6.25,5.3892,2.9251243738768293
2020-01-31,-488.16673576922545,1.2000000000000002,1158.1635004983384,0.0,7.6,6.3882,2.9181725466307036
2020-02-01,-511.8189974381919,3.1,1161.1857081871526,0.0,8.350000000000001,8.359200000000001,2.953131204296132
2020-02-02,-1295.9489302502868,0.0,1160.8720008648754,0.0,4.4,5.772600000000001,3.022489322804458
2020-02-03,-882.6617099366185,3.4,1160.558293542598,0.0,4.45,3.2508,3.0301213365540853
2020-02-04,-1510.6987864456194,0.0,1160.2445862203208,0.0,2.3,5.561999999999999,3.032079101422698
2020-02-05,-1538.9634836302225,0.0,1159.9308788980434,0.0,4.3,5.756399999999999,3.017139157948894
2020-02-06,-733.1893546245503,0.0,1159.6171715757662,0.0,6.2,7.101000000000001,3.015065670006355
2020-02-07,-1011.2295727727419,0.0,1159.303464253489,0.0,4.8,2.8404000000000003,3.045363161547038
2020-02-08,-938.1844255803292,0.4,1158.9897569312116,0.0,4.3,5.3622,3.0671305478633766
2020-02-09,-486.16250037012196,25.6,1158.6760496089344,0.0,6.2,10.789200000000001,3.170338968936627
2020-02-10,-1139.5287398213623,3.3000000000000003,1158.362342286657,0.0,4.949999999999999,8.7048,3.6489766188431805
2020-02-11,-1393.1685000119446,2.7,1158.0486349643797,0.0,3.0,7.6248,3.5915769772526653
2020-02-12,-1426.2562603173515,2.9,1157.7349276421023,0.0,3.2,7.797599999999999,3.639154782428024
2020-02-13,-1425.3703402069518,2.0,1157.4212203198251,0.0,3.25,4.3956,3.554758716641137
2020-02-14,-1214.6050324986827,0.0,1157.107512997548,0.0,3.2,2.646,3.4317374910401837
2020-02-15,-367.0888327088094,6.800000000000001,1156.7938056752705,0.0,6.8,6.48,3.3145835393434915
2020-02-16,-129.64637774680426,21.6,1156.4800983529933,0.0,9.35,10.584,3.3050233116299244
2020-02-17,-1094.793540254584,1.5,1156.1663910307159,0.0,6.0,9.741599999999998,3.168837764262534
2020-02-18,-1113.6191404746978,2.1,1155.8526837084387,0.0,4.5,7.3278,3.0918546664643136
2020-02-19,-1190.6131565962905,5.3,1155.5389763861613,0.0,3.8,4.3469999999999995,3.026368765976149
2020-02-20,-711.6073426027597,11.6,1155.225269063884,0.0,4.45,7.4628,2.94584428232985
2020-02-21,-1098.4327040272085,2.2,1154.9115617416066,0.0,5.95,8.4024,2.861103995181685
2020-02-22,-678.1340063191119,13.0,1154.5978544193295,0.0,6.699999999999999,10.3842,2.8391581898760263
2020-02-23,-1368.7667606474488,0.5,1154.2841470970523,0.0,4.35,7.5006,2.772632965869615
2020-02-24,-1342.5571259859148,3.5,1153.9704397747748,0.0,3.6,5.0382,2.6654989247113736
2020-02-25,-1182.5863346537633,11.100000000000001,1153.6567324524976,0.0,4.1,7.695,2.5776760805172776
2020-02-26,-1470.1995153106225,3.4,1153.3430251302202,0.0,0.9,4.2012,2.5106924619105735
2020-02-27,-1530.5813810680847,1.4000000000000001,1153.029317807943,0.0,0.6,2.3381999999999996,2.447266279571558
2020-02-28,-1388.3277826863546,1.1,1152.7156104856656,0.0,2.8,4.941,2.380785790491502
2020-02-29,-783.9994546713917,9.5,1152.4019031633884,0.0,3.9,6.015599999999999,2.3296526665926693
2020-03-01,-1246.61492744516,5.0,1148.031946387439,0.0,4.3,7.4574,2.50779307060761
2020-03-02,-1101.445922787509,0.7000000000000001,1139.2530228140197,0.0,3.4,4.131,2.440406418116623
2020-03-03,-939.2827423300835,3.9000000000000004,1130.4740992406005,0.0,3.75,3.3588,2.400779179721297
2020-03-04,-1319.069920270883,1.0,1121.695175667181,0.0,3.55,3.8394,2.377921662778024
2020-03-05,-1299.3340979775755,0.4,1112.9162520937618,0.0,3.25,2.2572,2.3576047296828513
2020-03-06,-1278.7888184833685,0.0,1104.1373285203426,0.0,2.0,4.3146,2.3345476698162857
2020-03-07,-1484.7640447127887,0.2,1095.3584049469234,0.0,3.3,2.6136,2.3344750543940886
2020-03-08,-550.7351702957594,1.3,1086.579481373504,0.0,6.8,7.489800000000001,2.341702678767267
2020-03-09,-896.361423356361,3.5,1077.8005578000848,0.0,5.35,3.2669999999999995,2.342998598700244
2020-03-10,-545.4336754648391,4.4,1069.0216342266656,0.0,5.4,6.237,2.342471766411541
2020-03-11,-1061.7502491578548,0.6,1060.2427106532464,0.750806946419371,6.15,7.549200000000001,2.3550401226689592
2020-03-12,-1156.8277219658014,6.1000000000000005,1051.463787079827,0.3759639282403512,4.9,8.504999999999999,2.3644991401094715
2020-03-13,-1423.0883385921572,1.8,1042.6848635064077,1.1271759898730407,4.05,5.7672,2.361307267589014
2020-03-14,-1754.3852634309987,0.0,1033.9059399329885,1.8789948032193102,2.4,4.6494,2.3573315838190467
2020-03-15,-549.6725272752683,0.6000000000000001,1025.1270163595693,0.3750208651292209,7.35,7.8408,2.3437721064696406
2020-03-16,-677.6905902153172,1.3,1016.34809278615,3.0079355789352826,6.55,4.487399999999999,2.37839837507088
2020-03-17,-776.8599118448403,0.0,1007.5691692127307,1.8839244293878,6.9,5.578200000000001,2.392968032493564
2020-03-18,-445.8518611924943,5.2,998.7902456393115,1.5084655534371592,8.45,6.5123999999999995,2.4058492488821175
2020-03-19,-1259.1123081414573,0.0,990.0113220658922,5.283167892350825,4.55,4.1202000000000005,2.414740982326656
2020-03-20,-1714.6013424861212,0.0,981.232398492473,7.169688936837421,2.8,4.5306,2.416069359068141
2020-03-21,-2029.0415212175421,0.0,972.4534749190536,8.674520974090695,0.6,2.916,2.4126332968230413
2020-03-22,-2040.1067131267575,0.0,963.6745513456344,8.306630147743743,2.05,3.9744,2.4217686165148686
2020-03-23,-2087.7035104529814,0.0,954.8956277722151,11.708640089053167,0.8,5.0274,2.4252750344640814
2020-03-24,-1958.3431257481918,0.0,946.1167041987959,12.843670998913623,2.5,5.6862,2.425382269171756
2020-03-25,-1891.4227393015892,0.0,937.3377806253766,15.111453415821867,2.45,5.1894,2.4307982832898576
2020-03-26,-1878.569751086758,0.0,928.5588570519574,17.754193044740642,1.0,3.2291999999999996,2.4340370713193193
2020-03-27,-1854.363436847958,0.0,919.779933478538,20.044100277600066,3.0,2.6136,2.4349910719433914
2020-03-28,-1594.64044350707,0.0,911.0010099051188,20.04055000969936,3.6,5.184,2.4463431573801495
2020-03-29,-2268.8706775377505,0.0,902.2220863316995,24.60348195804363,1.7999999999999998,6.9336,2.4606030334396376
2020-03-30,-1950.6832800842976,0.6,893.4431627582803,25.000485316972956,1.9,4.2174,2.4676669256376536
2020-03-31,-1563.5298499897517,0.0,884.664239184861,15.165961541305611,4.4,5.9076,2.483811372858738
2020-04-01,-1066.5034658064812,0.4,871.0056261105614,21.648439157723388,5.3,7.074,2.503414745261554
2020-04-02,-1009.5265230566743,1.4000000000000001,852.0430027092177,18.250949114938788,5.2,8.937000000000001,2.5193143893044523
2020-04-03,-1831.51920994533,0.8,833.0803793078742,33.106492462373446,3.5,8.1324,2.525499507090692
2020-04-04,-1288.1317421135125,1.8,814.1177559065305,35.0355595649525,5.15,3.8178,2.5426576998745007
2020-04-05,-1169.1626649085267,0.0,795.1551325051869,40.02481587554148,7.65,5.454,2.5594151486019885
2020-04-06,-862.5963483041868,0.0,776.1925091038433,46.136865668667085,9.600000000000001,5.427,2.5631940113529894
2020-04-07,-937.4096770549227,0.0,757.2298857024997,48.05302033739025,8.45,4.616999999999999,2.568399347644397
2020-04-08,-771.3651671645857,0.0,738.2672623011562,46.103172110409076,8.95,3.7908,2.553579179034578
2020-04-09,-1376.1579514760017,0.1,719.3046388998125,36.997060955445384,6.5,5.4432,2.571285788288316
2020-04-10,-1616.2750672244722,0.0,700.342015498469,43.94588220644758,4.2,3.456,2.5967432448240704
2020-04-11,-1097.4986752073498,4.2,681.3793920971253,29.446271078890312,5.85,3.5694,2.6057617403006574
2020-04-12,-978.5166238694068,0.0,662.4167686957818,49.45448346565186,8.2,6.6906,2.6484045375356353
2020-04-13,-1995.558688093712,0.2,643.4541452944381,67.12362329064148,4.1,6.615,2.654492801646902
2020-04-14,-1780.7954587887198,0.0,624.4915218930946,52.958441840218285,5.25,4.8384,2.661840849587942
2020-04-15,-1167.9891317799952,0.0,605.528898491751,68.71163127777724,6.949999999999999,7.5654,2.671823988573208
2020-04-16,-1319.9044517550383,0.0,586.5662750904073,70.64432035408964,7.7,6.48,2.6761015198963785
2020-04-17,-1713.9232403462554,0.0,567.6036516890638,83.3080426588154,5.65,2.3111999999999995,2.673812444268912
2020-04-18,-1756.8280190958858,0.0,548.6410282877201,85.58319730975055,5.45,2.9699999999999998,2.6699214976287875
2020-04-19,-1481.8136037191732,0.0,529.6784048863766,89.38918104179197,7.8,2.646,2.6627381896105518
2020-04-20,-1345.4864116266704,0.0,510.71578148503295,91.31578314942033,8.5,2.3274,2.662854829745404
2020-04-21,-1508.7588362388524,0.0,491.75315808368936,93.62760292799197,9.7,3.0347999999999997,2.664895242252965
2020-04-22,-1333.3215606129572,0.0,472.79053468234576,100.55144324989432,10.7,2.8296,2.666940436992629
2020-04-23,-1250.6083155317824,0.0,453.8279112810022,100.5928103723384,11.45,2.7,2.6738816037747775
2020-04-24,-1305.0974437587815,0.2,434.8652878796586,87.19992699607484,9.6,4.7844,2.6805445685935574
2020-04-25,-1421.7550638363732,0.2,415.902664478315,42.64808618162163,9.45,3.483,2.6928242448834183
2020-04-26,-1479.7366845626489,0.0,396.9400410769714,53.10605646058602,7.9,3.1752000000000002,2.722899749550308
2020-04-27,-1039.5387464345608,7.4,377.9774176756278,16.988797240828376,6.7,2.7378,2.7670771645691623
2020-04-28,-1437.6259461968873,0.1,359.0147942742842,53.40315780994855,7.5,2.7594,2.8176723492091535
2020-04-29,-1366.0600576572585,2.2,340.0521708729406,30.249549611008582,6.4,5.2218,2.8597394743221356
2020-04-30,-758.081194242901,17.2,321.089547471597,19.802427482924028,7.6,4.779,2.879299060935729
2020-05-01,-845.1379034786264,8.5,311.5165348662355,58.37947509810813,7.65,3.2561999999999998,2.9281711902108007
2020-05-02,-1214.046468295649,6.2,312.1496209521588,90.87004327184678,8.2,2.943,2.9679956888749843
2020-05-03,-1371.7884806295874,0.0,312.78270703808215,128.42422263698307,7.800000000000001,5.070600000000001,2.9834594270533716
2020-05-04,-1628.1793415777142,0.2,313.41579312400546,132.3060293012362,7.35,5.103,2.981594804909458
2020-05-05,-1667.8561330423868,0.1,314.0488792099288,120.21054527422856,7.55,3.78,2.9938310209665695
2020-05-06,-1426.837277672964,0.0,314.68196529585214,112.8825533719863,8.35,7.0416,3.0011605423319887
2020-05-07,-1299.3309742092943,0.0,315.3150513817755,141.2570237248033,8.9,4.6872,2.9791085636201737
2020-05-08,-1087.6862300471448,0.0,315.9481374676988,144.87958474589257,10.399999999999999,4.6332,2.993768847562025
2020-05-09,-913.5166289615394,0.0,316.5812235536222,88.36794226610738,11.45,2.2356,3.0218877067999905
2020-05-10,-1212.8441246193418,0.9,317.2143096395455,76.7542496816249,8.6,4.6386,3.0585617799333615
2020-05-11,-2190.079256372346,0.0,317.84739572546886,164.23434932478995,6.05,5.2164,3.073702200452656
2020-05-12,-1945.0162635153492,2.1999999999999997,318.48048181139217,153.15251969006044,5.8,5.724,3.062752188128891
2020-05-13,-1990.3896559613545,0.8,319.11356789731553,136.17564410576978,6.35,2.646,3.051948106046715
2020-05-14,-1730.398895987642,0.0,319.74665398323884,137.2313303629982,6.75,6.2262,3.0482715422796427
2020-05-15,-1321.3360645038717,0.5,320.37974006916215,118.1412003826742,8.5,6.647399999999999,3.036407829781553
2020-05-16,-936.3123752944471,5.2,321.0128261550855,95.45431236878255,8.0,7.1495999999999995,3.0340730716041593
2020-05-17,-873.8374354781672,4.7,321.64591224100883,42.063073538967785,8.5,6.7608,3.148897340668791
2020-05-18,-595.4996025682617,4.6,322.2789983269322,56.8337953723852,9.9,3.8124000000000002,3.240261217754912
2020-05-19,-798.127074529162,0.2,322.9120844128555,57.69481894200281,10.1,5.3675999999999995,3.2686742875783112
2020-05-20,-1223.8055277490096,0.0,323.5451704987789,167.79538148242852,11.35,3.3156,3.2482382923045847
2020-05-21,-883.4520039437506,0.0,324.1782565847022,143.607904935936,12.0,2.5218,3.234818825487192
2020-05-22,-316.892524187405,17.0,324.81134267062555,23.667786423880187,12.8,5.2326,3.231968567452342
2020-05-23,-950.931567485099,0.5,325.44442875654886,152.3091258162376,12.15,5.572800000000001,3.2383920215079325
2020-05-24,-721.8476461496209,4.3,326.0775148424722,55.14901425890645,10.149999999999999,6.9605999999999995,3.209692735192529
2020-05-25,-623.4344456375497,0.2,326.71060092839554,122.50980241757803,13.649999999999999,4.2498000000000005,3.1976260481591376
2020-05-26,-891.7133001022335,0.0,327.3436870143189,165.5770109106013,12.85,2.5542,3.2085947612062125
2020-05-27,-1093.306645722154,0.0,327.9767731002422,88.35318102557133,11.75,5.5134,3.213560002044814
2020-05-28,-1327.5673499410811,0.0,328.6098591861656,194.37942861490646,11.25,3.9474,3.214145246865467
2020-05-29,-1436.999989308332,0.0,329.2429452720889,185.21243325488842,11.35,1.4849999999999999,3.2032289496611783
2020-05-30,-1216.8835826451736,0.0,329.87603135801226,195.77808657458763,14.7,2.8566000000000003,3.194738993527764
2020-05-31,-1100.1503327671899,0.0,330.50911744393557,158.2785648713098,15.1,3.2561999999999998,3.1794746815160586
2020-06-01,-1019.9287429180026,0.0,331.4587455812339,198.3939972039226,17.0,2.1384,3.175361815094062
2020-06-02,-1022.1477296282596,0.0,332.75244116567916,188.5083934772136,18.25,2.1654,3.1656638392854344
2020-06-03,-1187.0630317204145,0.0,334.04613675012433,145.5924295026628,15.75,2.8998,3.1648916960126887
2020-06-04,-1085.646053905901,11.8,335.3398323345695,73.21872481926283,12.850000000000001,6.2208,3.1670394478501285
2020-06-05,-1221.4995687578776,5.5,336.6335279190147,103.47746315468495,11.5,4.5684,3.1395470272373096
2020-06-06,-1492.194604441984,9.9,337.92722350345986,117.78686799026454,10.35,5.8644,3.150824853219527
2020-06-07,-1318.190663759059,6.0,339.22091908790503,152.56897779007542,12.5,3.591,3.1453343098855875
2020-06-08,-1396.620850584698,0.1,340.5146146723502,164.8880298865213,12.15,2.511,3.1608301923645614
2020-06-09,-1233.2700311184833,0.0,341.8083102567954,119.70677285643094,11.95,1.9170000000000003,3.184188833143046
2020-06-10,-1245.2627216117794,0.0,343.1020058412406,140.29483576326808,14.6,2.8242000000000003,3.2078939541966975
2020-06-11,-812.314339349527,0.0,344.3957014256858,132.74834529820845,17.4,5.464799999999999,3.20159833029766
2020-06-12,-439.9606383189314,1.0,345.68939701013096,87.08292682320686,16.85,5.729399999999999,3.193605255931362
2020-06-13,-187.38990989459427,2.4,346.98309259457614,74.57781663284817,17.05,5.9994,3.230344342013235
2020-06-14,-1005.4450685885847,0.0,348.2767881790213,214.51563599035208,16.9,5.2272,3.221527440562043
2020-06-15,-1095.2673471068777,0.0,349.5704837634665,215.35846220297745,18.0,1.2366000000000001,3.182574305610221
2020-06-16,-1038.288976348021,0.0,350.86417934791166,206.1246456511249,19.549999999999997,2.8404000000000003,3.159458296374388
2020-06-17,-750.4982607254465,0.1,352.15787493235683,201.26379960668146,19.700000000000003,2.0898,3.1417297983229746
2020-06-18,-635.7194904415265,1.2,353.45157051680206,174.14732441184225,19.55,1.8144,3.135235944858646
2020-06-19,-606.9450051715032,17.4,354.74526610124724,72.81173538910416,18.299999999999997,2.6244,3.175256452105624
2020-06-20,-781.0268791503776,6.7,356.0389616856924,52.11973152835447,15.75,4.401,3.251638037678115
2020-06-21,-1238.5005581494702,0.0,357.3326572701376,200.01060783054498,17.0,2.6621999999999995,3.2849660198231785
2020-06-22,-1314.960960321072,6.199999999999999,358.62635285458276,189.42155096453536,16.05,4.773599999999999,3.2497652853635457
2020-06-23,-1254.80861539107,0.0,359.92004843902794,205.30030194595432,17.4,3.267,3.199231102228687
2020-06-24,-1036.9492675796464,0.0,361.2137440234731,207.82324651283642,19.4,2.0789999999999997,3.177150269914129
2020-06-25,-878.5590733367053,0.0,362.5074396079183,209.17085637220856,21.25,3.4181999999999997,3.150486676933472
2020-06-26,-664.6063632042543,0.1,363.8011351923635,194.40384382419188,21.6,3.6234,3.1242710165310035
2020-06-27,-219.83424432560872,3.0,365.0948307768087,121.32648782377967,21.15,3.0834,3.1247736413008855
2020-06-28,-1122.8821354611925,1.0,366.38852636125387,135.89929785043626,17.799999999999997,4.287599999999999,3.187823308167225
2020-06-29,-1658.7606091691398,4.9,367.68222194569904,129.67425287988104,15.149999999999999,5.913,3.212244928183053
2020-06-30,-1394.464308031962,10.1,368.9759175301442,114.62742920670095,14.0,6.9714,3.1897710788002382
2020-07-01,-1242.708015922005,9.4,370.1368825175137,108.92150457473463,15.15,5.2272,3.148413452090156
2020-07-02,-1852.9605858748414,0.0,371.15357511675745,168.8905772667817,14.100000000000001,3.9906,3.1803258583087186
2020-07-03,-1470.9934496500346,4.5,372.17026771600115,64.19860170659311,13.350000000000001,4.7034,3.1799822242273796
2020-07-04,-493.9188864815679,13.0,373.1869603152449,56.13876302763205,15.4,5.6106,3.2787909466219722
2020-07-05,-600.0532473848843,3.7,374.2036529144886,58.9272859669338,15.600000000000001,8.072999999999999,3.340282343567763
2020-07-06,-1475.5756232005906,2.1,375.22034551373235,178.64649090902185,12.8,7.9758,3.237615120856109
2020-07-07,-1503.2348219223572,5.1,376.23703811297605,145.56371628509999,12.4,6.0966000000000005,3.1737875700120766
2020-07-08,-1608.2261405264792,0.30000000000000004,377.25373071221975,156.53244981582856,12.5,5.945399999999999,3.1513602786151322
2020-07-09,-1402.6522998677824,0.0,378.2704233114635,137.92632608354955,13.25,3.1590000000000003,3.1388829069419235
2020-07-10,-1382.003467045828,0.3,379.2871159107072,184.51309814387412,12.65,3.4559999999999995,3.160900528225371
2020-07-11,-1462.7761504429443,0.9,380.30380850995095,183.74896044059483,13.15,6.507,3.1128727619544945
2020-07-12,-1178.6562583456873,0.1,381.32050110919465,123.5501315913152,13.65,6.183,3.0833500577228303
2020-07-13,-838.3744346847307,0.2,382.3371937084384,108.77494642051738,14.05,4.114800000000001,3.1092940956133956
2020-07-14,-452.263725690473,13.8,383.3538863076821,41.356453276582,13.65,4.2012,3.18421028392605
2020-07-15,-1066.2824051291213,6.5,384.37057890692586,139.26417772791515,14.0,2.3004000000000002,3.223388415392349
2020-07-16,-1077.4152827776215,0.5,385.38727150616955,176.78681857342144,15.15,2.4408000000000003,3.2303909619660365
2020-07-17,-908.6423920753389,0.0,386.4039641054133,102.23819122644464,16.3,2.2788000000000004,3.2365749450540546
2020-07-18,-574.0139386085393,1.1,387.420656704657,101.29219751515481,18.4,3.5964,3.249195000117285
2020-07-19,-142.16065726355566,4.3,388.43734930390076,58.978658705534116,17.35,2.7216,3.315016279280926
2020-07-20,-1360.2627608005946,0.0,389.45404190314446,110.20452493211084,14.1,5.189399999999999,3.3462771642225047
2020-07-21,-1599.049842496852,0.0,390.4707345023882,132.76893625948787,13.399999999999999,5.837400000000001,3.2855048159636437
2020-07-22,-1469.3984364169478,0.0,391.4874271016319,116.24034215512364,13.75,4.968,3.215382093557717
2020-07-23,-1058.3794573895468,5.1,392.50411970087566,74.12850664371089,14.05,4.2606,3.232739450070449
2020-07-24,-909.0511294623102,4.8,393.52081230011936,117.27796946661488,15.2,5.880599999999999,3.2655316335664537
2020-07-25,-721.066350327695,0.4,394.5375048993631,55.61637249962469,16.3,3.7962,3.219908421922435
2020-07-26,-291.006706875508,13.3,395.5541974986068,42.675044650781786,16.1,4.9086,3.276572225948419
2020-07-27,-805.4800781106026,2.5,396.57089009785057,98.42768857005514,15.75,4.8546,3.2868736963879392
2020-07-28,-1005.4728111034051,6.8,397.58758269709426,99.45242745137544,15.8,6.3774,3.2936254538257117
2020-07-29,-1200.9469179708021,2.2,398.604275296338,78.22121002501274,13.3,6.831,3.244634962222345
2020-07-30,-1199.2292898926917,0.1,399.6209678955817,97.8088497368424,14.05,6.6636,3.2325665362775227
2020-07-31,-1027.1020552137754,0.0,400.63766049482547,129.18363774479408,15.8,2.4624,3.2011368518380614
2020-08-01,-717.7163003151297,0.0,403.53480394696766,146.50116686285958,18.3,5.0760000000000005,3.1844982668563624
2020-08-02,-783.4412825700927,0.5,408.47591571747773,90.55062222813777,16.1,4.1850000000000005,3.1808232937911907
2020-08-03,-1388.0370052026565,0.6,413.4170274879878,145.7837931949797,14.4,3.5208000000000004,3.197605180999761
2020-08-04,-1502.6355607572305,0.0,418.3581392584979,142.61914590787893,13.7,3.3695999999999997,3.1897897631371923
2020-08-05,-344.77300271944705,4.6,423.29925102900796,47.76240830090043,15.850000000000001,5.4108,3.226230754579789
2020-08-06,-185.84232958014002,0.0,428.24036279951804,114.4002991596829,18.75,3.348,3.2703493715725993
2020-08-07,-540.1077853265531,0.0,433.1814745700281,124.77335683330139,21.05,3.0294,3.257943337813107
2020-08-08,-423.7345017559141,0.0,438.1225863405382,129.77628417849746,20.45,1.9548,3.223321292334477
2020-08-09,-591.9749097813208,0.0,443.06369811104827,122.97466989875994,20.5,1.9818000000000002,3.2116901160136426
2020-08-10,-748.820907173772,0.0,448.00480988155834,119.73608914536142,20.9,2.1006,3.190529534314697
2020-08-11,-799.3995020676,0.0,452.9459216520684,117.26720172030755,20.15,3.3102,3.1741629440303702
2020-08-12,-1038.2421348549778,0.0,457.8870334225785,95.89213595881277,19.15,4.0662,3.146107071573698
2020-08-13,-1156.1143803905613,0.0,462.8281451930886,117.87627737401812,18.85,3.1428000000000003,3.132326864166604
2020-08-14,-1203.353109337962,0.0,467.76925696359865,96.17555794434426,19.25,1.8738000000000001,3.1217977290388905
2020-08-15,-1162.0864871289664,0.0,472.7103687341087,88.69957249230578,20.0,1.6038000000000001,3.1212750922966404
2020-08-16,-982.2097455461387,0.0,477.6514805046188,104.0805033572966,21.4,2.7756,3.1199877170943013
2020-08-17,-999.059921767811,0.0,482.5925922751289,103.60087212453178,21.4,3.456,3.105388430778513
2020-08-18,-644.1641745375046,4.6,487.53370404563896,64.8255548503463,19.6,2.6028000000000002,3.153672239174927
2020-08-19,-1109.9915892210945,0.30000000000000004,492.47481581614903,79.7218804587203,17.9,1.9494000000000002,3.2190028825890025
2020-08-20,-508.7788818678184,7.5,497.4159275866591,24.16366815099515,18.75,3.2723999999999998,3.347994108198992
2020-08-21,-345.161026819608,3.6,502.35703935716924,29.51925318617924,19.55,5.2974,3.4326994080021405
2020-08-22,-1140.0224000624378,2.0,507.2981511276793,69.81520358906904,17.549999999999997,5.2704,3.362588865321272
2020-08-23,-1176.4059073542453,2.5,512.2392628981894,55.39876833704328,15.35,5.0058,3.2999672053933744
2020-08-24,-1840.3802591425679,0.6000000000000001,517.1803746686994,72.80047188047675,13.75,3.2832,3.2778133695745355
2020-08-25,-1749.6802861936249,4.3,522.1214864392095,40.97778726778639,14.45,3.5262,3.2641723172109236
2020-08-26,-713.3329361729104,7.5,527.0625982097196,26.07065841306354,15.55,3.4128,3.268952385850885
2020-08-27,-1357.3435138309824,9.3,532.0037099802297,45.103199134887454,13.4,3.9096,3.312954846465228
2020-08-28,-1086.521582490908,5.4,536.9448217507397,44.443337503972494,14.2,3.4992,3.3647666907208946
2020-08-29,-1248.5334044594688,4.7,541.8859335212499,46.125617220968586,13.8,1.4849999999999999,3.4107534416662917
2020-08-30,-1524.6966520498277,0.4,546.8270452917599,54.03456343524451,13.25,2.1870000000000003,3.40657695348154
2020-08-31,-1802.8090183890854,0.1,551.76815706227,59.50042494124547,13.25,2.7864000000000004,3.367228802986403
2020-09-01,-1708.8736492456035,0.0,553.994860383339,56.64934267828969,13.0,2.7809999999999997,3.313811399354611
2020-09-02,-1480.9319228601216,0.0,553.271119737624,51.46104093669403,14.0,2.4732000000000003,3.2839761926177564
2020-09-03,-1225.758618267481,4.2,552.5473790919091,22.834763831721354,14.4,4.417199999999999,3.2651372234672644
2020-09-04,-1154.4296028337924,0.0,551.8236384461942,37.53110208212874,14.55,4.8222,3.2361397823728204
2020-09-05,-1617.171368481838,0.9000000000000001,551.0998978004792,34.31921053353611,12.8,4.698,3.2104760704745265
2020-09-06,-1681.587453246889,0.8,550.3761571547643,37.43488879850674,11.45,4.374,3.18429987195168
2020-09-07,-1432.5017126949056,2.1,549.6524165090493,35.87338418478138,13.05,4.9626,3.1816366736177133
2020-09-08,-652.6860544032738,1.9000000000000001,548.9286758633344,12.577658886010056,15.75,5.6214,3.182262201063837
2020-09-09,-567.7406237389866,2.5,548.2049352176195,11.799772290433376,15.65,6.712199999999999,3.1830384687891673
2020-09-10,-1506.0218205169633,0.0,547.4811945719046,29.96111685959302,11.6,5.632200000000001,3.1851897176940414
2020-09-11,-1100.043223093573,0.5,546.7574539261897,16.179882234668803,14.05,5.178599999999999,3.212310800796982
2020-09-12,-891.1715557600592,2.6,546.0337132804748,10.672101500711864,14.05,5.697000000000001,3.284276492208852
2020-09-13,-517.5760960861464,0.1,545.3099726347598,8.325205916612463,15.7,5.967,3.3360812038693908
2020-09-14,-651.9539406272418,0.0,544.5862319890449,23.024559230391134,16.3,3.9906,3.3583999403404916
2020-09-15,-800.7635941372193,0.0,543.8624913433299,14.67798735993965,15.4,1.7982,3.347528112169975
2020-09-16,-1390.5786802761045,0.0,543.138750697615,11.109786918167316,13.3,4.9572,3.3549693004380368
2020-09-17,-2089.8822599528153,0.0,542.4150100519001,18.653902217797473,9.75,2.9808000000000003,3.3433846254760224
2020-09-18,-1861.3431991767222,0.0,541.6912694061851,17.06090290031843,10.2,3.2508,3.2599173355809867
2020-09-19,-986.083007760293,0.0,540.9675287604703,8.705795905263209,13.0,1.7442000000000002,3.294449298578183
2020-09-20,-882.5282534561727,0.0,540.2437881147554,6.351558183193047,12.850000000000001,1.1556,3.380606615351908
2020-09-21,-1242.1365845226728,0.0,539.5200474690404,8.737656627618604,12.0,2.3922,3.376938428460636
2020-09-22,-1484.9606467347778,0.0,538.7963068233255,6.757198619955651,11.65,2.1492,3.379720392949232
2020-09-23,-779.0127389818522,0.5,538.0725661776105,8.353171509332526,14.9,4.239,3.374172184844103
2020-09-24,-985.7959431005816,1.8,537.3488255318956,1.9844997535933024,14.6,6.723,3.326258382368601
2020-09-25,-921.545064999569,8.4,536.6250848861807,2.77592528900941,12.1,4.735799999999999,3.3693411117292844
2020-09-26,-1084.7316533328487,1.1,535.9013442404657,3.5853208392569518,13.45,4.2606,3.4535959110891543
2020-09-27,-617.1616214396761,1.9,535.1776035947508,3.589802786965139,16.4,6.183,3.477203022590076
2020-09-28,-824.9980119317181,1.2000000000000002,534.453862949036,1.9893832408743146,14.05,4.303800000000001,3.481994991063087
2020-09-29,-975.5079326116966,0.2,533.730122303321,1.5983156322445804,12.4,3.1266,3.53292919516823
2020-09-30,-651.7625131635525,0.1,533.0063816576061,3.200673853900372,13.3,3.645,3.5757826620373914
2020-10-01,-887.9874755951764,2.7,533.1799957920808,1.1963841548343472,14.05,6.507,3.5862154494109326
2020-10-02,-674.3537217649161,2.7,534.3289955571964,0.40023388146660016,13.9,6.9876000000000005,3.608720493171707
2020-10-03,-601.7094904981295,2.6,535.477995322312,1.6064340246397293,14.850000000000001,8.7696,3.724690701194592
2020-10-04,-751.5432385284238,10.9,536.6269950874276,0.4031807587362091,13.9,3.8880000000000003,3.8381597172175868
2020-10-05,-918.2544549103889,3.6,537.7759948525434,1.6138843817145683,12.5,4.05,3.836259626357161
2020-10-06,-1127.4864582029295,0.9,538.924994617659,1.2099881731326183,11.149999999999999,3.6342,3.8408525164059886
2020-10-07,-940.8596246132701,0.8,540.0739943827746,0.807000451169531,10.649999999999999,3.6557999999999997,3.8512621948065364
2020-10-08,-1191.9880767982152,2.1999999999999997,541.2229941478902,0.4033751311597738,10.149999999999999,3.9744000000000006,3.8825712372785612
2020-10-09,-1536.9338730789557,3.8,542.3719939130059,0.4043278493110689,9.35,4.5306,3.929458151250023
2020-10-10,-1681.1626570985793,0.6000000000000001,543.5209936781215,0.40449548770102195,7.85,4.0878,3.9309047767798857
2020-10-11,-1731.0152554417546,0.2,544.6699934432371,0.4041960990728526,7.45,2.2626,3.908136842508883
2020-10-12,-1621.008941779961,0.5,545.8189932083528,0.0,8.600000000000001,2.5488,3.8538996892926036
2020-10-13,-1631.7480159964875,0.0,546.9679929734684,0.0,8.2,2.1870000000000003,3.8651506534526123
2020-10-14,-1936.8531018940344,0.0,548.116992738584,0.0,8.0,5.9399999999999995,3.8954154701156267
2020-10-15,-1823.841860724186,0.0,549.2659925036996,0.0,7.7,5.005800000000001,3.937851657924262
2020-10-16,-1475.4565726657706,0.0,550.4149922688154,0.0,7.949999999999999,2.565,3.9586174172198967
2020-10-17,-1655.514423294296,0.1,551.563992033931,0.0,9.6,3.2508,3.958050989942959
2020-10-18,-1924.182988326967,0.0,552.7129917990466,0.0,7.25,3.7691999999999997,3.962273612707182
2020-10-19,-1682.9027727174853,0.0,553.8619915641623,0.0,6.85,3.3857999999999997,3.9468041410870622
2020-10-20,-1122.1382937846743,0.4,555.0109913292779,0.0,9.0,5.0598,4.020252776406107
2020-10-21,-285.0041129193512,12.7,556.1599910943935,0.0,12.05,4.8222000000000005,4.129403181024473
2020-10-22,-297.0941087079055,2.1,557.3089908595091,0.0,12.4,8.2188,4.295008852833326
2020-10-23,-828.3363736086619,1.8,558.4579906246248,0.0,10.55,3.8772,4.370063320139412
2020-10-24,-713.5121904007901,0.1,559.6069903897404,0.0,10.95,4.752000000000001,4.37604676589112
2020-10-25,-492.28922499740906,4.3,560.755990154856,0.0,11.5,5.8428,4.458298567112415
2020-10-26,-1008.8835214841097,1.3,561.9049899199717,0.0,8.95,4.233600000000001,4.521202599753184
2020-10-27,-1208.3392798015648,1.2,563.0539896850873,0.0,8.25,6.372,4.56232994712804
2020-10-28,-1121.5662032010373,3.4,564.202989450203,0.0,9.0,6.561,4.579340244429375
2020-10-29,-1156.6445397558623,2.7,565.3519892153186,0.0,7.45,2.9537999999999998,4.579516002741391
2020-10-30,-639.6345925243301,9.0,566.5009889804343,0.0,10.0,3.4776,4.632966181828198
2020-10-31,-872.8126730198007,0.7000000000000001,567.6499887455499,0.0,11.1,3.8447999999999998,4.689256475822729
2020-11-01,-775.324813807468,4.7,570.2129760770935,0.0,11.2,6.188400000000001,4.732158609265637
2020-11-02,-131.09506673363364,5.0,574.3129064156238,0.0,15.0,10.071000000000002,4.818845812146181
2020-11-03,-1242.8023584684188,0.4,578.4128367541542,0.0,9.350000000000001,6.4368,4.822423141334056
2020-11-04,-1298.1092739969222,1.7000000000000002,582.5127670926846,0.0,7.55,5.561999999999999,4.768867098304962
2020-11-05,-981.5072092838406,0.1,586.612697431215,0.0,10.649999999999999,7.349399999999999,4.768888293368895
2020-11-06,-926.5998279244125,0.0,590.7126277697453,0.0,10.1,5.13,4.7596168242368915
2020-11-07,-1041.124973053651,0.0,594.8125581082757,0.0,9.0,2.4353999999999996,4.736477384949653
2020-11-08,-1511.8642586898009,0.0,598.912488446806,0.0,7.300000000000001,2.052,4.758613230121391
2020-11-09,-1321.7056148863178,0.0,603.0124187853364,0.0,7.65,4.401,4.759987343208092
2020-11-10,-1288.031738264238,0.0,607.1123491238668,0.0,7.25,4.2552,4.790121198575157
2020-11-11,-1323.5984030671038,0.0,611.2122794623972,0.0,6.05,3.7908000000000004,4.833831294060159
2020-11-12,-975.0255747775454,1.6,615.3122098009276,0.0,8.0,4.1472,4.883034233795968
2020-11-13,-1182.0462494047429,1.2,619.412140139458,0.0,8.1,3.5478,4.901895280756948
2020-11-14,-1132.7926793662718,0.1,623.5120704779883,0.0,8.25,3.4181999999999997,4.896586369738742
2020-11-15,-575.8914851982514,4.7,627.6120008165187,0.0,11.4,6.1937999999999995,4.895444361177843
2020-11-16,-885.631214106191,1.5,631.711931155049,0.0,9.2,5.837400000000001,4.8987206408703345
2020-11-17,-298.32113164913,1.5,635.8118614935794,0.0,11.1,6.6582,4.949566662296031
2020-11-18,-326.40060419314955,0.8,639.9117918321098,0.0,11.9,8.477999999999998,5.0085999888428425
2020-11-19,-1444.5243181575602,2.3000000000000003,644.0117221706402,0.0,6.1,8.8506,5.032785298948389
2020-11-20,-1907.1159163044856,0.0,648.1116525091705,0.0,4.15,4.1256,5.01442280808692
2020-11-21,-695.1462651751099,5.1000000000000005,652.2115828477009,0.0,8.55,7.8138,4.991422993852348
2020-11-22,-1364.5491059851593,0.6000000000000001,656.3115131862313,0.0,7.4,6.5447999999999995,4.987987605560784
2020-11-23,-1227.337695125576,0.2,660.4114435247617,0.0,7.300000000000001,5.7294,4.9338763236693515
2020-11-24,-508.07416799499583,2.8,664.5113738632921,0.0,9.4,6.4152000000000005,4.927572716788909
2020-11-25,-1113.0034988973202,0.0,668.6113042018225,0.0,6.85,4.7628,4.94825824638467
2020-11-26,-1329.7256772943692,0.4,672.7112345403527,0.0,7.65,4.298400000000001,4.941911421202224
2020-11-27,-1990.9621980919983,0.0,676.8111648788831,0.0,2.5,1.4040000000000001,4.917552300820832
2020-11-28,-1747.0413900452174,0.0,680.9110952174135,0.0,1.45,2.2248,4.936767219092001
2020-11-29,-1883.9629534968776,0.0,685.0110255559439,0.0,0.9,1.7765999999999997,4.984531414361911
2020-11-30,-1730.1368824333429,4.5,689.1109558944743,0.0,1.6,4.606199999999999,5.043152127482136
2020-12-01,-1570.568222538212,1.5,696.6809715933006,0.0,4.2,2.4894,5.087649314912423
2020-12-02,-1395.2718338682243,0.2,708.022819205492,0.0,3.3,2.7647999999999997,5.150881721908027
2020-12-03,-1809.6481162869597,1.3,719.3646668176835,0.0,2.0,6.2585999999999995,5.193553438694554
2020-12-04,-1596.2956635632786,1.2000000000000002,730.7065144298749,0.0,2.7,6.5718,5.208735157368188
2020-12-05,-1465.7559092598383,2.8,742.0483620420664,0.0,3.75,4.6008000000000004,5.244003286112908
2020-12-06,-1227.192826992229,3.0,753.3902096542578,0.0,4.3,4.0283999999999995,5.3110112836114975
2020-12-07,-900.6114240614027,0.30000000000000004,764.7320572664493,0.0,6.4,6.7554,5.346882510362007
2020-12-08,-1178.0253242985555,0.0,776.0739048786406,0.0,4.3,2.781,5.356867981912769
2020-12-09,-1077.8792497543382,0.7,787.4157524908321,0.0,3.8,3.375,5.408508535248499
2020-12-10,-1206.633205957146,1.9,798.7576001030235,0.0,3.1,4.1850000000000005,5.4862606324923595
2020-12-11,-1362.5791657770626,2.2,810.099447715215,0.0,2.3499999999999996,5.5565999999999995,5.5603357329049095
2020-12-12,-1338.3153305828112,0.2,821.4412953274064,0.0,3.2,4.4496,5.609804819677679
2020-12-13,-1290.577772686754,0.0,832.7831429395978,0.0,2.8,4.4441999999999995,5.662945138578639
2020-12-14,-778.1827264439478,3.0,844.1249905517893,0.0,4.8,5.967,5.697971926418754
2020-12-15,-696.836619396579,0.5,855.4668381639807,0.0,6.8,4.0824,5.75021506394439
2020-12-16,-719.3450343013864,0.0,866.8086857761721,0.0,6.75,3.996,5.8035593549989795
2020-12-17,-619.6743288607597,5.0,878.1505333883636,0.0,6.7,5.210999999999999,5.8477094259223215
2020-12-18,-885.3023574832825,1.0,889.492381000555,0.0,6.9,6.080399999999999,5.888145859725376
2020-12-19,-969.0717876881492,0.1,900.8342286127464,0.0,5.2,5.4108,5.882983546389177
2020-12-20,-493.3671377971783,0.0,912.1760762249379,0.0,7.35,4.9086,5.860763107574336
2020-12-21,-1024.774570633646,0.8,923.5179238371293,0.0,5.65,5.2002,5.866937707039119
2020-12-22,-932.3406487972795,2.9,934.8597714493208,0.0,5.8,5.8266,5.813657518941381
2020-12-23,-1303.7704143638641,0.0,946.2016190615121,0.0,3.6500000000000004,3.24,5.791568204416036
2020-12-24,-1550.2680608150613,0.0,957.5434666737036,0.0,1.6,4.428,5.8005146473098765
2020-12-25,-2021.7879854150885,0.0,968.885314285895,0.0,-0.9,3.2885999999999997,5.779814924094783
2020-12-26,-1125.0771830030826,5.3,980.2271618980865,0.0,3.8499999999999996,6.0372,5.749559721805261
2020-12-27,-1128.6176330403996,19.2,991.5690095102779,0.0,2.5,10.4382,6.01531996234651
2020-12-28,-1252.3435000717027,4.9,1002.9108571224693,0.0,2.25,5.4054,6.0087088872367875
2020-12-29,-1118.6248112038788,5.9,1014.2527047346607,0.0,2.2,2.9322,5.9936182193883045
2020-12-30,-1113.9225975788645,0.1,1025.5945523468522,0.0,2.6,1.3392,5.981454150208055
2020-12-31,-1277.9041646771257,3.7,1036.9363999590437,0.0,1.0,1.2906,5.956221914015813
2021-01-01,-1485.167070104968,0.0,1039.8246302698503,0.0,0.9,1.5983999999999998,5.945964695099621
2021-01-02,-1612.4321558197455,0.0,1033.5241461226299,0.0,0.2,1.7658,5.888117812140006
2021-01-03,-1542.1828711627234,0.0,1027.2236619754096,0.0,0.8,4.9572,5.793775711364638
2021-01-04,-1651.0847068645744,0.1,1020.9231778281892,0.0,-0.1,4.6548,5.659170553670421
2021-01-05,-1601.0127672934493,0.0,1014.6226936809688,0.0,0.6,4.6494,5.594987299945913
2021-01-06,-1435.5714749206136,3.4000000000000004,1008.3222095337485,0.0,0.55,5.464799999999999,5.483825919570312
2021-01-07,-1312.340296559329,2.5,1002.0217253865283,0.0,0.6,3.9204000000000003,5.428193632518523
2021-01-08,-1387.3703393721512,1.3,995.7212412393079,0.0,0.25,4.023000000000001,5.367455978132838
2021-01-09,-1465.906737862876,0.0,989.4207570920876,0.0,0.6,2.3274,5.324326867404727
2021-01-10,-1147.2023678096841,2.1,983.1202729448672,0.0,0.95,3.6882,5.325142274890338
2021-01-11,-655.9167274729505,11.200000000000001,976.8197887976469,0.0,5.25,6.9012,5.475141197983989
2021-01-12,-1461.6895054818012,1.1,970.5193046504265,0.0,1.05,5.1408000000000005,5.6476175783854154
2021-01-13,-1732.4569445402228,3.7,964.2188205032062,0.0,0.05,7.0524000000000004,5.629900996107404
2021-01-14,-1890.3234713170975,0.0,957.9183363559858,0.0,-1.0,4.2444,5.558573115128974
2021-01-15,-2068.1088327558696,0.0,951.6178522087655,0.0,-2.3,3.3588,5.48555308822966
2021-01-16,-2107.353675286727,0.0,945.3173680615452,0.0,-2.5,1.7226,5.375199865858908
2021-01-17,-1846.6073910341015,0.0,939.0168839143248,0.0,-1.25,3.3426,5.284129862118041
2021-01-18,-1312.3416612799697,2.6,932.7163997671045,0.0,0.75,3.51,5.178063510360625
2021-01-19,-906.3181646067515,2.2,926.4159156198841,0.0,1.95,3.6342,5.142026260613699
2021-01-20,-402.6456191213628,13.799999999999999,920.1154314726638,0.0,6.55,7.446599999999999,5.284067777505856
2021-01-21,-756.4923928721357,3.2,913.8149473254434,0.0,5.3,10.530000000000001,5.284500892514898
2021-01-22,-1125.3021925669398,5.0,907.5144631782231,0.0,4.15,7.856999999999999,5.183542865891389
2021-01-23,-1254.3883672894021,0.7999999999999999,901.2139790310027,0.0,2.25,4.0338,5.0481166547726
2021-01-24,-1151.1257212516634,0.0,894.9134948837824,0.0,2.0,1.7442,4.957446414849366
2021-01-25,-1385.1497396847012,0.5,888.613010736562,0.0,-0.7,2.4516,4.837566856601907
2021-01-26,-1565.350063123752,0.0,882.3125265893418,0.0,-0.8,2.349,4.738325456823768
2021-01-27,-1340.9000872545755,5.4,876.0120424421215,0.0,0.75,3.7638,4.628373010667785
2021-01-28,-2004.041090710755,0.0,869.7115582949011,0.0,-2.25,2.9484000000000004,4.516180882647403
2021-01-29,-1794.308334672401,0.0,863.4110741476808,0.0,-2.4,3.537,4.430425725510318
2021-01-30,-1969.3056735918399,0.30000000000000004,857.1105900004604,0.0,-2.1,3.429,4.361201711458403
2021-01-31,-1785.468469069972,0.3,850.8101058532401,0.0,-1.0,3.9582000000000006,4.249966857950549
2021-02-01,-1929.9064937319981,0.0,849.3714191583429,0.0,-2.55,2.4623999999999997,4.188647491726778
2021-02-02,-1812.9471509339794,0.0,853.2172949116232,0.0,-2.5,1.7442,4.16942118284426
2021-02-03,-1742.2984178392758,1.5,857.0631706649034,0.0,-1.7999999999999998,6.6528,4.166599911289438
2021-02-04,-2008.8306326514783,0.0,860.9090464181836,0.0,-3.5,4.865399999999999,4.267695702491477
2021-02-05,-2136.9639933022186,0.0,864.7549221714638,0.0,-4.1,5.8104,4.266085654007963
2021-02-06,-2306.2812355953365,0.0,868.6007979247441,0.0,-4.3,5.9292,4.334124051299721
2021-02-07,-2030.5548225642938,0.0,872.4466736780244,0.0,-3.6500000000000004,7.0362,4.387181455311925
2021-02-08,-1909.347748000379,0.5,876.2925494313046,0.0,-3.25,7.4411999999999985,4.425805858913439
2021-02-09,-2161.036775734661,0.2,880.1384251845848,0.0,-4.15,6.3396,4.412722291499149
2021-02-10,-2273.2970886269177,0.4,883.9843009378651,0.0,-5.0,4.627800000000001,4.375438007049722
2021-02-11,-2418.2460307367933,0.2,887.8301766911453,0.0,-6.15,3.9528000000000003,4.327471448864855
2021-02-12,-2713.9241148103465,0.0,891.6760524444255,0.0,-7.550000000000001,2.9322,4.294295648161777
2021-02-13,-2505.6934929883696,0.0,895.5219281977057,0.0,-8.05,2.5001999999999995,4.262433903534543
2021-02-14,-2272.354807257943,0.0,899.3678039509861,0.0,-4.05,3.5208000000000004,4.236999258972743
2021-02-15,-1502.5860915539702,1.0,903.2136797042663,0.0,-1.45,6.1722,4.242683459709607
2021-02-16,-1327.1841240248505,8.9,907.0595554575465,0.0,0.15000000000000002,3.9852,4.281702987220872
2021-02-17,-1041.155889734631,6.0,910.9054312108267,0.0,1.2999999999999998,2.1276,4.305385822473093
2021-02-18,-609.5791636317721,3.0,914.751306964107,0.0,3.05,5.259600000000001,4.324365248371707
2021-02-19,-927.6250864457264,3.6,918.5971827173872,0.0,3.0,4.5306,4.326586066341447
2021-02-20,-600.3794308418544,0.1,922.4430584706674,0.0,5.8,5.2272,4.298237448891009
2021-02-21,-448.5399363774853,0.0,926.2889342239476,0.0,5.6,3.9744,4.283477476958415
2021-02-22,-687.1586098541957,0.0,930.134809977228,0.0,6.65,4.3146,4.254004075163074
2021-02-23,-17.06775931509395,0.5,933.9806857305082,0.0,7.15,4.2606,4.2427832464065185
2021-02-24,-95.80497182076402,0.0,937.8265614837884,0.0,8.95,6.8202,4.387446992461986
2021-02-25,-359.3373320391926,0.0,941.6724372370686,0.0,8.25,5.9994,4.272470803649993
2021-02-26,-771.4627560959887,0.0,945.5183129903489,0.0,4.5,6.4962,4.360501874904392
2021-02-27,-630.4433119522171,0.0,949.3641887436291,0.0,3.9,4.611599999999999,4.365441796528575
2021-02-28,-821.3375999009058,0.0,953.2100644969094,0.0,4.25,5.0112,4.211076674992659
2021-03-01,-923.2261321436459,0.0,954.9192689001859,0.0,3.55,4.4982,4.0730154024715635
2021-03-02,-1031.0913527704902,0.0,954.3060044447627,0.0,2.3,3.0078,3.9706705629077037
2021-03-03,-1176.0188300274483,0.0,953.6927399893395,0.0,1.0,1.7603999999999997,3.918484059966455
2021-03-04,-1809.0294926195795,0.0,953.0794755339164,0.0,0.44999999999999996,3.8826,3.8862006776633757
2021-03-05,-1911.628305420069,0.0,952.4662110784933,0.0,-1.65,2.2409999999999997,3.7917020896118476
2021-03-06,-1209.9288881682983,0.0,951.8529466230701,0.0,2.45,7.803,3.9136957297776798
2021-03-07,-1533.753227332398,0.0,951.239682167647,0.0,2.95,5.2596,3.804314278837606
2021-03-08,-2119.5546721924193,0.0,950.6264177122238,0.0,-2.85,2.1761999999999997,3.7208258477991984
2021-03-09,-1980.0270624097802,0.0,950.0131532568006,0.0,-1.5,2.4461999999999997,3.6562894420123997
2021-03-10,-1429.4711926824657,3.0,949.3998888013774,0.0,2.1,6.9605999999999995,3.634970225229792
2021-03-11,-508.10194534891406,16.900000000000002,948.7866243459544,0.0,4.449999999999999,8.586,3.7574812022522996
2021-03-12,-995.7528104482924,3.5,948.1733598905312,0.8046717867369654,3.9,7.041599999999999,3.786983422461426
2021-03-13,-1009.7679158511014,5.3999999999999995,947.560095435108,0.8014863044599658,2.15,4.104,3.6667420600446734
2021-03-14,-961.6707332508744,1.0,946.9468309796848,1.5995058035344698,3.25,5.7132000000000005,3.6123891146076708
2021-03-15,-861.7874487032307,2.9,946.3335665242616,1.5931925406424412,3.7,5.507999999999999,3.5131373410126603
2021-03-16,-1284.2952455460772,1.1,945.7203020688385,2.785363659703177,1.45,1.9926,3.4541737542643887
2021-03-17,-1281.582315102528,1.9000000000000001,945.1070376134154,3.1766612423932132,1.6,1.8792,3.405363789504196
2021-03-18,-1535.3158543969325,0.0,944.4937731579922,4.361341131248018,0.7000000000000001,2.7809999999999997,3.358477118493097
2021-03-19,-1648.0848433618798,0.2,943.880508702569,4.349416651711982,-0.2,2.8188,3.2936231775024174
2021-03-20,-787.8878062254798,0.0,943.2672442471459,4.736564232571771,5.2,6.841799999999999,3.255356281991962
2021-03-21,-1295.5330334566029,0.0,942.6539797917227,8.719535114908272,4.8,5.4,3.3403718867304883
2021-03-22,-982.7487080729363,0.0,942.0407153362995,8.299431292507712,4.8,5.3892,3.2729213682379035
2021-03-23,-698.2945077837439,0.0,941.4274508808764,4.730531671264911,5.15,4.2606,3.2225570368778094
2021-03-24,-670.8177000109305,0.1,940.8141864254533,7.474592927057374,6.05,5.0274,3.1722025852166347
2021-03-25,-714.1047822811811,0.2,940.2009219700301,12.565536899742188,6.1,4.2066,3.1175000147125003
2021-03-26,-546.3284675932011,0.7,939.5876575146069,12.14602137540627,7.55,5.0274,3.078820358069308
2021-03-27,-594.9291077554882,4.9,938.9743930591837,7.827199558045047,5.75,5.0112000000000005,3.0362396129195846
2021-03-28,-402.55797451296246,5.0,938.3611286037606,10.172214639504869,7.15,6.523199999999999,3.0351252253766035
2021-03-29,-92.84278628843003,2.0,937.7478641483375,13.313375763689463,8.45,7.036199999999999,3.0623723120642357
2021-03-30,-366.23619851024495,0.0,937.1345996929143,24.64710901770726,9.350000000000001,5.7672,3.0440085637691325
2021-03-31,-579.3768895902599,0.2,936.5213352374911,26.157483571981988,9.0,3.7800000000000002,2.991943479498958
2021-04-01,-1108.805638297216,1.5,927.9419097272345,20.26128544171768,5.800000000000001,3.9366000000000003,2.9672059148813346
2021-04-02,-1359.955883594486,0.0,910.7036135052024,32.706046719575596,5.05,4.401,2.934174804711862
2021-04-03,-1677.678068724511,0.0,893.4653172831703,37.32687222212621,3.1,2.7539999999999996,2.9069416644598816
2021-04-04,-868.1942175739621,1.1,876.2270210611382,17.471514218559925,5.75,7.7490000000000006,2.8839785120905175
2021-04-05,-1889.6144652652692,2.7,858.9887248391061,38.370820766186654,1.8,8.289,3.168464102119991
2021-04-06,-1841.0974508258587,0.1,841.750428617074,42.52087295672248,2.2,7.2468,3.1739222187350684
2021-04-07,-1416.1436795917868,2.6,824.5121323950419,43.19409872773459,2.7,5.2218,3.1202452052113743
2021-04-08,-1250.80343249602,3.0,807.2738361730098,19.59081650027399,4.2,7.0146,3.087040829262005
2021-04-09,-1360.1628177603336,2.8,790.0355399509779,28.25040941734488,5.4,9.082799999999999,3.1199177385605896
2021-04-10,-1641.559794647434,0.8,772.7972437289457,53.75535186973573,3.0,4.3254,3.089464477560724
2021-04-11,-1182.3036123947195,7.9,755.5589475069136,14.125595960736327,1.6,4.968,3.1020313769120387
2021-04-12,-1580.2065281820344,1.3,738.3206512848815,58.499783193543905,2.5,5.6268,3.1108805115788543
2021-04-13,-1527.1908775885265,1.5,721.0823550628494,60.39796909622467,3.6,4.930199999999999,3.0934622178217945
2021-04-14,-1589.0513185377245,0.4,703.8440588408173,73.27368293340922,2.9,2.7216,3.0680885268386966
2021-04-15,-1556.4867937182685,0.1,686.6057626187853,61.86000824683733,3.65,3.3696,3.0506544338024257
2021-04-16,-1580.348270823133,0.0,669.3674663967531,78.70296796877837,4.199999999999999,3.0942,3.050524906341173
2021-04-17,-1265.5108482747448,0.1,652.1291701747211,66.11016014667126,7.199999999999999,3.618,3.042166292956429
2021-04-18,-1030.550223970221,0.0,634.8908739526889,77.42146543152194,7.65,3.0726,3.0211717757737877
2021-04-19,-1022.5142908851349,0.0,617.652577730657,88.21304387437866,8.8,3.0132,2.9871052311439117
2021-04-20,-976.7087357071125,0.0,600.4142815086248,93.5751151107518,9.75,1.7064,2.9638503623706467
2021-04-21,-1331.0741603753527,0.7,583.1759852865928,77.62233565368507,5.8,7.343999999999999,2.9570624394843983
2021-04-22,-1512.6677969949658,0.0,565.9376890645607,98.7599406806923,5.5,5.9616,3.0032188273300586
2021-04-23,-1488.8301290051545,0.5,548.6993928425286,101.98352118345423,5.5,4.4712,3.002856494158282
2021-04-24,-1658.6772787771115,0.0,531.4610966204965,82.3422588934419,4.85,3.4829999999999997,3.005359353723925
2021-04-25,-2044.5443982446695,0.0,514.2228003984644,114.72333560316225,4.0,3.267,2.981294266757055
2021-04-26,-1916.3667058596282,0.30000000000000004,496.98450417643227,113.41365931702893,4.25,2.1276,2.953996049199855
2021-04-27,-1857.3116968419085,0.0,479.7462079544002,117.29861975654106,5.25,2.5218,2.9512397883325225
2021-04-28,-1685.140448891461,0.1,462.5079117323681,109.47593248724509,6.4,3.3966,2.9484703737323543
2021-04-29,-983.7555310459113,0.9,445.269615510336,60.77367805620361,6.85,4.8870000000000005,2.942806726901023
2021-04-30,-979.8643522276263,3.4,428.0313192883039,59.21101483662484,6.55,2.7161999999999997,2.9460082256575015
2021-05-01,-1291.1416830669018,1.0,420.41008503658315,92.78515344879104,6.8,3.0294,2.962650260759508
2021-05-02,-1367.481035396749,2.3000000000000003,423.2421790134617,67.08263362311979,6.85,2.6568,2.968435458050994
2021-05-03,-1448.7502311606088,1.7000000000000002,426.07427299034026,121.7230669504965,6.15,4.3469999999999995,2.9749288039309603
2021-05-04,-783.9615440547938,14.2,428.9063669672188,34.35652286484098,5.8,6.0534,3.0039024737876474
2021-05-05,-1099.5180388588187,4.3,431.73846094409737,42.31922933997366,5.550000000000001,4.2336,3.0658870259764686
2021-05-06,-1450.3553813773274,2.3,434.5705549209759,88.21828410505388,4.7,4.05,3.1787387343077445
2021-05-07,-1324.858467187577,2.6,437.4026488978545,111.00044664063134,5.449999999999999,3.2724,3.169743194161055
2021-05-08,-1370.5246366197898,1.4,440.234742874733,86.80911611586446,7.95,4.725,3.1314272781944625
2021-05-09,89.85277719573281,12.5,443.0668368516116,30.703064336592092,14.2,5.7618,3.160160611264488
2021-05-10,133.101050434596,1.0,445.8989308284901,40.45648942067335,13.55,2.7863999999999995,3.1546048170340146
2021-05-11,-254.53612227261237,8.6,448.73102480536863,33.026507814201636,10.1,3.2616,3.1459562619688626
2021-05-12,-259.3027961026839,3.2,451.5631187822472,51.12240270559886,10.95,3.7908,3.1493082990098
2021-05-13,-154.73573368337395,2.9,454.39521275912574,54.706073501809676,10.85,2.8998,3.1569737737820547
2021-05-14,-344.4715987873821,4.1,457.2273067360043,78.68196498873866,11.5,2.6784,3.161422248702814
2021-05-15,-651.5586002799287,0.8,460.05940071288285,47.591683049344695,8.75,4.4064,3.159231238781768
2021-05-16,-707.4990202164304,0.9,462.89149468976143,69.17491692171998,9.8,2.5218,3.1555355364405546
2021-05-17,-999.1754461871858,3.2,465.72358866663996,107.67914030044676,9.6,2.214,3.143514492534166
2021-05-18,-988.625352883846,1.6,468.55568264351854,111.60015695495508,9.7,2.9699999999999998,3.131927405111993
2021-05-19,-1221.6297855184143,2.5,471.38777662039706,148.2305272034998,9.5,4.222799999999999,3.1234925043788473
2021-05-20,-1404.2685788083963,0.0,474.21987059727564,158.3783636721513,8.8,5.8428,3.0817964268228697
2021-05-21,-1037.341187718542,7.5,477.05196457415417,59.44247581683139,9.75,4.914,3.0540315914096423
2021-05-22,-745.5084427359743,4.2,479.8840585510327,77.07896959529194,9.6,5.561999999999999,3.0283553035388424
2021-05-23,-885.5653413753612,3.4,482.7161525279113,77.59179314784672,8.95,6.922799999999999,2.9984451910426455
2021-05-24,-398.1408828944478,1.9000000000000001,485.5482465047898,60.09813100188456,11.7,4.7628,2.9843253663530467
2021-05-25,-456.0467550029163,17.3,488.3803404816684,34.78316613300202,10.1,2.6136,3.0153947993512213
2021-05-26,-650.6696520030879,14.5,491.2124344585469,36.78936271630573,8.9,3.7854,3.0442483120295725
2021-05-27,-1006.5409014110185,0.7000000000000001,494.0445284354255,124.66236499046211,10.899999999999999,4.7844,3.0233254795454805
2021-05-28,-1019.1817925583293,0.1,496.876622412304,153.9055505504091,11.05,2.6352,2.982588040099799
2021-05-29,-848.6313476761386,0.0,499.70871638918254,184.36010511618792,13.6,2.6352,2.955345973760008
2021-05-30,-901.3100823978616,0.0,502.5408103660611,195.73436521323555,14.8,1.8468,2.926109863406996
2021-05-31,-1117.936312603476,0.0,505.37290434293965,197.35313950215584,14.0,2.9484,2.8964180016997556
2021-06-01,-1019.6493237947162,0.0,507.9766820885324,154.09171255505996,12.7,2.4623999999999997,2.866929795564168
2021-06-02,-1144.3647399591234,1.3,510.3322900175101,145.10043102950755,13.9,4.5738,2.8700142387399117
2021-06-03,-668.3435722773081,3.6,512.6878979464877,133.14011917980235,15.5,6.426,2.8322385950540565
2021-06-04,-756.5980722132831,0.0,515.0435058754655,176.86190484573154,16.05,3.7962,2.7819497983832884
2021-06-05,-715.3580051210637,0.0,517.3991138044431,157.71302308022013,17.15,3.8124000000000002,2.7640844974393373
2021-06-06,-540.6840619152226,0.2,519.7547217334209,80.72976488787052,15.850000000000001,1.6038,2.782110742864361
2021-06-07,-793.7247280452107,4.6,522.1103296623985,136.46295635029674,14.7,2.2356,2.8223150715645766
2021-06-08,-1174.8259148819518,0.1,524.4659375913762,190.7815239417971,14.8,4.0014,2.8201988099374127
2021-06-09,-864.981194450505,0.0,526.8215455203539,174.68166157258855,15.6,3.3804,2.798229236414925
2021-06-10,-833.7281334865879,0.0,529.1771534493316,164.61281697369824,16.9,2.8296,2.787977850086924
2021-06-11,-620.3337030313576,1.8,531.5327613783093,147.79707032050626,17.0,4.7628,2.7961970136401337
2021-06-12,-1444.0612748590302,0.1,533.888369307287,138.60332756460923,13.45,7.662599999999999,2.800974221450045
2021-06-13,-1253.5720049579315,0.0,536.2439772362646,186.81858503193638,14.100000000000001,6.5123999999999995,2.663109949947691
2021-06-14,-641.9152195157695,0.8,538.5995851652424,78.63287345210489,14.55,5.200200000000001,2.654968962971066
2021-06-15,-1296.602224472087,0.0,540.95519309422,204.59894824222226,13.85,4.4712,2.6695393940147936
2021-06-16,-1317.1611928182726,0.0,543.3108010231978,178.47865502554424,14.75,2.8998,2.6719282034425893
2021-06-17,-260.00732915036076,0.0,545.6664089521754,170.7944556233199,21.5,5.4918000000000005,2.6729179979797406
2021-06-18,-271.33037779894033,0.1,548.0220168811531,143.47644098886028,19.75,2.5056,2.666813627042335
2021-06-19,-461.5423597118349,0.5,550.3776248101308,123.1897963684167,19.0,3.9528000000000008,2.6742361697419077
2021-06-20,-900.9736630502321,6.8,552.7332327391085,105.8151371996139,15.0,5.157,2.6981570487790347
2021-06-21,-1176.9205529657283,10.6,555.0888406680862,42.40241032063521,12.75,3.78,2.7432440022623665
2021-06-22,-901.1895684287001,0.1,557.4444485970639,97.93141381466619,15.5,3.5153999999999996,2.819448714343577
2021-06-23,-926.0111115944673,0.2,559.8000565260415,147.80930041914593,15.6,3.2346,2.8485786136038187
2021-06-24,-1413.8872984867114,0.0,562.1556644550193,104.29026830587999,14.8,2.5218,2.8496516913380265
2021-06-25,-1309.81559896522,0.0,564.5112723839969,126.16815392526787,15.600000000000001,2.4732,2.853339655028175
2021-06-26,-897.3142199410707,0.30000000000000004,566.8668803129747,80.4060630177579,16.7,2.7540000000000004,2.8798967486176523
2021-06-27,-1113.2484344704517,0.0,569.2224882419523,107.21858512064452,14.7,4.0392,2.91627696656938
2021-06-28,-1472.8783913906068,0.0,571.57809617093,205.78466312639108,16.200000000000003,2.808,2.8873039600369683
2021-06-29,-1358.9866035334976,0.1,573.9337040999077,167.5653568366132,16.5,2.2302,2.8492941177337836
2021-06-30,-800.6748968783752,5.5,576.2893120288854,82.44175130826324,16.299999999999997,3.5694,2.907693365141696
2021-07-01,-1075.8597521061956,0.0,573.6291934021908,141.20088167711384,17.049999999999997,4.644,2.922161281174869
2021-07-02,-642.1471674719469,15.4,565.5171980845481,56.73170220999016,17.049999999999997,2.8188000000000004,2.9153280014707246
2021-07-03,-427.22400610204187,11.700000000000001,557.4052027669054,51.976538834084124,16.35,3.0456,3.013619749321102
2021-07-04,-1091.604771541418,1.2,549.2932074492627,166.54280003990516,17.45,2.2572,3.0482102142867413
2021-07-05,-870.5774952933684,6.2,541.18121213162,96.5374309237092,17.4,3.5856000000000003,2.9932468096311613
2021-07-06,-690.5047387050615,5.1,533.0692168139773,76.63918726855388,16.8,4.995,3.021030644366239
2021-07-07,-1096.2702839549997,4.1,524.9572214963346,162.65967390333657,17.0,4.428,3.0252116245082212
2021-07-08,-932.7852888110376,0.5,516.8452261786919,142.14128761722225,18.3,2.0843999999999996,2.9864090553766016
2021-07-09,-657.9703085057215,11.2,508.73323086104915,46.90978193063931,17.8,2.4516,3.020864099041155
2021-07-10,-765.1257091645273,5.4,500.6212355434064,64.33691005952333,15.8,4.7196,3.093906258036797
2021-07-11,-1060.2103677469916,0.0,492.5092402257637,157.1580950098305,16.95,2.1708,3.083474475949628
2021-07-12,-818.2545885114263,0.1,484.39724490812097,156.226997365918,20.049999999999997,4.2498000000000005,3.065208125911858
2021-07-13,-546.4718786015438,2.0,476.28524959047826,133.78222662888885,20.5,3.8772,3.03087857845973
2021-07-14,-503.800475952586,0.2,468.17325427283555,170.1272784220618,22.65,1.9062000000000001,3.0273057847690312
2021-07-15,-803.9250845853012,0.0,460.06125895519284,153.1480503350072,20.95,3.4344,3.0171267217111453
2021-07-16,-929.0135483217766,0.0,451.94926363755013,185.53259709772544,21.35,3.6828,3.0033015417399245
2021-07-17,-1346.3190439432083,0.0,443.8372683199074,181.03978362854605,18.85,5.913,2.9797340127754923
2021-07-18,-1677.3698951380127,0.0,435.7252730022647,147.29870048565172,16.3,6.696,2.9510651532889627
2021-07-19,-1600.4023140325833,0.0,427.613277684622,163.3578175624838,16.549999999999997,4.1904,2.945465023505273
2021-07-20,-1345.8488182633462,0.5,419.50128236697924,134.4140108768334,16.35,6.1776,3.0011626753957508
2021-07-21,-1277.58672787899,0.0,411.38928704933653,85.76586368887732,16.35,2.7702,3.060914189269189
2021-07-22,-1272.403314758991,0.0,403.2772917316938,150.92584945501315,16.75,2.3598,3.135326522680809
2021-07-23,-1427.7589076837849,0.0,395.1652964140511,127.81441802748722,16.0,2.3706,3.168893659848612
2021-07-24,-1131.4429108258976,0.0,387.0533010964084,164.54378012607225,19.7,3.9636000000000005,3.1826512692227347
2021-07-25,-432.6915086182878,3.1999999999999997,378.9413057787657,92.99510277349141,20.1,5.9346,3.2017909192860023
2021-07-26,-428.2983402068631,8.3,370.829310461123,92.98529142525635,20.299999999999997,4.1688,3.2463257422719725
2021-07-27,-885.9469575541291,10.1,362.7173151434803,124.6100033556554,18.65,2.916,3.290770207677721
2021-07-28,-681.0737754090335,6.8,354.60531982583757,48.40983343446753,17.0,4.2228,3.363279846960979
2021-07-29,-1327.8230762804528,11.6,346.49332450819486,84.68472826129525,14.75,5.9886,3.4071041264277726
2021-07-30,-999.3273205570558,2.9000000000000004,338.38132919055215,104.10237784013142,16.700000000000003,6.804,3.4057893068920815
2021-07-31,-1008.0728247549162,3.8000000000000003,330.26933387290944,70.6609493620713,15.3,3.861,3.418479009267897
2021-08-01,-1571.453468330553,0.2,326.37707664508105,103.05853965143737,14.5,5.518800000000001,3.4556068794836823
2021-08-02,-1344.7291844537028,1.1,327.0714912540074,100.39497983433532,15.2,4.1958,3.452970872276767
2021-08-03,-1544.9000114667779,0.0,327.76590586293383,104.69392578614287,14.55,3.4829999999999997,3.470704682565031
2021-08-04,-1461.881391453776,0.0,328.4603204718602,125.19322326230609,15.0,1.9926,3.4939106578058574
2021-08-05,-1484.1725085048722,0.0,329.15473508078657,138.34570333106964,16.2,2.7864000000000004,3.511273395968268
2021-08-06,-1040.4469913183198,5.1000000000000005,329.84914968971293,106.8350971694453,17.4,6.2694,3.4939168641322023
2021-08-07,-831.8156560255586,12.2,330.54356429863935,75.73152178468192,15.3,3.8718000000000004,3.5144296698334427
2021-08-08,-826.5915754187017,8.299999999999999,331.2379789075657,38.755148265270904,15.4,4.287599999999999,3.5760507456735957
2021-08-09,-796.8257371158238,6.2,331.9323935164921,73.65889162095812,15.3,4.2444,3.6264593845788196
2021-08-10,-1090.9196915639482,16.400000000000002,332.6268081254185,76.97583394864215,14.899999999999999,3.2994,3.6647205538230576
2021-08-11,-1268.921334474376,1.0,333.3212227343449,104.62616890747029,15.6,3.024,3.684681695622693
2021-08-12,-619.788416577178,1.1,334.01563734327124,77.35146601673944,18.05,2.9375999999999998,3.655722939895335
2021-08-13,-812.0722000842093,0.8,334.7100519521976,99.41819333602801,16.5,4.9626,3.660031486685156
2021-08-14,-1238.1967404725654,1.9,335.404466561124,97.62429626401052,15.65,5.643000000000001,3.62377191073201
2021-08-15,-1077.3738029147823,11.600000000000001,336.0988811700504,45.13363529562254,14.75,5.0652,3.592100613037359
2021-08-16,-1469.341189185393,8.0,336.79329577897676,57.32559136434621,13.15,2.7054,3.666115873593005
2021-08-17,-1359.6868659514994,2.0,337.4877103879031,91.32622284416354,15.05,7.2738,3.669859047156317
2021-08-18,-1060.6671229169,2.1,338.18212499682954,45.222787841789525,14.55,7.5816,3.6063952082715947
2021-08-19,-1324.6539889447424,0.0,338.8765396057559,76.8659073955067,14.100000000000001,6.2532,3.618280029752813
2021-08-20,-1377.10968597694,0.5,339.5709542146823,88.76892462492356,13.649999999999999,4.5414,3.5934452897107345
2021-08-21,-1358.0753537290304,0.0,340.2653688236087,90.3684179926814,14.85,2.7108,3.588376762826436
2021-08-22,-1325.787469161313,0.0,340.95978343253506,63.911671787982286,14.8,2.5866,3.5923203076664443
2021-08-23,-1152.142516557593,0.0,341.6541980414614,75.55728119785502,14.35,2.106,3.585597123562392
2021-08-24,-1246.5519988856388,0.0,342.3486126503878,66.79208670095383,14.3,2.1113999999999997,3.600395414359837
2021-08-25,-528.3718078930522,1.0,343.0430272593142,35.22753948655918,16.0,6.593399999999999,3.579436434180437
2021-08-26,-1299.8815251106598,0.30000000000000004,343.7374418682406,36.33127121052917,14.25,6.4746,3.5862177796466033
2021-08-27,-732.3309143316689,4.5,344.43185647716695,29.20860677502761,14.8,6.8957999999999995,3.6213773278055283
2021-08-28,-696.3964432123753,1.4,345.1262710860933,29.24919819573269,14.5,5.5134,3.647344299620975
2021-08-29,-586.9716538462035,0.30000000000000004,345.82068569501973,38.88211214477529,15.8,4.8438,3.683170172917806
2021-08-30,-1017.7141283170841,0.0,346.5151003039461,59.77354190563714,15.55,3.6071999999999997,3.700103452598342
2021-08-31,-1202.5694892408083,0.0,347.20951491287246,62.56247977061109,15.7,2.2464,3.678913563392842
2021-09-01,-1133.1316916235764,0.0,348.6515575351916,57.73283770899716,14.600000000000001,2.349,3.6678595394889837
2021-09-02,-1134.7305080540425,0.0,350.90623930250285,38.86859836619896,14.100000000000001,3.3804,3.671315775307758
2021-09-03,-1318.4650181079714,0.0,353.1609210698141,51.70558258612533,14.05,4.6494,3.656203606548102
2021-09-04,-1707.2665059701096,0.0,355.41560283712533,47.678217657049856,13.149999999999999,2.9052,3.64428766515256
2021-09-05,-1667.9925742003238,0.0,357.6702846044366,45.29376083818594,13.15,2.7702,3.645674654283824
2021-09-06,-953.3517898035316,0.0,359.9249663717478,25.665015353070906,13.9,1.7873999999999999,3.6910631098801843
2021-09-07,-984.2899303185875,0.0,362.17964813905905,33.367559734361265,15.45,2.7864,3.752583069580404
2021-09-08,-824.9533375810518,0.0,364.4343299063703,30.197052499573722,16.75,2.5271999999999997,3.788791178752564
2021-09-09,-895.363805635455,0.0,366.68901167368153,33.01516228705914,16.5,2.2680000000000002,3.7949787414180802
2021-09-10,-409.2814251213091,4.2,368.9436934409928,17.681406705894656,17.65,2.3004,3.804856994757074
2021-09-11,-617.5963639262767,9.5,371.198375208304,11.693868950959779,16.799999999999997,3.3102,3.8675390006461505
2021-09-12,-920.4417110632355,0.5,373.45305697561525,17.78118314708986,16.1,5.578200000000001,3.889021711604067
2021-09-13,-911.2948058868922,0.2,375.7077387429265,13.29767328075959,15.25,1.1124,3.894118741143054
2021-09-14,-758.2910255931636,0.7000000000000001,377.96242051023773,14.967793441157022,14.649999999999999,1.6955999999999998,3.9693430577152577
2021-09-15,-525.4439551332416,24.4,380.217102277549,5.6683738725280195,15.0,4.8708,4.053595473968597
2021-09-16,-877.8834147510595,4.8,382.4717840448602,6.5004348896689175,15.1,3.24,4.1064884608484284
2021-09-17,-1068.6774748384546,0.7000000000000001,384.7264658121715,7.7020335980869365,13.3,5.2542,4.10626682144018
2021-09-18,-1093.6373934683825,0.4,386.98114757948275,4.474242251734185,13.05,3.6828000000000003,4.166080358744015
2021-09-19,-1606.812325431343,0.2,389.235829346794,6.108550150414506,11.6,3.9042000000000003,4.211707891887064
2021-09-20,-1657.1198095232621,0.2,391.49051111410523,4.074170799859521,10.649999999999999,1.8144,4.227358756172046
2021-09-21,-1258.910974490549,0.7,393.7451928814165,3.256745929135141,11.45,4.023000000000001,4.222125371743678
2021-09-22,-1142.5466404586452,0.1,395.9998746487277,10.179392750937483,14.3,5.2758,4.167601625185003
2021-09-23,-673.1961038400236,3.2,398.25455641603895,1.622431536244517,13.850000000000001,8.823599999999999,4.092146899847053
2021-09-24,-884.9540086722147,0.30000000000000004,400.5092381833502,4.46185588038765,14.45,6.345,4.041625726014639
2021-09-25,-1122.0737852288041,0.0,402.76391995066143,6.895830189002469,13.55,5.2218,4.029571194757457
2021-09-26,-791.0304597340613,0.1,405.0186017179727,4.05221926271016,14.7,4.0176,3.996049217618693
2021-09-27,-44.70788992216353,7.1,407.2732834852839,3.646558962791382,15.8,5.1462,4.024364278728213
2021-09-28,-1059.9482013763015,0.9000000000000001,409.52796525259515,5.273488870213837,12.75,2.7539999999999996,4.033224517292776
2021-09-29,-847.7409711958352,3.7,411.7826470199064,4.05498102044038,12.350000000000001,4.4765999999999995,4.020637790257677
2021-09-30,-1155.230798538144,17.2,414.03732878721763,0.4053405595311977,10.9,4.5846,4.030654918845412
2021-10-01,-836.6988612666105,11.3,418.1037414308397,0.4055850767321563,12.4,8.2674,4.0569776107282145
2021-10-02,-873.8998716320638,6.7,424.139426766104,1.2166283937023656,12.4,4.4064,4.04357464559399
2021-10-03,-219.26814635452644,13.7,430.1751121013683,0.40545374052538646,14.35,6.5934,4.092791961485416
2021-10-04,-787.905805969848,2.4,436.21079743663256,1.2200195289569224,12.0,5.0868,4.1547579491728746
2021-10-05,-982.6834191951231,2.9,442.24648277189686,0.810682727534617,10.8,4.2174,4.123036317365279
2021-10-06,-1048.528125253889,2.4,448.2821681071611,0.40623536103681557,10.850000000000001,2.6352,4.1156791741843985
2021-10-07,-1441.5536689995663,0.0,454.3178534424254,1.2187055045966122,9.850000000000001,2.5542,4.056192122383235
2021-10-08,-1183.4900431314518,0.0,460.35353877768966,0.8108028087885014,10.6,2.2788000000000004,3.9929203552794026
2021-10-09,-1407.0938403775526,0.0,466.38922411295397,0.40504950758777303,9.600000000000001,2.6946,3.9704591142570314
2021-10-10,-1421.8807738033959,0.5,472.4249094482183,0.40490996178281086,10.45,3.7908,3.981305229445276
2021-10-11,-1429.7844956809909,0.6000000000000001,478.4605947834825,0.40411741354538344,9.5,6.587999999999999,3.9304218079660185
2021-10-12,-2020.7602933808314,0.0,484.4962801187468,0.0,6.65,3.6828,3.930810246075884
2021-10-13,-1748.7495040271815,0.8,490.53196545401113,0.0,8.65,3.699,3.8905092165730952
2021-10-14,-966.5162062970996,1.0,496.5676507892754,0.0,11.2,5.178599999999999,3.9314093485036037
2021-10-15,-1408.155222568821,2.9000000000000004,502.6033361245397,0.0,9.5,7.0578,4.010028817867031
2021-10-16,-1495.7407460763952,0.1,508.6390214598039,0.0,8.4,5.3082,4.026834929803081
2021-10-17,-1419.9548855822466,0.0,514.6747067950682,0.0,8.6,2.6082,4.043667829246829
2021-10-18,-731.0323995328654,3.3000000000000003,520.7103921303325,0.0,9.55,3.4938000000000002,4.099364787318365
2021-10-19,-259.1931867848932,9.0,526.7460774655968,0.0,12.4,4.606199999999999,4.213245831905459
2021-10-20,-2.4502662590701902,16.2,532.7817628008611,0.0,14.25,6.1182,4.34101363970778
2021-10-21,-1321.4291673024843,1.8,538.8174481361253,0.0,8.75,8.2458,4.407697237238825
2021-10-22,-1838.2243558405746,3.9,544.8531334713897,0.0,7.300000000000001,8.2944,4.438528020208673
2021-10-23,-1602.0541804696181,0.0,550.888818806654,0.0,7.9,5.4054,4.436203924615397
2021-10-24,-1264.9137515861278,0.1,556.9245041419182,0.0,8.850000000000001,5.200200000000001,4.413446970677035
2021-10-25,-1121.307987667365,0.6,562.9601894771824,0.0,9.9,4.2714,4.409479033469559
2021-10-26,-1124.2738951503932,2.3,568.9958748124468,0.0,9.45,3.8988,4.407066100481988
2021-10-27,-183.96746565991867,0.8,575.031560147711,0.0,13.8,7.0847999999999995,4.444482351933751
2021-10-28,-730.6572524761539,0.0,581.0672454829753,0.0,12.5,5.9670000000000005,4.48744840552858
2021-10-29,-1058.17896346627,0.0,587.1029308182397,0.0,11.4,4.7142,4.444393976161367
2021-10-30,-727.9574262247738,2.8000000000000003,593.1386161535039,0.0,11.1,4.7898,4.437637449533803
2021-10-31,-889.066545222413,2.4,599.1743014887682,0.0,10.65,4.800599999999999,4.45066674328416
2021-11-01,-906.5663111267277,1.4000000000000001,606.2037270828394,0.0,10.0,6.2856000000000005,4.466564974107114
2021-11-02,-1329.6753461340613,0.0,614.3133051321352,0.0,7.3,3.0726,4.470637222076454
2021-11-03,-1552.149081568763,0.0,622.4228831814311,0.0,5.2,2.0358,4.473789938657992
2021-11-04,-1354.577496268164,2.1,630.532461230727,0.0,5.35,3.5531999999999995,4.504778540807583
2021-11-05,-1112.1905501392484,0.0,638.6420392800229,0.0,8.649999999999999,5.8212,4.5338589961316185
2021-11-06,-605.7017334287322,7.1,646.7516173293188,0.0,9.55,6.129,4.563759664869186
2021-11-07,-1280.372499228551,3.6,654.8611953786148,0.0,7.300000000000001,5.7942,4.587460651715498
2021-11-08,-1585.879554182653,1.0,662.9707734279107,0.0,5.6,2.5056000000000003,4.624828006060103
2021-11-09,-881.7469327294006,0.0,671.0803514772066,0.0,9.9,6.4206,4.681176398869848
2021-11-10,-439.44964671365886,0.8,679.1899295265025,0.0,11.0,4.0662,4.718792602958407
2021-11-11,-1129.2301197942534,0.0,687.2995075757984,0.0,9.1,4.0716,4.747646603871325
2021-11-12,-810.5639104016959,0.7,695.4090856250943,0.0,8.0,4.309199999999999,4.7668692689919006
2021-11-13,-912.0688470057335,1.3,703.5186636743903,0.0,7.1,3.4398,4.828833661134642
2021-11-14,-1092.7830183965843,0.2,711.6282417236862,0.0,7.2,3.9204000000000003,4.871215913911104
2021-11-15,-1339.6523315424668,0.0,719.7378197729821,0.0,6.65,2.7,4.8950546404706845
2021-11-16,-1606.6865708679074,0.2,727.847397822278,0.0,5.25,3.0456000000000003,4.920868724551903
2021-11-17,-1206.996609459138,2.0999999999999996,735.956975871574,0.0,5.300000000000001,4.8438,4.947128673797296
2021-11-18,-759.6018136946925,0.9,744.0665539208699,0.0,9.8,6.7878,4.983999020597533
2021-11-19,-358.2137104477988,0.0,752.1761319701657,0.0,11.6,7.856999999999999,5.008928610701341
2021-11-20,-554.9093067311991,1.1,760.2857100194616,0.0,10.0,7.095599999999999,5.009619600275796
2021-11-21,-1549.2042390174947,0.1,768.3952880687575,0.0,4.85,4.3794,5.0103679076284635
2021-11-22,-1830.5000897956288,0.0,776.5048661180534,0.0,5.05,2.8944,5.002562716603206
2021-11-23,-1157.9951225245736,0.0,784.6144441673493,0.0,7.2,5.6808000000000005,4.949123175073959
2021-11-24,-929.1930679129603,0.0,792.7240222166453,0.0,7.7,4.5738,4.910528946638094
2021-11-25,-1628.0529647546641,1.2,800.8336002659412,0.0,6.5,4.401,4.901402750776696
2021-11-26,-1733.4742590625956,0.7000000000000001,808.9431783152371,0.0,3.1,4.0986,4.8417244454587545
2021-11-27,-1599.0457381041515,6.3,817.052756364533,0.0,3.1,4.5684000000000005,4.829225627722058
2021-11-28,-1984.1744987878533,3.6,825.162334413829,0.0,1.1,2.1329999999999996,4.846226720021198
2021-11-29,-2150.9364478076354,0.4,833.2719124631249,0.0,0.6,3.8988000000000005,4.844765306736817
2021-11-30,-1755.9461081633217,4.7,841.3814905124208,0.0,1.05,6.6528,4.736274851256703
2021-12-01,-1551.9146224594313,28.2,846.3268240631896,0.0,1.15,7.997399999999999,4.71506252108877
2021-12-02,-2270.692119395352,0.6000000000000001,847.8327614199072,0.0,-1.4,4.9086,4.894959558530491
2021-12-03,-1669.002463421802,3.0,849.3386987766248,0.0,1.0,4.428000000000001,4.811849410268183
2021-12-04,-1556.9146199431639,0.1,850.8446361333424,0.0,1.95,3.6234,4.7679589011394246
2021-12-05,-1880.051010490185,1.7999999999999998,852.3505734900601,0.0,0.75,7.025399999999999,4.672680710308022
2021-12-06,-1937.818267893795,0.1,853.8565108467777,0.0,-0.2,5.632199999999999,4.620891201412249
2021-12-07,-1707.3217489234326,0.8,855.3624482034953,0.0,1.6,6.696,4.556563573984468
2021-12-08,-1347.0867657595627,3.5,856.8683855602129,0.0,1.7000000000000002,7.3764,4.484847384535618
2021-12-09,-1670.0923519289945,0.5,858.3743229169306,0.0,1.0,4.5954,4.458969055482855
2021-12-10,-1565.0925831451077,1.5,859.8802602736482,0.0,0.95,2.5596,4.453656713107827
2021-12-11,-1647.542041118626,2.7,861.3861976303658,0.0,0.3,2.2626,4.464112624997872
2021-12-12,-1044.008699819504,4.3,862.8921349870834,0.0,2.8,3.456,4.475365329900234
2021-12-13,-688.8968824428302,0.6,864.3980723438011,0.0,7.8,4.131,4.510980130569074
2021-12-14,-921.2016238358526,4.5,865.9040097005187,0.0,5.9,4.174200000000001,4.528447218270131
2021-12-15,-521.9898881966419,0.0,867.4099470572363,0.0,8.05,6.3828,4.501868418163364
2021-12-16,-996.6851345482014,0.0,868.9158844139539,0.0,6.199999999999999,6.150600000000001,4.482210360425931
2021-12-17,-863.7972303901447,0.0,870.4218217706716,0.0,7.15,4.1579999999999995,4.464233075946949
2021-12-18,-800.2478356680697,0.0,871.9277591273892,0.0,6.6,6.6042000000000005,4.484014776701519
2021-12-19,-1424.15517068963,0.0,873.4336964841068,0.0,5.9,5.913,4.305152030018185
2021-12-20,-1906.4302894863363,0.0,874.9396338408244,0.0,0.1,3.051,4.304884972922534
2021-12-21,-1500.9431590398697,0.2,876.4455711975421,0.0,0.44999999999999996,1.9278000000000002,4.33806068034971
2021-12-22,-1247.6623138173586,0.1,877.9515085542597,0.0,2.1,2.3976,4.405064986390791
2021-12-23,-1645.182601540495,3.6,879.4574459109773,0.0,-0.8500000000000001,2.4354,4.46091027263779
2021-12-24,-2280.196945462633,0.0,880.9633832676949,0.0,-2.45,3.7962000000000002,4.405501727739901
2021-12-25,-2440.2825289653965,0.0,882.4693206244126,0.0,-3.5,2.8890000000000002,4.383442778766069
2021-12-26,-2283.1161885338583,0.0,883.9752579811302,0.0,-3.75,2.2680000000000002,4.379243362473006
2021-12-27,-1857.539793306224,0.8,885.4811953378478,0.0,-1.2,6.0588,4.387549633834386
2021-12-28,-1380.026959091279,1.2,886.9871326945654,0.0,0.6,4.8276,4.553523798256123
2021-12-29,-1544.7908857946932,1.8,888.493070051283,0.0,1.1,2.052,4.597832696620468
2021-12-30,-599.4357077292408,0.2,889.9990074080007,0.0,7.300000000000001,5.8104,4.829329099080651
2021-12-31,-125.82847075109896,8.3,891.5049447647183,0.0,7.4,3.915,4.898443016173571
2022-01-01,-136.97941370126495,2.9000000000000004,893.236803058676,0.0,7.85,3.7800000000000002,4.937216948565937
2022-01-02,-302.7754132131913,3.7,895.2142275887641,0.0,7.9,4.427999999999999,4.940745492056344
2022-01-03,-870.6994663120207,2.2,897.1916521188521,0.0,6.7,6.75,4.925361028483788
2022-01-04,-1390.1187593086706,0.0,899.1690766489402,0.0,2.7,4.5522,4.8723364011068035
2022-01-05,-1381.7939152799686,0.6000000000000001,901.1465011790283,0.0,1.55,5.0814,4.821684452419712
2022-01-06,-1913.497295395091,0.1,903.1239257091164,0.0,-0.4,2.7432,4.750234025227552
2022-01-07,-1157.7939564253152,2.8,905.1013502392044,0.0,1.35,5.3838,4.732437568065309
2022-01-08,-1349.4190681021228,3.3000000000000003,907.0787747692925,0.0,1.0,5.3784,4.684716093491039
2022-01-09,-1198.0157648989723,9.3,909.0561992993806,0.0,0.9,4.9356,4.6383704158465315
2022-01-10,-1539.6887779843673,0.30000000000000004,911.0336238294688,0.0,1.5,4.0716,4.6054365475569625
2022-01-11,-1135.3882186541114,2.0,913.0110483595568,0.0,2.45,4.552199999999999,4.554043734281851
2022-01-12,-928.5378907437129,0.0,914.9884728896449,0.0,5.3,5.507999999999999,4.516999570194533
2022-01-13,-526.9469819855562,0.0,916.965897419733,0.0,6.95,7.776000000000001,4.465958606934009
2022-01-14,-1106.9370992099343,0.0,918.9433219498211,0.0,6.1,7.3764,4.424651609865755
2022-01-15,-1265.6112798048082,0.0,920.9207464799091,0.0,3.3,3.5262000000000002,4.323108733150422
2022-01-16,-827.522604862303,0.0,922.8981710099972,0.0,4.75,6.0426,4.302636535930498
2022-01-17,-1378.063217487427,0.3,924.8755955400853,0.0,3.5,6.804,4.271168806531405
2022-01-18,-874.7353793864271,0.0,926.8530200701734,0.0,4.85,5.0652,4.205739354440077
2022-01-19,-816.8280015926406,2.6,928.8304446002614,0.0,4.7,8.067599999999999,4.17254509219018
2022-01-20,-2037.116031684989,0.0,930.8078691303496,0.0,0.25,7.570799999999999,4.164061322007571
2022-01-21,-1145.6284385442282,0.0,932.7852936604377,0.0,2.0,4.2714,4.133069941719153
2022-01-22,-658.7369888764806,0.2,934.7627181905258,0.0,5.6,4.0662,4.1259344535046365
2022-01-23,-687.0919964407587,0.0,936.7401427206139,0.0,6.05,4.3254,4.139430561212491
2022-01-24,-613.5348775641014,0.0,938.7175672507019,0.0,5.05,5.507999999999999,4.140394211648169
2022-01-25,-593.6711763219987,0.2,940.69499178079,0.0,5.9,4.9788,4.141797887249498
2022-01-26,-561.1422559374093,0.30000000000000004,942.6724163108781,0.0,5.35,7.165799999999999,4.078726929849738
2022-01-27,-1009.565542469923,2.7,944.6498408409662,0.0,5.8,9.401399999999999,4.143592523284132
2022-01-28,-1365.4097649459206,0.0,946.6272653710542,0.0,3.25,4.9032,4.086328470749235
2022-01-29,-349.5717011322925,2.9,948.6046899011424,0.0,6.9,10.929599999999999,4.093554601404592
2022-01-30,-1519.3770596853142,0.0,950.5821144312305,0.0,4.05,8.8992,4.09308088781815
2022-01-31,-1432.3462463563,1.2000000000000002,952.5595389613186,0.0,1.05,2.5974,4.0181641487495625
2022-02-01,-970.5946487659655,4.4,953.7346439207913,0.0,3.9,7.7219999999999995,4.047847017271616
2022-02-02,-1392.931747837939,0.0,954.037662390465,0.0,3.45,6.021,4.038501539144609
2022-02-03,-321.26126721560826,4.2,954.3406808601386,0.0,5.9,4.557600000000001,4.027479159957555
2022-02-04,-682.464888380322,5.7,954.6436993298122,0.0,4.85,4.8546,4.00094935627936
2022-02-05,-1265.7705032029294,8.1,954.9467177994859,0.0,4.05,6.723,4.069875517727259
2022-02-06,-1161.5142394035597,3.2,955.2497362691595,0.0,3.3,5.157,4.031720706004931
2022-02-07,-1227.665542415634,0.0,955.5527547388331,0.0,3.1,7.4196,4.01027399526734
2022-02-08,-503.09681470238843,0.9,955.8557732085067,0.0,6.65,7.0416,3.9806279690684887
2022-02-09,-662.6702020777045,1.1,956.1587916781803,0.0,5.699999999999999,6.263999999999999,3.8988340502501053
2022-02-10,-1342.1035130831465,0.1,956.461810147854,0.0,3.2,5.2812,3.8267270693380393
2022-02-11,-1858.6731560744388,0.30000000000000004,956.7648286175275,0.0,-0.05,3.7638,3.7688855903372342
2022-02-12,-1433.458829382122,0.0,957.0678470872011,0.0,2.8,7.792199999999999,3.787772390316529
2022-02-13,-788.2105486264697,1.2000000000000002,957.3708655568748,0.0,4.0,7.0254,3.7786209524855003
2022-02-14,-347.1676503796143,5.0,957.6738840265484,0.0,6.4,7.808400000000001,3.785976688053947
2022-02-15,-918.6946277195284,5.6000000000000005,957.976902496222,0.0,5.0,7.284599999999999,3.801075263748486
2022-02-16,-648.7010526276183,18.3,958.2799209658956,0.0,3.25,6.0047999999999995,3.796115563654445
2022-02-17,-1080.529101220738,2.1,958.5829394355692,0.0,3.5,7.8515999999999995,3.8398964458861693
2022-02-18,-1069.4475378056416,10.3,958.8859579052429,0.0,3.05,6.0371999999999995,3.692113156288514
2022-02-19,-1290.1459576446462,0.6000000000000001,959.1889763749165,0.0,2.7,7.1334,3.664645169332707
2022-02-20,-981.3441362608332,14.299999999999999,959.4919948445901,0.0,1.7000000000000002,6.0966,3.5870673326556237
2022-02-21,-1051.3788618206013,3.1999999999999997,959.7950133142638,0.0,4.449999999999999,8.3106,3.5849053489549383
2022-02-22,-1217.1110096453763,3.9,960.0980317839374,0.0,4.1,5.0814,3.443136072824716
2022-02-23,-837.345452111942,0.0,960.401050253611,0.0,5.9,7.981200000000001,3.4001806849034644
2022-02-24,-843.6297732111448,10.799999999999999,960.7040687232845,0.0,5.85,5.589,3.5135652043984886
2022-02-25,-1378.4888852376287,0.4,961.0070871929581,0.0,2.6,5.632200000000001,3.2235328045934617
2022-02-26,-1648.614561686779,0.0,961.3101056626318,0.0,0.75,2.2248,3.151854695883582
2022-02-27,-1649.1185107618405,0.0,961.6131241323054,0.0,0.6,3.5531999999999995,3.078924722762897
2022-02-28,-1479.4242024237928,0.0,961.916142601979,0.0,2.1500000000000004,5.2056000000000004,3.030533819057769
2022-03-01,-1221.7616329179857,0.1,958.1816519467528,0.0,0.7,2.6136,2.933582987021772
2022-03-02,-1472.9430125244996,0.0,950.0585644166355,0.0,-0.7,2.592,2.902263844860367
2022-03-03,-1712.0119904524968,0.0,941.9354768865181,0.0,-0.8500000000000001,1.863,2.9182691422357725
2022-03-04,-1725.1419889228723,0.0,933.8123893564008,0.0,0.0,2.565,2.8624987110587026
2022-03-05,-1758.2618069459477,0.0,925.6893018262834,0.0,-0.30000000000000004,2.1654,2.867360849167232
2022-03-06,-1779.7618440234514,0.0,917.5662142961661,0.0,-0.1,2.7161999999999997,2.831909194926479
2022-03-07,-1806.7046317646818,0.0,909.4431267660487,0.0,-0.45000000000000007,2.295,2.77345230347776
2022-03-08,-1364.0037289050802,0.0,901.3200392359315,0.0,0.6000000000000001,2.2787999999999995,2.7762709799538463
2022-03-09,-1649.6373717525028,0.0,893.1969517058142,0.0,0.75,3.5747999999999998,2.8418966954616964
2022-03-10,-1450.960972136462,0.0,885.0738641756968,0.0,3.0,6.2694,2.8210125609023806
2022-03-11,-1783.833886957462,0.0,876.9507766455795,0.3867014343618189,3.0,7.808400000000001,2.7917871526216
2022-03-12,-1689.1360038138903,0.0,868.8276891154621,0.7724118920436469,3.1,6.723,2.8008951636507655
2022-03-13,-1530.8329385389359,0.0,860.7046015853448,1.154282027216868,4.3,6.4908,2.7380494547721717
2022-03-14,-1514.5631831343696,0.0,852.5815140552274,1.538561664778079,3.6,4.8168,2.722945639649211
2022-03-15,-899.9201398210955,0.30000000000000004,844.4584265251101,1.5451046027405861,4.8,2.2788000000000004,2.789082722999433
2022-03-16,-1179.0561632594658,0.0,836.3353389949928,1.9307209191595058,2.75,3.8502,2.7881104693633025
2022-03-17,-680.6404588928463,3.2,828.2122514648754,1.9315665844183478,4.55,6.6528,2.805401367765769
2022-03-18,-1251.12350725306,0.0,820.0891639347581,4.641842568483082,3.7,4.104,2.8190627525850687
2022-03-19,-1619.1197436421553,0.0,811.9660764046407,5.796590168279279,2.55,2.8080000000000003,2.7940356350596227
2022-03-20,-1550.020928920272,0.0,803.8429888745234,6.938398717341929,3.75,6.274799999999999,2.7495447967241704
2022-03-21,-1401.3762847764867,0.0,795.719901344406,8.086585874179942,4.2,5.3675999999999995,2.7256536647327945
2022-03-22,-1265.168495233143,0.0,787.5968138142887,9.61457615839619,3.95,1.8900000000000001,2.705128611582027
2022-03-23,-1405.2332168533435,0.0,779.4737262841713,10.765454945166342,2.8,2.0628,2.7016449932654405
2022-03-24,-1261.5898484479417,0.0,771.350638754054,12.68486739311735,5.9,2.8674,2.698443408421358
2022-03-25,-961.3194437237652,0.0,763.2275512239368,14.213009122645191,7.199999999999999,5.826599999999999,2.6906409443441213
2022-03-26,-901.7160893007281,0.0,755.1044636938194,10.74167605816224,7.6,3.2832,2.670490739592361
2022-03-27,-1105.7609851354705,0.0,746.9813761637021,17.639384370006415,5.45,6.1722,2.6554450446035385
2022-03-28,-1153.8239127055326,0.0,738.8582886335847,11.243737773866831,5.55,6.7661999999999995,2.9335009394411546
2022-03-29,-1633.6551429238127,0.2,730.7352011034674,21.429245892416088,2.2,3.7314,2.948186160040067
2022-03-30,-1960.6704462972486,2.5,722.61211357335,17.144789278646687,0.4,3.8663999999999996,2.954341262378084
2022-03-31,-2319.3720687468003,0.1,714.4890260432327,30.020989281240823,-1.05,2.9753999999999996,2.9603710085936368
2022-04-01,-2163.7380975401707,0.0,707.413313953184,30.025499530385986,-0.7,3.4829999999999997,2.9625075571764055
2022-04-02,-2145.6357866407984,0.0,701.4760534284272,34.32403467444985,-0.75,3.3642,2.9683606336510246
2022-04-03,-1395.484665553708,1.8,695.5387929036706,19.885897034489986,4.4,6.507,2.976613882112166
2022-04-04,-863.2537892182241,9.3,689.6015323789138,9.372422032827416,3.6,9.1422,3.0008133423202614
2022-04-05,-1718.107866310604,0.5,683.664271854157,40.25830598745667,2.8,6.4692,3.0071319198263584
2022-04-06,-722.9262954580115,13.0,677.7270113294003,15.252299920313305,5.75,5.502599999999999,3.0242443337453784
2022-04-07,-801.3007496792486,7.9,671.7897508046436,12.527943717277536,4.8,5.831999999999999,3.043484080439193
2022-04-08,-1840.4321572304334,1.4000000000000001,665.8524902798869,52.84324295516075,2.5,7.5114,3.04282340666929
2022-04-09,-1607.3173949249547,3.0,659.9152297551301,55.94874116500948,3.95,7.9326,3.0363271704911674
2022-04-10,-1636.2227319052733,0.2,653.9779692303734,56.71230609494165,3.5,7.4412,3.026336891335927
2022-04-11,-1589.6434394755422,0.0,648.0407087056167,62.552564778049046,3.4,4.5684,3.0201458264315137
2022-04-12,-1238.267201356508,0.0,642.1034481808599,54.334300391729286,5.25,5.5188,3.016501143540049
2022-04-13,-427.8672554086514,0.0,636.1661876561033,29.708034019425572,8.85,4.9356,3.0172897068126088
2022-04-14,-227.77091476513436,0.7000000000000001,630.2289271313465,21.131116090833586,8.2,3.834,3.0416333041923873
2022-04-15,-872.2380166732869,0.0,624.2916666065897,33.701367825065596,6.4,4.3578,3.0715192608056032
2022-04-16,-1240.1322038338892,0.0,618.3544060818331,75.64508840105856,6.1,1.5659999999999998,3.0765701725804133
2022-04-17,-1353.5460912639535,0.0,612.4171455570763,82.20294909349558,6.4,1.9872000000000003,3.049151001446429
2022-04-18,-1480.8114025517527,0.0,606.4798850323195,80.1603958919446,6.5,2.4678,3.021189248819849
2022-04-19,-1381.8470381677932,0.0,600.5426245075629,88.26396896378549,7.5,2.3651999999999997,3.000385149702705
2022-04-20,-1185.0336344074735,0.0,594.6053639828061,88.95145392810852,8.3,2.5866,2.978210970472505
2022-04-21,-1116.6957599275574,0.0,588.6681034580494,95.84188545778801,9.649999999999999,4.3794,2.9490727975466013
2022-04-22,-1086.9818527626494,0.0,582.7308429332927,99.15824551634101,10.2,4.6224,2.9063810502810505
2022-04-23,-1214.9150574380988,0.0,576.7935824085359,101.33004194170212,8.8,4.347,2.8814630534505734
2022-04-24,-1273.4660783964766,0.0,570.8563218837792,64.72458056854731,8.0,5.3676,2.848476223180385
2022-04-25,-1486.3782568962629,0.0,564.9190613590225,109.99935679084525,6.699999999999999,2.8242000000000003,2.83106361490577
2022-04-26,-1505.957728518109,0.0,558.9818008342658,73.60415837773988,8.05,2.5002,2.8347610295519203
2022-04-27,-1197.6963134718594,0.5,553.044540309509,108.91305849186423,7.6,2.2248,2.842818828151857
2022-04-28,-1596.4899904160895,0.0,547.1072797847523,119.40932320820059,7.45,3.9852,2.849091299109212
2022-04-29,-1250.9927704622437,0.0,541.1700192599956,72.83050384025863,7.949999999999999,3.6774000000000004,2.84729576571492
2022-04-30,-1087.5859846429842,0.0,535.2327587352388,77.56809530650531,9.100000000000001,2.1707999999999994,2.868862051862613
2022-05-01,-1318.6650445245787,0.0,531.118262767797,45.48471655580654,7.75,2.3598,2.9037938817062763
2022-05-02,-1218.0574514155496,0.0,528.9850326235234,53.68794023689153,9.15,4.8168,2.925384913699368
2022-05-03,-1265.7162763788901,0.1,526.8518024792497,87.50840930893186,8.55,3.3912,2.9273725488888185
2022-05-04,-1359.7032849053214,0.0,524.7185723349761,94.1958214849848,10.2,2.7378,2.9471621878273258
2022-05-05,-1177.3112545751062,0.2,522.5853421907026,87.33127576835525,9.4,3.618,2.967896146191732
2022-05-06,-616.4636766373012,0.2,520.452112046429,47.24293321074556,12.100000000000001,4.5252,2.989108579797376
2022-05-07,-1229.1265083794838,0.0,518.3188819021553,134.65478347938,10.1,5.67,2.993856383704803
2022-05-08,-1590.7863635485637,0.0,516.1856517578817,150.51801223756266,9.7,3.0726,2.964239675327195
2022-05-09,-1281.269320017763,0.0,514.0524216136082,152.4211681673433,11.95,4.228199999999999,2.9598509503287866
2022-05-10,-304.46311461350837,4.1,511.9191914693346,44.83562390218961,12.45,5.022,2.9661838344733713
2022-05-11,-513.2333475303299,4.7,509.78596132506095,40.96580138369207,10.7,5.5944,2.9765063364757127
2022-05-12,-1051.2661479888307,0.1,507.6527311807874,147.44239863961496,9.95,6.4475999999999996,2.972778901770976
2022-05-13,-841.199061311434,1.1,505.51950103651376,74.4190888604746,10.7,6.804,2.9450727201492644
2022-05-14,-1128.1824257571063,0.0,503.3862708922402,157.0580211636198,11.05,7.0038,2.906038347313931
2022-05-15,-983.0125660229698,0.0,501.25304074796657,152.63772733577534,11.75,3.4938,2.880646445947262
2022-05-16,-948.5045543594365,0.0,499.119810603693,90.19206970949502,12.25,3.2939999999999996,2.9073750233955957
2022-05-17,-1035.5292658093636,0.0,496.9865804594194,138.20065741825738,12.899999999999999,4.374,2.9352892105157573
2022-05-18,-707.5570089291214,0.0,494.8533503151458,151.82164509594003,15.2,5.3784,2.9270718294127738
2022-05-19,-83.13569119569183,4.2,492.7201201708722,73.98402608748927,15.7,2.2302,2.9357169326665113
2022-05-20,-929.7561386703624,4.0,490.5868900265986,52.632296210087205,12.7,3.4019999999999997,2.963300326761277
2022-05-21,-1062.886185056612,4.6,488.453659882325,76.92506267113077,10.9,4.1418,2.985888271781977
2022-05-22,-1031.1317089329693,0.2,486.3204297380514,137.82198679151693,12.85,3.8664,2.9892315802351677
2022-05-23,-1043.375442350272,0.0,484.1871995937778,127.93026942304616,13.25,6.7392,2.994298781733078
2022-05-24,-521.5797940337427,14.0,482.0539694495042,56.486498236560266,13.25,5.3892,2.9551667922553335
2022-05-25,-1199.8346283855703,3.2,479.9207393052306,117.34133046185678,11.6,5.7996,2.9682760657089546
2022-05-26,-1334.2233889194972,0.8,477.78750916095703,157.99535377732764,11.55,7.1442,2.932701021230825
2022-05-27,-1577.834361331655,6.7,475.6542790166834,163.52030628592922,9.8,7.668,2.881909887883851
2022-05-28,-1292.0732903402368,0.0,473.52104887240984,165.56835249964053,11.55,6.020999999999999,2.8502485946905027
2022-05-29,-1432.6186771082982,1.4000000000000001,471.3878187281362,178.00852658041995,10.7,2.8458,2.8527924349714713
2022-05-30,-1359.3349204094447,0.30000000000000004,469.25458858386264,100.1216012606514,11.25,1.6902,2.8772053558730275
2022-05-31,-1103.9380225854115,2.8,467.121358439589,79.06118118747385,10.75,2.2032,2.937933274655406
2022-06-01,-1556.1600850493273,1.3,466.1182592557791,160.31677609888396,10.95,3.2724,2.9717515047403027
2022-06-02,-905.3719706576237,2.3,466.34356328986445,67.20854009552062,11.45,5.702399999999999,2.9760460361444108
2022-06-03,-1173.2069302015607,0.0,466.5688673239498,127.49767631742732,11.95,5.2379999999999995,2.967417199081238
2022-06-04,-1168.1724049538986,0.0,466.79417135803516,188.73097799579628,13.100000000000001,2.3166,2.9672986213648453
2022-06-05,-1238.5679185988993,0.0,467.0194753921205,148.93590003095977,14.0,2.4785999999999997,2.958280783203194
2022-06-06,-608.304643626509,6.0,467.24477942620587,54.27146452062057,13.850000000000001,3.8988000000000005,2.9820626723829387
2022-06-07,-775.8542488748121,8.9,467.47008346029116,57.898494924517124,11.95,6.0371999999999995,3.030431202353556
2022-06-08,-759.8967553744831,0.5,467.6953874943765,131.58313355982963,13.75,4.7088,3.0584505345096904
2022-06-09,-274.7798299464442,5.5,467.9206915284619,63.177363386498605,13.75,3.3857999999999997,3.1008622296627717
2022-06-10,-671.0766760464351,0.2,468.1459955625472,92.35938991143466,15.3,4.4117999999999995,3.1282721216087523
2022-06-11,-952.9384254662743,0.2,468.3712995966326,176.9970675874038,14.649999999999999,4.1688,3.1226394912266358
2022-06-12,-1135.0187869642605,1.0,468.59660363071794,160.20907656083807,14.0,5.9616,3.072231833310524
2022-06-13,-1491.8461569301198,0.7000000000000001,468.8219076648033,185.00363942523427,12.45,6.1074,3.032698492274319
2022-06-14,-919.1798264784713,1.6,469.04721169888865,89.56413497063502,13.5,5.637599999999999,2.991557292254397
2022-06-15,-998.5716941168251,0.7000000000000001,469.272515732974,145.81400299656121,13.8,3.5801999999999996,2.9886227927728823
2022-06-16,-1214.952481720485,0.0,469.49781976705935,194.3075432473747,15.100000000000001,4.86,2.981316432558903
2022-06-17,-789.0621614556553,1.6,469.72312380114465,51.06766174794619,15.9,3.861,2.970368854436183
2022-06-18,-1018.9255257405375,0.2,469.94842783523,165.62309812827925,16.25,4.4765999999999995,3.00194453259369
2022-06-19,-1063.5145742023428,3.2,470.17373186931536,54.722149048445274,12.1,2.7161999999999997,3.0127306254733304
2022-06-20,-1347.8794564073874,3.5,470.3990359034007,127.05747850239709,13.0,2.5704000000000002,3.028701107611873
2022-06-21,-1271.9595248502997,0.0,470.62433993748607,148.1222532184137,14.45,4.9302,3.0012193124176765
2022-06-22,-827.4585476212972,0.2,470.8496439715714,93.36602898976439,14.5,4.579199999999999,3.0091229080044553
2022-06-23,-998.3595071366635,0.0,471.0749480056568,168.44570097120936,15.65,2.6136,3.0265717074704126
2022-06-24,-619.5378950291268,0.0,471.30025203974213,205.00582369448387,19.799999999999997,4.9193999999999996,3.0023020502207145
2022-06-25,-632.1847116198521,0.2,471.5255560738275,178.12806626740178,19.5,1.6307999999999998,2.95710510919264
2022-06-26,-484.2772944945154,3.8000000000000003,471.75086010791284,151.6347684491855,19.549999999999997,3.4344,2.953964928789038
2022-06-27,-892.2647864341011,20.3,471.97616414199814,62.531640082490036,14.9,3.78,3.010954197453519
2022-06-28,-1251.07030698927,0.6,472.2014681760835,174.28923900068182,16.200000000000003,2.7323999999999997,3.066174383740058
2022-06-29,-1179.7758236258917,0.0,472.42677221016885,205.4097782841764,17.9,2.7485999999999997,3.0352772840704327
2022-06-30,-1084.2585213730445,0.0,472.6520762442542,192.6493647075788,19.45,2.6082,3.009430030561853
2022-07-01,-857.3119666114059,3.2,473.7775385981656,61.22142333448841,16.25,4.266,3.0004878391221466
2022-07-02,-1449.6589707371595,0.4,475.88143390840975,192.80369285457238,16.65,4.4604,3.032326913082536
2022-07-03,-840.1077595787501,10.1,477.9853292186539,70.49718332446291,17.35,3.3372,2.993592604838879
2022-07-04,-1509.3760967033686,4.0,480.089224528898,117.56526366052523,14.15,4.968,3.0044600339527854
2022-07-05,-1723.796144474931,0.9,482.1931198391421,161.7052200342938,14.25,5.1732,2.9993649165908285
2022-07-06,-1453.042333826925,5.6,484.29701514938625,90.91206684697588,14.850000000000001,5.9184,2.9771968652123566
2022-07-07,-974.9614893275024,0.7000000000000001,486.4009104596304,161.18225089050236,15.8,5.6808000000000005,2.9823526220961125
2022-07-08,-1322.0466656192953,0.0,488.5048057698745,127.12985341961576,14.75,7.2252,2.9539491179784347
2022-07-09,-1281.5450019547193,0.5,490.60870108011864,139.15205581240917,14.100000000000001,7.7867999999999995,2.9100367152435247
2022-07-10,-1566.4140850036406,0.0,492.71259639036276,177.04683477407303,14.4,5.1084,2.870644282994717
2022-07-11,-1429.828562340629,0.0,494.8164917006069,168.58098557685332,16.2,2.592,2.87994807064872
2022-07-12,-909.6654613535383,0.0,496.920387010851,115.73427079260846,18.35,4.0878,2.8796023924968255
2022-07-13,-1159.8085197437579,1.1,499.02428232109514,181.59806086445985,16.5,5.967,2.87589071554586
2022-07-14,-1699.1862436574895,0.7,501.12817763133927,168.74672394193243,14.05,7.2791999999999994,2.8226710773714627
2022-07-15,-1559.0286371869015,1.7000000000000002,503.2320729415834,167.90681443420928,13.649999999999999,6.647399999999999,2.8014696058493502
2022-07-16,-1741.712364044934,0.2,505.3359682518275,176.7502438436564,13.75,6.706799999999999,2.8037947297225876
2022-07-17,-940.3913403647136,0.2,507.43986356207165,70.0719596565102,16.0,6.274800000000001,2.812817310371404
2022-07-18,-396.35209215484116,0.7,509.5437588723158,64.83319706642665,17.4,4.0878,2.8763907412644865
2022-07-19,-640.4992373082879,0.0,511.6476541825599,179.115131796105,20.9,2.4947999999999997,2.8946232656594564
2022-07-20,-261.2974755958493,0.0,513.7515494928041,175.86034193269975,22.950000000000003,4.5792,2.8806495957075384
2022-07-21,-677.7489818084473,0.5,515.8554448030482,149.8805364280528,19.35,3.9960000000000004,2.872014046763544
2022-07-22,-1143.7844849587195,12.3,517.9593401132923,50.884859640602315,15.45,6.026400000000001,2.895380888437411
2022-07-23,-935.3058154119682,10.5,520.0632354235364,47.634429003556875,14.45,4.2606,2.999246732592917
2022-07-24,-1067.741515400037,1.0,522.1671307337806,109.2732746967132,17.05,3.7692000000000005,3.05091222666562
2022-07-25,-415.3292141183325,40.0,524.2710260440247,70.25259241370895,17.75,4.2228,3.097352006306221
2022-07-26,-1548.6595398056886,0.5,526.3749213542687,144.77426690343782,14.5,7.711199999999999,3.0988236401168843
2022-07-27,-1587.061975307041,0.0,528.4788166645129,94.99973224352723,13.1,6.8202,3.00792418423979
2022-07-28,-1577.5603105281134,0.0,530.5827119747571,150.00798643815256,14.35,2.9268,2.9992933582407435
2022-07-29,-1461.8767399492629,0.0,532.6866072850012,149.9233172769185,15.6,2.2733999999999996,2.998926562858621
2022-07-30,-807.2000943208794,0.7,534.7905025952452,114.84987756102396,16.85,2.7432000000000003,2.9943953673912835
2022-07-31,-631.9826897736718,5.1000000000000005,536.8943979054894,46.16690206140899,16.4,2.052,3.0512088311686405
2022-08-01,-1621.6174801872542,0.0,536.4683737634537,157.09259203491231,15.25,4.9518,3.075906503175176
2022-08-02,-943.8069535663005,10.5,533.2924371732875,36.00687260071095,15.5,4.7034,3.054374472424649
2022-08-03,-288.07551306732523,0.7000000000000001,530.1165005831214,114.86088677453924,19.5,4.8492,3.0807825582329587
2022-08-04,-455.85344317357055,12.2,526.9405639929552,91.45074891584032,18.85,3.5153999999999996,3.048033731300297
2022-08-05,-1519.3505058617168,0.0,523.764627402789,65.87734508870366,14.3,4.131,3.0664968243002972
2022-08-06,-1614.9936284611615,0.4,520.5886908126229,129.9390249969694,13.95,5.5296,3.04024609434237
2022-08-07,-1115.698039555361,0.9,517.4127542224567,61.478196344092964,14.149999999999999,2.8674,3.0557111096309466
2022-08-08,-1227.4665473173927,0.5,514.2368176322906,121.69492579348272,15.350000000000001,2.7702,3.1174325601150352
2022-08-09,-751.1829450276334,0.4,511.0608810421244,88.43099836160893,16.2,2.3868,3.129606323564469
2022-08-10,-1191.4620411497465,0.0,507.88494445195823,119.1105022020354,17.4,1.9656000000000002,3.149693764812935
2022-08-11,-938.1060312652148,0.0,504.7090078617921,113.49928947126418,18.85,1.8792,3.130350965487283
2022-08-12,-1081.0601524811477,0.0,501.5330712716259,120.90442924161619,19.0,2.3381999999999996,3.1120097486054834
2022-08-13,-964.3624726686129,0.0,498.35713468145974,116.52427372701969,20.0,2.6568,3.0979525283107234
2022-08-14,-865.805436440578,0.0,495.1811980912936,78.439268094374,21.15,3.3372,3.0960726272966266
2022-08-15,-556.4750816596854,1.2,492.00526150112745,102.08506699543646,21.35,3.591,3.1025733156639914
2022-08-16,-589.990942260473,3.9,488.8293249109613,76.98729712839099,20.55,2.4084000000000003,3.1189365173470693
2022-08-17,-999.6707542855435,0.0,485.65338832079516,70.11814730561403,18.4,2.4353999999999996,3.170551408492817
2022-08-18,-1052.153322637616,1.9,482.47745173062896,69.87822152215871,17.2,2.7432,3.224223691914812
2022-08-19,-794.6184337844832,0.1,479.3015151404628,89.41965204659058,18.0,1.7604000000000002,3.2793409933493844
2022-08-20,-1307.4521557435473,0.1,476.12557855029667,70.06927596578294,17.2,2.8458,3.3081598049760665
2022-08-21,-1467.227841825184,1.0,472.9496419601305,92.25668337481366,16.1,3.3696,3.3173181670633927
2022-08-22,-1516.6449573606142,0.0,469.7737053699644,85.51552288516558,15.0,1.9224,3.301173034669107
2022-08-23,-1097.2468184030731,0.0,466.59776877979823,67.27672160333623,18.549999999999997,4.212,3.3229993504530873
2022-08-24,-978.1125458572315,0.0,463.421832189632,64.41071475893699,18.799999999999997,4.1094,3.285223052916699
2022-08-25,-887.0413814209896,0.0,460.2458955994659,75.11043661703008,19.25,4.05,3.2674884262424593
2022-08-26,-330.2109560161825,6.199999999999999,457.06995900929974,43.87291803857361,18.95,3.7368000000000006,3.3137382194137524
2022-08-27,-1029.1464084691825,0.0,453.8940224191336,44.897351686707694,17.15,3.2832,3.3910970250432007
2022-08-28,-1194.1974068039272,5.1000000000000005,450.71808582896745,50.13656262601239,16.5,2.8404,3.4356141103697135
2022-08-29,-1736.9293278742193,0.0,447.54214923880124,65.58240328579929,14.8,4.995,3.425138752331129
2022-08-30,-1668.0751045939862,0.0,444.3662126486351,65.52852497507486,13.8,3.0618,3.381996599121667
2022-08-31,-1712.974337167473,0.1,441.19027605846895,54.02964442782311,13.45,3.0456,3.397797970805784
2022-09-01,-1686.228044132034,0.0,441.45241773632483,59.252186241095984,14.55,2.16,3.413030956655655
2022-09-02,-1723.6082826551024,0.0,445.45160100985674,55.61411502364764,14.350000000000001,2.9646,3.4026477650652973
2022-09-03,-1333.1089168493095,0.0,449.4507842833887,46.08636659982289,15.8,4.627800000000001,3.3739623763674693
2022-09-04,-1481.9216637671452,0.0,453.4499675569206,46.428003558831364,15.8,4.611599999999999,3.3566171222051935
2022-09-05,-1195.8500825423032,0.1,457.4491508304526,38.507946460415354,16.65,5.4486,3.3417602484173816
2022-09-06,-1385.6815073204893,0.0,461.44833410398456,40.039670848153044,15.45,5.7834,3.33187471865745
2022-09-07,-1267.7151709533973,1.4000000000000001,465.4475173775165,17.380375048095853,15.7,6.0534,3.319964076300923
2022-09-08,-1117.1084011708888,8.3,469.44670065104845,18.6549922780412,15.2,7.452,3.3400583573142546
2022-09-09,-726.2969922466932,8.6,473.44588392458036,10.718450718599103,14.5,3.5856,3.39487171719183
2022-09-10,-882.2831290079896,0.4,477.4450671981123,21.10737332143085,14.2,3.105,3.457438198385778
2022-09-11,-1234.830170814478,0.0,481.4442504716443,29.51798295958467,13.95,2.4947999999999997,3.4866449110094293
2022-09-12,-1079.4248037773514,6.300000000000001,485.4434337451762,19.161235658205868,15.75,5.265000000000001,3.491084291255403
2022-09-13,-1282.1214347288055,9.1,489.4426170187082,23.92524707823083,14.7,7.7706,3.4676245418055407
2022-09-14,-1348.4815474159586,0.2,493.4418002922401,15.921217239426717,13.25,5.9670000000000005,3.436465612108736
2022-09-15,-1748.2531446205733,0.4,497.44098356577206,21.093860296440383,11.5,7.587,3.429439310913459
2022-09-16,-1482.988719288412,1.1,501.440166839304,19.469104304727725,11.45,4.033799999999999,3.3886377575340463
2022-09-17,-1398.163785206883,1.2,505.43935011283594,17.50265886580086,10.7,3.7098,3.399446766974632
2022-09-18,-1774.0796034904577,0.2,509.4385333863679,17.106422997837885,10.35,4.1688,3.399964613049356
2022-09-19,-1854.675505952623,0.2,513.4377166598998,15.510309051886928,9.5,3.6882,3.388935204317572
2022-09-20,-1899.3808751765052,0.0,517.4368999334317,13.914128323595271,9.15,2.3975999999999997,3.391019691683841
2022-09-21,-1739.6791443208697,0.1,521.4360832069638,9.948796090051044,8.850000000000001,2.3975999999999997,3.4171488430976944
2022-09-22,-1598.1111041953984,0.0,525.4352664804957,10.362180134219393,11.149999999999999,2.5812,3.4585370676866285
2022-09-23,-1292.9666634824189,0.2,529.4344497540276,6.784950366614441,11.850000000000001,2.9214,3.46541560167619
2022-09-24,-1466.2643286793082,0.0,533.4336330275596,8.382328226487749,11.5,1.9440000000000002,3.4941241436279595
2022-09-25,-1486.2119964760118,0.5,537.4328163010915,6.789650862005662,10.25,2.6568,3.498669482227899
2022-09-26,-930.1487756603867,13.8,541.4319995746234,0.7980524275557443,10.8,6.372,3.532681723406501
2022-09-27,-1144.2095567348233,16.9,545.4311828481555,3.202270725986845,9.55,3.1698,3.6516486140797713
2022-09-28,-1320.4113623086707,6.0,549.4303661216874,1.608825617444115,9.3,2.5974,3.7710715779520037
2022-09-29,-1322.6556790325649,4.0,553.4295493952193,3.626303074441183,10.1,5.832,3.808557545676571
2022-09-30,-1419.6894602627933,0.5,557.4287326687513,2.823525966705623,10.5,3.4884,3.834638124821271
2022-10-01,-998.3944542570357,7.6000000000000005,564.2831994113318,1.2090786985443291,10.4,5.2056,3.8516964496338737
2022-10-02,-1166.7826540073013,0.30000000000000004,574.2412351420085,2.8275304037204445,10.95,5.8266,3.8600040363088097
2022-10-03,-866.3732600888228,0.1,584.1992708726852,2.416827373839497,11.35,5.5728,3.7716623150221054
2022-10-04,-951.2820085368667,0.4,594.157306603362,0.402178616456126,13.45,5.518800000000001,3.735996867410808
2022-10-05,-238.81190866174063,2.7,604.1153423340388,0.4018608053637688,15.1,7.7004,3.7193897273006717
2022-10-06,-1165.1819267794017,1.5,614.0733780647156,1.2059537515764436,12.5,7.549200000000001,3.7288672151998217
2022-10-07,-735.2549461242456,4.300000000000001,624.0314137953924,1.2073222169228606,13.3,7.408799999999999,3.7990330512636685
2022-10-08,-1338.8073281647937,4.5,633.989449526069,0.8068627938390529,10.15,4.968,3.8343723418114504
2022-10-09,-1248.9287023498855,0.0,643.9474852567458,0.40282130886821155,9.7,3.726,3.787203985312294
2022-10-10,-1227.2731495766993,4.2,653.9055209874226,0.4012819836828563,9.7,5.3892,3.7583139281340907
2022-10-11,-1236.3342734019275,0.1,663.8635567180994,0.40261735742014865,9.1,5.3568,3.7710816244481293
2022-10-12,-1032.0985610395949,0.1,673.8215924487762,0.0,9.7,3.2237999999999998,3.783579118841485
2022-10-13,-1034.2297734506894,1.9,683.779628179453,0.0,10.1,2.8944,3.811444143960663
2022-10-14,-1067.0646801509101,0.1,693.7376639101296,0.0,9.8,3.4452,3.834730805493056
2022-10-15,-590.6544044723413,1.5,703.6956996408064,0.0,11.75,3.753,3.811057926092541
2022-10-16,-1090.2392227838036,4.2,713.6537353714832,0.0,11.55,7.128,3.832221059126465
2022-10-17,-485.2393142682951,1.6,723.61177110216,0.0,12.75,5.2758,3.8811682615128573
2022-10-18,-888.5617727719407,0.1,733.5698068328368,0.0,11.05,4.968,3.9224531381694403
2022-10-19,-1844.4115584159354,0.0,743.5278425635136,0.0,6.25,2.1761999999999997,3.91571524483207
2022-10-20,-1558.150589009705,1.9000000000000001,753.4858782941902,0.0,8.75,6.2478,3.8579991986394853
2022-10-21,-618.6227554859786,8.2,763.443914024867,0.0,10.2,3.2076000000000002,3.890216723356398
2022-10-22,-278.9072944008879,3.3,773.4019497555438,0.0,12.149999999999999,1.9709999999999999,3.9471447167342752
2022-10-23,-598.6780221917465,0.6000000000000001,783.3599854862206,0.0,11.350000000000001,3.3426,3.950850797309495
2022-10-24,-249.17526263940778,8.5,793.3180212168973,0.0,12.5,5.2704,3.9164998005606035
2022-10-25,-716.4829107663575,1.0,803.276056947574,0.0,11.25,4.552200000000001,3.9900179833075367
2022-10-26,-720.408753735328,0.1,813.2340926782508,0.0,12.05,4.0338,3.9828222710613033
2022-10-27,-333.1760170452871,1.2000000000000002,823.1921284089276,0.0,13.850000000000001,3.8988000000000005,3.9934477386660774
2022-10-28,-181.51082885373785,1.1,833.1501641396044,0.0,14.3,3.9906,3.9844791464610285
2022-10-29,-710.4965296652543,0.1,843.1081998702812,0.0,12.05,4.4064,3.9635360904567083
2022-10-30,-687.7874714488032,0.0,853.066235600958,0.0,12.4,3.0186,3.932899852033192
2022-10-31,-795.0936345861176,1.6,863.0242713316347,0.0,11.7,2.7324,3.929803881264755
2022-11-01,-421.1299486577535,0.6,875.7930463780475,0.0,12.45,6.7985999999999995,4.014786712047345
2022-11-02,-1121.74144978704,1.9,891.6169728546082,0.0,10.3,6.134399999999999,4.0890795699261755
2022-11-03,-865.8614338196512,0.0,907.4408993311688,0.0,10.15,6.5123999999999995,4.1186437899501485
2022-11-04,-1019.3465240813182,2.0,923.2648258077295,0.0,9.5,6.4854,4.19450580364505
2022-11-05,-1103.7638674168697,0.8,939.0887522842902,0.0,8.1,4.9572,4.248525895556924
2022-11-06,-822.6336232734254,8.7,954.9126787608509,0.0,9.850000000000001,6.7986,4.282090434244534
2022-11-07,-919.2468661988296,2.3,970.7366052374116,0.0,9.850000000000001,6.6419999999999995,4.333735491341285
2022-11-08,-616.4806344931285,0.4,986.5605317139722,0.0,11.850000000000001,5.697,4.357967480624884
2022-11-09,-523.2280249376694,3.2,1002.3844581905328,0.0,11.0,5.832,4.402562540898842
2022-11-10,-357.8855551187521,1.0,1018.2083846670935,0.0,10.899999999999999,6.328799999999999,4.465980041707165
2022-11-11,-116.5483809025796,0.0,1034.0323111436542,0.0,13.4,7.684200000000001,4.565725378514205
2022-11-12,-422.5746826071658,0.0,1049.8562376202149,0.0,13.1,3.9744,4.580965555445028
2022-11-13,-936.5322540965035,0.0,1065.6801640967756,0.0,9.45,3.5153999999999996,4.574654641335429
2022-11-14,-946.0617707278683,0.0,1081.504090573336,0.0,9.55,5.4216,4.590133657879674
2022-11-15,-904.4715361114108,1.5,1097.3280170498967,0.0,8.4,6.3936,4.636416960131669
2022-11-16,-1109.063845317485,0.4,1113.1519435264574,0.0,8.2,9.649799999999999,4.686401523617859
2022-11-17,-1709.7804015974625,0.0,1128.9758700030181,0.0,5.75,10.2222,4.712921765373025
2022-11-18,-1792.9626187626163,0.5,1144.7997964795788,0.0,4.9,7.4844,4.7364871778895585
2022-11-19,-2112.2831625550853,0.9,1160.6237229561393,0.0,1.55,4.3362,4.7601584298058786
2022-11-20,-2469.8060144881165,0.2,1176.4476494327,0.0,-0.95,3.0726000000000004,4.759662960822689
2022-11-21,-2370.1001466975795,0.8,1192.2715759092607,0.0,-0.7,2.2842000000000002,4.716834198577187
2022-11-22,-1704.1059166838572,5.9,1208.0955023858214,0.0,2.45,5.632200000000001,4.7428131517927445
2022-11-23,-1142.885356460717,2.5,1223.9194288623821,0.0,5.2,5.7888,4.825005109417429
2022-11-24,-1027.867118323511,0.2,1239.7433553389428,0.0,6.45,4.1634,4.866146904656555
2022-11-25,-969.4124026692409,2.1999999999999997,1255.5672818155035,0.0,6.8,5.1516,4.958159092860912
2022-11-26,-1358.967276733215,0.4,1271.3912082920642,0.0,5.25,2.4785999999999997,4.971889791044187
2022-11-27,-1108.2893863927866,1.4,1287.215134768625,0.0,6.550000000000001,4.816800000000001,4.902989116628323
2022-11-28,-1134.103651627539,9.6,1303.0390612451856,0.0,5.4,7.2468,4.893895385390286
2022-11-29,-1192.0845488928294,4.3,1318.862987721746,0.0,4.3,3.8070000000000004,4.925299738560307
2022-11-30,-1621.5020332169822,0.5,1334.6869141983068,0.0,3.1500000000000004,3.0564,4.954062407891105
2022-12-01,-1628.8552653048557,0.0,1338.623976195782,0.0,2.45,3.1266,4.932221022157664
2022-12-02,-1544.09924967541,0.1,1329.640533324686,0.0,2.65,3.7044,4.929836685125876
2022-12-03,-1774.671652068609,0.4,1320.65709045359,0.0,1.8,4.8384,4.942244506539433
2022-12-04,-1444.3771202384257,0.0,1311.673647582494,0.0,2.1,5.535,4.971402406111433
2022-12-05,-1452.5640737878005,0.0,1302.6902047113979,0.0,2.8,5.3892,5.019448246456156
2022-12-06,-1912.7988350182434,0.0,1293.7067618403019,0.0,1.1,2.2085999999999997,5.043682921005312
2022-12-07,-2028.5365934663484,0.6000000000000001,1284.7233189692058,0.0,-0.95,2.5488,5.044470639561196
2022-12-08,-2363.811490334062,1.2000000000000002,1275.7398760981098,0.0,-3.3499999999999996,2.3706,5.052849118129771
2022-12-09,-1922.9536543850236,7.300000000000001,1266.7564332270138,0.0,-0.2,2.8728000000000002,5.059288152506869
2022-12-10,-1753.9814621135124,2.0,1257.7729903559177,0.0,0.05,1.7982,5.120939598624182
2022-12-11,-2274.3738533267174,0.0,1248.7895474848217,0.0,-2.25,3.4829999999999997,5.178377589461935
2022-12-12,-2225.213407974932,0.0,1239.8061046137257,0.0,-3.7,2.511,5.220026564254937
2022-12-13,-2395.786688870603,0.5,1230.8226617426296,0.0,-4.05,2.322,5.244886377970737
2022-12-14,-2097.894426964923,2.4,1221.8392188715336,0.0,-1.35,2.6136,5.158981154406186
2022-12-15,-2447.2224642866936,0.0,1212.8557760004376,0.0,-4.699999999999999,1.9656000000000002,5.138417604387879
2022-12-16,-2580.482691738026,0.0,1203.8723331293415,0.0,-6.15,1.8846,5.136770235121524
2022-12-17,-1825.4417539310066,0.0,1194.8888902582455,0.0,-0.15000000000000002,6.080400000000001,5.076585086113896
2022-12-18,-1775.521865126606,7.1000000000000005,1185.9054473871495,0.0,0.5,6.204599999999999,5.034636177391094
2022-12-19,-1240.0638967081009,9.7,1176.9220045160534,0.0,1.35,6.1128,5.0873721849500795
2022-12-20,-648.5121243066037,1.8,1167.9385616449574,0.0,6.6,6.4044,5.155768349281907
2022-12-21,-869.3298731721943,2.1,1158.9551187738614,0.0,4.6,4.5576,5.180317329870317
2022-12-22,-775.9804976980366,0.0,1149.9716759027654,0.0,5.1,5.2758,5.175903991928814
2022-12-23,-1678.4980142515465,0.0,1140.9882330316693,0.0,1.05,2.7378,5.155534069008237
2022-12-24,-1553.49591588586,0.0,1132.0047901605735,0.0,0.5,3.2076000000000002,5.155517210983701
2022-12-25,-779.3459582448822,0.7,1123.0213472894775,0.0,4.85,4.303800000000001,5.257559288606089
2022-12-26,-722.5988518094869,4.8999999999999995,1114.0379044183815,0.0,4.55,5.8158,5.305142567988828
2022-12-27,-1455.4386666835856,1.4,1105.0544615472854,0.0,2.0,4.8276,5.398548072182923
2022-12-28,-703.7369444323688,13.3,1096.0710186761894,0.0,6.1,6.452999999999999,5.401674488417594
2022-12-29,-735.784574461891,4.4,1087.0875758050934,0.0,7.25,7.6356,5.415087425495715
2022-12-30,-842.9153162328273,1.9,1078.1041329339973,0.0,5.4,7.9596,5.3844479044883755
2022-12-31,-445.17738849982254,5.5,1069.1206900629013,0.0,7.300000000000001,5.5188,5.3007257542378134
2023-01-01,-396.4948283226778,11.799999999999999,1064.643359214732,0.0,7.35,5.4378,5.251693456850379
2023-01-02,-456.95371167313783,7.1,1065.0639762175701,0.0,6.2,3.8556,5.173732662534494
2023-01-03,-1183.9000074902624,0.7,1065.4845932204082,0.0,4.2,4.5036000000000005,5.09575631783977
2023-01-04,-256.63217333130774,22.8,1065.9052102232463,0.0,7.699999999999999,7.101000000000001,4.901408935037349
2023-01-05,-1422.2687203070466,1.0999999999999999,1066.3258272260844,0.0,2.3499999999999996,5.454,5.002890579428858
2023-01-06,-559.8634930081682,14.700000000000001,1066.7464442289224,0.0,5.55,5.9886,4.889039339623693
2023-01-07,-295.90587267394835,0.8,1067.1670612317605,0.0,6.75,4.9032,4.7502282056261915
2023-01-08,-586.2228474974445,1.2000000000000002,1067.5876782345986,0.0,6.6,4.924799999999999,4.676091406225797
2023-01-09,-786.6253944831427,4.2,1068.0082952374366,0.0,4.25,4.1579999999999995,4.533771411809948
2023-01-10,-1133.1478321190332,3.0,1068.428912240275,0.0,4.550000000000001,4.2876,4.481194983445409
2023-01-11,-881.1890239844181,6.9,1068.849529243113,0.0,6.15,6.1937999999999995,4.425764243274704
2023-01-12,-586.5891129508897,2.8,1069.270146245951,0.0,4.8,4.9032,4.284924777402631
2023-01-13,-548.1996717814766,4.5,1069.6907632487892,0.0,5.8,6.965999999999999,4.202024301105803
2023-01-14,-979.3438632152493,8.5,1070.1113802516272,0.0,4.949999999999999,7.0308,4.172056989625157
2023-01-15,-1264.5785203854757,4.3,1070.5319972544653,0.0,4.15,8.5752,4.102736256254198
2023-01-16,-1317.2607543225622,3.0999999999999996,1070.9526142573034,0.0,3.2,5.437800000000001,3.9846618066518564
2023-01-17,-1144.7912816236096,7.4,1071.3732312601414,0.0,1.75,4.6548,3.9131350628695265
2023-01-18,-1633.0797130017372,1.3,1071.7938482629797,0.0,0.2,4.6548,3.8476407798209724
2023-01-19,-1313.7928712983355,4.9,1072.2144652658178,0.0,0.9,4.1688,3.7749690502930315
2023-01-20,-1737.963981520953,1.8,1072.6350822686559,0.0,-0.4,2.2842,3.698672048774585
2023-01-21,-1777.4000355524863,0.0,1073.055699271494,0.0,-1.1,2.6136,3.601298236192658
2023-01-22,-1706.1870517082261,0.0,1073.476316274332,0.0,-1.4,2.7378,3.5083511242275014
2023-01-23,-1575.2221109951747,0.0,1073.89693327717,0.0,-1.5,1.6631999999999998,3.458906116036128
2023-01-24,-1276.9222501519623,0.0,1074.3175502800082,0.0,0.9,3.9636000000000005,3.4243073526295857
2023-01-25,-997.6617507574937,2.5,1074.7381672828462,0.0,2.95,5.2379999999999995,3.3803237962753947
2023-01-26,-1369.4141018422636,0.0,1075.1587842856845,0.0,2.25,4.2768,3.539147929695684
2023-01-27,-1877.6865825904813,0.0,1075.5794012885226,0.0,-1.35,2.0034,3.4848569952784447
2023-01-28,-1271.9269420913345,0.0,1076.0000182913607,0.0,1.5,4.427999999999999,3.4476491724110137
2023-01-29,-622.0993111879652,1.7999999999999998,1076.4206352941987,0.0,4.8,6.6690000000000005,3.4762905010729908
2023-01-30,-1311.8047622517304,1.8,1076.8412522970368,0.0,3.55,8.3214,3.456936255820776
2023-01-31,-892.0720846347872,5.3,1077.261869299875,0.0,3.45,7.8515999999999995,3.4325517682156392
2023-02-01,-1035.3022192763951,2.1,1072.915379892656,0.0,3.8,7.478999999999999,3.4265935749455894
2023-02-02,-1538.898453330644,3.2,1063.3872530832014,0.0,1.45,2.9268,3.395916124013545
2023-02-03,-976.1422947072401,7.8,1053.8591262737464,0.0,4.1,6.8742,3.385506482065
2023-02-04,-1662.7001746678313,0.0,1044.3309994642918,0.0,-0.25,2.6136,3.361578926488237
2023-02-05,-1270.4909871073073,2.5,1034.8028726548368,0.0,0.35,5.3136,3.3402228306535915
2023-02-06,-1313.2951216593187,0.0,1025.274745845382,0.0,1.05,2.2302,3.325224324936816
2023-02-07,-1030.2537986009393,0.0,1015.7466190359274,0.0,1.95,4.212,3.293241992827194
2023-02-08,-1576.1735914903302,0.0,1006.2184922264727,0.0,0.8500000000000001,4.2444,3.313905504643988
2023-02-09,-1015.9119223697915,0.4,996.6903654170179,0.0,4.35,6.696,3.2973209742238963
2023-02-10,-827.3980426423814,0.5,987.1622386075632,0.0,5.25,6.4962,3.286218103021689
2023-02-11,-423.73787612351066,0.1,977.6341117981083,0.0,7.75,8.315999999999999,3.4084357065214057
2023-02-12,-630.6587137430599,0.0,968.1059849886535,0.0,6.65,4.7682,3.37885166072774
2023-02-13,-874.4529560278389,0.0,958.5778581791988,0.0,4.699999999999999,4.622399999999999,3.310074473444872
2023-02-14,-1042.6103760407261,0.0,949.049731369744,0.0,2.7,2.3381999999999996,3.2689330194614152
2023-02-15,-1164.783093321872,0.0,939.5216045602892,0.0,3.2,2.7324,3.249718931150538
2023-02-16,-678.2133090276488,0.3,929.9934777508345,0.0,4.699999999999999,3.7476,3.2631362801253214
2023-02-17,-258.52935884736485,9.5,920.4653509413797,0.0,6.8,9.8118,3.290670158735956
2023-02-18,-1080.4473723935816,0.0,910.937224131925,0.0,4.25,6.085799999999999,3.2847870265316876
2023-02-19,-1296.8882084497718,1.7,901.4090973224702,0.0,4.0,5.5458,3.2585878265708708
2023-02-20,-432.88529504410684,10.1,891.8809705130154,0.0,6.9,10.2492,3.280297233680404
2023-02-21,-890.7447940282717,0.2,882.3528437035607,0.0,5.699999999999999,6.6582,3.276843767897457
2023-02-22,-669.3372581059292,1.1,872.8247168941059,0.0,4.2,4.363199999999999,3.284797502404567
2023-02-23,-653.7479287816166,0.1,863.2965900846511,0.0,4.5,4.292999999999999,3.279434028775922
2023-02-24,-1123.6307507406989,4.4,853.7684632751964,0.0,2.95,7.2143999999999995,3.255401564812595
2023-02-25,-1932.0735407125935,0.1,844.2403364657416,0.0,0.55,6.9714,3.2806797288850036
2023-02-26,-1727.0526613621673,0.0,834.7122096562869,0.0,-0.5,3.78,3.296021100596204
2023-02-27,-1586.5792499017568,0.0,825.1840828468321,0.0,1.45,2.5164,3.275993050501529
2023-02-28,-1549.922456585453,0.0,815.6559560373773,0.0,0.55,2.2248,3.2815111381063122
2023-03-01,-1516.5067486935905,0.0,810.0225422837475,0.0,-0.1,2.0952,3.286233059631073
2023-03-02,-1489.64767473729,0.0,808.6225122864491,0.0,0.8999999999999999,2.4354,3.2876393338814953
2023-03-03,-1227.9304176781202,0.0,807.2224822891508,0.0,3.9,3.9743999999999993,3.289730896608858
2023-03-04,-1607.9059913468166,0.0,805.8224522918524,0.0,2.2,3.8178,3.2850416144962615
2023-03-05,-2190.6773894623952,0.0,804.422422294554,0.0,-1.9000000000000001,3.0402,3.285308759397041
2023-03-06,-2013.673638381569,2.7,803.0223922972557,0.0,-0.25,2.9808000000000003,3.2724373416647623
2023-03-07,-1812.3327771272636,3.4000000000000004,801.6223622999573,0.0,0.3,6.4638,3.2960792499280447
2023-03-08,-2363.9960298724823,0.0,800.222332302659,0.0,-2.8,2.0574,3.273627736571722
2023-03-09,-2068.9821223433282,0.0,798.8223023053606,0.0,-1.0,2.9214,3.259660238787605
2023-03-10,-1833.7324315758021,0.2,797.4222723080622,0.0,-0.75,2.2085999999999997,3.2642959802737845
2023-03-11,-1849.8286498574776,1.1,796.0222423107638,0.3953805350361259,-0.95,5.702400000000001,3.265208608515575
2023-03-12,-1580.7383067898013,3.4,794.6222123134654,0.39573151598770245,0.9,4.7736,3.2997085507984
2023-03-13,-13.343919933097197,14.3,793.222182316167,0.0,8.15,9.801,3.3235754949826837
2023-03-14,-961.464836554669,7.9,791.8221523188687,0.806396646327953,3.75,5.9832,3.8691319370287585
2023-03-15,-1496.6223959996344,1.8,790.4221223215703,1.9833039119743998,2.25,5.6213999999999995,3.2899343719110172
2023-03-16,-1325.533228415173,3.7,789.022092324272,1.581562978610271,3.6,7.036200000000001,3.2833662919884294
2023-03-17,-511.7669121242669,5.0,787.6220623269736,1.1859334846943113,6.35,4.941,3.3005399811292975
2023-03-18,-72.21835251121729,5.7,786.2220323296752,1.5820566711508592,6.6,1.7603999999999997,3.309345504099719
2023-03-19,-226.82434906339194,0.9,784.8220023323769,3.1613685626010875,7.15,3.2994,3.284287405572137
2023-03-20,-463.9381955098506,2.5,783.4219723350785,3.9438134051723086,6.2,4.5252,3.2577602546550652
2023-03-21,-525.372438636236,2.9,782.0219423377802,2.7606311832147608,6.0,4.7196,3.2159341783206528
2023-03-22,-31.22358509155208,3.5,780.6219123404818,2.3683165930531196,7.55,5.9886,3.221923713398864
2023-03-23,-301.1824914792201,1.9,779.2218823431834,8.303606257775265,7.2,5.626799999999999,3.2682039121164475
2023-03-24,-547.7193543325046,8.299999999999999,777.8218523458851,5.564008403312041,7.75,6.5664,3.36296114358609
2023-03-25,-471.2692703848861,2.7,776.4218223485867,9.951938841878238,6.35,5.1732,3.4685624939393405
2023-03-26,-1321.1182532826376,0.0,775.0217923512884,12.290073339368742,3.55,5.583600000000001,3.3766515400243424
2023-03-27,-1998.1629315365253,0.6000000000000001,773.62176235399,18.591515054215797,-0.04999999999999999,4.4604,3.3092635798815264
2023-03-28,-1693.1509391863667,0.2,772.2217323566916,19.356223384303533,2.15,3.2292,3.252285986904398
2023-03-29,-571.1959429375859,2.7,770.8217023593933,5.909360715535806,5.4,4.746600000000001,3.200082830533259
2023-03-30,-102.21785804024125,13.2,769.4216723620949,5.900080786781563,7.35,4.7628,3.1674661273604023
2023-03-31,-526.1899713500136,3.4,768.0216423647965,13.750318167121621,6.449999999999999,4.1904,3.131416645001816
2023-04-01,-1777.5773251790663,1.3,763.1345673817642,16.815429398250128,2.6500000000000004,6.8256,3.0628345557461207
2023-04-02,-1935.7821312624428,0.0,754.4572261098908,34.79288168139942,1.4,3.4235999999999995,3.021054510861944
2023-04-03,-1837.7949906716656,0.0,745.7798848380173,35.878899019305024,1.2,2.349,2.970027679248827
2023-04-04,-1660.1863158877445,0.0,737.1025435661439,31.143187675239602,2.5,2.5218,2.9330740157017443
2023-04-05,-1513.1914982752833,0.2,728.4252022942704,29.555168058848103,4.3,2.1384,2.9115043330791743
2023-04-06,-1320.1931062663189,0.2,719.747861022397,35.31283635776914,3.9499999999999997,4.6116,2.887960912498862
2023-04-07,-1469.9956444687991,0.0,711.0705197505235,46.09010753899587,5.25,4.6062,2.8333698987895035
2023-04-08,-1017.6171695877116,0.0,702.3931784786502,43.307622217474254,5.7,3.1266,2.8054041329828756
2023-04-09,-1168.9003769956,0.0,693.7158372067767,35.17211159718545,6.6,3.2670000000000003,2.7949800639813027
2023-04-10,-813.1830598755142,2.9,685.0384959349033,40.37131579851721,9.35,7.4088,3.088675121420601
2023-04-11,-822.442423375905,6.5,676.3611546630298,41.94602737701946,7.8,4.6008,3.0891723087991423
2023-04-12,-899.7260030055083,13.8,667.6838133911563,10.18828737765447,6.4,6.5447999999999995,3.076703679103071
2023-04-13,-846.0947565286676,4.2,659.0064721192829,55.26163021515269,6.65,5.0652,3.0751069278909218
2023-04-14,-908.9982725060723,5.4,650.3291308474094,30.522621305792974,6.65,2.7108,3.060892905175601
2023-04-15,-487.2386662142202,4.4,641.651789575536,23.485605604502208,8.3,3.5747999999999998,3.0491874302893676
2023-04-16,-788.5623921383506,0.0,632.9744483036625,68.14129162740865,8.0,2.3922,3.0547998071898834
2023-04-17,-1216.977369838005,0.0,624.2971070317891,82.45986423857838,7.25,3.2508,3.0129140197649424
2023-04-18,-1257.5891079286885,0.0,615.6197657599156,83.01151049454451,7.95,4.2606,2.956791785989359
2023-04-19,-1308.8672342587524,0.0,606.9424244880422,88.5296691654886,7.85,4.6655999999999995,2.880775662391665
2023-04-20,-1174.9685707361257,0.0,598.2650832161687,92.01606262309835,8.850000000000001,5.2002,2.8721330446468203
2023-04-21,-1247.5640927956056,0.0,589.5877419442952,97.39143524131165,9.1,3.186,2.8677392865358264
2023-04-22,-747.2139580757331,0.0,580.9104006724218,89.47185936301946,12.0,5.1408000000000005,2.833505855347828
2023-04-23,-659.0376954839901,6.6,572.2330594005483,69.14684942321446,11.0,4.266,2.786380766278718
2023-04-24,-439.2928433398876,22.0,563.5557181286749,21.607426107945024,9.35,5.0868,2.7718082446880996
2023-04-25,-1347.4930611138602,2.9000000000000004,554.8783768568014,51.59304499171513,5.9,7.732800000000001,2.8571994503374176
2023-04-26,-1776.7152680476247,1.8,546.201035584928,110.21202918978801,4.949999999999999,7.0146,3.006883200973979
2023-04-27,-1738.0204948234816,1.7000000000000002,537.5236943130545,110.8982377231774,5.15,5.7456000000000005,2.997829988274016
2023-04-28,-1487.5188104336362,0.0,528.8463530411811,55.722417613452265,6.0,2.5380000000000003,2.97664920182192
2023-04-29,-1247.6946765835394,0.0,520.1690117693076,117.26020176778354,6.0,5.8482,2.9490427456658344
2023-04-30,-1546.810039937607,0.0,511.4916704974342,118.94370889069701,6.300000000000001,4.6602,2.9649710811811882
2023-05-01,-958.2625016366876,0.2,506.0389880885807,67.7309182344363,9.65,5.3838,2.962298784394119
2023-05-02,-1440.9441180805995,0.1,504.0913696612707,120.4237663536631,6.15,4.6494,2.9541082386695194
2023-05-03,-1543.3870765778777,0.0,502.14375123396064,131.10812652781584,6.800000000000001,4.104,2.915638310633843
2023-05-04,-1372.4633674937272,0.0,500.1961328066506,99.11320273777139,7.1,2.9754,2.902682183626913
2023-05-05,-1480.7001565114483,0.0,498.2485143793405,99.26811202939562,6.1,7.9542,2.93077088557452
2023-05-06,-1290.8828242242698,1.2000000000000002,496.3008959520305,79.73358320459992,6.6,6.852600000000001,3.0167583812134073
2023-05-07,-1317.4391310009976,0.0,494.35327752472045,108.99131678167872,8.6,5.3946000000000005,3.018651383821339
2023-05-08,-1111.165159067052,0.0,492.4056590974104,147.4197887744973,10.7,6.2424,2.9632909981193722
2023-05-09,-795.2111188076503,0.0,490.4580406701004,116.80781077949236,12.3,6.8634,2.962736140152672
2023-05-10,-623.5045092869775,1.4,488.51042224279036,60.0648197067349,12.5,6.188400000000001,2.972956082556802
2023-05-11,-57.36472730606317,0.30000000000000004,486.56280381548027,65.95298935783505,12.55,1.674,2.9742773943558465
2023-05-12,-899.5082223382155,0.0,484.61518538817023,131.41337744159526,13.399999999999999,3.1266,2.9751689675571917
2023-05-13,-986.0383643529537,0.0,482.6675669608602,160.14500269762368,14.2,2.5542,2.950830123024133
2023-05-14,-980.8881676337661,0.2,480.71994853355017,129.21104339328588,14.0,2.5704000000000002,2.9304567568509374
2023-05-15,-943.3460177456836,1.1,478.77233010624013,110.99052593742799,13.5,2.484,2.9133851149706897
2023-05-16,-1042.0386779426137,0.1,476.82471167893004,118.13699340072587,9.3,6.517799999999999,2.901353730343776
2023-05-17,-1841.133060714704,0.0,474.87709325162,169.9493491253387,7.75,7.938,2.8183251885137226
2023-05-18,-1276.0961464978104,0.0,472.92947482431,127.44132659493332,10.100000000000001,3.5856000000000003,2.795669806703068
2023-05-19,-1241.3674364421186,0.0,470.98185639699994,164.78157159970723,11.5,2.3165999999999998,2.8047994159976195
2023-05-20,-1271.7103572913709,0.0,469.0342379696899,174.87961223135352,12.75,2.7,2.810082392789755
2023-05-21,-713.6460727529025,0.8,467.0866195423799,149.31141474405857,15.05,3.915,2.8092885329706334
2023-05-22,-434.1919000848356,0.1,465.1390011150698,102.63705561801197,15.9,3.6504,2.8142787333075474
2023-05-23,-725.9094486790417,7.4,463.19138268775976,49.6268184434615,12.1,4.563000000000001,2.8476434824123276
2023-05-24,-908.2636812957983,0.0,461.2437642604497,138.56748479302462,12.600000000000001,3.1266,2.868028912129767
2023-05-25,-1612.4538604248844,0.0,459.2961458331397,191.6628205957219,10.600000000000001,6.0642000000000005,2.867388817488511
2023-05-26,-1461.2826683883213,0.0,457.34852740582966,136.5628040836724,11.25,5.691599999999999,2.8417421860613885
2023-05-27,-1518.2187198300635,0.0,455.4009089785196,191.82607463174867,11.5,2.8296,2.8406863891488934
2023-05-28,-1439.8711836554623,0.1,453.45329055120953,169.7312775438551,11.55,4.8384,2.845898755226644
2023-05-29,-1700.099501591481,0.0,451.5056721238995,161.99053619466594,11.350000000000001,4.3793999999999995,2.8427947025955063
2023-05-30,-1095.3671069050918,0.0,449.55805369658947,191.89117744888392,14.4,2.2896,2.8468430654068984
2023-05-31,-1399.3830944939366,0.0,447.61043526927944,188.7401320070842,12.149999999999999,6.723,2.8470370284145883
2023-06-01,-1417.1180643961084,0.0,446.1290163865555,136.87150961974686,13.0,5.0274,2.82344087847932
2023-06-02,-1771.4551960755605,0.0,445.1543361392513,130.42430422842955,12.95,3.0347999999999997,2.838203413235556
2023-06-03,-1718.4790147051062,0.0,444.17965589194705,197.8065087968401,13.5,3.8340000000000005,2.8568643521617787
2023-06-04,-1404.8595390638773,0.0,443.20497564464284,190.09473348804164,13.95,2.7809999999999997,2.8576226186779596
2023-06-05,-1279.7085245041887,0.0,442.23029539733864,167.81865178446213,15.2,1.9278000000000002,2.872910290387974
2023-06-06,-1601.727495871387,0.0,441.2556151500344,210.14354935617587,13.850000000000001,3.3857999999999997,2.885825044660783
2023-06-07,-1468.6805936310407,0.0,440.28093490273017,161.56500671771835,15.65,1.1124,2.8900498961111305
2023-06-08,-1614.0950127850192,0.0,439.30625465542596,210.65664930228297,15.0,2.5704,2.8972050727174974
2023-06-09,-1461.7634400412471,0.0,438.33157440812175,184.20097783560402,16.6,3.3102,2.899280920139963
2023-06-10,-1634.5924376364505,0.0,437.35689416081755,208.25592981602017,16.450000000000003,5.292,2.8934660749695187
2023-06-11,-1540.0823869294932,0.0,436.3822139135133,209.19442581247495,16.35,5.3622,2.8712981179357744
2023-06-12,-1427.3322153785448,0.0,435.4075336662091,212.63645914749833,17.1,4.3416,2.862596080862641
2023-06-13,-1814.074787741123,0.0,434.43285341890487,216.14047143523283,18.15,2.862,2.865524456476554
2023-06-14,-1385.455780751451,0.0,433.4581731716006,211.15364260029435,18.9,1.9494000000000002,2.8693904258677794
2023-06-15,-918.7275605767013,2.9000000000000004,432.4834929242964,151.99278479164798,18.25,2.9106,2.898653319616412
2023-06-16,-1256.218519013088,0.0,431.5088126769922,169.6783112347694,19.5,2.8026,2.93000603752522
2023-06-17,-1101.697300702985,2.6,430.534132429688,187.46183680609897,20.8,1.971,2.9403972171806463
2023-06-18,-1255.8414191642523,0.0,429.5594521823838,203.46313194010548,19.65,2.0412,2.9540196201217697
2023-06-19,-928.791186555572,1.2,428.5847719350795,136.5634987907428,18.25,3.8880000000000003,2.969516687264947
2023-06-20,-1095.2700183077538,0.0,427.6100916877753,176.13318929811456,19.05,2.8890000000000002,2.9986123155641673
2023-06-21,-663.6279045312242,3.0,426.6354114404711,99.81354782040196,18.15,4.131,3.0340662329311434
2023-06-22,-1206.780192185157,0.1,425.66073119316684,164.89356372994604,19.15,3.2615999999999996,3.051381227654036
2023-06-23,-1674.1719954165565,0.0,424.68605094586263,189.01674597798853,16.95,4.573799999999999,3.0536176325014
2023-06-24,-1290.9571920232324,0.0,423.7113706985584,136.62062476530383,18.549999999999997,4.1634,3.0383602105887255
2023-06-25,-856.0338874886697,0.0,422.7366904512542,181.36099613846483,20.0,1.9764000000000004,3.0624905987543283
2023-06-26,-965.8985178892684,11.8,421.76201020395,125.82113485780182,18.25,5.2272,3.1002891166428768
2023-06-27,-1650.9404565784187,0.0,420.78732995664575,170.71736479462317,15.75,7.803000000000001,3.0588519693679395
2023-06-28,-1152.5864151510032,0.3,419.81264970934154,193.22841990922416,17.75,4.309199999999999,2.9399346160989106
2023-06-29,-335.19023436250956,3.3,418.83796946203734,56.21887280796246,18.299999999999997,3.6557999999999997,2.9908111243199738
2023-06-30,-1280.638706727655,0.1,417.8632892147331,202.2422848282813,16.1,5.3027999999999995,3.0330876261287125
2023-07-01,-705.9926821108273,7.5,417.3265191757436,54.531044937454595,15.149999999999999,5.427,3.0924478964819526
2023-07-02,-1483.8001371235323,1.6,417.26573849361796,180.77666341281196,14.25,8.591399999999998,3.120156631002887
2023-07-03,-1447.9414700402185,4.3,417.2049578114923,159.13518669911588,13.5,7.9164,2.964420574223049
2023-07-04,-1297.5781167270818,6.5,417.14417712936665,130.6763778421294,13.5,6.452999999999999,2.9464088316014143
2023-07-05,-882.5132943145709,14.3,417.083396447241,89.00451664531792,13.8,6.183,2.9854679517022804
2023-07-06,-971.4062210599405,2.0,417.02261576511535,151.9533735267696,14.25,7.1226,3.009343939517045
2023-07-07,-994.1537788566129,0.1,416.96183508298975,151.56823427757396,17.049999999999997,3.4236,3.0024736658764546
2023-07-08,-1024.4930856017943,0.0,416.9010544008641,196.18758590399347,18.65,2.1168,3.0139931696796074
2023-07-09,-959.4500580654353,0.0,416.84027371873844,184.4053390034561,19.450000000000003,3.5964,3.004879693669605
2023-07-10,-673.7443895074794,5.6000000000000005,416.7794930366128,105.22968107482369,17.9,3.267,3.0312459865190586
2023-07-11,-533.40702177202,5.3,416.71871235448714,107.82175794693913,17.6,3.9096,3.0937399555658027
2023-07-12,-661.9322778119157,8.1,416.6579316723615,87.70018702471042,16.5,3.4614,3.15293194052206
2023-07-13,-1287.7498392820764,3.0,416.59715099023583,151.79480817243183,15.850000000000001,4.6764,3.1463917820264773
2023-07-14,-1163.6469788808263,1.3,416.5363703081102,134.07079305514011,16.6,3.6882,3.129986004147799
2023-07-15,-503.0742905507168,11.2,416.4755896259845,130.03115888227643,19.0,4.8275999999999994,3.140275169811407
2023-07-16,-856.1026090150137,2.4,416.4148089438589,152.03237978479459,17.299999999999997,7.2198,3.0562853340561578
2023-07-17,-985.307021574,12.1,416.3540282617332,90.70832853635511,15.1,6.199199999999999,3.006045114413196
2023-07-18,-1352.9182825542039,0.7999999999999999,416.2932475796076,167.98920100124587,15.05,5.4756,3.0029979630100705
2023-07-19,-1449.5439453257618,0.1,416.23246689748197,117.63074634439211,14.35,3.9096,3.022324026738607
2023-07-20,-1528.3757910345391,0.6000000000000001,416.1716862153563,158.74459678655774,13.850000000000001,5.913,3.0204589620055247
2023-07-21,-1517.3816041454606,5.1,416.11090553323066,114.29204835196438,14.05,3.7422,3.0092669054526873
2023-07-22,-1558.359478557758,1.5999999999999999,416.050124851105,160.79223383847102,13.5,3.6666,3.0323833557754085
2023-07-23,-805.861779548318,15.299999999999999,415.98934416897936,38.46188544573226,14.95,4.2714,3.1133778511145502
2023-07-24,-869.2320753189074,2.5,415.9285634868537,85.75214663070653,16.15,4.806,3.149287779750285
2023-07-25,-1410.536572902314,1.0,415.86778280472805,162.70834305377582,14.6,5.6808,3.1422047829814486
2023-07-26,-1563.1817319958723,2.8,415.8070021226024,120.16600173235818,13.1,5.837400000000001,3.1023640019805097
2023-07-27,-1354.7680315295393,0.8,415.7462214404768,140.5416107472392,16.0,4.0176,3.101604550041659
2023-07-28,-1139.3245094062363,0.0,415.68544075835115,126.56388572390125,16.9,2.2842,3.1157197040320055
2023-07-29,-525.0003428623547,10.7,415.6246600762255,76.72737169387733,16.7,3.456,3.1678155598312934
2023-07-30,-1163.4637752404121,14.0,415.56387939409984,114.01002308967159,15.0,3.9744000000000006,3.203503583652593
2023-07-31,-1263.1707623087705,2.2,415.5030987119742,120.97813167379894,15.55,3.726,3.2070802948148627
2023-08-01,-703.5897423610954,19.3,417.1452153619674,41.85450631100217,14.85,2.0358,3.2588170993021635
2023-08-02,-1136.4469545559982,1.2000000000000002,420.63830737295945,68.41185584293343,15.7,3.0996,3.3145256334203714
2023-08-03,-698.911145797139,5.9,424.13139938395153,82.7523785617915,16.6,3.8556000000000004,3.336544377190858
2023-08-04,-1161.8232909007695,0.2,427.62449139494356,132.17149478623634,15.45,5.6537999999999995,3.3082438142272492
2023-08-05,-1247.2522957028877,0.7000000000000001,431.1175834059356,132.59851142818977,15.350000000000001,3.5046,3.236219383439317
2023-08-06,-920.152230432148,0.9,434.6106754169276,67.54721910781691,15.600000000000001,3.7962,3.248711589539888
2023-08-07,-743.998773607373,20.6,438.1037674279197,13.025822113034742,13.9,9.6552,3.2675589372924367
2023-08-08,-1377.7680393831129,1.8,441.59685943891174,40.29406958952896,13.149999999999999,11.1402,3.264763314365334
2023-08-09,-932.8823922940799,3.3,445.08995144990377,30.51785055764769,12.8,7.614000000000001,3.330137750408329
2023-08-10,-1262.0592103668127,0.5,448.58304346089585,102.61879030599593,13.55,5.6592,3.349007420414626
2023-08-11,-354.49295917992487,0.30000000000000004,452.0761354718879,71.66292257649232,17.700000000000003,3.7098,3.323660527147488
2023-08-12,-67.10831232818862,5.9,455.5692274828799,22.59113932267033,17.7,2.6406,3.3430572469216733
2023-08-13,-525.9374998151047,0.8,459.06231949387194,90.83659548894153,17.05,3.9798,3.364244530892662
2023-08-14,-685.8403544243486,0.2,462.555411504864,106.13458525627405,17.55,2.8242000000000003,3.3263288069539807
2023-08-15,-509.28136882712937,1.2,466.04850351585605,107.19642425256959,17.8,3.9636000000000005,3.30361763815497
2023-08-16,-816.1091868223153,1.1,469.5415955268481,69.926682452035,16.450000000000003,5.313599999999999,3.2728511818753043
2023-08-17,-1105.2216659021992,0.0,473.0346875378401,73.8865935763171,14.149999999999999,1.8900000000000001,3.259441842404783
2023-08-18,-429.45198556245515,1.6,476.5277795488322,30.11377299192304,17.8,4.2228,3.2863612151889554
2023-08-19,-88.83868660474377,7.8999999999999995,480.02087155982423,26.12297421965314,18.85,5.437800000000001,3.3052908778640435
2023-08-20,-592.9461153333867,0.30000000000000004,483.51396357081626,69.25169788529593,18.3,3.2724,3.3224860516456634
2023-08-21,-1014.9395575553158,0.2,487.0070555818083,69.9467946649402,16.6,3.5964,3.2936271351004045
2023-08-22,-589.9100556735195,2.2,490.5001475928004,47.78533429090033,17.2,3.3857999999999997,3.2692932023808234
2023-08-23,-830.4400634887456,0.8,493.9932396037924,66.85650840368673,16.55,3.4884,3.280474858418066
2023-08-24,-730.1776088867921,3.1,497.48633161478443,55.465908958402146,16.8,3.3426,3.2934969406374917
2023-08-25,-719.1331827893846,3.5,500.97942362577646,64.8623631081172,16.75,3.4344,3.307170883130588
2023-08-26,-1263.286406900019,5.8,504.47251563676855,61.758965747078676,14.35,2.4894,3.3121819375799406
2023-08-27,-1266.8695161306161,2.5999999999999996,507.9656076477606,41.894633468872996,13.899999999999999,2.3868,3.334369560640403
2023-08-28,-1575.9285700728826,0.4,511.4586996587526,57.421442193799194,13.6,3.0995999999999997,3.343117038012414
2023-08-29,-1380.0519694580403,2.5,514.9517916697447,54.11259501888839,13.75,2.3706,3.3071869565826875
2023-08-30,-1419.4861318296475,1.7,518.4448836807367,50.332457070067214,13.649999999999999,2.5812,3.3273937409139243
2023-08-31,-890.5135132144899,12.299999999999999,521.9379756917288,26.995286862242693,13.55,1.9926,3.3624478818387846
2023-09-01,-1353.9370521527508,0.7999999999999999,532.8585766859095,44.433969966835335,14.350000000000001,3.0023999999999997,3.3827241568655664
2023-09-02,-1472.3038050725784,0.0,551.8525570096432,57.45350540311942,13.85,5.135400000000001,3.3203973746734565
2023-09-03,-636.4812589093654,0.0,570.846537333377,28.455141059531748,15.7,5.243399999999999,3.2872376573026916
2023-09-04,-976.7445513821572,0.0,589.8405176571107,49.85651113989034,16.4,4.0716,3.2967953343658136
2023-09-05,-1238.78349185429,0.0,608.8344979808444,48.582559973362606,15.950000000000001,2.1924,3.2428189011763937
2023-09-06,-1186.1686292039394,0.0,627.8284783045781,30.345364082643904,16.1,2.8296,3.2143620091309018
2023-09-07,-775.5787705739592,0.0,646.8224586283118,39.808423399308936,17.75,3.9744000000000006,3.187226417205335
2023-09-08,-635.6545964025012,0.0,665.8164389520455,36.24531081249973,18.25,3.0294,3.1571101070826386
2023-09-09,-729.4699821180121,0.0,684.8104192757793,31.085519591406324,19.7,2.6406,3.145371714429965
2023-09-10,-797.896696217841,0.0,703.804399599513,18.48089636820358,16.799999999999997,2.1870000000000003,3.148983627847568
2023-09-11,-705.8936113214131,4.1,722.7983799232467,19.699145538502837,18.6,3.6719999999999997,3.1619958256755227
2023-09-12,-702.4285269845532,2.4,741.7923602469804,22.091600758226292,16.55,3.0996,3.217794531134185
2023-09-13,-1456.8142798477202,0.0,760.7863405707141,20.950193878470714,12.5,3.3263999999999996,3.2533534172350596
2023-09-14,-1582.1232180134978,0.0,779.7803208944479,18.976023554128737,14.149999999999999,2.5974,3.232470348820996
2023-09-15,-1554.5920677087813,0.7999999999999999,798.7743012181816,10.259231737901928,13.850000000000001,3.7098,3.2291940274404984
2023-09-16,-1175.3646712078832,0.0,817.7682815419153,16.96073605012604,15.25,2.6028,3.1754711506802
2023-09-17,-855.7415679512067,3.8,836.762261865649,16.549612133748703,17.5,4.5252,3.1508424436265154
2023-09-18,-663.5163986544067,6.8,855.7562421893826,12.173384764230644,17.35,6.3612,3.0811438097603947
2023-09-19,-1098.6880968349562,20.7,874.7502225131163,4.29846427140208,14.5,7.776000000000001,3.0680145820724345
2023-09-20,-431.53416296805636,2.0,893.7442028368501,8.585067690286916,17.7,7.29,2.933638442963412
2023-09-21,-414.70787009967427,1.5,912.7381831605838,10.920005306946859,16.75,5.891399999999999,2.923558587855931
2023-09-22,-887.6328474204698,6.0,931.7321634843175,2.340249872239629,14.55,2.8512000000000004,2.9655477772521195
2023-09-23,-1579.4084038717747,1.0,950.7261438080512,5.870135894437548,12.350000000000001,3.5639999999999996,2.9934857394640995
2023-09-24,-1383.8319824078976,0.0,969.7201241317849,7.4353215724950426,13.2,4.1579999999999995,2.912130648824382
2023-09-25,-715.0993435471386,0.0,988.7141044555187,4.672893942302084,15.3,6.1937999999999995,2.8935532371313553
2023-09-26,-1025.1261444678157,0.0,1007.7080847792524,4.282184909396924,14.3,3.2724,2.89429807017426
2023-09-27,-678.8798234921555,0.4,1026.7020651029861,3.901814563624424,15.55,3.0023999999999997,2.9174846995399175
2023-09-28,-755.3769706472767,0.0,1045.6960454267198,3.5116549003351656,16.299999999999997,5.0112000000000005,2.9202430391055243
2023-09-29,-712.5763121595724,4.1000000000000005,1064.6900257504535,1.5596997578623122,15.1,5.1624,2.9295996104838924
2023-09-30,-1406.4648396532318,0.2,1083.6840060741872,3.904342741550817,13.1,5.583600000000001,2.9114860829835747
2023-10-01,-933.987499103469,0.1,1093.4452918582792,2.3284327845479145,14.75,3.3102,2.895887904879709
2023-10-02,-459.5858430343057,1.8,1093.1710400992822,1.5613615274132282,15.4,3.2184,2.9777666891179413
2023-10-03,-1028.4278538321792,13.2,1092.896788340285,0.39127892941656167,13.149999999999999,5.9184,3.037926119220515
2023-10-04,-1255.1175102751886,11.8,1092.622536581288,1.964035715192271,12.7,6.965999999999999,3.0828503914876983
2023-10-05,-1416.7900781053356,3.6,1092.348284822291,1.9666377105278783,11.6,6.183,3.0977083074032805
2023-10-06,-604.4003864193012,3.6,1092.0740330632937,0.0,15.2,8.7588,3.076151668951632
2023-10-07,-1275.114325568356,0.0,1091.7997813042966,0.7872832525148811,11.45,5.2218,3.130284532725343
2023-10-08,-2162.8089672353226,0.2,1091.5255295452996,1.1796437619384301,8.6,1.9872000000000003,3.0923771798334903
2023-10-09,-1481.3287636579707,1.7,1091.2512777863026,0.0,9.1,1.8035999999999999,3.083662846713036
2023-10-10,-555.21436765537,1.2000000000000002,1090.9770260273053,0.39294893855134455,13.4,5.5889999999999995,3.1401196999580714
2023-10-11,-575.8360450962425,4.2,1090.7027742683083,0.0,14.2,7.7219999999999995,3.27540798521608
2023-10-12,-1534.829510744875,0.0,1090.4285225093113,0.39643611067180806,10.3,7.1388,3.298899686868717
2023-10-13,-598.6835674914806,8.6,1090.154270750314,0.0,12.7,5.567399999999999,3.3176398270315364
2023-10-14,-1647.0945238170173,0.30000000000000004,1089.880018991317,0.0,9.350000000000001,8.904599999999999,3.373533360373216
2023-10-15,-2002.0204988885835,0.1,1089.60576723232,0.0,7.5,8.235,3.3746711575295247
2023-10-16,-2105.317716893911,0.0,1089.3315154733227,0.0,5.85,4.9841999999999995,3.332855661731575
2023-10-17,-1776.0715711159266,0.0,1089.0572637143257,0.0,7.2,3.5694,3.2672163391298445
2023-10-18,-1627.256250317613,0.0,1088.7830119553287,0.0,8.1,3.5316,3.2618865827235513
2023-10-19,-1448.3675685776232,4.0,1088.5087601963317,0.0,7.300000000000001,9.072,3.3490547463948426
2023-10-20,-1676.4903891893648,11.5,1088.2345084373344,0.0,4.95,11.2698,3.4761228548717202
2023-10-21,-1067.4785408129162,17.6,1087.9602566783374,0.0,8.4,6.4206,3.5408156522016654
2023-10-22,-703.1139971424943,1.0,1087.6860049193403,0.0,10.350000000000001,4.1094,3.5720747300656686
2023-10-23,-796.1233799520294,0.2,1087.411753160343,0.0,9.2,4.05,3.600463976454809
2023-10-24,-1023.7411716662027,22.2,1087.137501401346,0.0,8.649999999999999,7.3224,3.630201716246843
2023-10-25,-826.3134560091269,8.7,1086.863249642349,0.0,9.0,6.372,3.645513384593401
2023-10-26,-1222.5833970140256,1.4000000000000001,1086.588997883352,0.0,7.2,5.0598,3.64212340444016
2023-10-27,-1398.695098509546,1.1,1086.3147461243548,0.0,6.55,4.2174,3.643274695028606
2023-10-28,-1441.8068233139584,1.7000000000000002,1086.0404943653577,0.0,7.05,5.7294,3.6366030461895296
2023-10-29,-654.7631793629073,23.3,1085.7662426063607,0.0,9.0,6.6258,3.606509217327745
2023-10-30,-767.3311924090381,1.3,1085.4919908473635,0.0,10.2,5.2272,3.568162609336852
2023-10-31,-1900.1748480376204,3.7,1085.2177390883664,0.0,4.2,5.0814,3.5135289473746454
2023-11-01,-1650.7729001142202,5.6,1087.3622499236762,0.0,6.0,5.6592,3.4249348861570454
2023-11-02,-837.1279753932617,2.2,1092.1358505354067,0.0,9.95,7.0524000000000004,3.32551778323543
2023-11-03,-877.0757162909182,0.2,1096.909451147137,0.0,9.4,6.3342,3.2047390130077
2023-11-04,-989.3162105309814,0.0,1101.6830517588674,0.0,8.4,5.4216,3.160782338114775
2023-11-05,-985.1918989905125,7.6,1106.4566523705978,0.0,7.9,3.8988,3.1357228448522227
2023-11-06,-1195.7242534317527,3.3,1111.230252982328,0.0,7.0,3.2076000000000002,3.1078060843661617
2023-11-07,-1228.2527922029167,0.9,1116.0038535940585,0.0,6.8,3.5964,3.0726852536715388
2023-11-08,-1104.3955806598583,1.2,1120.7774542057887,0.0,7.8,4.1742,3.056738324887743
2023-11-09,-777.5948127655889,1.3,1125.5510548175191,0.0,8.0,1.3338,3.001336267590672
2023-11-10,-1321.154747440279,1.4,1130.3246554292496,0.0,6.55,3.402,3.0222406044795203
2023-11-11,-1512.811422328803,0.39999999999999997,1135.0982560409798,0.0,4.300000000000001,1.7064,3.0402204063460907
2023-11-12,-1610.3112069772124,1.1,1139.8718566527102,0.0,3.8499999999999996,1.2312,3.0868624181603845
2023-11-13,-1533.4126195481726,10.0,1144.6454572644404,0.0,4.1,5.259600000000001,3.124209104769653
2023-11-14,-1151.0648042533942,10.3,1149.4190578761709,0.0,5.1,6.1182,3.0251114410620152
2023-11-15,-1452.9282652497182,5.1,1154.1926584879013,0.0,4.2,2.808,3.0537231839845402
2023-11-16,-1634.2088805656867,12.1,1158.9662590996315,0.0,3.2,6.010199999999999,3.069958246179122
2023-11-17,-1513.8053382309213,0.5,1163.739859711362,0.0,3.1,3.4559999999999995,3.074993896850186
2023-11-18,-1772.7978428673894,0.5,1168.5134603230922,0.0,3.1500000000000004,4.579199999999999,3.101716458508099
2023-11-19,-1099.451005565125,10.5,1173.2870609348226,0.0,4.7,5.6916,3.0501458407503264
2023-11-20,-1136.3011181750385,0.8,1178.060661546553,0.0,5.3,4.3308,3.073857014566662
2023-11-21,-1686.016821254086,1.2000000000000002,1182.8342621582833,0.0,3.9,2.997,3.1116899725454017
2023-11-22,-1467.5172842100944,5.8,1187.6078627700138,0.0,3.3,7.3116,3.124719699559158
2023-11-23,-696.7814259310687,4.6,1192.381463381744,0.0,9.2,8.9802,3.0790592643128427
2023-11-24,-1982.9539398121228,1.0,1197.1550639934744,0.0,2.4,6.6852,3.0698223114252343
2023-11-25,-2195.8870693538443,0.4,1201.9286646052049,0.0,0.3,3.7043999999999997,3.010111986629841
2023-11-26,-2301.869858089199,1.2,1206.702265216935,0.0,0.0,2.6676,2.98329660360581
2023-11-27,-2075.2412474458524,0.2,1211.4758658286655,0.0,0.15,5.2974,2.977348013293045
2023-11-28,-2930.3006639614423,0.0,1216.2494664403957,0.0,-4.550000000000001,3.2885999999999997,2.9652262608229174
2023-11-29,-2775.507810254275,0.1,1221.0230670521262,0.0,-5.75,1.8900000000000001,2.986420468028899
2023-11-30,-2180.0676409548255,5.7,1225.7966676638566,0.0,-2.45,3.4019999999999997,3.0156929939304407
2023-12-01,-2356.93291519192,0.5,1228.321128486514,0.0,-2.9,3.8556,3.0538562180966737
2023-12-02,-2743.4506820959155,0.0,1228.4008721471362,0.0,-7.85,2.835,3.105881513426535
2023-12-03,-1930.7646734472373,4.8,1228.480615807758,0.0,-2.8,1.8576,3.1712374144681785
2023-12-04,-1883.615072071524,0.2,1228.56035946838,0.0,-0.6,3.8718000000000004,3.236444365571176
2023-12-05,-1554.2426308513143,1.2,1228.640103129002,0.0,0.8500000000000001,5.2812,3.2615462722169957
2023-12-06,-1630.0706080985533,6.1,1228.719846789624,0.0,0.6,5.6646,3.1857777073417277
2023-12-07,-1637.841711867346,1.3,1228.799590450246,0.0,0.2,2.3814,3.226358898247531
2023-12-08,-1320.2584683600423,3.0,1228.8793341108678,0.0,0.8,4.7034,3.272393023749772
2023-12-09,-1328.103259210704,1.2,1228.9590777714898,0.0,2.3,4.6602,3.312558638409782
2023-12-10,-1184.5943645256973,9.3,1229.038821432112,0.0,2.45,5.7780000000000005,3.3720873723166447
2023-12-11,-1062.516554386491,4.4,1229.118565092734,0.0,2.5,3.1752000000000002,3.3559879943908575
2023-12-12,-1420.2422709657603,0.0,1229.1983087533558,0.0,0.8,3.537,3.3527730161653553
2023-12-13,-1872.2551223133773,0.0,1229.2780524139778,0.0,-1.4,5.8104,3.3131635803107695
2023-12-14,-1854.934989966112,0.2,1229.3577960745997,0.0,-1.25,1.6793999999999998,3.297161134259621
2023-12-15,-1144.6752851471006,0.2,1229.4375397352217,0.0,4.55,4.4604,3.3290270355404417
2023-12-16,-430.8506413683558,0.0,1229.5172833958436,0.0,8.1,7.230599999999999,3.3565727402855723
2023-12-17,-374.05872121949767,0.9,1229.5970270564658,0.0,8.4,7.4033999999999995,3.518390916118141
2023-12-18,-131.78460616877612,2.4,1229.6767707170877,0.0,8.6,6.6582,3.5429034108885493
2023-12-19,-597.9277424349601,0.4,1229.7565143777097,0.0,6.550000000000001,5.265000000000001,3.5239296317749838
2023-12-20,-1262.2926216512753,2.5,1229.8362580383316,0.0,2.8,5.4054,3.5073409221468985
2023-12-21,-825.1151491881333,14.9,1229.9160016989536,0.0,4.6,10.233,3.5040055975402185
2023-12-22,-1906.805185312996,0.0,1229.9957453595755,0.0,1.8,7.9704,3.5272391024528194
2023-12-23,-1632.7103632542598,0.1,1230.0754890201974,0.0,1.45,6.1884,3.4825526827928845
2023-12-24,-646.990616272311,9.8,1230.1552326808194,0.0,6.4,5.8212,3.4577798599588387
2023-12-25,-1104.4767751323534,1.6,1230.2349763414416,0.0,5.35,8.7804,3.4474277616105558
2023-12-26,-1133.1974113866167,7.8,1230.3147200020635,0.0,3.5,6.6095999999999995,3.3924043042876875
2023-12-27,-1476.119702644692,7.3,1230.3944636626854,0.0,1.65,5.902200000000001,3.356719594875109
2023-12-28,-671.2180733375776,13.3,1230.4742073233074,0.0,6.8,7.792199999999999,3.348032849691082
2023-12-29,-932.3866986976461,2.2,1230.5539509839293,0.0,5.9,7.695,3.350673110613579
2023-12-30,-1179.7456361657462,0.0,1230.6336946445513,0.0,3.55,5.022,3.2633485124811674
2023-12-31,-679.0286999635025,8.799999999999999,1230.7134383051732,0.0,5.2,5.9346,3.2301938942237487
2024-01-01,-655.1647713160601,4.0,1232.7002321138427,0.0,4.4,4.428,3.193107620767895
2024-01-02,-896.8009989085713,5.6,1236.7599065182155,0.0,3.1,8.5374,3.169289538586649
2024-01-03,-1575.7802681869246,23.6,1240.8195809225886,0.0,-1.0,10.9026,3.1457107025394206
2024-01-04,-2380.6718234605332,1.8,1244.8792553269616,0.0,-4.15,5.0868,3.0802540848368407
2024-01-05,-2392.344244085296,0.0,1248.9389297313346,0.0,-6.0,5.0328,3.022182868715886
2024-01-06,-2439.422818919228,0.0,1252.9986041357076,0.0,-5.8,4.3308,3.009583101230982
2024-01-07,-2439.177666724763,0.0,1257.0582785400807,0.0,-5.65,3.5423999999999998,2.9549675466140264
2024-01-08,-2439.670294278801,0.0,1261.1179529444537,0.0,-6.35,2.3867999999999996,2.910974546984968
2024-01-09,-1709.2726350478977,0.0,1265.1776273488265,0.0,-2.7,2.3327999999999998,2.8948623709219734
2024-01-10,-1474.8591233823743,0.0,1269.2373017531995,0.0,-2.3499999999999996,2.5164,2.8950037110258435
2024-01-11,-1520.240515695697,0.0,1273.2969761575725,0.0,-2.6500000000000004,3.1266,2.8870973982205017
2024-01-12,-1510.5958397178408,0.0,1277.3566505619456,0.0,-1.2,3.4829999999999997,2.8854997120253745
2024-01-13,-907.6900030603467,0.9,1281.4163249663186,0.0,2.3,7.3278,2.849542067968388
2024-01-14,-1380.827188650389,0.39999999999999997,1285.4759993706916,0.0,0.95,5.956199999999999,3.049534286445044
2024-01-15,-2128.001897017043,0.2,1289.5356737750647,0.0,-3.8,4.1418,3.0377053388228843
2024-01-16,-2137.9321458040263,0.0,1293.5953481794377,0.0,-3.35,3.0834,3.005420035800855
2024-01-17,-1807.0317950156214,5.8999999999999995,1297.6550225838105,0.0,-0.8,4.746599999999999,3.0043519863083956
2024-01-18,-2007.140141052712,0.0,1301.7146969881835,0.0,-2.8499999999999996,4.427999999999999,2.983628009997373
2024-01-19,-1426.323392761797,6.0,1305.7743713925565,0.0,-0.65,5.437800000000001,2.946183084239048
2024-01-20,-607.0196509595154,8.4,1309.8340457969296,0.0,2.9,6.2208,3.0038771196817793
2024-01-21,-861.5801482136767,1.0,1313.8937202013026,0.0,1.5,7.5708,3.004111785283965
2024-01-22,-536.2051769503123,9.8,1317.9533946056756,0.0,5.949999999999999,10.0116,3.196462779774042
2024-01-23,-794.1755844668427,3.9,1322.0130690100486,0.0,4.4,7.397999999999999,3.3844271473796166
2024-01-24,-195.3265714675751,10.5,1326.0727434144217,0.0,7.25,10.0116,3.3368806262684068
2024-01-25,-795.5385687291213,0.0,1330.1324178187945,0.0,4.3,6.1668,2.819009505478335
2024-01-26,-463.0460259003426,11.8,1334.1920922231675,0.0,4.8,8.559000000000001,2.7798433607209825
2024-01-27,-657.6543947297482,0.0,1338.2517666275405,0.0,4.2,5.308199999999999,2.7388913231192293
2024-01-28,-1114.475923677308,0.0,1342.3114410319135,0.0,3.8499999999999996,5.211,2.656175196032561
2024-01-29,-769.8747929381252,0.0,1346.3711154362866,0.0,5.35,3.6882,2.5816235248339217
2024-01-30,-328.5480038760666,0.4,1350.4307898406596,0.0,6.15,5.0814,2.5379985101649845
2024-01-31,-947.5049194282124,4.9,1354.4904642450326,0.0,4.75,8.937,2.5293537616768136
2024-02-01,-1062.304318621323,0.30000000000000004,1356.1523131216093,0.0,4.15,8.91,2.7966627170525817
2024-02-02,-135.74103444699023,1.9,1355.2078299027553,0.0,7.4,8.2134,2.8532750704868652
2024-02-03,-649.9606553418423,0.0,1354.2633466839013,0.0,7.449999999999999,8.893799999999999,2.9773526935949604
2024-02-04,-541.9854125108525,6.1,1353.3188634650473,0.0,5.6,8.429400000000001,2.8115632699143394
2024-02-05,-874.5990488159184,17.4,1352.3743802461936,0.0,4.15,3.9798,2.8348996046114445
2024-02-06,-337.597927134059,20.900000000000002,1351.4298970273396,0.0,6.75,6.5502,2.5403427545381128
2024-02-07,-1551.2090338075107,3.8000000000000003,1350.4854138084856,0.0,0.9,5.3568,2.5313158042434973
2024-02-08,-1617.328703176381,0.0,1349.5409305896317,0.0,-0.15,3.5423999999999998,2.532066005684034
2024-02-09,-1206.3119862047579,9.4,1348.5964473707777,0.0,0.2,9.1098,2.515600298056305
2024-02-10,-1157.125561549701,1.9000000000000001,1347.6519641519237,0.0,0.9,7.317,2.5069742794799375
2024-02-11,-1063.5494946358963,1.8,1346.7074809330697,0.0,1.0,6.3233999999999995,2.4974161875553236
2024-02-12,-845.5556395507436,9.9,1345.7629977142158,0.0,1.15,3.0618,2.4857771530989687
2024-02-13,-704.4370023595686,1.1,1344.818514495362,0.0,3.05,3.8502,2.4830295394332755
2024-02-14,-396.11539187669166,0.7000000000000001,1343.874031276508,0.0,4.2,2.8080000000000003,2.471388588091035
2024-02-15,-10.410973553246663,3.0,1342.929548057654,0.0,7.05,3.4668,2.466168440584418
2024-02-16,-141.83147263756615,4.3,1341.9850648388,0.0,9.4,5.6754,2.432987219204997
2024-02-17,-1121.4154627450766,0.0,1341.0405816199461,0.0,4.3,2.7216,2.381675232964586
2024-02-18,-395.3737763931137,9.6,1340.0960984010921,0.0,5.550000000000001,5.059799999999999,2.325710542909272
2024-02-19,-674.2538116263495,0.1,1339.1516151822382,0.0,5.3,4.8168,2.29346221779988
2024-02-20,-673.7201543869655,0.0,1338.2071319633842,0.0,6.35,5.8212,2.254366462216332
2024-02-21,-416.5699384287429,4.0,1337.2626487445302,0.0,7.05,6.696,2.2696087340021815
2024-02-22,-194.5793044951182,1.8,1336.3181655256762,0.0,6.85,5.1138,2.2429176761286307
2024-02-23,-972.7940654215315,5.0,1335.3736823068225,0.0,4.85,9.471599999999999,2.4445669569793256
2024-02-24,-900.3494921072155,0.30000000000000004,1334.4291990879685,0.0,3.1500000000000004,3.4776,2.3970873930334884
2024-02-25,-947.3130607878584,0.7000000000000001,1333.4847158691146,0.0,3.0,3.7746000000000004,2.360958729901121
2024-02-26,-983.8003750600444,0.30000000000000004,1332.5402326502606,0.0,2.4,2.1762,2.3460694091720278
2024-02-27,-1157.6073415850983,0.0,1331.5957494314066,0.0,1.65,2.7378,2.368513477586202
2024-02-28,-831.3102913352119,0.5,1330.6512662125526,0.0,5.15,5.211,2.4112992051209967
2024-02-29,-557.4954954718019,4.6,1329.7067829936987,0.0,5.95,6.7284,2.3760194758199837
2024-03-01,-838.9293541526744,0.0,1327.7431034648962,0.0,5.6,5.265,2.3612758053260885
2024-03-02,-497.31190540646725,2.8,1324.6716018600625,0.0,5.45,3.7098,2.3313490669806836
2024-03-03,-424.49778179351586,2.0,1321.6001002552287,0.0,5.7,4.5360000000000005,2.3178409841536087
2024-03-04,-1083.3673230894356,0.0,1318.528598650395,0.0,3.9499999999999997,6.048,2.297349964000685
2024-03-05,-1372.4223031593185,0.1,1315.4570970455613,0.0,2.65,5.7348,2.2878116431957602
2024-03-06,-944.0405712903234,2.1,1312.3855954407277,0.0,3.1,4.1094,2.3275254780669563
2024-03-07,-1690.1723956851192,0.0,1309.314093835894,0.0,0.8999999999999999,2.3544,2.312092521812988
2024-03-08,-1739.2936283521362,0.0,1306.2425922310604,0.0,0.25,3.3048,2.298794233312065
2024-03-09,-1517.198846417587,0.0,1303.1710906262267,0.0,0.7,6.4692,2.295738028757123
2024-03-10,-1060.537615611624,1.9,1300.0995890213928,0.0,2.6500000000000004,7.414199999999999,2.3802150018609867
2024-03-11,-1199.3806988435608,0.0,1297.0280874165592,0.0,3.55,6.912,2.532802196629638
2024-03-12,-897.254113810141,0.0,1293.9565858117255,0.38002428743955763,3.0,3.132,2.520480628446273
2024-03-13,-499.27536449009943,0.0,1290.8850842068919,0.7585617689950388,7.75,5.0058,2.4932166457696496
2024-03-14,8.422618436193886,0.5,1287.8135826020582,0.7559143774588621,8.4,6.237,2.4423700103123043
2024-03-15,109.88838362609982,1.3,1284.7420809972245,1.5100049170129635,8.95,5.9994,2.4191478170963867
2024-03-16,-1140.8014059581267,0.8,1281.6705793923907,1.5123665029535491,5.85,6.885,2.5471121324221144
2024-03-17,-1788.0164347335394,0.0,1278.599077787557,3.0468544256370365,1.4,3.1428,2.5468282916872482
2024-03-18,-1120.799477963082,0.0,1275.5275761827234,1.5237149305856281,2.1500000000000004,5.7456,2.551258487131097
2024-03-19,-886.3164520054177,1.1,1272.4560745778897,2.2877342805830505,4.5,5.464799999999999,2.5649417693902112
2024-03-20,-315.11785918752474,1.5,1269.384572973056,3.8154646603394626,6.75,2.0574,2.5761385947913285
2024-03-21,-843.2989031624363,7.2,1266.3130713682224,4.575984667236525,6.15,3.6342,2.5632316534081205
2024-03-22,-721.4342429335347,3.6,1263.2415697633887,7.596071672451294,7.4,6.183,2.5077397720939194
2024-03-23,-1094.3023403361985,2.0,1260.1700681585548,9.116551957923487,4.449999999999999,5.6808000000000005,2.4954667504896193
2024-03-24,-888.5332165399639,2.3000000000000003,1257.0985665537212,9.097154344566649,4.55,2.9106,2.4720873531694334
2024-03-25,-1003.7798505733181,0.7000000000000001,1254.0270649488875,9.083776414614658,3.6,2.8026,2.4630378162438964
2024-03-26,-1214.3707457346673,0.0,1250.9555633440539,9.447657178822471,4.95,4.5954,2.4528848247315445
2024-03-27,-807.8157857999523,0.1,1247.8840617392202,14.023394560203869,6.75,4.239000000000001,2.5726443857477945
2024-03-28,-730.2576481053945,6.0,1244.8125601343866,16.028794598884012,5.95,3.7044,2.5768210470542567
2024-03-29,-787.4289717008284,4.5,1241.741058529553,19.831711264747195,6.0,4.6224,2.5630216163362465
2024-03-30,-466.54587660733733,0.5,1238.669556924719,11.791887598724948,7.95,4.994999999999999,2.54954113896234
2024-03-31,-424.8150299208239,2.0,1235.5980553198854,14.454358584846382,8.25,2.5271999999999997,2.532835598426416
2024-04-01,-356.85383925373213,8.9,1227.2540960791655,6.117177494267445,8.05,3.2346000000000004,2.6327188740446705
2024-04-02,-889.3932599164516,20.2,1213.179204625526,6.145180594048716,2.9,4.698,2.6846590548729976
2024-04-03,-1355.778236266187,0.8,1199.1043131718864,16.52654030735725,2.3499999999999996,4.131,2.6925864300447993
2024-04-04,-402.9234781849351,9.9,1185.0294217182468,7.298650226297885,6.7,4.9788,2.6869071925309163
2024-04-05,-442.25060687620424,11.9,1170.9545302646072,8.063240694796615,8.25,5.6160000000000005,2.6851389841505986
2024-04-06,87.92268274558461,2.1,1156.8796388109677,35.309700901964945,13.350000000000001,4.6008,2.670288173524513
2024-04-07,19.55425901464747,6.6,1142.804747357328,9.206309027724897,13.45,6.561,2.6466368143656807
2024-04-08,-326.33133334776426,0.6,1128.7298559036885,29.72824393667804,10.7,3.5262000000000002,2.5912279745070324
2024-04-09,-188.62110866351196,6.5,1114.654964450049,12.547195233946564,9.45,5.157,2.541033236488084
2024-04-10,-730.5442237591362,0.2,1100.5800729964094,28.179487179525715,7.9,8.3052,2.5588412195319794
2024-04-11,66.41158628679727,4.4,1086.5051815427698,25.89131231665355,10.399999999999999,7.5654,2.5369754007920826
2024-04-12,105.67844626449158,2.0,1072.4302900891303,17.49658728513065,10.7,5.4323999999999995,2.5271739862779894
2024-04-13,-249.54651115187409,0.8,1058.3553986354907,31.475269555950717,10.75,5.772599999999999,2.5092232468534137
2024-04-14,-1233.8667846707565,0.7,1044.2805071818511,66.80295718698423,7.8,8.0352,2.4954766506527255
2024-04-15,-1082.342055963162,1.7,1030.2056157282113,35.234742720876405,6.65,5.583600000000001,2.471982263372934
2024-04-16,-1467.3371302591972,0.2,1016.1307242745719,65.44025790754525,6.199999999999999,4.1364,2.4494048693799018
2024-04-17,-1613.753754692603,3.5,1002.0558328209323,62.94275560014418,4.35,2.0465999999999998,2.401538887621437
2024-04-18,-1507.0218105435831,2.1,987.9809413672928,58.74049593284536,5.050000000000001,2.5218,2.3776608207661027
2024-04-19,-1304.1914052462653,6.1000000000000005,973.9060499136532,15.05047037957006,3.9,5.2488,2.3713414678701974
2024-04-20,-1728.8429861698728,2.2,959.8311584600136,77.0825484902102,3.2,2.457,2.3825213668422265
2024-04-21,-1949.9857928644203,0.0,945.7562670063741,85.29647342913918,3.7,3.5423999999999998,2.348490237220693
2024-04-22,-2155.14694118531,0.0,931.6813755527344,50.03556748752115,2.25,3.5262000000000002,2.295759068710309
2024-04-23,-1415.992881105244,9.299999999999999,917.6064840990948,46.192045232738884,4.05,3.105,2.325136822249835
2024-04-24,-1446.479160694445,2.3,903.5315926454552,65.8535276161605,4.35,3.267,2.3749288447529686
2024-04-25,-1590.2340876462317,1.2,889.4567011918157,71.42331843419186,5.1,3.8394000000000004,2.3580856088554385
2024-04-26,-1325.801791568351,10.0,875.3818097381761,45.25050886364606,3.6500000000000004,3.699,2.3778670301093188
2024-04-27,-1190.9000708555131,10.1,861.3069182845366,54.00402973263196,7.449999999999999,3.0456,2.4229727880253864
2024-04-28,-456.5011885072939,1.1,847.232026830897,84.02947233180045,12.25,4.9193999999999996,2.38684968007569
2024-04-29,-751.5396017637192,0.1,833.1571353772574,108.47880620068838,9.7,4.8114,2.3405967553213785
2024-04-30,-389.9499474772365,0.0,819.0822439236177,84.32394332477361,11.7,5.6052,2.315046461604174
2024-05-01,-384.53103957880506,0.0,811.3154255996309,115.36594736472932,14.3,5.9994,2.2753849276046862
2024-05-02,-459.67279862866343,0.0,810.4052085035272,120.60891346269844,13.850000000000001,6.561,2.241180814374709
2024-05-03,-472.3800585861867,0.0,809.4949914074236,123.36981788677147,13.85,5.4378,2.2173074923423046
2024-05-04,-118.50519595911038,2.1,808.58477431132,45.710996148523996,12.6,2.4623999999999997,2.2226809465496733
2024-05-05,-546.6337949918873,8.2,807.6745572152163,32.03576753681223,10.3,3.4235999999999995,2.2500012152597204
2024-05-06,-510.92977217848573,0.9,806.7643401191127,50.39858787545246,9.8,3.456,2.275496012659338
2024-05-07,-1080.0876132642766,0.0,805.854123023009,78.94746325632377,9.600000000000001,3.5531999999999995,2.289089626298167
2024-05-08,-1120.4839662559386,0.0,804.9439059269055,107.75316825325723,11.3,2.8026,2.2959647952523397
2024-05-09,-810.4900160752593,0.30000000000000004,804.0336888308018,51.28866386013733,10.649999999999999,4.887,2.30947441642802
2024-05-10,-937.6092209311971,0.0,803.1234717346981,61.41956953716187,11.05,3.861,2.3160007394809563
2024-05-11,-1219.1007853785031,0.0,802.2132546385945,141.7068703820069,11.45,1.7711999999999999,2.323745506719651
2024-05-12,-1299.6804681260069,0.0,801.3030375424909,151.14430196450138,11.899999999999999,3.9312000000000005,2.330156722169419
2024-05-13,-1315.1350917627528,0.0,800.3928204463873,158.14048901382154,12.350000000000001,5.054399999999999,2.3266943943146026
2024-05-14,-1033.619296335035,0.0,799.4826033502836,162.73825976591655,14.45,5.3406,2.301685216070739
2024-05-15,-850.3542135073282,0.0,798.57238625418,161.09425111357677,15.55,5.9346,2.2902662732210235
2024-05-16,-995.7561462182432,0.0,797.6621691580764,156.73315569969378,15.05,6.5394,2.274792913475932
2024-05-17,-1041.6990917312996,0.0,796.7519520619727,165.83111204141517,15.0,5.5998,2.2530268862290868
2024-05-18,-1033.2511542146945,0.0,795.8417349658691,168.4811271868548,15.4,3.537,2.2533546986356514
2024-05-19,-880.1566408846022,0.0,794.9315178697655,168.31630470998505,16.95,2.5002,2.2671515905446284
2024-05-20,-1004.650532084393,0.0,794.0213007736618,164.74485477287973,17.35,3.645,2.2785608840342704
2024-05-21,-987.1981552001779,0.0,793.1110836775582,165.88823988560625,17.05,5.7294,2.2820289093920803
2024-05-22,-826.6407303118038,0.0,792.2008665814545,159.90143898854384,17.4,6.5934,2.269859756804703
2024-05-23,-467.1894990729576,5.9,791.2906494853509,51.815675162873575,15.0,3.4452,2.253835432706688
2024-05-24,-965.4153826119018,0.2,790.3804323892473,133.73254761011296,14.45,2.2788,2.3135882660497016
2024-05-25,-942.9584773810079,0.0,789.4702152931436,110.40497775637567,16.25,2.6352,2.3449208899361222
2024-05-26,-575.9060510800941,8.8,788.55999819704,122.27387050488576,16.6,3.1644,2.378408833809289
2024-05-27,-899.9500536510127,0.30000000000000004,787.6497811009364,170.36212813275628,16.75,3.8124000000000002,2.3936106689624217
2024-05-28,-1060.3637827170073,21.099999999999998,786.7395640048327,35.95400169486449,12.05,3.2291999999999996,2.442732858409374
2024-05-29,-864.7165392108993,11.0,785.8293469087291,81.10449626119386,14.3,5.2379999999999995,2.4562906931618955
2024-05-30,-1141.7478005464359,1.0,784.9191298126254,174.26142275042986,15.0,3.1428000000000003,2.463724731104922
2024-05-31,-427.0952441202275,7.9,784.0089127165219,65.58407877344911,16.2,3.5856000000000003,2.473921294670532
2024-06-01,-589.3331925642508,1.0,781.6678544260969,130.4396933943276,18.3,3.0618,2.4806786121141267
2024-06-02,-1145.0008109433873,0.4,777.7715339679316,183.65665527933226,16.15,3.861,2.4641342265808666
2024-06-03,-1340.6674483119546,0.4,773.8752135097664,131.63074597407189,14.1,6.642,2.425993582154519
2024-06-04,-1260.456469689236,1.3,769.978893051601,76.06877488602836,14.45,4.8384,2.411645514951481
2024-06-05,-1591.088139815608,8.2,766.0825725934357,115.10093241918958,12.399999999999999,7.0146,2.420200026154603
2024-06-06,-2032.2322263777644,2.3,762.1862521352704,170.34613306695994,11.399999999999999,4.859999999999999,2.398170106079145
2024-06-07,-1852.4401787756158,3.9000000000000004,758.289931677105,108.47122984642007,10.899999999999999,4.050000000000001,2.392874182466241
2024-06-08,-1363.414858580145,15.4,754.3936112189397,60.84478572790793,10.649999999999999,5.0868,2.433593899543613
2024-06-09,-1832.417382731903,2.9,750.4972907607743,171.47708316345785,10.4,7.036199999999999,2.453770088831237
2024-06-10,-1642.8858503059478,0.5,746.600970302609,142.91932817028663,11.95,5.8968,2.4164809527885085
2024-06-11,-1240.6199043561048,1.2,742.7046498444437,77.37274094530773,12.35,4.627800000000001,2.4157695063471984
2024-06-12,-1678.348666427194,1.8,738.8083293862784,119.6899921884882,10.7,5.886,2.436287312712185
2024-06-13,-1734.917643384042,2.0,734.912008928113,133.28616819159697,10.9,4.433400000000001,2.4236320955987884
2024-06-14,-836.9312132408152,2.5,731.0156884699477,62.78702078326785,13.8,4.687199999999999,2.4491518682283036
2024-06-15,-884.2929726857963,17.6,727.1193680117824,67.41290551872883,13.649999999999999,5.740200000000001,2.4714541869273177
2024-06-16,-952.4383592886379,3.5,723.223047553617,142.10130204089816,14.25,4.865399999999999,2.481130918414852
2024-06-17,-1040.692312056035,5.5,719.3267270954517,173.67592149027408,14.25,3.2615999999999996,2.4782953396758707
2024-06-18,-1289.7929088594842,0.1,715.4304066372864,174.34233448112306,13.75,4.8438,2.4719565922392457
2024-06-19,-1455.980709551988,0.30000000000000004,711.534086179121,166.72548664673712,12.35,6.2585999999999995,2.4560550316030323
2024-06-20,-1528.1933766748411,0.0,707.6377657209557,176.66809442558497,13.649999999999999,4.4712,2.4212135811417568
2024-06-21,-1353.1796359534005,20.3,703.7414452627904,155.95202610641536,14.100000000000001,2.1708,2.4272814120003163
2024-06-22,-678.1753611121961,7.6000000000000005,699.8451248046251,83.40222874402161,14.0,5.2758,2.459010611067618
2024-06-23,-977.4046029351897,0.0,695.9488043464597,166.02857595179466,15.25,4.557599999999999,2.4735847670753577
2024-06-24,-1300.5468005125424,0.0,692.0524838882944,187.848062106654,15.4,2.9916,2.46539695025988
2024-06-25,-1173.3828327031704,0.0,688.156163430129,201.35287729012828,17.7,2.2356,2.4561628799223234
2024-06-26,-902.3747768703029,0.0,684.2598429719637,199.73771795682052,18.95,2.4299999999999997,2.4478084233471837
2024-06-27,-413.838284098864,1.9,680.3635225137984,133.77079393896304,20.55,3.8826,2.4400105971550086
2024-06-28,-948.5701560426199,2.2,676.467202055633,79.06928954335146,17.200000000000003,4.9788,2.4604110555058747
2024-06-29,-1373.234218432307,0.0,672.5708815974677,131.6348711375923,16.15,3.8340000000000005,2.438953240778827
2024-06-30,-827.9404135071212,6.4,668.6745611393025,69.87604891773123,14.55,3.4181999999999997,2.5010433336273854
2024-07-01,-1492.9445874524895,0.7999999999999999,665.9415487178411,167.24253804061956,14.35,4.552199999999999,2.5405338709571375
2024-07-02,-1260.2012718714218,0.6000000000000001,664.4730015536666,76.31871347674186,13.7,6.3774,2.547345681906614
2024-07-03,-1584.6304431728101,0.8,663.0044543894921,124.46561839654797,13.25,5.7348,2.5486494507924515
2024-07-04,-1379.212386136461,5.8,661.5359072253177,73.8820956855067,12.149999999999999,6.1722,2.5574104760058414
2024-07-05,-1598.067906073293,2.6,660.0673600611433,160.05234242139852,13.45,6.75,2.5242937228231472
2024-07-06,-625.5944107829864,13.5,658.5988128969689,61.989826728467335,14.45,5.9616,2.50706333436527
2024-07-07,-1394.9090389003566,2.2,657.1302657327943,180.94306477516628,14.350000000000001,7.4034,2.46064491764879
2024-07-08,-1236.4774044796745,3.9000000000000004,655.6617185686199,67.73646774381902,13.2,4.0068,2.454688184640406
2024-07-09,-786.423520857757,0.5,654.1931714044455,87.56619215803663,15.8,3.7746000000000004,2.485907647984929
2024-07-10,5.6738960833404235,1.3,652.724624240271,88.79849707698193,18.95,4.681800000000001,2.504294699748155
2024-07-11,-675.6792145289055,1.0,651.2560770760966,174.11022645101338,17.25,3.1104,2.5170308308729448
2024-07-12,-925.8518799030148,2.0,649.7875299119221,87.55145959957633,16.2,3.1698,2.5310952900337798
2024-07-13,-472.17525226630704,12.5,648.3189827477477,38.11348704708887,15.5,3.2994,2.5679558621647627
2024-07-14,-966.0574538449296,2.0,646.8504355835732,114.89028087536532,15.05,5.4,2.624575917132799
2024-07-15,-803.8898279732277,10.6,645.3818884193988,101.11278229109394,15.850000000000001,5.292,2.6121359620660876
2024-07-16,-564.5037874556419,8.700000000000001,643.9133412552244,127.79242957833931,16.8,2.9753999999999996,2.628021094457625
2024-07-17,-934.3642586226949,1.4,642.4447940910499,149.41132280068229,16.4,3.0618,2.6465695153996895
2024-07-18,-1031.6175815511506,0.2,640.9762469268754,174.4116426611854,16.1,5.4432,2.6180161475872286
2024-07-19,-1179.0988785493807,0.0,639.507699762701,167.6925092449319,17.049999999999997,2.052,2.5970975370748803
2024-07-20,-1126.23773407295,0.0,638.0391525985266,175.575095671478,18.549999999999997,2.5488,2.5837765001313056
2024-07-21,-678.3380598443248,1.0,636.5706054343522,143.84843815337322,20.35,4.4658,2.5674802372895513
2024-07-22,-835.4867785538356,12.9,635.1020582701776,38.243951210363875,17.25,4.428,2.581012416471843
2024-07-23,-808.7021514316273,5.4,633.6335111060032,73.51056911175505,15.850000000000001,2.4408,2.6337159678674986
2024-07-24,-1374.2161138643046,0.0,632.1649639418288,128.4737810473535,15.9,5.9076,2.6437646519067846
2024-07-25,-1229.9662862889563,0.0,630.6964167776543,60.85061391227942,16.45,3.2994,2.6119365095517963
2024-07-26,-469.30502447316775,20.3,629.2278696134799,64.81081672516859,16.8,4.9032,2.6633048111568973
2024-07-27,-1455.2894641041587,0.2,627.7593224493054,150.91445453960202,16.0,2.8890000000000002,2.6822812794052373
2024-07-28,-1495.994662610788,0.0,626.290775285131,155.42704727783433,15.899999999999999,6.010199999999999,2.6371519397749976
2024-07-29,-1266.267794810768,0.0,624.8222281209565,152.6417095316894,16.35,4.8384,2.575452289739996
2024-07-30,-1473.4247941117708,0.0,623.3536809567821,133.17337653310406,16.55,2.3976,2.581907781025719
2024-07-31,-1637.6015347757914,0.0,621.8851337926077,122.08812279513893,15.7,4.1418,2.5871746775331594
2024-08-01,-1635.6590321454157,0.0,621.8233033666858,139.3893740312455,15.3,2.7054,2.582563212998438
2024-08-02,-994.7202235518712,0.0,623.2905128736469,132.7021857243194,16.95,3.7043999999999997,2.6023872386837055
2024-08-03,-811.8654873616128,0.8,624.7577223806081,92.3900828249175,17.950000000000003,2.3219999999999996,2.6450558551254195
2024-08-04,-1232.9864931479756,1.8,626.2249318875694,99.038650759943,16.15,3.5208000000000004,2.690972669207829
2024-08-05,-1248.9369004135974,0.0,627.6921413945306,116.16714123389877,17.35,2.8890000000000002,2.6974907148210905
2024-08-06,-1025.8883530864182,0.1,629.1593509014918,126.65451630735913,18.6,3.5747999999999998,2.715823176077542
2024-08-07,-734.7795704565322,20.2,630.6265604084531,61.91381714198956,18.5,3.2184,2.7364014719220346
2024-08-08,-1325.2407904398633,0.5,632.0937699154143,83.33742693701423,16.450000000000003,3.4938,2.778893532068764
2024-08-09,-733.1136606539969,14.8,633.5609794223755,42.15293124438057,16.450000000000003,6.912,2.772029839525243
2024-08-10,-1389.6405778605163,0.30000000000000004,635.0281889293367,100.1321258946147,16.55,6.8633999999999995,2.7367270998024606
2024-08-11,-1143.7566092533752,0.1,636.4953984362979,110.98592975134312,15.55,5.2542,2.6844773317695294
2024-08-12,-1571.135943777027,0.0,637.9626079432592,117.43821839353217,15.2,2.8836,2.6666437764294812
2024-08-13,-968.3651149282207,0.0,639.4298174502204,92.15255287353835,18.15,5.3514,2.667230750810753
2024-08-14,-167.52977317246837,3.5,640.8970269571817,48.77961932255346,19.0,2.9808,2.6854154340405634
2024-08-15,-462.9550179383274,0.1,642.3642364641429,45.16543228762734,18.950000000000003,3.51,2.7609045243998027
2024-08-16,-881.0885062927861,5.3,643.8314459711041,36.80785794283247,17.25,2.6568,2.8028729989899333
2024-08-17,-1470.8799905366914,0.30000000000000004,645.2986554780653,94.91248482636892,15.25,2.808,2.822259361236169
2024-08-18,-1400.7353243723383,0.2,646.7658649850265,62.66330141773485,15.45,3.3102,2.8219633639528867
2024-08-19,-1467.8881040611643,0.0,648.2330744919877,91.80043828240022,14.8,2.7809999999999997,2.8223332544848576
2024-08-20,-925.4278095645739,0.2,649.700283998949,66.95509832641892,18.45,4.687200000000001,2.8032394184092224
2024-08-21,-1509.6086524666216,10.5,651.1674935059102,40.88419161554896,15.399999999999999,4.941,2.7915607163764786
2024-08-22,-837.9012130848201,3.7,652.6347030128715,14.678350593608503,16.45,5.6538,2.8139618256842054
2024-08-23,-408.90616300557434,5.4,654.1019125198327,26.833203406606707,16.5,7.6788,2.863432886432949
2024-08-24,-449.8715780130849,9.1,655.5691220267939,36.761043216458624,17.65,4.309199999999999,2.820424891124585
2024-08-25,-1358.7735522885189,1.2,657.0363315337551,57.32433309804955,14.7,4.935600000000001,2.855455947638795
2024-08-26,-1020.7671154145944,1.0,658.5035410407163,54.924109486089236,15.25,6.2532,2.805387604698084
2024-08-27,-774.9729142678486,0.0,659.9707505476775,68.79937434596067,16.7,3.4938000000000002,2.7842204285707153
2024-08-28,-824.0943876261586,0.0,661.4379600546388,68.74557211012004,18.049999999999997,4.287599999999999,2.776945905059873
2024-08-29,-272.98777784749103,6.5,662.9051695616,42.8374355428372,19.4,4.0608,2.7581636796351
2024-08-30,-1342.4055270543533,0.0,664.3723790685613,60.63247472197258,14.0,3.3264,2.767160856509855
2024-08-31,-1694.2660075978476,0.0,665.8395885755225,52.89504278596986,13.2,2.7215999999999996,2.7683315377252193
2024-09-01,-1481.0357626839964,0.0,663.6109215086487,45.999627650779715,13.45,2.4462,2.7873474414313186
2024-09-02,-1104.3779433135144,0.0,657.3649972963022,47.660002279216286,15.950000000000001,3.7152000000000003,2.8200535740335146
2024-09-03,-238.26101835423788,4.6,651.1190730839558,46.49667433792485,19.0,4.4712,2.821709874444795
2024-09-04,-62.277606200480136,0.30000000000000004,644.8731488716094,32.59292690163525,20.200000000000003,2.6352,2.8605694692955854
2024-09-05,-629.832361642724,0.0,638.6272246592629,43.917549772321976,20.5,5.507999999999999,2.8844248873338296
2024-09-06,-699.4300295512562,0.0,632.3813004469164,39.999730193212876,19.950000000000003,5.372999999999999,2.862226257825024
2024-09-07,-608.2257102342799,0.0,626.1353762345699,29.50451393474577,19.0,3.9906000000000006,2.8665425250927536
2024-09-08,-307.75616787353374,0.0,619.8894520222235,29.973992762908313,20.1,3.5046,2.895683427058393
2024-09-09,-497.4487328740686,8.0,613.643527809877,6.245864114150203,16.4,3.9042000000000003,3.000859934661732
2024-09-10,-1310.6073409012968,7.6,607.3976035975305,9.355789889673751,13.2,6.328799999999999,3.038927234735736
2024-09-11,-2013.932884539202,1.9000000000000001,601.151679385184,27.786225506993517,10.95,3.9744,3.013911943178046
2024-09-12,-1929.9118357426023,3.9000000000000004,594.9057551728375,23.888433012742755,9.55,2.6567999999999996,3.0252661344746423
2024-09-13,-2072.587446825173,0.0,588.6598309604911,25.468876840380453,9.600000000000001,3.8718000000000004,2.9942633002536994
2024-09-14,-1867.6292800376953,0.0,582.4139067481447,22.68989434368628,10.6,3.8772,2.994557492585435
2024-09-15,-1522.4777777243385,0.0,576.1679825357982,14.099064911474015,12.75,2.052,3.035848413563529
2024-09-16,-983.6058968073012,0.5,569.9220583234517,16.887333864435416,13.45,2.2086,3.0969449346792035
2024-09-17,-1444.624353111812,0.0,563.6761341111053,8.659016819655712,12.0,2.1708,3.1575447448404974
2024-09-18,-1222.0461658676,0.0,557.4302098987588,9.072641354201316,13.5,2.484,3.1996106987484585
2024-09-19,-1361.3739651537844,0.0,551.1842856864123,14.223134399835322,13.600000000000001,2.7756,3.2192618893516673
2024-09-20,-1193.1861730934597,0.0,544.9383614740658,7.903801764867283,13.899999999999999,2.6243999999999996,3.2318830074333795
2024-09-21,-1189.923012603247,0.0,538.6924372617194,11.07559500735721,13.5,2.5542,3.249365171551557
2024-09-22,-1370.8403353647807,0.0,532.4465130493729,9.898338187586821,13.8,2.6513999999999998,3.2540037532202417
2024-09-23,-1227.1599768767217,0.5,526.2005888370264,5.146089585401887,15.149999999999999,2.5974,3.2800433705172756
2024-09-24,-963.8815599932957,0.6000000000000001,519.9546646246799,5.156819288219809,14.149999999999999,3.3966000000000003,3.3304220841837173
2024-09-25,-1533.9608955017486,0.9,513.7087404123334,6.328612877148863,12.8,6.2748,3.2361492108918606
2024-09-26,-1255.702010957156,13.2,507.462816199987,4.743942403067701,12.05,3.6719999999999997,3.2780384756227994
2024-09-27,-1449.3075730129121,21.099999999999998,501.21689198764057,2.3829058843059596,10.850000000000001,3.2561999999999998,3.402853080378926
2024-09-28,-2125.4593585401108,0.7000000000000001,494.97096777529407,5.184847031368766,8.2,6.199199999999999,3.4451612238743876
2024-09-29,-2000.8554775476582,0.0,488.72504356294763,3.1725513720509313,9.85,3.1374,3.405157519381021
2024-09-30,-1824.5442716769544,0.0,482.47911935060114,3.1849620591422227,11.45,7.576199999999999,3.391061161766158
2024-10-01,-1593.563726901512,0.0,482.9799262500765,3.1729353663192708,11.3,8.046000000000001,3.3124281115478427
2024-10-02,-1972.31516090485,0.0,490.8141365319669,2.377901555631894,8.85,5.000400000000001,3.305576057103433
2024-10-03,-1822.5995583875842,0.0,498.6483468138573,2.378113575854211,7.699999999999999,3.0995999999999997,3.3041863447010424
2024-10-04,-1858.123241337508,0.0,506.48255709574767,1.585820255893501,8.1,1.8738000000000001,3.327507223463877
2024-10-05,-1469.797440250801,0.0,514.316767377638,0.7921907410419844,9.149999999999999,1.9116,3.3188980255221594
2024-10-06,-1641.0396849686263,0.0,522.1509776595284,0.7938742485871393,8.75,3.1698,3.3362355994169905
2024-10-07,-958.2989337044146,4.0,529.9851879414188,0.7926623285397514,10.4,5.1137999999999995,3.3291623607142364
2024-10-08,-620.9666569616189,12.2,537.8193982233092,0.3970130792315717,12.5,3.7422,3.404054496715091
2024-10-09,-776.596941396358,1.3,545.6536085051996,0.39841121110228195,11.6,3.4128,3.4646471379505543
2024-10-10,-1149.4562025305227,1.3,553.48781878709,0.0,10.45,7.5276,3.506452160715878
2024-10-11,-1699.7272538672114,1.1,561.3220290689803,0.40012377132183036,7.95,5.7402,3.583994149349577
2024-10-12,-1597.8673617129436,0.0,569.1562393508707,0.0,9.8,6.3558,3.594102945712237
2024-10-13,-1421.4935502522899,6.0,576.9904496327612,0.0,8.649999999999999,3.4236,3.6142852128527987
2024-10-14,-1652.75569008589,0.0,584.8246599146515,0.0,7.75,4.4117999999999995,3.5999477677465306
2024-10-15,-1957.472438909883,0.0,592.6588701965419,0.0,6.4,2.4137999999999997,3.5782041067376995
2024-10-16,-1508.194533820793,0.0,600.4930804784323,0.0,9.8,8.1486,3.5906857280057918
2024-10-17,-901.8171821613308,1.7,608.3272907603226,0.0,11.4,6.6366,3.6564379074791544
2024-10-18,-5.3671172966639915,0.1,616.1615010422131,0.0,13.1,2.4678,3.6932320096347677
2024-10-19,-511.05355234136294,1.4,623.9957113241035,0.0,11.850000000000001,3.3372,3.7218731291536513
2024-10-20,-286.45104685402265,1.8,631.8299216059938,0.0,13.65,6.199199999999999,3.7633363804765505
2024-10-21,-441.42728046607255,0.30000000000000004,639.6641318878842,0.0,13.7,7.5438,3.870897705266188
2024-10-22,-1117.1117599144857,1.6,647.4983421697746,0.0,10.9,5.1462,3.873850087252957
2024-10-23,-1219.5343118326875,0.0,655.3325524516649,0.0,9.7,4.0878,3.8497661144882
2024-10-24,-1185.559439497677,0.0,663.1667627335554,0.0,9.350000000000001,4.2066,3.837466610471192
2024-10-25,-759.4743966920132,0.0,671.0009730154458,0.0,10.3,3.6396,3.8506496746361387
2024-10-26,-436.2825174935896,0.30000000000000004,678.8351832973361,0.0,11.2,2.8998,3.876460875095524
2024-10-27,-645.3071301360595,4.2,686.6693935792265,0.0,11.2,4.4496,3.9046300555404834
2024-10-28,-712.6746412489299,2.3000000000000003,694.5036038611169,0.0,9.899999999999999,3.8232,3.9738001381875145
2024-10-29,-349.22286260326973,0.0,702.3378141430073,0.0,11.850000000000001,3.3426,4.034566486667772
2024-10-30,-1219.834514952653,0.0,710.1720244248977,0.0,10.100000000000001,6.2964,4.098274593811606
2024-10-31,-713.7387394978441,0.0,718.0062347067881,0.0,11.7,8.0028,4.158049904032759
2024-11-01,-619.2067100745376,0.5,726.8869064704568,0.0,11.75,7.959599999999998,4.2852177033336245
2024-11-02,-2074.7086731630993,0.0,736.905036366493,0.0,4.95,2.457,4.302053739338916
2024-11-03,-751.4303179062058,0.2,746.9231662625294,0.0,9.55,6.598800000000001,4.274744865569381
2024-11-04,-654.7081201296978,0.30000000000000004,756.9412961585658,0.0,10.05,2.2086,4.287799681891741
2024-11-05,-1054.0153067840895,0.0,766.9594260546022,0.0,8.9,1.6578,4.328339884781286
2024-11-06,-1110.2751423871164,0.0,776.9775559506385,0.0,7.45,2.052,4.364782085747546
2024-11-07,-818.7211259463953,0.0,786.9956858466749,0.0,9.2,1.9656000000000002,4.396886281713661
2024-11-08,-1037.8191090884834,0.0,797.0138157427112,0.0,8.4,3.5153999999999996,4.438214951386786
2024-11-09,-1273.199599512167,0.1,807.0319456387476,0.0,6.2,4.1472,4.478964019585256
2024-11-10,-1201.4328053380652,1.3,817.050075534784,0.0,5.75,2.5434,4.533110199293687
2024-11-11,-1058.4805161509603,1.8,827.0682054308203,0.0,6.9,1.8954,4.592829305298427
2024-11-12,-1684.7761683925316,0.0,837.0863353268567,0.0,5.2,2.0789999999999997,4.626101782898189
2024-11-13,-1107.6509711715728,0.0,847.104465222893,0.0,8.149999999999999,4.131,4.621970079196988
2024-11-14,-1501.533465328471,0.0,857.1225951189294,0.0,6.35,4.5306,4.60838296590684
2024-11-15,-754.767585195834,0.0,867.1407250149658,0.0,9.75,6.2585999999999995,4.5947087626510195
2024-11-16,-769.5327100248312,0.9,877.1588549110022,0.0,9.350000000000001,5.7456,4.651926077388168
2024-11-17,-1796.5233152832031,1.1,887.1769848070385,0.0,5.15,5.967,4.66489865068146
2024-11-18,-2034.1619106276466,0.0,897.1951147030749,0.0,2.35,4.59,4.605551662015997
2024-11-19,-2199.6406985683693,0.0,907.2132445991112,0.0,0.2,1.7333999999999998,4.536081393473902
2024-11-20,-2524.000138702091,0.2,917.2313744951476,0.0,-2.2,2.5542,4.521650623593368
2024-11-21,-2732.5989775581957,0.0,927.2495043911839,0.0,-2.75,1.5552000000000001,4.497166817752397
2024-11-22,-2698.671260226215,0.8,937.2676342872203,0.0,-2.9000000000000004,2.5380000000000003,4.471804399847898
2024-11-23,-2009.52077780676,6.3,947.2857641832567,0.0,1.05,4.7628,4.472241659006215
2024-11-24,-496.4119164164012,10.4,957.3038940792931,0.0,9.75,9.012599999999999,4.424245803579033
2024-11-25,-124.89692069638284,3.6,967.3220239753294,0.0,11.4,8.667,4.5925646915008205
2024-11-26,-1018.069269165101,0.0,977.3401538713657,0.0,7.4,7.074,4.5968733385059375
2024-11-27,-1511.699378135816,4.5,987.3582837674021,0.0,4.550000000000001,3.7962000000000002,4.543575271746166
2024-11-28,-1635.2644996514477,3.5,997.3764136634385,0.0,4.4,5.9022,4.496646742688652
2024-11-29,-1706.8804557896408,0.0,1007.3945435594749,0.0,3.35,4.2822,4.475818284572155
2024-11-30,-1785.0961013334286,0.0,1017.4126734555111,0.0,3.0,5.0976,4.467800403200329
2024-12-01,-1302.884403056566,0.0,1022.6304494430301,0.0,5.1,4.5468,4.46349344111473
2024-12-02,-672.2700644306863,0.5,1022.6304494430301,0.0,7.8,5.5188,4.48264774422893
2024-12-03,-1426.9270188276184,0.30000000000000004,1022.6304494430301,0.0,3.3499999999999996,5.3946000000000005,4.51304052412706
2024-12-04,-1260.778453626112,3.0,1022.6304494430301,0.0,2.7,3.6936,4.553389777411568
2024-12-05,-1190.5374517599485,4.6,1022.6304494430301,0.0,3.1500000000000004,7.3116,4.5845720816435165
2024-12-06,-1077.3875791764344,4.4,1022.6304494430301,0.0,3.6,3.348,4.551577310098784
2024-12-07,-1046.7053952735541,5.9,1022.6304494430301,0.0,4.05,5.3838,4.608497950680839
2024-12-08,-996.0959807544924,4.0,1022.6304494430301,0.0,4.75,5.3352,4.653999329412298
2024-12-09,-1790.7666455264625,0.0,1022.6304494430301,0.0,2.75,6.3774,4.663983498219096
2024-12-10,-1954.2760654455817,0.0,1022.6304494430301,0.0,0.1,1.9332000000000003,4.646514847511385
2024-12-11,-1238.6714977123847,0.0,1022.6304494430301,0.0,2.6500000000000004,2.7270000000000003,4.679678693872249
2024-12-12,-1639.3620831685032,0.0,1022.6304494430301,0.0,1.5,1.2473999999999998,4.721822942081685
2024-12-13,-1640.7055501201423,0.0,1022.6304494430301,0.0,1.4,3.8178,4.756299945592569
2024-12-14,-1122.416397738285,0.30000000000000004,1022.6304494430301,0.0,2.85,5.1786,4.767340286262878
2024-12-15,-552.6790056069883,1.3,1022.6304494430301,0.0,6.15,6.274800000000001,4.773734041773091
2024-12-16,-291.38562359716406,3.1,1022.6304494430301,0.0,9.05,8.953199999999999,4.943225576077361
2024-12-17,-611.5080644916177,1.0,1022.6304494430301,0.0,8.05,5.3082,4.915686227577474
2024-12-18,-284.7209018637849,5.5,1022.6304494430301,0.0,7.949999999999999,8.3808,4.86921237175813
2024-12-19,-861.852659730202,6.1,1022.6304494430301,0.0,5.4,5.567400000000001,4.884614214237079
2024-12-20,-1472.8913649160068,0.0,1022.6304494430301,0.0,4.65,6.8634,4.782705696564329
2024-12-21,-836.9208207146382,5.3,1022.6304494430301,0.0,6.15,7.0686,4.704594792245864
2024-12-22,-1395.1930090167336,3.6,1022.6304494430301,0.0,3.45,4.8276,4.650913460066645
2024-12-23,-1304.070176273276,3.3,1022.6304494430301,0.0,4.1,6.1074,4.594011920459463
2024-12-24,-1081.8336568953969,1.2000000000000002,1022.6304494430301,0.0,3.3,3.8231999999999995,4.564418985878019
2024-12-25,-248.06498061191894,0.0,1022.6304494430301,0.0,8.149999999999999,4.3686,4.5792802030816535
2024-12-26,-616.0120309605073,2.0,1022.6304494430301,0.0,6.9,3.5856,4.605061924442773
2024-12-27,-665.7304934692011,5.1,1022.6304494430301,0.0,5.8,2.5434,4.649837855136842
2024-12-28,-911.2134447881037,0.0,1022.6304494430301,0.0,4.8,3.5154,4.706163777732685
2024-12-29,-571.9657815495787,0.30000000000000004,1022.6304494430301,0.0,7.45,6.615,4.7192240889723625
2024-12-30,-222.4420468457834,8.5,1022.6304494430301,0.0,8.350000000000001,8.4618,4.631870690941114
2024-12-31,-577.1000715055233,8.5,1022.6304494430301,0.0,6.5,6.8796,4.636282318022272
