ObservationsStedNr;ObservationsStedNavn;Startdato;Startklok;UndersøgelseNr;TekniskAnvisninganvendt;MålingNr;Parameter;Enhed;Resultat;ResultatAttribut;Kontrol;Kvalitet;Kvalitetsnote
"21000665";"Knud Å, Bens. Møllevad Bro";"19890110";"1200";"1";"True";"1";"Temperatur";"grader C";"4";"=";"D, FDC faglig kontrol";"Godkendt";""
"21000665";"Knud Å, Bens. Møllevad Bro";"19890207";"1200";"1";"True";"1";"Temperatur";"grader C";"4,5";"=";"D, FDC faglig kontrol";"Godkendt";""
"21000665";"Knud Å, Bens. Møllevad Bro";"19890308";"1200";"1";"True";"1";"Temperatur";"grader C";"4,6";"=";"D, FDC faglig kontrol";"Godkendt";""
"21000665";"Knud Å, Bens. Møllevad Bro";"19890411";"1200";"1";"True";"1";"Temperatur";"grader C";"5,6";"=";"D, FDC faglig kontrol";"Godkendt";""
"21000665";"Knud Å, Bens. Møllevad Bro";"19890426";"1200";"1";"True";"1";"Temperatur";"grader C";"7,4";"=";"D, FDC faglig kontrol";"Godkendt";""
"21000665";"Knud Å, Bens. Møllevad Bro";"19890530";"1200";"1";"True";"1";"Temperatur";"grader C";"15,5";"=";"D, FDC faglig kontrol";"Godkendt";""
"21000665";"Knud Å, Bens. Møllevad Bro";"19890614";"1200";"1";"True";"1";"Temperatur";"grader C";"20,6";"=";"D, FDC faglig kontrol";"Godkendt";""
"21000665";"Knud Å, Bens. Møllevad Bro";"19890627";"1200";"1";"True";"1";"Temperatur";"grader C";"20,8";"=";"D, FDC faglig kontrol";"Godkendt";""
"21000665";"Knud Å, Bens. Møllevad Bro";"19890712";"1200";"1";"True";"1";"Temperatur";"grader C";"19,5";"=";"D, FDC faglig kontrol";"Godkendt";""
"21000665";"Knud Å, Bens. Møllevad Bro";"19890725";"1200";"1";"True";"1";"Temperatur";"grader C";"20";"=";"D, FDC faglig kontrol";"Godkendt";""
"21000665";"Knud Å, Bens. Møllevad Bro";"19890808";"1200";"1";"True";"1";"Temperatur";"grader C";"17,8";"=";"D, FDC faglig kontrol";"Godkendt";""
"21000665";"Knud Å, Bens. Møllevad Bro";"19890823";"1200";"1";"True";"1";"Temperatur";"grader C";"17,4";"=";"D, FDC faglig kontrol";"Godkendt";""
"21000665";"Knud Å, Bens. Møllevad Bro";"19890907";"1200";"1";"True";"1";"Temperatur";"grader C";"16,6";"=";"D, FDC faglig kontrol";"Godkendt";""
"21000665";"Knud Å, Bens. Møllevad Bro";"19890919";"1200";"1";"True";"1";"Temperatur";"grader C";"16,4";"=";"D, FDC faglig kontrol";"Godkendt";""
"21000665";"Knud Å, Bens. Møllevad Bro";"19891011";"1200";"1";"True";"1";"Temperatur";"grader C";"12,2";"=";"D, FDC faglig kontrol";"Godkendt";""
"21000665";"Knud Å, Bens. Møllevad Bro";"19891018";"1200";"1";"True";"1";"Temperatur";"grader C";"12";"=";"D, FDC faglig kontrol";"Godkendt";""
"21000665";"Knud Å, Bens. Møllevad Bro";"19891101";"1200";"1";"True";"1";"Temperatur";"grader C";"11,1";"=";"C, Faglig kontrol";"Godkendt";""
"21000665";"Knud Å, Bens. Møllevad Bro";"19891206";"1200";"1";"True";"1";"Temperatur";"grader C";"5,8";"=";"D, FDC faglig kontrol";"Godkendt";""
"21000665";"Knud Å, Bens. Møllevad Bro";"19900111";"1200";"1";"True";"1";"Temperatur";"grader C";"3,7";"=";"D, FDC faglig kontrol";"Godkendt";""
"21000665";"Knud Å, Bens. Møllevad Bro";"19900206";"1200";"1";"True";"1";"Temperatur";"grader C";"4,1";"=";"D, FDC faglig kontrol";"Godkendt";""
"21000665";"Knud Å, Bens. Møllevad Bro";"19900307";"1200";"1";"True";"1";"Temperatur";"grader C";"4,6";"=";"D, FDC faglig kontrol";"Godkendt";""
"21000665";"Knud Å, Bens. Møllevad Bro";"19900405";"1200";"1";"True";"1";"Temperatur";"grader C";"6,6";"=";"D, FDC faglig kontrol";"Godkendt";""
"21000665";"Knud Å, Bens. Møllevad Bro";"19900418";"1200";"1";"True";"1";"Temperatur";"grader C";"7,6";"=";"D, FDC faglig kontrol";"Godkendt";""
"21000665";"Knud Å, Bens. Møllevad Bro";"19900502";"1200";"1";"True";"1";"Temperatur";"grader C";"14,5";"=";"D, FDC faglig kontrol";"Godkendt";""
"21000665";"Knud Å, Bens. Møllevad Bro";"19900515";"1200";"1";"True";"1";"Temperatur";"grader C";"13,7";"=";"D, FDC faglig kontrol";"Godkendt";""
"21000665";"Knud Å, Bens. Møllevad Bro";"19900530";"1200";"1";"True";"1";"Temperatur";"grader C";"14";"=";"D, FDC faglig kontrol";"Godkendt";""
"21000665";"Knud Å, Bens. Møllevad Bro";"19900613";"1200";"1";"True";"1";"Temperatur";"grader C";"16,4";"=";"D, FDC faglig kontrol";"Godkendt";""
"21000665";"Knud Å, Bens. Møllevad Bro";"19900626";"1200";"1";"True";"1";"Temperatur";"grader C";"17,8";"=";"D, FDC faglig kontrol";"Godkendt";""
"21000665";"Knud Å, Bens. Møllevad Bro";"19900711";"1200";"1";"True";"1";"Temperatur";"grader C";"16,7";"=";"D, FDC faglig kontrol";"Godkendt";""
"21000665";"Knud Å, Bens. Møllevad Bro";"19900725";"1200";"1";"True";"1";"Temperatur";"grader C";"17,7";"=";"D, FDC faglig kontrol";"Godkendt";""
"21000665";"Knud Å, Bens. Møllevad Bro";"19900807";"1200";"1";"True";"1";"Temperatur";"grader C";"19,8";"=";"D, FDC faglig kontrol";"Godkendt";""
"21000665";"Knud Å, Bens. Møllevad Bro";"19900822";"1200";"1";"True";"1";"Temperatur";"grader C";"18,4";"=";"D, FDC faglig kontrol";"Godkendt";""
"21000665";"Knud Å, Bens. Møllevad Bro";"19900905";"1200";"1";"True";"1";"Temperatur";"grader C";"17,4";"=";"D, FDC faglig kontrol";"Godkendt";""
"21000665";"Knud Å, Bens. Møllevad Bro";"19900919";"1200";"1";"True";"1";"Temperatur";"grader C";"15,1";"=";"D, FDC faglig kontrol";"Godkendt";""
"21000665";"Knud Å, Bens. Møllevad Bro";"19901003";"1200";"1";"True";"1";"Temperatur";"grader C";"13";"=";"D, FDC faglig kontrol";"Godkendt";""
"21000665";"Knud Å, Bens. Møllevad Bro";"19901031";"1200";"1";"True";"1";"Temperatur";"grader C";"9,4";"=";"D, FDC faglig kontrol";"Godkendt";""
"21000665";"Knud Å, Bens. Møllevad Bro";"19901211";"1200";"1";"True";"1";"Temperatur";"grader C";"4,8";"=";"D, FDC faglig kontrol";"Godkendt";""
"21000665";"Knud Å, Bens. Møllevad Bro";"19910123";"1200";"1";"True";"1";"Temperatur";"grader C";"2,6";"=";"D, FDC faglig kontrol";"Godkendt";""
"21000665";"Knud Å, Bens. Møllevad Bro";"19910220";"1200";"1";"True";"1";"Temperatur";"grader C";"0,9";"=";"D, FDC faglig kontrol";"Godkendt";""
"21000665";"Knud Å, Bens. Møllevad Bro";"19910325";"1200";"1";"True";"1";"Temperatur";"grader C";"3,1";"=";"D, FDC faglig kontrol";"Godkendt";""
"21000665";"Knud Å, Bens. Møllevad Bro";"19910403";"1200";"1";"True";"1";"Temperatur";"grader C";"4,1";"=";"D, FDC faglig kontrol";"Godkendt";""
"21000665";"Knud Å, Bens. Møllevad Bro";"19910418";"1200";"1";"True";"1";"Temperatur";"grader C";"6,6";"=";"C, Faglig kontrol";"Godkendt";""
"21000665";"Knud Å, Bens. Møllevad Bro";"19910516";"1200";"1";"True";"1";"Temperatur";"grader C";"9";"=";"D, FDC faglig kontrol";"Godkendt";""
"21000665";"Knud Å, Bens. Møllevad Bro";"19910529";"1200";"1";"True";"1";"Temperatur";"grader C";"13,7";"=";"D, FDC faglig kontrol";"Godkendt";""
"21000665";"Knud Å, Bens. Møllevad Bro";"19910627";"1200";"1";"True";"1";"Temperatur";"grader C";"15,9";"=";"D, FDC faglig kontrol";"Godkendt";""
"21000665";"Knud Å, Bens. Møllevad Bro";"19910710";"1200";"1";"True";"1";"Temperatur";"grader C";"18,7";"=";"D, FDC faglig kontrol";"Godkendt";""
"21000665";"Knud Å, Bens. Møllevad Bro";"19910724";"1200";"1";"True";"1";"Temperatur";"grader C";"19,5";"=";"D, FDC faglig kontrol";"Godkendt";""
"21000665";"Knud Å, Bens. Møllevad Bro";"19910820";"1200";"1";"True";"1";"Temperatur";"grader C";"17,8";"=";"D, FDC faglig kontrol";"Godkendt";""
"21000665";"Knud Å, Bens. Møllevad Bro";"19910910";"1200";"1";"True";"1";"Temperatur";"grader C";"16,7";"=";"D, FDC faglig kontrol";"Godkendt";""
"21000665";"Knud Å, Bens. Møllevad Bro";"19910918";"1200";"1";"True";"1";"Temperatur";"grader C";"16,2";"=";"D, FDC faglig kontrol";"Godkendt";""
"21000665";"Knud Å, Bens. Møllevad Bro";"19911003";"1200";"1";"True";"1";"Temperatur";"grader C";"12,9";"=";"D, FDC faglig kontrol";"Godkendt";""
"21000665";"Knud Å, Bens. Møllevad Bro";"19911104";"1200";"1";"True";"1";"Temperatur";"grader C";"7,7";"=";"D, FDC faglig kontrol";"Godkendt";""
"21000665";"Knud Å, Bens. Møllevad Bro";"19911126";"1200";"1";"True";"1";"Temperatur";"grader C";"6,2";"=";"D, FDC faglig kontrol";"Godkendt";""
"21000665";"Knud Å, Bens. Møllevad Bro";"19920109";"1200";"1";"True";"1";"Temperatur";"grader C";"4,4";"=";"D, FDC faglig kontrol";"Godkendt";""
"21000665";"Knud Å, Bens. Møllevad Bro";"19920206";"1200";"1";"True";"1";"Temperatur";"grader C";"4,5";"=";"D, FDC faglig kontrol";"Godkendt";""
"21000665";"Knud Å, Bens. Møllevad Bro";"19920304";"1200";"1";"True";"1";"Temperatur";"grader C";"4,2";"=";"D, FDC faglig kontrol";"Godkendt";""
"21000665";"Knud Å, Bens. Møllevad Bro";"19920331";"1200";"1";"True";"1";"Temperatur";"grader C";"4,3";"=";"D, FDC faglig kontrol";"Godkendt";""
"21000665";"Knud Å, Bens. Møllevad Bro";"19920414";"1200";"1";"True";"1";"Temperatur";"grader C";"5,4";"=";"D, FDC faglig kontrol";"Godkendt";""
"21000665";"Knud Å, Bens. Møllevad Bro";"19920429";"1200";"1";"True";"1";"Temperatur";"grader C";"6,5";"=";"C, Faglig kontrol";"Godkendt";""
"21000665";"Knud Å, Bens. Møllevad Bro";"19920512";"1200";"1";"True";"1";"Temperatur";"grader C";"8";"=";"D, FDC faglig kontrol";"Godkendt";""
"21000665";"Knud Å, Bens. Møllevad Bro";"19920525";"1200";"1";"True";"1";"Temperatur";"grader C";"19,4";"=";"D, FDC faglig kontrol";"Godkendt";""
"21000665";"Knud Å, Bens. Møllevad Bro";"19920611";"1200";"1";"True";"1";"Temperatur";"grader C";"21,5";"=";"D, FDC faglig kontrol";"Godkendt";""
"21000665";"Knud Å, Bens. Møllevad Bro";"19920623";"1200";"1";"True";"1";"Temperatur";"grader C";"20";"=";"D, FDC faglig kontrol";"Godkendt";""
"21000665";"Knud Å, Bens. Møllevad Bro";"19920715";"1200";"1";"True";"1";"Temperatur";"grader C";"17,8";"=";"D, FDC faglig kontrol";"Godkendt";""
"21000665";"Knud Å, Bens. Møllevad Bro";"19920729";"1200";"1";"True";"1";"Temperatur";"grader C";"19,9";"=";"D, FDC faglig kontrol";"Godkendt";""
"21000665";"Knud Å, Bens. Møllevad Bro";"19920812";"1200";"1";"True";"1";"Temperatur";"grader C";"19,6";"=";"D, FDC faglig kontrol";"Godkendt";""
"21000665";"Knud Å, Bens. Møllevad Bro";"19920825";"1200";"1";"True";"1";"Temperatur";"grader C";"18,4";"=";"D, FDC faglig kontrol";"Godkendt";""
"21000665";"Knud Å, Bens. Møllevad Bro";"19920908";"1200";"1";"True";"1";"Temperatur";"grader C";"15,3";"=";"D, FDC faglig kontrol";"Godkendt";""
"21000665";"Knud Å, Bens. Møllevad Bro";"19920922";"1200";"1";"True";"1";"Temperatur";"grader C";"15,2";"=";"D, FDC faglig kontrol";"Godkendt";""
"21000665";"Knud Å, Bens. Møllevad Bro";"19921007";"1200";"1";"True";"1";"Temperatur";"grader C";"12,9";"=";"D, FDC faglig kontrol";"Godkendt";""
"21000665";"Knud Å, Bens. Møllevad Bro";"19930517";"1200";"1";"True";"1";"Temperatur";"grader C";"16,1";"=";"D, FDC faglig kontrol";"Godkendt";""
"21000665";"Knud Å, Bens. Møllevad Bro";"19930601";"1200";"1";"True";"1";"Temperatur";"grader C";"13,2";"=";"D, FDC faglig kontrol";"Godkendt";""
"21000665";"Knud Å, Bens. Møllevad Bro";"19930616";"1200";"1";"True";"1";"Temperatur";"grader C";"16,6";"=";"D, FDC faglig kontrol";"Godkendt";""
"21000665";"Knud Å, Bens. Møllevad Bro";"19930714";"1200";"1";"True";"1";"Temperatur";"grader C";"14,8";"=";"D, FDC faglig kontrol";"Godkendt";""
"21000665";"Knud Å, Bens. Møllevad Bro";"19930824";"1200";"1";"True";"1";"Temperatur";"grader C";"15";"=";"D, FDC faglig kontrol";"Godkendt";""
"21000665";"Knud Å, Bens. Møllevad Bro";"19930907";"1200";"1";"True";"1";"Temperatur";"grader C";"15,4";"=";"D, FDC faglig kontrol";"Godkendt";""
"21000665";"Knud Å, Bens. Møllevad Bro";"19930921";"1200";"1";"True";"1";"Temperatur";"grader C";"12,8";"=";"D, FDC faglig kontrol";"Godkendt";""
"21000665";"Knud Å, Bens. Møllevad Bro";"19990721";"1200";"1";"True";"1";"Temperatur";"grader C";"19,4";"=";"D, FDC faglig kontrol";"Godkendt";""
"21000665";"Knud Å, Bens. Møllevad Bro";"19991102";"1200";"1";"True";"1";"Temperatur";"grader C";"9,7";"=";"D, FDC faglig kontrol";"Godkendt";""
"21000665";"Knud Å, Bens. Møllevad Bro";"20000112";"1200";"1";"True";"1";"Temperatur";"grader C";"3,7";"=";"D, FDC faglig kontrol";"Godkendt";""
"21000665";"Knud Å, Bens. Møllevad Bro";"20000308";"1200";"1";"True";"1";"Temperatur";"grader C";"3,6";"=";"D, FDC faglig kontrol";"Godkendt";""
"21000665";"Knud Å, Bens. Møllevad Bro";"20000412";"1200";"1";"True";"1";"Temperatur";"grader C";"6,3";"=";"D, FDC faglig kontrol";"Godkendt";""
"21000665";"Knud Å, Bens. Møllevad Bro";"20000510";"1200";"1";"True";"1";"Temperatur";"grader C";"18,7";"=";"D, FDC faglig kontrol";"Godkendt";""
"21000665";"Knud Å, Bens. Møllevad Bro";"20000614";"1200";"1";"True";"1";"Temperatur";"grader C";"14,6";"=";"D, FDC faglig kontrol";"Godkendt";""
"21000665";"Knud Å, Bens. Møllevad Bro";"20000712";"1200";"1";"True";"1";"Temperatur";"grader C";"18";"=";"D, FDC faglig kontrol";"Godkendt";""
"21000665";"Knud Å, Bens. Møllevad Bro";"20000802";"1200";"1";"True";"1";"Temperatur";"grader C";"18,5";"=";"D, FDC faglig kontrol";"Godkendt";""
"21000665";"Knud Å, Bens. Møllevad Bro";"20000926";"1200";"1";"True";"1";"Temperatur";"grader C";"13,6";"=";"D, FDC faglig kontrol";"Godkendt";""
"21000665";"Knud Å, Bens. Møllevad Bro";"20001018";"1200";"1";"True";"1";"Temperatur";"grader C";"12,5";"=";"D, FDC faglig kontrol";"Godkendt";""
"21000665";"Knud Å, Bens. Møllevad Bro";"20001101";"1200";"1";"True";"1";"Temperatur";"grader C";"10,8";"=";"D, FDC faglig kontrol";"Godkendt";""
"21000665";"Knud Å, Bens. Møllevad Bro";"20001129";"1200";"1";"True";"1";"Temperatur";"grader C";"7,9";"=";"D, FDC faglig kontrol";"Godkendt";""
"21000665";"Knud Å, Bens. Møllevad Bro";"20010104";"1200";"1";"True";"1";"Temperatur";"grader C";"4,8";"=";"D, FDC faglig kontrol";"Godkendt";""
"21000665";"Knud Å, Bens. Møllevad Bro";"20010215";"1200";"1";"True";"1";"Temperatur";"grader C";"2,7";"=";"D, FDC faglig kontrol";"Godkendt";""
"21000665";"Knud Å, Bens. Møllevad Bro";"20010315";"1200";"1";"True";"1";"Temperatur";"grader C";"3,3";"=";"D, FDC faglig kontrol";"Godkendt";""
"21000665";"Knud Å, Bens. Møllevad Bro";"20010419";"1200";"1";"True";"1";"Temperatur";"grader C";"5,9";"=";"D, FDC faglig kontrol";"Godkendt";""
"21000665";"Knud Å, Bens. Møllevad Bro";"20010523";"1200";"1";"True";"1";"Temperatur";"grader C";"12,3";"=";"D, FDC faglig kontrol";"Godkendt";""
"21000665";"Knud Å, Bens. Møllevad Bro";"20010621";"1200";"1";"True";"1";"Temperatur";"grader C";"16";"=";"D, FDC faglig kontrol";"Godkendt";""
"21000665";"Knud Å, Bens. Møllevad Bro";"20010718";"1200";"1";"True";"1";"Temperatur";"grader C";"21";"=";"D, FDC faglig kontrol";"Godkendt";""
"21000665";"Knud Å, Bens. Møllevad Bro";"20010816";"1200";"1";"True";"1";"Temperatur";"grader C";"21,9";"=";"C, Faglig kontrol";"Godkendt";""
"21000665";"Knud Å, Bens. Møllevad Bro";"20010913";"1200";"1";"True";"1";"Temperatur";"grader C";"15,6";"=";"D, FDC faglig kontrol";"Godkendt";""
"21000665";"Knud Å, Bens. Møllevad Bro";"20011004";"1200";"1";"True";"1";"Temperatur";"grader C";"13,9";"=";"D, FDC faglig kontrol";"Godkendt";""
"21000665";"Knud Å, Bens. Møllevad Bro";"20011115";"1200";"1";"True";"1";"Temperatur";"grader C";"8,1";"=";"D, FDC faglig kontrol";"Godkendt";""
"21000665";"Knud Å, Bens. Møllevad Bro";"20011213";"1200";"1";"True";"1";"Temperatur";"grader C";"5,5";"=";"D, FDC faglig kontrol";"Godkendt";""
"21000665";"Knud Å, Bens. Møllevad Bro";"20020107";"1200";"1";"True";"1";"Temperatur";"grader C";"2,5";"=";"D, FDC faglig kontrol";"Godkendt";""
"21000665";"Knud Å, Bens. Møllevad Bro";"20020206";"1200";"1";"True";"1";"Temperatur";"grader C";"4,4";"=";"D, FDC faglig kontrol";"Godkendt";""
"21000665";"Knud Å, Bens. Møllevad Bro";"20020320";"1200";"1";"True";"1";"Temperatur";"grader C";"4,3";"=";"D, FDC faglig kontrol";"Godkendt";""
"21000665";"Knud Å, Bens. Møllevad Bro";"20020410";"1200";"1";"True";"1";"Temperatur";"grader C";"7,9";"=";"D, FDC faglig kontrol";"Godkendt";""
"21000665";"Knud Å, Bens. Møllevad Bro";"20020506";"1200";"1";"True";"1";"Temperatur";"grader C";"10,9";"=";"D, FDC faglig kontrol";"Godkendt";""
"21000665";"Knud Å, Bens. Møllevad Bro";"20020603";"1200";"1";"True";"1";"Temperatur";"grader C";"19,5";"=";"D, FDC faglig kontrol";"Godkendt";""
"21000665";"Knud Å, Bens. Møllevad Bro";"20020711";"1200";"1";"True";"1";"Temperatur";"grader C";"19,1";"=";"D, FDC faglig kontrol";"Godkendt";""
"21000665";"Knud Å, Bens. Møllevad Bro";"20020807";"1200";"1";"True";"1";"Temperatur";"grader C";"20,3";"=";"D, FDC faglig kontrol";"Godkendt";""
"21000665";"Knud Å, Bens. Møllevad Bro";"20020911";"1200";"1";"True";"1";"Temperatur";"grader C";"20,1";"=";"D, FDC faglig kontrol";"Godkendt";""
"21000665";"Knud Å, Bens. Møllevad Bro";"20021002";"1200";"1";"True";"1";"Temperatur";"grader C";"15,6";"=";"D, FDC faglig kontrol";"Godkendt";""
"21000665";"Knud Å, Bens. Møllevad Bro";"20021112";"1200";"1";"True";"1";"Temperatur";"grader C";"6,7";"=";"D, FDC faglig kontrol";"Godkendt";""
"21000665";"Knud Å, Bens. Møllevad Bro";"20021211";"1200";"1";"True";"1";"Temperatur";"grader C";"4,2";"=";"D, FDC faglig kontrol";"Godkendt";""
"21000665";"Knud Å, Bens. Møllevad Bro";"20030116";"1200";"1";"True";"1";"Temperatur";"grader C";"2,4";"=";"D, FDC faglig kontrol";"Godkendt";""
"21000665";"Knud Å, Bens. Møllevad Bro";"20030225";"1200";"1";"True";"1";"Temperatur";"grader C";"2,5";"=";"D, FDC faglig kontrol";"Godkendt";""
"21000665";"Knud Å, Bens. Møllevad Bro";"20030327";"1200";"1";"True";"1";"Temperatur";"grader C";"6";"=";"D, FDC faglig kontrol";"Godkendt";""
"21000665";"Knud Å, Bens. Møllevad Bro";"20030408";"1200";"1";"True";"1";"Temperatur";"grader C";"5";"=";"D, FDC faglig kontrol";"Godkendt";""
"21000665";"Knud Å, Bens. Møllevad Bro";"20030506";"1200";"1";"True";"1";"Temperatur";"grader C";"12,6";"=";"D, FDC faglig kontrol";"Godkendt";""
"21000665";"Knud Å, Bens. Møllevad Bro";"20030602";"1200";"1";"True";"1";"Temperatur";"grader C";"19,8";"=";"D, FDC faglig kontrol";"Godkendt";""
"21000665";"Knud Å, Bens. Møllevad Bro";"20030702";"1200";"1";"True";"1";"Temperatur";"grader C";"19,2";"=";"D, FDC faglig kontrol";"Godkendt";""
"21000665";"Knud Å, Bens. Møllevad Bro";"20030730";"1200";"1";"True";"1";"Temperatur";"grader C";"22,5";"=";"C, Faglig kontrol";"Godkendt";""
"21000665";"Knud Å, Bens. Møllevad Bro";"20030820";"1200";"1";"True";"1";"Temperatur";"grader C";"20,1";"=";"D, FDC faglig kontrol";"Godkendt";""
"21000665";"Knud Å, Bens. Møllevad Bro";"20030924";"1200";"1";"True";"1";"Temperatur";"grader C";"16,1";"=";"D, FDC faglig kontrol";"Godkendt";""
"21000665";"Knud Å, Bens. Møllevad Bro";"20031029";"1200";"1";"True";"1";"Temperatur";"grader C";"8,6";"=";"D, FDC faglig kontrol";"Godkendt";""
"21000665";"Knud Å, Bens. Møllevad Bro";"20031112";"1200";"1";"True";"1";"Temperatur";"grader C";"7,4";"=";"D, FDC faglig kontrol";"Godkendt";""
"21000665";"Knud Å, Bens. Møllevad Bro";"20031210";"1200";"1";"True";"1";"Temperatur";"grader C";"6,1";"=";"D, FDC faglig kontrol";"Godkendt";""
"21000665";"Knud Å, Bens. Møllevad Bro";"20040115";"1200";"1";"True";"1";"Temperatur";"grader C";"2,9";"=";"D, FDC faglig kontrol";"Godkendt";""
"21000665";"Knud Å, Bens. Møllevad Bro";"20040210";"1200";"1";"True";"1";"Temperatur";"grader C";"3,4";"=";"D, FDC faglig kontrol";"Godkendt";""
"21000665";"Knud Å, Bens. Møllevad Bro";"20040323";"1200";"1";"True";"1";"Temperatur";"grader C";"4,5";"=";"D, FDC faglig kontrol";"Godkendt";""
"21000665";"Knud Å, Bens. Møllevad Bro";"20040422";"1200";"1";"True";"1";"Temperatur";"grader C";"10,8";"=";"D, FDC faglig kontrol";"Godkendt";""
"21000665";"Knud Å, Bens. Møllevad Bro";"20040517";"1200";"1";"True";"1";"Temperatur";"grader C";"13";"=";"D, FDC faglig kontrol";"Godkendt";""
"21000665";"Knud Å, Bens. Møllevad Bro";"20040615";"1200";"1";"True";"1";"Temperatur";"grader C";"16,5";"=";"D, FDC faglig kontrol";"Godkendt";""
"21000665";"Knud Å, Bens. Møllevad Bro";"20040713";"1200";"1";"True";"1";"Temperatur";"grader C";"16,2";"=";"D, FDC faglig kontrol";"Godkendt";""
"21000665";"Knud Å, Bens. Møllevad Bro";"20040810";"1200";"1";"True";"1";"Temperatur";"grader C";"23,7";"=";"C, Faglig kontrol";"Godkendt";""
"21000665";"Knud Å, Bens. Møllevad Bro";"20040907";"1200";"1";"True";"1";"Temperatur";"grader C";"18,2";"=";"D, FDC faglig kontrol";"Godkendt";""
"21000665";"Knud Å, Bens. Møllevad Bro";"20041005";"1200";"1";"True";"1";"Temperatur";"grader C";"13,7";"=";"D, FDC faglig kontrol";"Godkendt";""
"21000665";"Knud Å, Bens. Møllevad Bro";"20041116";"1200";"1";"True";"1";"Temperatur";"grader C";"8,4";"=";"D, FDC faglig kontrol";"Godkendt";""
"21000665";"Knud Å, Bens. Møllevad Bro";"20041214";"1200";"1";"True";"1";"Temperatur";"grader C";"6,1";"=";"D, FDC faglig kontrol";"Godkendt";""
"21000665";"Knud Å, Bens. Møllevad Bro";"20050127";"1200";"1";"True";"1";"Temperatur";"grader C";"3,1";"=";"D, FDC faglig kontrol";"Godkendt";""
"21000665";"Knud Å, Bens. Møllevad Bro";"20050215";"1200";"1";"True";"1";"Temperatur";"grader C";"2,1";"=";"D, FDC faglig kontrol";"Godkendt";""
"21000665";"Knud Å, Bens. Møllevad Bro";"20050322";"1200";"1";"True";"1";"Temperatur";"grader C";"2,3";"=";"D, FDC faglig kontrol";"Godkendt";""
"21000665";"Knud Å, Bens. Møllevad Bro";"20050413";"1200";"1";"True";"1";"Temperatur";"grader C";"5,6";"=";"D, FDC faglig kontrol";"Godkendt";""
"21000665";"Knud Å, Bens. Møllevad Bro";"20050427";"1200";"1";"True";"1";"Temperatur";"grader C";"7,7";"=";"D, FDC faglig kontrol";"Godkendt";""
"21000665";"Knud Å, Bens. Møllevad Bro";"20050510";"1200";"1";"True";"1";"Temperatur";"grader C";"9,6";"=";"D, FDC faglig kontrol";"Godkendt";""
"21000665";"Knud Å, Bens. Møllevad Bro";"20050524";"1200";"1";"True";"1";"Temperatur";"grader C";"13";"=";"D, FDC faglig kontrol";"Godkendt";""
"21000665";"Knud Å, Bens. Møllevad Bro";"20050608";"1200";"1";"True";"1";"Temperatur";"grader C";"14,8";"=";"D, FDC faglig kontrol";"Godkendt";""
"21000665";"Knud Å, Bens. Møllevad Bro";"20050622";"1200";"1";"True";"1";"Temperatur";"grader C";"16,2";"=";"D, FDC faglig kontrol";"Godkendt";""
"21000665";"Knud Å, Bens. Møllevad Bro";"20050707";"1200";"1";"True";"1";"Temperatur";"grader C";"20,3";"=";"D, FDC faglig kontrol";"Godkendt";""
"21000665";"Knud Å, Bens. Møllevad Bro";"20050714";"1200";"1";"True";"1";"Temperatur";"grader C";"22,9";"=";"C, Faglig kontrol";"Godkendt";""
"21000665";"Knud Å, Bens. Møllevad Bro";"20050721";"1200";"1";"True";"1";"Temperatur";"grader C";"19,1";"=";"D, FDC faglig kontrol";"Godkendt";""
"21000665";"Knud Å, Bens. Møllevad Bro";"20050803";"1200";"1";"True";"1";"Temperatur";"grader C";"18";"=";"D, FDC faglig kontrol";"Godkendt";""
"21000665";"Knud Å, Bens. Møllevad Bro";"20050816";"1200";"1";"True";"1";"Temperatur";"grader C";"16,7";"=";"D, FDC faglig kontrol";"Godkendt";""
"21000665";"Knud Å, Bens. Møllevad Bro";"20050831";"1200";"1";"True";"1";"Temperatur";"grader C";"17,4";"=";"D, FDC faglig kontrol";"Godkendt";""
"21000665";"Knud Å, Bens. Møllevad Bro";"20050913";"1200";"1";"True";"1";"Temperatur";"grader C";"18";"=";"D, FDC faglig kontrol";"Godkendt";""
"21000665";"Knud Å, Bens. Møllevad Bro";"20050928";"1200";"1";"True";"1";"Temperatur";"grader C";"15,2";"=";"C, Faglig kontrol";"Godkendt";""
"21000665";"Knud Å, Bens. Møllevad Bro";"20051026";"1200";"1";"True";"1";"Temperatur";"grader C";"11,4";"=";"C, Faglig kontrol";"Godkendt";""
"21000665";"Knud Å, Bens. Møllevad Bro";"20051122";"1200";"1";"True";"1";"Temperatur";"grader C";"7,9";"=";"D, FDC faglig kontrol";"Godkendt";""
"21000665";"Knud Å, Bens. Møllevad Bro";"20051214";"1200";"1";"True";"1";"Temperatur";"grader C";"5,5";"=";"D, FDC faglig kontrol";"Godkendt";""
"21000665";"Knud Å, Bens. Møllevad Bro";"20060104";"1200";"1";"True";"1";"Temperatur";"grader C";"2,5";"=";"C, Faglig kontrol";"Godkendt";""
"21000665";"Knud Å, Bens. Møllevad Bro";"20060221";"1200";"1";"True";"1";"Temperatur";"grader C";"1,6";"=";"D, FDC faglig kontrol";"Godkendt";""
"21000665";"Knud Å, Bens. Møllevad Bro";"20060307";"1200";"1";"True";"1";"Temperatur";"grader C";"1,5";"=";"D, FDC faglig kontrol";"Godkendt";""
"21000665";"Knud Å, Bens. Møllevad Bro";"20060323";"1200";"1";"True";"1";"Temperatur";"grader C";"2,2";"=";"D, FDC faglig kontrol";"Godkendt";""
"21000665";"Knud Å, Bens. Møllevad Bro";"20060404";"1200";"1";"True";"1";"Temperatur";"grader C";"3,2";"=";"D, FDC faglig kontrol";"Godkendt";""
"21000665";"Knud Å, Bens. Møllevad Bro";"20060419";"1200";"1";"True";"1";"Temperatur";"grader C";"4,7";"=";"D, FDC faglig kontrol";"Godkendt";""
"21000665";"Knud Å, Bens. Møllevad Bro";"20060502";"1200";"1";"True";"1";"Temperatur";"grader C";"11";"=";"D, FDC faglig kontrol";"Godkendt";""
"21000665";"Knud Å, Bens. Møllevad Bro";"20060516";"1200";"1";"True";"1";"Temperatur";"grader C";"11,4";"=";"C, Faglig kontrol";"Godkendt";""
"21000665";"Knud Å, Bens. Møllevad Bro";"20060531";"1200";"1";"True";"1";"Temperatur";"grader C";"12,1";"=";"D, FDC faglig kontrol";"Godkendt";""
"21000665";"Knud Å, Bens. Møllevad Bro";"20060615";"1200";"1";"True";"1";"Temperatur";"grader C";"20,4";"=";"D, FDC faglig kontrol";"Godkendt";""
"21000665";"Knud Å, Bens. Møllevad Bro";"20060628";"1200";"1";"True";"1";"Temperatur";"grader C";"17,7";"=";"D, FDC faglig kontrol";"Godkendt";""
"21000665";"Knud Å, Bens. Møllevad Bro";"20060711";"1200";"1";"True";"1";"Temperatur";"grader C";"21,5";"=";"C, Faglig kontrol";"Godkendt";""
"21000665";"Knud Å, Bens. Møllevad Bro";"20060725";"1200";"1";"True";"1";"Temperatur";"grader C";"23,4";"=";"D, FDC faglig kontrol";"Godkendt";""
"21000665";"Knud Å, Bens. Møllevad Bro";"20060809";"1200";"1";"True";"1";"Temperatur";"grader C";"21,2";"=";"D, FDC faglig kontrol";"Godkendt";""
"21000665";"Knud Å, Bens. Møllevad Bro";"20060822";"1200";"1";"True";"1";"Temperatur";"grader C";"20,8";"=";"D, FDC faglig kontrol";"Godkendt";""
"21000665";"Knud Å, Bens. Møllevad Bro";"20060905";"1200";"1";"True";"1";"Temperatur";"grader C";"17,3";"=";"D, FDC faglig kontrol";"Godkendt";""
"21000665";"Knud Å, Bens. Møllevad Bro";"20060919";"1200";"1";"True";"1";"Temperatur";"grader C";"17,7";"=";"D, FDC faglig kontrol";"Godkendt";""
"21000665";"Knud Å, Bens. Møllevad Bro";"20061011";"1200";"1";"True";"1";"Temperatur";"grader C";"15,3";"=";"D, FDC faglig kontrol";"Godkendt";""
"21000665";"Knud Å, Bens. Møllevad Bro";"20061107";"1200";"1";"True";"1";"Temperatur";"grader C";"10,1";"=";"D, FDC faglig kontrol";"Godkendt";""
"21000665";"Knud Å, Bens. Møllevad Bro";"20061206";"1200";"1";"True";"1";"Temperatur";"grader C";"7,8";"=";"D, FDC faglig kontrol";"Godkendt";""
"21000665";"Knud Å, Bens. Møllevad Bro";"20070111";"1200";"1";"True";"1";"Temperatur";"grader C";"6";"=";"D, FDC faglig kontrol";"Godkendt";""
"21000665";"Knud Å, Bens. Møllevad Bro";"20070213";"1200";"1";"True";"1";"Temperatur";"grader C";"3,5";"=";"D, FDC faglig kontrol";"Godkendt";""
"21000665";"Knud Å, Bens. Møllevad Bro";"20070322";"1200";"1";"True";"1";"Temperatur";"grader C";"4,3";"=";"D, FDC faglig kontrol";"Godkendt";""
"21000665";"Knud Å, Bens. Møllevad Bro";"20070412";"1200";"1";"True";"1";"Temperatur";"grader C";"7,2";"=";"D, FDC faglig kontrol";"Godkendt";""
"21000665";"Knud Å, Bens. Møllevad Bro";"20070424";"1200";"1";"True";"1";"Temperatur";"grader C";"10,2";"=";"D, FDC faglig kontrol";"Godkendt";""
"21000665";"Knud Å, Bens. Møllevad Bro";"20070523";"1200";"1";"True";"1";"Temperatur";"grader C";"13,7";"=";"D, FDC faglig kontrol";"Godkendt";""
"21000665";"Knud Å, Bens. Møllevad Bro";"20070620";"1200";"1";"True";"1";"Temperatur";"grader C";"19,5";"=";"D, FDC faglig kontrol";"Godkendt";""
"21000665";"Knud Å, Bens. Møllevad Bro";"20070703";"1200";"1";"True";"1";"Temperatur";"grader C";"17,8";"=";"D, FDC faglig kontrol";"Godkendt";""
"21000665";"Knud Å, Bens. Møllevad Bro";"20070717";"1200";"1";"True";"1";"Temperatur";"grader C";"18,3";"=";"D, FDC faglig kontrol";"Godkendt";""
"21000665";"Knud Å, Bens. Møllevad Bro";"20070731";"1200";"1";"True";"1";"Temperatur";"grader C";"17,4";"=";"D, FDC faglig kontrol";"Godkendt";""
"21000665";"Knud Å, Bens. Møllevad Bro";"20070815";"1200";"1";"True";"1";"Temperatur";"grader C";"20,2";"=";"D, FDC faglig kontrol";"Godkendt";""
"21000665";"Knud Å, Bens. Møllevad Bro";"20070830";"1200";"1";"True";"1";"Temperatur";"grader C";"16,3";"=";"D, FDC faglig kontrol";"Godkendt";""
"21000665";"Knud Å, Bens. Møllevad Bro";"20070918";"1200";"1";"True";"1";"Temperatur";"grader C";"14,3";"=";"D, FDC faglig kontrol";"Godkendt";""
"21000665";"Knud Å, Bens. Møllevad Bro";"20071004";"1200";"1";"True";"1";"Temperatur";"grader C";"13,2";"=";"D, FDC faglig kontrol";"Godkendt";""
"21000665";"Knud Å, Bens. Møllevad Bro";"20071024";"1200";"1";"True";"1";"Temperatur";"grader C";"10,6";"=";"D, FDC faglig kontrol";"Godkendt";""
"21000665";"Knud Å, Bens. Møllevad Bro";"20071114";"1200";"1";"True";"1";"Temperatur";"grader C";"7,3";"=";"D, FDC faglig kontrol";"Godkendt";""
"21000665";"Knud Å, Bens. Møllevad Bro";"20071211";"1200";"1";"True";"1";"Temperatur";"grader C";"5,8";"=";"D, FDC faglig kontrol";"Godkendt";""
"21000665";"Knud Å, Bens. Møllevad Bro";"20080116";"1200";"1";"True";"1";"Temperatur";"grader C";"3,7";"=";"D, FDC faglig kontrol";"Godkendt";""
"21000665";"Knud Å, Bens. Møllevad Bro";"20080220";"1200";"1";"True";"1";"Temperatur";"grader C";"3,7";"=";"D, FDC faglig kontrol";"Godkendt";""
"21000665";"Knud Å, Bens. Møllevad Bro";"20080312";"1200";"1";"True";"1";"Temperatur";"grader C";"4,5";"=";"D, FDC faglig kontrol";"Godkendt";""
"21000665";"Knud Å, Bens. Møllevad Bro";"20080408";"1200";"1";"True";"1";"Temperatur";"grader C";"5,4";"=";"D, FDC faglig kontrol";"Godkendt";""
"21000665";"Knud Å, Bens. Møllevad Bro";"20080422";"1200";"1";"True";"1";"Temperatur";"grader C";"8,3";"=";"D, FDC faglig kontrol";"Godkendt";""
"21000665";"Knud Å, Bens. Møllevad Bro";"20080506";"1200";"1";"True";"1";"Temperatur";"grader C";"13";"=";"D, FDC faglig kontrol";"Godkendt";""
"21000665";"Knud Å, Bens. Møllevad Bro";"20080520";"1200";"1";"True";"1";"Temperatur";"grader C";"15,4";"=";"D, FDC faglig kontrol";"Godkendt";""
"21000665";"Knud Å, Bens. Møllevad Bro";"20080603";"1200";"1";"True";"1";"Temperatur";"grader C";"19,9";"=";"D, FDC faglig kontrol";"Godkendt";""
"21000665";"Knud Å, Bens. Møllevad Bro";"20080619";"1200";"1";"True";"1";"Temperatur";"grader C";"17";"=";"D, FDC faglig kontrol";"Godkendt";""
"21000665";"Knud Å, Bens. Møllevad Bro";"20080702";"1200";"1";"True";"1";"Temperatur";"grader C";"19";"=";"D, FDC faglig kontrol";"Godkendt";""
"21000665";"Knud Å, Bens. Møllevad Bro";"20080715";"1200";"1";"True";"1";"Temperatur";"grader C";"18,3";"=";"D, FDC faglig kontrol";"Godkendt";""
"21000665";"Knud Å, Bens. Møllevad Bro";"20080807";"1200";"1";"True";"1";"Temperatur";"grader C";"20,2";"=";"D, FDC faglig kontrol";"Godkendt";""
"21000665";"Knud Å, Bens. Møllevad Bro";"20080821";"1200";"1";"True";"1";"Temperatur";"grader C";"18";"=";"D, FDC faglig kontrol";"Godkendt";""
"21000665";"Knud Å, Bens. Møllevad Bro";"20080918";"1200";"1";"True";"1";"Temperatur";"grader C";"15,2";"=";"D, FDC faglig kontrol";"Godkendt";""
"21000665";"Knud Å, Bens. Møllevad Bro";"20081029";"1200";"1";"True";"1";"Temperatur";"grader C";"9,7";"=";"D, FDC faglig kontrol";"Godkendt";""
"21000665";"Knud Å, Bens. Møllevad Bro";"20090212";"1200";"1";"True";"1";"Temperatur";"grader C";"1,4";"=";"D, FDC faglig kontrol";"Godkendt";""
"21000665";"Knud Å, Bens. Møllevad Bro";"20090318";"1200";"1";"True";"1";"Temperatur";"grader C";"3";"=";"D, FDC faglig kontrol";"Godkendt";""
"21000665";"Knud Å, Bens. Møllevad Bro";"20090402";"1200";"1";"True";"1";"Temperatur";"grader C";"8";"=";"D, FDC faglig kontrol";"Godkendt";""
"21000665";"Knud Å, Bens. Møllevad Bro";"20090506";"1200";"1";"True";"1";"Temperatur";"grader C";"11,4";"=";"D, FDC faglig kontrol";"Godkendt";""
"21000665";"Knud Å, Bens. Møllevad Bro";"20090604";"1200";"1";"True";"1";"Temperatur";"grader C";"16";"=";"D, FDC faglig kontrol";"Godkendt";""
"21000665";"Knud Å, Bens. Møllevad Bro";"20110119";"1200";"1";"True";"1";"pH";"pH";"7,91";"=";"D, FDC faglig kontrol";"Godkendt";""
"21000665";"Knud Å, Bens. Møllevad Bro";"20110223";"1200";"1";"True";"1";"pH";"pH";"8,3";"=";"D, FDC faglig kontrol";"Godkendt";""
"21000665";"Knud Å, Bens. Møllevad Bro";"20110308";"1200";"1";"True";"1";"pH";"pH";"9";"=";"D, FDC faglig kontrol";"Godkendt";""
"21000665";"Knud Å, Bens. Møllevad Bro";"20110323";"1200";"1";"True";"1";"pH";"pH";"8,3";"=";"D, FDC faglig kontrol";"Godkendt";""
"21000665";"Knud Å, Bens. Møllevad Bro";"20110407";"1200";"1";"True";"1";"pH";"pH";"8,2";"=";"D, FDC faglig kontrol";"Godkendt";""
"21000665";"Knud Å, Bens. Møllevad Bro";"20110407";"1200";"1";"True";"1";"Temperatur";"grader C";"5";"=";"D, FDC faglig kontrol";"Godkendt";""
"21000665";"Knud Å, Bens. Møllevad Bro";"20110428";"1200";"1";"True";"1";"pH";"pH";"9,5";"=";"D, FDC faglig kontrol";"Godkendt";""
"21000665";"Knud Å, Bens. Møllevad Bro";"20110525";"1200";"1";"True";"1";"pH";"pH";"8,65";"=";"D, FDC faglig kontrol";"Godkendt";""
"21000665";"Knud Å, Bens. Møllevad Bro";"20110608";"1200";"1";"True";"1";"pH";"pH";"9";"=";"D, FDC faglig kontrol";"Godkendt";""
"21000665";"Knud Å, Bens. Møllevad Bro";"20110707";"1200";"1";"True";"1";"pH";"pH";"8,9";"=";"D, FDC faglig kontrol";"Godkendt";""
"21000665";"Knud Å, Bens. Møllevad Bro";"20110707";"1200";"1";"True";"1";"Temperatur";"grader C";"21";"=";"D, FDC faglig kontrol";"Godkendt";""
"21000665";"Knud Å, Bens. Møllevad Bro";"20110718";"1200";"1";"True";"1";"pH";"pH";"8,8";"=";"D, FDC faglig kontrol";"Godkendt";""
"21000665";"Knud Å, Bens. Møllevad Bro";"20110810";"1200";"1";"True";"1";"pH";"pH";"8,64";"=";"D, FDC faglig kontrol";"Godkendt";""
"21000665";"Knud Å, Bens. Møllevad Bro";"20110825";"1200";"1";"True";"1";"pH";"pH";"8,7";"=";"D, FDC faglig kontrol";"Godkendt";""
"21000665";"Knud Å, Bens. Møllevad Bro";"20110825";"1200";"1";"True";"1";"Temperatur";"grader C";"18,6";"=";"D, FDC faglig kontrol";"Godkendt";""
"21000665";"Knud Å, Bens. Møllevad Bro";"20110905";"1200";"1";"True";"1";"pH";"pH";"8,8";"=";"D, FDC faglig kontrol";"Godkendt";""
"21000665";"Knud Å, Bens. Møllevad Bro";"20110905";"1200";"1";"True";"1";"Temperatur";"grader C";"18,2";"=";"D, FDC faglig kontrol";"Godkendt";""
"21000665";"Knud Å, Bens. Møllevad Bro";"20110922";"1200";"1";"True";"1";"pH";"pH";"8,44";"=";"D, FDC faglig kontrol";"Godkendt";""
"21000665";"Knud Å, Bens. Møllevad Bro";"20110922";"1200";"1";"True";"1";"Temperatur";"grader C";"14,8";"=";"D, FDC faglig kontrol";"Godkendt";""
"21000665";"Knud Å, Bens. Møllevad Bro";"20111027";"1200";"1";"True";"1";"pH";"pH";"7,82";"=";"D, FDC faglig kontrol";"Godkendt";""
"21000665";"Knud Å, Bens. Møllevad Bro";"20111116";"1200";"1";"True";"1";"pH";"pH";"8,45";"=";"D, FDC faglig kontrol";"Godkendt";""
"21000665";"Knud Å, Bens. Møllevad Bro";"20111116";"1200";"1";"True";"1";"Temperatur";"grader C";"8,4";"=";"D, FDC faglig kontrol";"Godkendt";""
"21000665";"Knud Å, Bens. Møllevad Bro";"20111214";"1200";"1";"True";"1";"pH";"pH";"8,06";"=";"D, FDC faglig kontrol";"Godkendt";""
"21000665";"Knud Å, Bens. Møllevad Bro";"20111214";"1200";"1";"True";"1";"Temperatur";"grader C";"5,4";"=";"D, FDC faglig kontrol";"Godkendt";""
"21000665";"Knud Å, Bens. Møllevad Bro";"20120117";"1200";"1";"True";"1";"pH";"pH";"8,12";"=";"D, FDC faglig kontrol";"Godkendt";""
"21000665";"Knud Å, Bens. Møllevad Bro";"20120213";"1200";"1";"True";"1";"pH";"pH";"7,8";"=";"D, FDC faglig kontrol";"Godkendt";""
"21000665";"Knud Å, Bens. Møllevad Bro";"20120213";"1200";"1";"True";"1";"Temperatur";"grader C";"2,8";"=";"D, FDC faglig kontrol";"Godkendt";""
"21000665";"Knud Å, Bens. Møllevad Bro";"20120308";"1200";"1";"True";"1";"pH";"pH";"8,1";"=";"D, FDC faglig kontrol";"Godkendt";""
"21000665";"Knud Å, Bens. Møllevad Bro";"20120329";"1200";"1";"True";"1";"pH";"pH";"8,53";"=";"D, FDC faglig kontrol";"Godkendt";""
"21000665";"Knud Å, Bens. Møllevad Bro";"20120329";"1200";"1";"True";"1";"Temperatur";"grader C";"5,5";"=";"D, FDC faglig kontrol";"Godkendt";""
"21000665";"Knud Å, Bens. Møllevad Bro";"20120410";"1200";"1";"True";"1";"pH";"pH";"8,7";"=";"D, FDC faglig kontrol";"Godkendt";""
"21000665";"Knud Å, Bens. Møllevad Bro";"20120410";"1200";"1";"True";"1";"Temperatur";"grader C";"6,4";"=";"D, FDC faglig kontrol";"Godkendt";""
"21000665";"Knud Å, Bens. Møllevad Bro";"20120426";"1200";"1";"True";"1";"pH";"pH";"7,4";"=";"D, FDC faglig kontrol";"Godkendt";""
"21000665";"Knud Å, Bens. Møllevad Bro";"20120426";"1200";"1";"True";"1";"Temperatur";"grader C";"9,4";"=";"D, FDC faglig kontrol";"Godkendt";""
"21000665";"Knud Å, Bens. Møllevad Bro";"20120508";"1200";"1";"True";"1";"pH";"pH";"8,96";"=";"D, FDC faglig kontrol";"Godkendt";""
"21000665";"Knud Å, Bens. Møllevad Bro";"20120508";"1200";"1";"True";"1";"Temperatur";"grader C";"11";"=";"D, FDC faglig kontrol";"Godkendt";""
"21000665";"Knud Å, Bens. Møllevad Bro";"20120607";"1200";"1";"True";"1";"pH";"pH";"8,8";"=";"D, FDC faglig kontrol";"Godkendt";""
"21000665";"Knud Å, Bens. Møllevad Bro";"20120607";"1200";"1";"True";"1";"Temperatur";"grader C";"14,3";"=";"D, FDC faglig kontrol";"Godkendt";""
"21000665";"Knud Å, Bens. Møllevad Bro";"20120620";"1200";"1";"True";"1";"pH";"pH";"8,7";"=";"D, FDC faglig kontrol";"Godkendt";""
"21000665";"Knud Å, Bens. Møllevad Bro";"20120620";"1200";"1";"True";"1";"Temperatur";"grader C";"16";"=";"D, FDC faglig kontrol";"Godkendt";""
"21000665";"Knud Å, Bens. Møllevad Bro";"20120705";"1200";"1";"True";"1";"pH";"pH";"9,1";"=";"D, FDC faglig kontrol";"Godkendt";""
"21000665";"Knud Å, Bens. Møllevad Bro";"20120705";"1200";"1";"True";"1";"Temperatur";"grader C";"20,5";"=";"D, FDC faglig kontrol";"Godkendt";""
"21000665";"Knud Å, Bens. Møllevad Bro";"20120717";"1200";"1";"True";"1";"pH";"pH";"8,25";"=";"D, FDC faglig kontrol";"Godkendt";""
"21000665";"Knud Å, Bens. Møllevad Bro";"20120717";"1200";"1";"True";"1";"Temperatur";"grader C";"17,6";"=";"D, FDC faglig kontrol";"Godkendt";""
"21000665";"Knud Å, Bens. Møllevad Bro";"20120806";"1200";"1";"True";"1";"pH";"pH";"8,8";"=";"D, FDC faglig kontrol";"Godkendt";""
"21000665";"Knud Å, Bens. Møllevad Bro";"20120806";"1200";"1";"True";"1";"Temperatur";"grader C";"18,5";"=";"D, FDC faglig kontrol";"Godkendt";""
"21000665";"Knud Å, Bens. Møllevad Bro";"20120830";"1200";"1";"True";"1";"pH";"pH";"8,7";"=";"D, FDC faglig kontrol";"Godkendt";""
"21000665";"Knud Å, Bens. Møllevad Bro";"20120830";"1200";"1";"True";"1";"Temperatur";"grader C";"18,3";"=";"D, FDC faglig kontrol";"Godkendt";""
"21000665";"Knud Å, Bens. Møllevad Bro";"20120912";"1200";"1";"True";"1";"pH";"pH";"8,6";"=";"D, FDC faglig kontrol";"Godkendt";""
"21000665";"Knud Å, Bens. Møllevad Bro";"20120912";"1200";"1";"True";"1";"Temperatur";"grader C";"16,6";"=";"D, FDC faglig kontrol";"Godkendt";""
"21000665";"Knud Å, Bens. Møllevad Bro";"20120924";"1200";"1";"True";"1";"pH";"pH";"8,5";"=";"D, FDC faglig kontrol";"Godkendt";""
"21000665";"Knud Å, Bens. Møllevad Bro";"20120924";"1200";"1";"True";"1";"Temperatur";"grader C";"14,1";"=";"D, FDC faglig kontrol";"Godkendt";""
"21000665";"Knud Å, Bens. Møllevad Bro";"20121024";"1200";"1";"True";"1";"pH";"pH";"7,9";"=";"D, FDC faglig kontrol";"Godkendt";""
"21000665";"Knud Å, Bens. Møllevad Bro";"20121113";"1200";"1";"True";"1";"pH";"pH";"7,9";"=";"D, FDC faglig kontrol";"Godkendt";""
"21000665";"Knud Å, Bens. Møllevad Bro";"20121213";"1200";"1";"True";"1";"pH";"pH";"7,99";"=";"D, FDC faglig kontrol";"Godkendt";""
"21000665";"Knud Å, Bens. Møllevad Bro";"20121213";"1200";"1";"True";"1";"Temperatur";"grader C";"3,6";"=";"D, FDC faglig kontrol";"Godkendt";""
"21000665";"Knud Å, Bens. Møllevad Bro";"20130131";"1200";"1";"True";"1";"pH";"pH";"8,14";"=";"D, FDC faglig kontrol";"Godkendt";""
"21000665";"Knud Å, Bens. Møllevad Bro";"20130131";"1200";"1";"True";"1";"Temperatur";"grader C";"2,9";"=";"D, FDC faglig kontrol";"Godkendt";""
"21000665";"Knud Å, Bens. Møllevad Bro";"20130221";"1200";"1";"True";"1";"pH";"pH";"8,46";"=";"D, FDC faglig kontrol";"Godkendt";""
"21000665";"Knud Å, Bens. Møllevad Bro";"20130221";"1200";"1";"True";"1";"Temperatur";"grader C";"1,6";"=";"D, FDC faglig kontrol";"Godkendt";""
"21000665";"Knud Å, Bens. Møllevad Bro";"20130306";"1200";"1";"True";"1";"pH";"pH";"8,56";"=";"D, FDC faglig kontrol";"Godkendt";""
"21000665";"Knud Å, Bens. Møllevad Bro";"20130306";"1200";"1";"True";"1";"Temperatur";"grader C";"2";"=";"D, FDC faglig kontrol";"Godkendt";""
"21000665";"Knud Å, Bens. Møllevad Bro";"20130319";"1200";"1";"True";"1";"pH";"pH";"9,6";"=";"D, FDC faglig kontrol";"Godkendt";""
"21000665";"Knud Å, Bens. Møllevad Bro";"20130319";"1200";"1";"True";"1";"Temperatur";"grader C";"1,5";"=";"D, FDC faglig kontrol";"Godkendt";""
"21000665";"Knud Å, Bens. Møllevad Bro";"20130404";"1200";"1";"True";"1";"pH";"pH";"8,4";"=";"D, FDC faglig kontrol";"Godkendt";""
"21000665";"Knud Å, Bens. Møllevad Bro";"20130404";"1200";"1";"True";"1";"Temperatur";"grader C";"2,4";"=";"D, FDC faglig kontrol";"Godkendt";""
"21000665";"Knud Å, Bens. Møllevad Bro";"20130423";"1200";"1";"True";"1";"pH";"pH";"9,1";"=";"D, FDC faglig kontrol";"Godkendt";""
"21000665";"Knud Å, Bens. Møllevad Bro";"20130423";"1200";"1";"True";"1";"Temperatur";"grader C";"5,3";"=";"D, FDC faglig kontrol";"Godkendt";""
"21000665";"Knud Å, Bens. Møllevad Bro";"20130501";"1200";"1";"True";"1";"pH";"pH";"9,1";"=";"D, FDC faglig kontrol";"Godkendt";""
"21000665";"Knud Å, Bens. Møllevad Bro";"20130501";"1200";"1";"True";"1";"Temperatur";"grader C";"7,5";"=";"D, FDC faglig kontrol";"Godkendt";""
"21000665";"Knud Å, Bens. Møllevad Bro";"20130523";"1200";"1";"True";"1";"pH";"pH";"8,72";"=";"D, FDC faglig kontrol";"Godkendt";""
"21000665";"Knud Å, Bens. Møllevad Bro";"20130523";"1200";"1";"True";"1";"Temperatur";"grader C";"13,2";"=";"D, FDC faglig kontrol";"Godkendt";""
"21000665";"Knud Å, Bens. Møllevad Bro";"20130606";"1200";"1";"True";"1";"pH";"pH";"8,7";"=";"D, FDC faglig kontrol";"Godkendt";""
"21000665";"Knud Å, Bens. Møllevad Bro";"20130606";"1200";"1";"True";"1";"Temperatur";"grader C";"18,3";"=";"D, FDC faglig kontrol";"Godkendt";""
"21000665";"Knud Å, Bens. Møllevad Bro";"20130620";"1200";"1";"True";"1";"pH";"pH";"8,8";"=";"D, FDC faglig kontrol";"Godkendt";""
"21000665";"Knud Å, Bens. Møllevad Bro";"20130620";"1200";"1";"True";"1";"Temperatur";"grader C";"19,5";"=";"D, FDC faglig kontrol";"Godkendt";""
"21000665";"Knud Å, Bens. Møllevad Bro";"20130704";"1200";"1";"True";"1";"pH";"pH";"8,5";"=";"D, FDC faglig kontrol";"Godkendt";""
"21000665";"Knud Å, Bens. Møllevad Bro";"20130704";"1200";"1";"True";"1";"Temperatur";"grader C";"16,9";"=";"D, FDC faglig kontrol";"Godkendt";""
"21000665";"Knud Å, Bens. Møllevad Bro";"20130717";"1200";"1";"True";"1";"pH";"pH";"8,9";"=";"D, FDC faglig kontrol";"Godkendt";""
"21000665";"Knud Å, Bens. Møllevad Bro";"20130717";"1200";"1";"True";"1";"Temperatur";"grader C";"19,8";"=";"D, FDC faglig kontrol";"Godkendt";""
"21000665";"Knud Å, Bens. Møllevad Bro";"20130807";"1200";"1";"True";"1";"pH";"pH";"8,8";"=";"D, FDC faglig kontrol";"Godkendt";""
"21000665";"Knud Å, Bens. Møllevad Bro";"20130807";"1200";"1";"True";"1";"Temperatur";"grader C";"22,1";"=";"D, FDC faglig kontrol";"Godkendt";""
"21000665";"Knud Å, Bens. Møllevad Bro";"20130822";"1200";"1";"True";"1";"pH";"pH";"8,7";"=";"D, FDC faglig kontrol";"Godkendt";""
"21000665";"Knud Å, Bens. Møllevad Bro";"20130822";"1200";"1";"True";"1";"Temperatur";"grader C";"20,8";"=";"D, FDC faglig kontrol";"Godkendt";""
"21000665";"Knud Å, Bens. Møllevad Bro";"20130919";"1200";"1";"True";"1";"pH";"pH";"8,6";"=";"D, FDC faglig kontrol";"Godkendt";""
"21000665";"Knud Å, Bens. Møllevad Bro";"20131009";"1200";"1";"True";"1";"pH";"pH";"8,6";"=";"D, FDC faglig kontrol";"Godkendt";""
"21000665";"Knud Å, Bens. Møllevad Bro";"20131009";"1200";"1";"True";"1";"Temperatur";"grader C";"13";"=";"D, FDC faglig kontrol";"Godkendt";""
"21000665";"Knud Å, Bens. Møllevad Bro";"20131107";"1200";"1";"True";"1";"pH";"pH";"8,1";"=";"D, FDC faglig kontrol";"Godkendt";""
"21000665";"Knud Å, Bens. Møllevad Bro";"20131107";"1200";"1";"True";"1";"Temperatur";"grader C";"9,9";"=";"D, FDC faglig kontrol";"Godkendt";""
"21000665";"Knud Å, Bens. Møllevad Bro";"20131212";"1200";"1";"True";"1";"pH";"pH";"8";"=";"D, FDC faglig kontrol";"Godkendt";""
"21000665";"Knud Å, Bens. Møllevad Bro";"20131212";"1200";"1";"True";"1";"Temperatur";"grader C";"5,5";"=";"D, FDC faglig kontrol";"Godkendt";""
"21000665";"Knud Å, Bens. Møllevad Bro";"20140121";"1200";"1";"True";"1";"pH";"pH";"8,13";"=";"D, FDC faglig kontrol";"Godkendt";""
"21000665";"Knud Å, Bens. Møllevad Bro";"20140121";"1200";"1";"True";"1";"Temperatur";"grader C";"3,7";"=";"D, FDC faglig kontrol";"Godkendt";""
"21000665";"Knud Å, Bens. Møllevad Bro";"20140220";"1200";"1";"True";"1";"pH";"pH";"8,05";"=";"D, FDC faglig kontrol";"Godkendt";""
"21000665";"Knud Å, Bens. Møllevad Bro";"20140220";"1200";"1";"True";"1";"Temperatur";"grader C";"2,9";"=";"D, FDC faglig kontrol";"Godkendt";""
"21000665";"Knud Å, Bens. Møllevad Bro";"20140325";"1200";"1";"True";"1";"pH";"pH";"8,56";"=";"D, FDC faglig kontrol";"Godkendt";""
"21000665";"Knud Å, Bens. Møllevad Bro";"20140325";"1200";"1";"True";"1";"Temperatur";"grader C";"8";"=";"D, FDC faglig kontrol";"Godkendt";""
"21000665";"Knud Å, Bens. Møllevad Bro";"20140410";"1200";"1";"True";"1";"pH";"pH";"8,8";"=";"D, FDC faglig kontrol";"Godkendt";""
"21000665";"Knud Å, Bens. Møllevad Bro";"20140410";"1200";"1";"True";"1";"Temperatur";"grader C";"7,5";"=";"D, FDC faglig kontrol";"Godkendt";""
"21000665";"Knud Å, Bens. Møllevad Bro";"20140429";"1200";"1";"True";"1";"pH";"pH";"8,8";"=";"D, FDC faglig kontrol";"Godkendt";""
"21000665";"Knud Å, Bens. Møllevad Bro";"20140429";"1200";"1";"True";"1";"Temperatur";"grader C";"11,1";"=";"D, FDC faglig kontrol";"Godkendt";""
"21000665";"Knud Å, Bens. Møllevad Bro";"20140515";"1200";"1";"True";"1";"pH";"pH";"8,4";"=";"D, FDC faglig kontrol";"Godkendt";""
"21000665";"Knud Å, Bens. Møllevad Bro";"20140515";"1200";"1";"True";"1";"Temperatur";"grader C";"12,4";"=";"D, FDC faglig kontrol";"Godkendt";""
"21000665";"Knud Å, Bens. Møllevad Bro";"20140526";"1200";"1";"True";"1";"pH";"pH";"8,7";"=";"D, FDC faglig kontrol";"Godkendt";""
"21000665";"Knud Å, Bens. Møllevad Bro";"20140526";"1200";"1";"True";"1";"Temperatur";"grader C";"19,9";"=";"D, FDC faglig kontrol";"Godkendt";""
"21000665";"Knud Å, Bens. Møllevad Bro";"20140612";"1200";"1";"True";"1";"pH";"pH";"8,9";"=";"D, FDC faglig kontrol";"Godkendt";""
"21000665";"Knud Å, Bens. Møllevad Bro";"20140612";"1200";"1";"True";"1";"Temperatur";"grader C";"20,5";"=";"D, FDC faglig kontrol";"Godkendt";""
"21000665";"Knud Å, Bens. Møllevad Bro";"20140626";"1200";"1";"True";"1";"pH";"pH";"8,6";"=";"D, FDC faglig kontrol";"Godkendt";""
"21000665";"Knud Å, Bens. Møllevad Bro";"20140626";"1200";"1";"True";"1";"Temperatur";"grader C";"20,7";"=";"D, FDC faglig kontrol";"Godkendt";""
"21000665";"Knud Å, Bens. Møllevad Bro";"20140709";"1200";"1";"True";"1";"pH";"pH";"8,7";"=";"D, FDC faglig kontrol";"Godkendt";""
"21000665";"Knud Å, Bens. Møllevad Bro";"20140709";"1200";"1";"True";"1";"Temperatur";"grader C";"21,9";"=";"D, FDC faglig kontrol";"Godkendt";""
"21000665";"Knud Å, Bens. Møllevad Bro";"20140723";"1200";"1";"True";"1";"pH";"pH";"8,9";"=";"D, FDC faglig kontrol";"Godkendt";""
"21000665";"Knud Å, Bens. Møllevad Bro";"20140723";"1200";"1";"True";"1";"Temperatur";"grader C";"24,4";"=";"D, FDC faglig kontrol";"Godkendt";""
"21000665";"Knud Å, Bens. Møllevad Bro";"20140813";"1200";"1";"True";"1";"pH";"pH";"8,2";"=";"D, FDC faglig kontrol";"Godkendt";""
"21000665";"Knud Å, Bens. Møllevad Bro";"20140813";"1200";"1";"True";"1";"Temperatur";"grader C";"21";"=";"D, FDC faglig kontrol";"Godkendt";""
"21000665";"Knud Å, Bens. Møllevad Bro";"20140826";"1200";"1";"True";"1";"pH";"pH";"8,4";"=";"D, FDC faglig kontrol";"Godkendt";""
"21000665";"Knud Å, Bens. Møllevad Bro";"20140826";"1200";"1";"True";"1";"Temperatur";"grader C";"17,6";"=";"D, FDC faglig kontrol";"Godkendt";""
"21000665";"Knud Å, Bens. Møllevad Bro";"20140910";"1200";"1";"True";"1";"pH";"pH";"8,6";"=";"D, FDC faglig kontrol";"Godkendt";""
"21000665";"Knud Å, Bens. Møllevad Bro";"20140910";"1200";"1";"True";"1";"Temperatur";"grader C";"17,6";"=";"D, FDC faglig kontrol";"Godkendt";""
"21000665";"Knud Å, Bens. Møllevad Bro";"20140923";"1200";"1";"True";"1";"pH";"pH";"9";"=";"D, FDC faglig kontrol";"Godkendt";""
"21000665";"Knud Å, Bens. Møllevad Bro";"20140923";"1200";"1";"True";"1";"Temperatur";"grader C";"16,4";"=";"D, FDC faglig kontrol";"Godkendt";""
"21000665";"Knud Å, Bens. Møllevad Bro";"20141016";"1200";"1";"True";"1";"pH";"pH";"8,7";"=";"D, FDC faglig kontrol";"Godkendt";""
"21000665";"Knud Å, Bens. Møllevad Bro";"20141016";"1200";"1";"True";"1";"Temperatur";"grader C";"13,4";"=";"D, FDC faglig kontrol";"Godkendt";""
"21000665";"Knud Å, Bens. Møllevad Bro";"20141126";"1200";"1";"True";"1";"pH";"pH";"7,915";"=";"D, FDC faglig kontrol";"Godkendt";""
"21000665";"Knud Å, Bens. Møllevad Bro";"20141126";"1200";"1";"True";"1";"Temperatur";"grader C";"8,8";"=";"D, FDC faglig kontrol";"Godkendt";""
"21000665";"Knud Å, Bens. Møllevad Bro";"20141209";"1200";"1";"True";"1";"pH";"pH";"7,9";"=";"D, FDC faglig kontrol";"Godkendt";""
"21000665";"Knud Å, Bens. Møllevad Bro";"20141209";"1200";"1";"True";"1";"Temperatur";"grader C";"6,6";"=";"D, FDC faglig kontrol";"Godkendt";""
"21000665";"Knud Å, Bens. Møllevad Bro";"20150112";"1200";"1";"True";"1";"pH";"pH";"8,143";"=";"C, Faglig kontrol";"Godkendt";""
"21000665";"Knud Å, Bens. Møllevad Bro";"20150112";"1200";"1";"True";"1";"Temperatur";"grader C";"4,2";"=";"C, Faglig kontrol";"Godkendt";""
"21000665";"Knud Å, Bens. Møllevad Bro";"20150128";"1200";"1";"True";"1";"pH";"pH";"7,98";"=";"C, Faglig kontrol";"Godkendt";""
"21000665";"Knud Å, Bens. Møllevad Bro";"20150128";"1200";"1";"True";"1";"Temperatur";"grader C";"3,8";"=";"C, Faglig kontrol";"Godkendt";""
"21000665";"Knud Å, Bens. Møllevad Bro";"20150202";"1200";"1";"True";"1";"pH";"pH";"8";"=";"C, Faglig kontrol";"Godkendt";""
"21000665";"Knud Å, Bens. Møllevad Bro";"20150202";"1200";"1";"True";"1";"Temperatur";"grader C";"3";"=";"C, Faglig kontrol";"Godkendt";""
"21000665";"Knud Å, Bens. Møllevad Bro";"20150218";"1200";"1";"True";"1";"pH";"pH";"8,08";"=";"C, Faglig kontrol";"Godkendt";""
"21000665";"Knud Å, Bens. Møllevad Bro";"20150218";"1200";"1";"True";"1";"Temperatur";"grader C";"2,8";"=";"C, Faglig kontrol";"Godkendt";""
"21000665";"Knud Å, Bens. Møllevad Bro";"20150310";"1200";"1";"True";"1";"pH";"pH";"8,209";"=";"C, Faglig kontrol";"Godkendt";""
"21000665";"Knud Å, Bens. Møllevad Bro";"20150310";"1200";"1";"True";"1";"Temperatur";"grader C";"3,5";"=";"C, Faglig kontrol";"Godkendt";""
"21000665";"Knud Å, Bens. Møllevad Bro";"20150416";"1200";"1";"True";"1";"pH";"pH";"8,07";"=";"C, Faglig kontrol";"Godkendt";""
"21000665";"Knud Å, Bens. Møllevad Bro";"20150416";"1200";"1";"True";"1";"Temperatur";"grader C";"6,3";"=";"C, Faglig kontrol";"Godkendt";""
"21000665";"Knud Å, Bens. Møllevad Bro";"20150513";"1200";"1";"True";"1";"pH";"pH";"7,5";"=";"C, Faglig kontrol";"Godkendt";""
"21000665";"Knud Å, Bens. Møllevad Bro";"20150513";"1200";"1";"True";"1";"Temperatur";"grader C";"10,2";"=";"C, Faglig kontrol";"Godkendt";""
"21000665";"Knud Å, Bens. Møllevad Bro";"20150616";"1200";"1";"True";"1";"pH";"pH";"8,42";"=";"C, Faglig kontrol";"Godkendt";""
"21000665";"Knud Å, Bens. Møllevad Bro";"20150616";"1200";"1";"True";"1";"Temperatur";"grader C";"14,3";"=";"C, Faglig kontrol";"Godkendt";""
"21000665";"Knud Å, Bens. Møllevad Bro";"20150707";"1200";"1";"True";"1";"pH";"pH";"8,395";"=";"C, Faglig kontrol";"Godkendt";""
"21000665";"Knud Å, Bens. Møllevad Bro";"20150707";"1200";"1";"True";"1";"Temperatur";"grader C";"19,9";"=";"C, Faglig kontrol";"Godkendt";""
"21000665";"Knud Å, Bens. Møllevad Bro";"20150720";"1200";"1";"True";"1";"pH";"pH";"8,13";"=";"C, Faglig kontrol";"Godkendt";""
"21000665";"Knud Å, Bens. Møllevad Bro";"20150720";"1200";"1";"True";"1";"Temperatur";"grader C";"17,2";"=";"C, Faglig kontrol";"Godkendt";""
"21000665";"Knud Å, Bens. Møllevad Bro";"20150813";"1200";"1";"True";"1";"pH";"pH";"8,7";"=";"C, Faglig kontrol";"Godkendt";""
"21000665";"Knud Å, Bens. Møllevad Bro";"20150813";"1200";"1";"True";"1";"Temperatur";"grader C";"19,2";"=";"C, Faglig kontrol";"Godkendt";""
"21000665";"Knud Å, Bens. Møllevad Bro";"20150908";"1200";"1";"True";"1";"pH";"pH";"8,2";"=";"C, Faglig kontrol";"Godkendt";""
"21000665";"Knud Å, Bens. Møllevad Bro";"20150908";"1200";"1";"True";"1";"Temperatur";"grader C";"17,3";"=";"C, Faglig kontrol";"Godkendt";""
"21000665";"Knud Å, Bens. Møllevad Bro";"20150928";"1200";"1";"True";"1";"pH";"pH";"8";"=";"C, Faglig kontrol";"Godkendt";""
"21000665";"Knud Å, Bens. Møllevad Bro";"20150928";"1200";"1";"True";"1";"Temperatur";"grader C";"15";"=";"C, Faglig kontrol";"Godkendt";""
"21000665";"Knud Å, Bens. Møllevad Bro";"20151019";"1200";"1";"True";"1";"pH";"pH";"7,9";"=";"C, Faglig kontrol";"Godkendt";""
"21000665";"Knud Å, Bens. Møllevad Bro";"20151019";"1200";"1";"True";"1";"Temperatur";"grader C";"12,2";"=";"C, Faglig kontrol";"Godkendt";""
"21000665";"Knud Å, Bens. Møllevad Bro";"20151111";"1200";"1";"True";"1";"pH";"pH";"7,8";"=";"C, Faglig kontrol";"Godkendt";""
"21000665";"Knud Å, Bens. Møllevad Bro";"20151111";"1200";"1";"True";"1";"Temperatur";"grader C";"10,6";"=";"C, Faglig kontrol";"Godkendt";""
"21000665";"Knud Å, Bens. Møllevad Bro";"20151125";"1200";"1";"True";"1";"pH";"pH";"7,8";"=";"C, Faglig kontrol";"Godkendt";""
"21000665";"Knud Å, Bens. Møllevad Bro";"20151125";"1200";"1";"True";"1";"Temperatur";"grader C";"8,5";"=";"C, Faglig kontrol";"Godkendt";""
"21000665";"Knud Å, Bens. Møllevad Bro";"20151208";"1200";"1";"True";"1";"pH";"pH";"8,6";"=";"C, Faglig kontrol";"Godkendt";""
"21000665";"Knud Å, Bens. Møllevad Bro";"20151208";"1200";"1";"True";"1";"Temperatur";"grader C";"7,6";"=";"C, Faglig kontrol";"Godkendt";""
"21000665";"Knud Å, Bens. Møllevad Bro";"20160113";"1200";"1";"True";"1";"pH";"pH";"7,8";"=";"D, FDC faglig kontrol";"Godkendt";""
"21000665";"Knud Å, Bens. Møllevad Bro";"20160113";"1200";"1";"True";"1";"Temperatur";"grader C";"3,6";"=";"D, FDC faglig kontrol";"Godkendt";""
"21000665";"Knud Å, Bens. Møllevad Bro";"20160127";"1200";"1";"True";"1";"pH";"pH";"8";"=";"D, FDC faglig kontrol";"Godkendt";""
"21000665";"Knud Å, Bens. Møllevad Bro";"20160127";"1200";"1";"True";"1";"Temperatur";"grader C";"3,4";"=";"D, FDC faglig kontrol";"Godkendt";""
"21000665";"Knud Å, Bens. Møllevad Bro";"20160212";"1200";"1";"True";"1";"pH";"pH";"8,1";"=";"D, FDC faglig kontrol";"Godkendt";""
"21000665";"Knud Å, Bens. Møllevad Bro";"20160212";"1200";"1";"True";"1";"Temperatur";"grader C";"3,6";"=";"D, FDC faglig kontrol";"Godkendt";""
"21000665";"Knud Å, Bens. Møllevad Bro";"20160302";"1200";"1";"True";"1";"pH";"pH";"8,1";"=";"D, FDC faglig kontrol";"Godkendt";""
"21000665";"Knud Å, Bens. Møllevad Bro";"20160302";"1200";"1";"True";"1";"Temperatur";"grader C";"3,1";"=";"D, FDC faglig kontrol";"Godkendt";""
"21000665";"Knud Å, Bens. Møllevad Bro";"20160317";"1200";"1";"True";"1";"pH";"pH";"8,1";"=";"D, FDC faglig kontrol";"Godkendt";""
"21000665";"Knud Å, Bens. Møllevad Bro";"20160317";"1200";"1";"True";"1";"Temperatur";"grader C";"3,7";"=";"D, FDC faglig kontrol";"Godkendt";""
"21000665";"Knud Å, Bens. Møllevad Bro";"20160523";"1200";"1";"True";"1";"pH";"pH";"9,1";"=";"D, FDC faglig kontrol";"Godkendt";""
"21000665";"Knud Å, Bens. Møllevad Bro";"20160523";"1200";"1";"True";"1";"Temperatur";"grader C";"15,1";"=";"D, FDC faglig kontrol";"Godkendt";""
"21000665";"Knud Å, Bens. Møllevad Bro";"20160617";"1200";"1";"True";"1";"pH";"pH";"8,8";"=";"D, FDC faglig kontrol";"Godkendt";""
"21000665";"Knud Å, Bens. Møllevad Bro";"20160617";"1200";"1";"True";"1";"Temperatur";"grader C";"19,1";"=";"D, FDC faglig kontrol";"Godkendt";""
"21000665";"Knud Å, Bens. Møllevad Bro";"20160719";"1200";"1";"True";"1";"pH";"pH";"8,35";"=";"D, FDC faglig kontrol";"Godkendt";""
"21000665";"Knud Å, Bens. Møllevad Bro";"20160719";"1200";"1";"True";"1";"Temperatur";"grader C";"17,7";"=";"D, FDC faglig kontrol";"Godkendt";""
"21000665";"Knud Å, Bens. Møllevad Bro";"20160817";"1200";"1";"True";"1";"pH";"pH";"8,2";"=";"D, FDC faglig kontrol";"Godkendt";""
"21000665";"Knud Å, Bens. Møllevad Bro";"20160817";"1200";"1";"True";"1";"Temperatur";"grader C";"17,1";"=";"D, FDC faglig kontrol";"Godkendt";""
"21000665";"Knud Å, Bens. Møllevad Bro";"20160907";"1200";"1";"True";"1";"pH";"pH";"8,2";"=";"D, FDC faglig kontrol";"Godkendt";""
"21000665";"Knud Å, Bens. Møllevad Bro";"20160907";"1200";"1";"True";"1";"Temperatur";"grader C";"18,3";"=";"D, FDC faglig kontrol";"Godkendt";""
"21000665";"Knud Å, Bens. Møllevad Bro";"20161004";"1200";"1";"True";"1";"pH";"pH";"8";"=";"D, FDC faglig kontrol";"Godkendt";""
"21000665";"Knud Å, Bens. Møllevad Bro";"20161004";"1200";"1";"True";"1";"Temperatur";"grader C";"15,5";"=";"D, FDC faglig kontrol";"Godkendt";""
"21000665";"Knud Å, Bens. Møllevad Bro";"20161025";"1200";"1";"True";"1";"pH";"pH";"7,9";"=";"D, FDC faglig kontrol";"Godkendt";""
"21000665";"Knud Å, Bens. Møllevad Bro";"20161025";"1200";"1";"True";"1";"Temperatur";"grader C";"10,2";"=";"D, FDC faglig kontrol";"Godkendt";""
"21000665";"Knud Å, Bens. Møllevad Bro";"20161123";"1200";"1";"True";"1";"pH";"pH";"7,8";"=";"D, FDC faglig kontrol";"Godkendt";""
"21000665";"Knud Å, Bens. Møllevad Bro";"20161123";"1200";"1";"True";"1";"Temperatur";"grader C";"6,5";"=";"D, FDC faglig kontrol";"Godkendt";""
"21000665";"Knud Å, Bens. Møllevad Bro";"20161130";"1200";"1";"True";"1";"pH";"pH";"7,83";"=";"D, FDC faglig kontrol";"Godkendt";""
"21000665";"Knud Å, Bens. Møllevad Bro";"20161130";"1200";"1";"True";"1";"Temperatur";"grader C";"5,9";"=";"D, FDC faglig kontrol";"Godkendt";""
"21000665";"Knud Å, Bens. Møllevad Bro";"20161222";"1200";"1";"True";"1";"pH";"pH";"7,9";"=";"D, FDC faglig kontrol";"Godkendt";""
"21000665";"Knud Å, Bens. Møllevad Bro";"20161222";"1200";"1";"True";"1";"Temperatur";"grader C";"5,2";"=";"D, FDC faglig kontrol";"Godkendt";""
"21000665";"Knud Å, Bens. Møllevad Bro";"20170105";"1200";"1";"True";"1";"pH";"pH";"8";"=";"C, Faglig kontrol";"Godkendt";""
"21000665";"Knud Å, Bens. Møllevad Bro";"20170105";"1200";"1";"True";"1";"Temperatur";"grader C";"4,2";"=";"C, Faglig kontrol";"Godkendt";""
"21000665";"Knud Å, Bens. Møllevad Bro";"20170202";"1200";"1";"True";"1";"pH";"pH";"8,07";"=";"C, Faglig kontrol";"Godkendt";""
"21000665";"Knud Å, Bens. Møllevad Bro";"20170202";"1200";"1";"True";"1";"Temperatur";"grader C";"3";"=";"C, Faglig kontrol";"Godkendt";""
"21000665";"Knud Å, Bens. Møllevad Bro";"20170222";"1200";"1";"True";"1";"pH";"pH";"8,12";"=";"C, Faglig kontrol";"Godkendt";""
"21000665";"Knud Å, Bens. Møllevad Bro";"20170222";"1200";"1";"True";"1";"Temperatur";"grader C";"2,9";"=";"C, Faglig kontrol";"Godkendt";""
"21000665";"Knud Å, Bens. Møllevad Bro";"20170330";"1200";"1";"True";"1";"pH";"pH";"8,23";"=";"C, Faglig kontrol";"Godkendt";""
"21000665";"Knud Å, Bens. Møllevad Bro";"20170330";"1200";"1";"True";"1";"Temperatur";"grader C";"6";"=";"C, Faglig kontrol";"Godkendt";""
"21000665";"Knud Å, Bens. Møllevad Bro";"20170427";"1200";"1";"True";"1";"pH";"pH";"8,8";"=";"C, Faglig kontrol";"Godkendt";""
"21000665";"Knud Å, Bens. Møllevad Bro";"20170427";"1200";"1";"True";"1";"Temperatur";"grader C";"7,6";"=";"C, Faglig kontrol";"Godkendt";""
"21000665";"Knud Å, Bens. Møllevad Bro";"20170531";"1200";"1";"True";"1";"pH";"pH";"8,4";"=";"C, Faglig kontrol";"Godkendt";""
"21000665";"Knud Å, Bens. Møllevad Bro";"20170531";"1200";"1";"True";"1";"Temperatur";"grader C";"14,8";"=";"C, Faglig kontrol";"Godkendt";""
"21000665";"Knud Å, Bens. Møllevad Bro";"20170628";"1200";"1";"True";"1";"pH";"pH";"8,2";"=";"C, Faglig kontrol";"Godkendt";""
"21000665";"Knud Å, Bens. Møllevad Bro";"20170628";"1200";"1";"True";"1";"Temperatur";"grader C";"17,7";"=";"C, Faglig kontrol";"Godkendt";""
"21000665";"Knud Å, Bens. Møllevad Bro";"20170802";"1200";"1";"True";"1";"pH";"pH";"8,36";"=";"C, Faglig kontrol";"Godkendt";""
"21000665";"Knud Å, Bens. Møllevad Bro";"20170802";"1200";"1";"True";"1";"Temperatur";"grader C";"19,1";"=";"C, Faglig kontrol";"Godkendt";""
"21000665";"Knud Å, Bens. Møllevad Bro";"20170830";"1200";"1";"True";"1";"pH";"pH";"8,6";"=";"C, Faglig kontrol";"Godkendt";""
"21000665";"Knud Å, Bens. Møllevad Bro";"20170830";"1200";"1";"True";"1";"Temperatur";"grader C";"18,7";"=";"C, Faglig kontrol";"Godkendt";""
"21000665";"Knud Å, Bens. Møllevad Bro";"20170927";"1200";"1";"True";"1";"pH";"pH";"8,3";"=";"C, Faglig kontrol";"Godkendt";""
"21000665";"Knud Å, Bens. Møllevad Bro";"20170927";"1200";"1";"True";"1";"Temperatur";"grader C";"15,9";"=";"C, Faglig kontrol";"Godkendt";""
"21000665";"Knud Å, Bens. Møllevad Bro";"20171101";"1200";"1";"True";"1";"pH";"pH";"7,9";"=";"C, Faglig kontrol";"Godkendt";""
"21000665";"Knud Å, Bens. Møllevad Bro";"20171101";"1200";"1";"True";"1";"Temperatur";"grader C";"11,2";"=";"C, Faglig kontrol";"Godkendt";""
"21000665";"Knud Å, Bens. Møllevad Bro";"20171109";"1200";"1";"True";"1";"pH";"pH";"7,9";"=";"C, Faglig kontrol";"Godkendt";""
"21000665";"Knud Å, Bens. Møllevad Bro";"20171109";"1200";"1";"True";"1";"Temperatur";"grader C";"10,2";"=";"C, Faglig kontrol";"Godkendt";""
"21000665";"Knud Å, Bens. Møllevad Bro";"20171122";"1200";"1";"True";"1";"pH";"pH";"7,8";"=";"C, Faglig kontrol";"Godkendt";""
"21000665";"Knud Å, Bens. Møllevad Bro";"20171122";"1200";"1";"True";"1";"Temperatur";"grader C";"8,1";"=";"C, Faglig kontrol";"Godkendt";""
"21000665";"Knud Å, Bens. Møllevad Bro";"20171206";"1200";"1";"True";"1";"pH";"pH";"7,9";"=";"C, Faglig kontrol";"Godkendt";""
"21000665";"Knud Å, Bens. Møllevad Bro";"20171206";"1200";"1";"True";"1";"Temperatur";"grader C";"6,6";"=";"C, Faglig kontrol";"Godkendt";""
"21000665";"Knud Å, Bens. Møllevad Bro";"20171220";"1200";"1";"True";"1";"pH";"pH";"7,9";"=";"C, Faglig kontrol";"Godkendt";""
"21000665";"Knud Å, Bens. Møllevad Bro";"20171220";"1200";"1";"True";"1";"Temperatur";"grader C";"5";"=";"C, Faglig kontrol";"Godkendt";""
"21000665";"Knud Å, Bens. Møllevad Bro";"20180110";"1200";"1";"True";"1";"pH";"pH";"8,1";"=";"C, Faglig kontrol";"Godkendt";""
"21000665";"Knud Å, Bens. Møllevad Bro";"20180110";"1200";"1";"True";"1";"Temperatur";"grader C";"3,9";"=";"C, Faglig kontrol";"Godkendt";""
"21000665";"Knud Å, Bens. Møllevad Bro";"20180126";"1200";"1";"True";"1";"pH";"pH";"8,23";"=";"C, Faglig kontrol";"Godkendt";""
"21000665";"Knud Å, Bens. Møllevad Bro";"20180126";"1200";"1";"True";"1";"Temperatur";"grader C";"4";"=";"C, Faglig kontrol";"Godkendt";""
"21000665";"Knud Å, Bens. Møllevad Bro";"20180206";"1200";"1";"True";"1";"pH";"pH";"7,9";"=";"C, Faglig kontrol";"Godkendt";""
"21000665";"Knud Å, Bens. Møllevad Bro";"20180206";"1200";"1";"True";"1";"Temperatur";"grader C";"2,9";"=";"C, Faglig kontrol";"Godkendt";""
"21000665";"Knud Å, Bens. Møllevad Bro";"20180223";"1200";"1";"True";"1";"pH";"pH";"8,2";"=";"C, Faglig kontrol";"Godkendt";""
"21000665";"Knud Å, Bens. Møllevad Bro";"20180223";"1200";"1";"True";"1";"Temperatur";"grader C";"2,5";"=";"C, Faglig kontrol";"Godkendt";""
"21000665";"Knud Å, Bens. Møllevad Bro";"20180314";"1200";"1";"True";"1";"pH";"pH";"8,1";"=";"C, Faglig kontrol";"Godkendt";""
"21000665";"Knud Å, Bens. Møllevad Bro";"20180314";"1200";"1";"True";"1";"Temperatur";"grader C";"2,2";"=";"C, Faglig kontrol";"Godkendt";""
"21000665";"Knud Å, Bens. Møllevad Bro";"20180424";"1200";"1";"True";"1";"pH";"pH";"8,6";"=";"C, Faglig kontrol";"Godkendt";""
"21000665";"Knud Å, Bens. Møllevad Bro";"20180424";"1200";"1";"True";"1";"Temperatur";"grader C";"6,7";"=";"C, Faglig kontrol";"Godkendt";""
"21000665";"Knud Å, Bens. Møllevad Bro";"20180515";"1200";"1";"True";"1";"pH";"pH";"9,2";"=";"C, Faglig kontrol";"Godkendt";""
"21000665";"Knud Å, Bens. Møllevad Bro";"20180515";"1200";"1";"True";"1";"Temperatur";"grader C";"21,5";"=";"C, Faglig kontrol";"Godkendt";""
"21000665";"Knud Å, Bens. Møllevad Bro";"20180612";"1200";"1";"True";"1";"pH";"pH";"8,2";"=";"C, Faglig kontrol";"Godkendt";""
"21000665";"Knud Å, Bens. Møllevad Bro";"20180612";"1200";"1";"True";"1";"Temperatur";"grader C";"20,7";"=";"C, Faglig kontrol";"Godkendt";""
"21000665";"Knud Å, Bens. Møllevad Bro";"20180703";"1200";"1";"True";"1";"pH";"pH";"9";"=";"C, Faglig kontrol";"Godkendt";""
"21000665";"Knud Å, Bens. Møllevad Bro";"20180703";"1200";"1";"True";"1";"Temperatur";"grader C";"21,4";"=";"C, Faglig kontrol";"Godkendt";""
"21000665";"Knud Å, Bens. Møllevad Bro";"20180725";"1200";"1";"True";"1";"pH";"pH";"8,8";"=";"C, Faglig kontrol";"Godkendt";""
"21000665";"Knud Å, Bens. Møllevad Bro";"20180725";"1200";"1";"True";"1";"Temperatur";"grader C";"24,3";"=";"C, Faglig kontrol";"Godkendt";""
"21000665";"Knud Å, Bens. Møllevad Bro";"20180905";"1200";"1";"True";"1";"pH";"pH";"8,9";"=";"C, Faglig kontrol";"Godkendt";""
"21000665";"Knud Å, Bens. Møllevad Bro";"20180905";"1200";"1";"True";"1";"Temperatur";"grader C";"20,7";"=";"C, Faglig kontrol";"Godkendt";""
"21000665";"Knud Å, Bens. Møllevad Bro";"20181009";"1200";"1";"True";"1";"pH";"pH";"7,9";"=";"C, Faglig kontrol";"Godkendt";""
"21000665";"Knud Å, Bens. Møllevad Bro";"20181009";"1200";"1";"True";"1";"Temperatur";"grader C";"12,1";"=";"C, Faglig kontrol";"Godkendt";""
"21000665";"Knud Å, Bens. Møllevad Bro";"20181106";"1200";"1";"True";"1";"pH";"pH";"8";"=";"C, Faglig kontrol";"Godkendt";""
"21000665";"Knud Å, Bens. Møllevad Bro";"20181106";"1200";"1";"True";"1";"Temperatur";"grader C";"9,3";"=";"C, Faglig kontrol";"Godkendt";""
"21000665";"Knud Å, Bens. Møllevad Bro";"20181129";"1200";"1";"True";"1";"pH";"pH";"7,8";"=";"C, Faglig kontrol";"Godkendt";""
"21000665";"Knud Å, Bens. Møllevad Bro";"20181129";"1200";"1";"True";"1";"Temperatur";"grader C";"6,5";"=";"C, Faglig kontrol";"Godkendt";""
"21000665";"Knud Å, Bens. Møllevad Bro";"20181206";"1200";"1";"True";"1";"pH";"pH";"7,7";"=";"C, Faglig kontrol";"Godkendt";""
"21000665";"Knud Å, Bens. Møllevad Bro";"20181206";"1200";"1";"True";"1";"Temperatur";"grader C";"6,2";"=";"C, Faglig kontrol";"Godkendt";""
"21000665";"Knud Å, Bens. Møllevad Bro";"20181217";"1200";"1";"True";"1";"pH";"pH";"8,04";"=";"C, Faglig kontrol";"Godkendt";""
"21000665";"Knud Å, Bens. Møllevad Bro";"20181217";"1200";"1";"True";"1";"Temperatur";"grader C";"5,2";"=";"C, Faglig kontrol";"Godkendt";""
"21000665";"Knud Å, Bens. Møllevad Bro";"20190104";"1200";"1";"True";"1";"pH";"pH";"8,1";"=";"C, Faglig kontrol";"Godkendt";""
"21000665";"Knud Å, Bens. Møllevad Bro";"20190104";"1200";"1";"True";"1";"Temperatur";"grader C";"4,7";"=";"C, Faglig kontrol";"Godkendt";""
"21000665";"Knud Å, Bens. Møllevad Bro";"20190116";"1200";"1";"True";"1";"pH";"pH";"8,16";"=";"C, Faglig kontrol";"Godkendt";"2021-04-29 03:26/Datamigrering: Registreret af Lars Juhler (lajuh@nst.dk)"
"21000665";"Knud Å, Bens. Møllevad Bro";"20190116";"1200";"1";"True";"1";"Temperatur";"grader C";"4,2";"=";"C, Faglig kontrol";"Godkendt";"2021-04-29 03:26/Datamigrering: Registreret af Lars Juhler (lajuh@nst.dk)"
"21000665";"Knud Å, Bens. Møllevad Bro";"20190201";"1200";"1";"True";"1";"pH";"pH";"8,1";"=";"C, Faglig kontrol";"Godkendt";"2021-04-29 18:36/Datamigrering: Registreret af Lars Juhler (lajuh@nst.dk)"
"21000665";"Knud Å, Bens. Møllevad Bro";"20190201";"1200";"1";"True";"1";"Temperatur";"grader C";"2,2";"=";"C, Faglig kontrol";"Godkendt";"2021-04-29 18:36/Datamigrering: Registreret af Lars Juhler (lajuh@nst.dk)"
"21000665";"Knud Å, Bens. Møllevad Bro";"20190220";"1200";"1";"True";"1";"pH";"pH";"8,1";"=";"C, Faglig kontrol";"Godkendt";"2021-04-29 18:51/Datamigrering: Registreret af Lars Juhler (lajuh@nst.dk)"
"21000665";"Knud Å, Bens. Møllevad Bro";"20190220";"1200";"1";"True";"1";"Temperatur";"grader C";"3,5";"=";"C, Faglig kontrol";"Godkendt";"2021-04-29 18:51/Datamigrering: Registreret af Lars Juhler (lajuh@nst.dk)"
"21000665";"Knud Å, Bens. Møllevad Bro";"20190307";"1200";"1";"True";"1";"pH";"pH";"8,1";"=";"C, Faglig kontrol";"Godkendt";"2021-04-29 22:18/Datamigrering: Registreret af Lars Juhler (lajuh@nst.dk)"
"21000665";"Knud Å, Bens. Møllevad Bro";"20190307";"1200";"1";"True";"1";"Temperatur";"grader C";"4,4";"=";"C, Faglig kontrol";"Godkendt";"2021-04-29 22:18/Datamigrering: Registreret af Lars Juhler (lajuh@nst.dk)"
"21000665";"Knud Å, Bens. Møllevad Bro";"20190319";"1200";"1";"True";"1";"pH";"pH";"8,2";"=";"C, Faglig kontrol";"Godkendt";"2021-04-29 20:31/Datamigrering: Registreret af Lars Juhler (lajuh@nst.dk)"
"21000665";"Knud Å, Bens. Møllevad Bro";"20190319";"1200";"1";"True";"1";"Temperatur";"grader C";"4,7";"=";"C, Faglig kontrol";"Godkendt";"2021-04-29 20:31/Datamigrering: Registreret af Lars Juhler (lajuh@nst.dk)"
"21000665";"Knud Å, Bens. Møllevad Bro";"20190403";"1200";"1";"True";"1";"pH";"pH";"8,2";"=";"C, Faglig kontrol";"Godkendt";"2021-04-29 03:45/Datamigrering: Registreret af Lars Juhler (lajuh@nst.dk)"
"21000665";"Knud Å, Bens. Møllevad Bro";"20190403";"1200";"1";"True";"1";"Temperatur";"grader C";"7,4";"=";"C, Faglig kontrol";"Godkendt";"2021-04-29 03:45/Datamigrering: Registreret af Lars Juhler (lajuh@nst.dk)"
"21000665";"Knud Å, Bens. Møllevad Bro";"20190502";"1200";"1";"True";"1";"pH";"pH";"8,52";"=";"C, Faglig kontrol";"Godkendt";"2021-04-29 01:53/Datamigrering: Registreret af Lars Juhler (lajuh@nst.dk)"
"21000665";"Knud Å, Bens. Møllevad Bro";"20190502";"1200";"1";"True";"1";"Temperatur";"grader C";"9,5";"=";"C, Faglig kontrol";"Godkendt";"2021-04-29 01:53/Datamigrering: Registreret af Lars Juhler (lajuh@nst.dk)"
"21000665";"Knud Å, Bens. Møllevad Bro";"20190529";"1200";"1";"True";"1";"pH";"pH";"8,56";"=";"C, Faglig kontrol";"Godkendt";"2021-04-29 22:30/Datamigrering: Registreret af Lars Juhler (lajuh@nst.dk)"
"21000665";"Knud Å, Bens. Møllevad Bro";"20190529";"1200";"1";"True";"1";"Temperatur";"grader C";"13,3";"=";"C, Faglig kontrol";"Godkendt";"2021-04-29 22:30/Datamigrering: Registreret af Lars Juhler (lajuh@nst.dk)"
"21000665";"Knud Å, Bens. Møllevad Bro";"20190702";"1200";"1";"True";"1";"pH";"pH";"8,44";"=";"B, Elektronisk kontrol";"Godkendt";"2021-04-28 21:21/Datamigrering: Registreret af Lars Juhler (lajuh@nst.dk)"
"21000665";"Knud Å, Bens. Møllevad Bro";"20190702";"1200";"1";"True";"1";"Temperatur";"grader C";"18,5";"=";"B, Elektronisk kontrol";"Godkendt";"2021-04-28 21:21/Datamigrering: Registreret af Lars Juhler (lajuh@nst.dk)"
"21000665";"Knud Å, Bens. Møllevad Bro";"20190723";"1200";"1";"True";"1";"pH";"pH";"8,32";"=";"C, Faglig kontrol";"Godkendt";"2021-04-29 21:37/Datamigrering: Registreret af Lars Juhler (lajuh@nst.dk)"
"21000665";"Knud Å, Bens. Møllevad Bro";"20190723";"1200";"1";"True";"1";"Temperatur";"grader C";"19,5";"=";"C, Faglig kontrol";"Godkendt";"2021-04-29 21:37/Datamigrering: Registreret af Lars Juhler (lajuh@nst.dk)"
"21000665";"Knud Å, Bens. Møllevad Bro";"20190827";"1200";"1";"True";"1";"pH";"pH";"8,8";"=";"C, Faglig kontrol";"Godkendt";"2021-04-29 19:11/Datamigrering: Registreret af Lars Juhler (lajuh@nst.dk)"
"21000665";"Knud Å, Bens. Møllevad Bro";"20190827";"1200";"1";"True";"1";"Temperatur";"grader C";"22,2";"=";"C, Faglig kontrol";"Godkendt";"2021-04-29 19:11/Datamigrering: Registreret af Lars Juhler (lajuh@nst.dk)"
"21000665";"Knud Å, Bens. Møllevad Bro";"20190924";"1200";"1";"True";"1";"pH";"pH";"8,28";"=";"C, Faglig kontrol";"Godkendt";"2021-04-29 21:32/Datamigrering: Registreret af Lars Juhler (lajuh@nst.dk)"
"21000665";"Knud Å, Bens. Møllevad Bro";"20190924";"1200";"1";"True";"1";"Temperatur";"grader C";"15,1";"=";"C, Faglig kontrol";"Godkendt";"2021-04-29 21:32/Datamigrering: Registreret af Lars Juhler (lajuh@nst.dk)"
"21000665";"Knud Å, Bens. Møllevad Bro";"20191022";"1200";"1";"True";"1";"pH";"pH";"7,9";"=";"C, Faglig kontrol";"Godkendt";"2021-04-29 19:22/Datamigrering: Registreret af Lars Juhler (lajuh@nst.dk)"
"21000665";"Knud Å, Bens. Møllevad Bro";"20191022";"1200";"1";"True";"1";"Temperatur";"grader C";"11,9";"=";"C, Faglig kontrol";"Godkendt";"2021-04-29 19:22/Datamigrering: Registreret af Lars Juhler (lajuh@nst.dk)"
"21000665";"Knud Å, Bens. Møllevad Bro";"20191119";"1200";"1";"True";"1";"pH";"pH";"7,68";"=";"C, Faglig kontrol";"Godkendt";"2021-04-29 03:32/Datamigrering: Registreret af Lars Juhler (lajuh@nst.dk)"
"21000665";"Knud Å, Bens. Møllevad Bro";"20191119";"1200";"1";"True";"1";"Temperatur";"grader C";"8,4";"=";"C, Faglig kontrol";"Godkendt";"2021-04-29 03:32/Datamigrering: Registreret af Lars Juhler (lajuh@nst.dk)"
"21000665";"Knud Å, Bens. Møllevad Bro";"20191218";"1200";"1";"True";"1";"pH";"pH";"7,87";"=";"B, Elektronisk kontrol";"Godkendt";"2021-04-29 20:19/Datamigrering: Registreret af Lars Juhler (lajuh@nst.dk)"
"21000665";"Knud Å, Bens. Møllevad Bro";"20191218";"1200";"1";"True";"1";"Salinitet";"promille";"0,1";"=";"B, Elektronisk kontrol";"Godkendt";"2021-04-29 20:19/Datamigrering: Registreret af Lars Juhler (lajuh@nst.dk)"
"21000665";"Knud Å, Bens. Møllevad Bro";"20191218";"1200";"1";"True";"1";"Temperatur";"grader C";"6,3";"=";"B, Elektronisk kontrol";"Godkendt";"2021-04-29 20:19/Datamigrering: Registreret af Lars Juhler (lajuh@nst.dk)"
"21000665";"Knud Å, Bens. Møllevad Bro";"20200116";"1200";"1";"True";"1";"pH";"pH";"7,95";"=";"C, Faglig kontrol";"Godkendt";"2021-04-29 20:59/Datamigrering: Registreret af Lars Juhler (lajuh@nst.dk)"
"21000665";"Knud Å, Bens. Møllevad Bro";"20200116";"1200";"1";"True";"1";"Temperatur";"grader C";"5,4";"=";"C, Faglig kontrol";"Godkendt";"2021-04-29 20:59/Datamigrering: Registreret af Lars Juhler (lajuh@nst.dk)"
"21000665";"Knud Å, Bens. Møllevad Bro";"20200128";"1200";"1";"True";"1";"pH";"pH";"7,97";"=";"C, Faglig kontrol";"Godkendt";"2021-04-29 02:58/Datamigrering: Registreret af Lars Juhler (lajuh@nst.dk)"
"21000665";"Knud Å, Bens. Møllevad Bro";"20200128";"1200";"1";"True";"1";"Temperatur";"grader C";"5,2";"=";"C, Faglig kontrol";"Godkendt";"2021-04-29 02:58/Datamigrering: Registreret af Lars Juhler (lajuh@nst.dk)"
"21000665";"Knud Å, Bens. Møllevad Bro";"20200214";"1200";"1";"True";"1";"pH";"pH";"8,19";"=";"B, Elektronisk kontrol";"Godkendt";""
"21000665";"Knud Å, Bens. Møllevad Bro";"20200214";"1200";"1";"True";"1";"Temperatur";"grader C";"4,7";"=";"B, Elektronisk kontrol";"Godkendt";""
"21000665";"Knud Å, Bens. Møllevad Bro";"20200226";"1200";"1";"True";"1";"pH";"pH";"8,14";"=";"C, Faglig kontrol";"Godkendt";""
"21000665";"Knud Å, Bens. Møllevad Bro";"20200226";"1200";"1";"True";"1";"Temperatur";"grader C";"4,8";"=";"C, Faglig kontrol";"Godkendt";""
"21000665";"Knud Å, Bens. Møllevad Bro";"20200312";"1200";"1";"True";"1";"pH";"pH";"8";"=";"C, Faglig kontrol";"Godkendt";""
"21000665";"Knud Å, Bens. Møllevad Bro";"20200312";"1200";"1";"True";"1";"Temperatur";"grader C";"5";"=";"C, Faglig kontrol";"Godkendt";""
"21000665";"Knud Å, Bens. Møllevad Bro";"20200326";"1200";"1";"True";"1";"pH";"pH";"8,21";"=";"C, Faglig kontrol";"Godkendt";""
"21000665";"Knud Å, Bens. Møllevad Bro";"20200326";"1200";"1";"True";"1";"Temperatur";"grader C";"6";"=";"C, Faglig kontrol";"Godkendt";""
"21000665";"Knud Å, Bens. Møllevad Bro";"20200416";"1200";"1";"True";"1";"pH";"pH";"9,06";"=";"C, Faglig kontrol";"Godkendt";""
"21000665";"Knud Å, Bens. Møllevad Bro";"20200416";"1200";"1";"True";"1";"Temperatur";"grader C";"7";"=";"C, Faglig kontrol";"Godkendt";""
"21000665";"Knud Å, Bens. Møllevad Bro";"20200506";"1200";"1";"True";"1";"pH";"pH";"9,05";"=";"C, Faglig kontrol";"Godkendt";""
"21000665";"Knud Å, Bens. Møllevad Bro";"20200506";"1200";"1";"True";"1";"Temperatur";"grader C";"10,3";"=";"C, Faglig kontrol";"Godkendt";""
"21000665";"Knud Å, Bens. Møllevad Bro";"20200529";"1200";"1";"True";"1";"pH";"pH";"8,7";"=";"C, Faglig kontrol";"Godkendt";""
"21000665";"Knud Å, Bens. Møllevad Bro";"20200529";"1200";"1";"True";"1";"Temperatur";"grader C";"16,4";"=";"C, Faglig kontrol";"Godkendt";""
"21000665";"Knud Å, Bens. Møllevad Bro";"20200626";"1200";"1";"True";"1";"pH";"pH";"8,57";"=";"C, Faglig kontrol";"Godkendt";""
"21000665";"Knud Å, Bens. Møllevad Bro";"20200626";"1200";"1";"True";"1";"Temperatur";"grader C";"24,8";"=";"C, Faglig kontrol";"Godkendt";""
"21000665";"Knud Å, Bens. Møllevad Bro";"20200728";"1200";"1";"True";"1";"pH";"pH";"8,46";"=";"C, Faglig kontrol";"Godkendt";"2021-04-29 20:12/Datamigrering: Registreret af Lars Juhler (lajuh@nst.dk)"
"21000665";"Knud Å, Bens. Møllevad Bro";"20200728";"1200";"1";"True";"1";"Temperatur";"grader C";"18,3";"=";"C, Faglig kontrol";"Godkendt";"2021-04-29 20:12/Datamigrering: Registreret af Lars Juhler (lajuh@nst.dk)"
"21000665";"Knud Å, Bens. Møllevad Bro";"20200901";"1200";"1";"True";"1";"pH";"pH";"8,919";"=";"C, Faglig kontrol";"Godkendt";"2021-04-29 02:17/Datamigrering: Registreret af Lars Juhler (lajuh@nst.dk)"
"21000665";"Knud Å, Bens. Møllevad Bro";"20200901";"1200";"1";"True";"1";"Temperatur";"grader C";"19,1";"=";"C, Faglig kontrol";"Godkendt";"2021-04-29 02:17/Datamigrering: Registreret af Lars Juhler (lajuh@nst.dk)"
"21000665";"Knud Å, Bens. Møllevad Bro";"20201001";"1200";"1";"True";"1";"pH";"pH";"8,3";"=";"B, Elektronisk kontrol";"Godkendt";"2021-04-29 18:30/Datamigrering: Registreret af Lars Juhler (lajuh@nst.dk)"
"21000665";"Knud Å, Bens. Møllevad Bro";"20201001";"1200";"1";"True";"1";"Temperatur";"grader C";"15,4";"=";"B, Elektronisk kontrol";"Godkendt";"2021-04-29 18:30/Datamigrering: Registreret af Lars Juhler (lajuh@nst.dk)"
"21000665";"Knud Å, Bens. Møllevad Bro";"20201008";"1200";"1";"True";"1";"pH";"pH";"8,237";"=";"B, Elektronisk kontrol";"Godkendt";"2021-04-29 03:43/Datamigrering: Registreret af Lars Juhler (lajuh@nst.dk)"
"21000665";"Knud Å, Bens. Møllevad Bro";"20201008";"1200";"1";"True";"1";"Temperatur";"grader C";"14,5";"=";"B, Elektronisk kontrol";"Godkendt";"2021-04-29 03:43/Datamigrering: Registreret af Lars Juhler (lajuh@nst.dk)"
"21000665";"Knud Å, Bens. Møllevad Bro";"20201021";"1200";"1";"True";"1";"pH";"pH";"7,98";"=";"C, Faglig kontrol";"Godkendt";"2021-04-29 20:35/Datamigrering: Registreret af Lars Juhler (lajuh@nst.dk)"
"21000665";"Knud Å, Bens. Møllevad Bro";"20201021";"1200";"1";"True";"1";"Temperatur";"grader C";"12,2";"=";"C, Faglig kontrol";"Godkendt";"2021-04-29 20:35/Datamigrering: Registreret af Lars Juhler (lajuh@nst.dk)"
"21000665";"Knud Å, Bens. Møllevad Bro";"20201103";"1200";"1";"True";"1";"pH";"pH";"8,1";"=";"B, Elektronisk kontrol";"Godkendt";"2021-04-29 02:17/Datamigrering: Registreret af Lars Juhler (lajuh@nst.dk)"
"21000665";"Knud Å, Bens. Møllevad Bro";"20201103";"1200";"1";"True";"1";"Temperatur";"grader C";"11,3";"=";"B, Elektronisk kontrol";"Godkendt";"2021-04-29 02:17/Datamigrering: Registreret af Lars Juhler (lajuh@nst.dk)"
"21000665";"Knud Å, Bens. Møllevad Bro";"20201125";"1200";"1";"True";"1";"pH";"pH";"7,78";"=";"C, Faglig kontrol";"Godkendt";"2021-04-29 01:50/Datamigrering: Registreret af Lars Juhler (lajuh@nst.dk)"
"21000665";"Knud Å, Bens. Møllevad Bro";"20201125";"1200";"1";"True";"1";"Temperatur";"grader C";"8,9";"=";"C, Faglig kontrol";"Godkendt";"2021-04-29 01:50/Datamigrering: Registreret af Lars Juhler (lajuh@nst.dk)"
"21000665";"Knud Å, Bens. Møllevad Bro";"20201130";"1200";"1";"True";"1";"pH";"pH";"7,7";"=";"B, Elektronisk kontrol";"Godkendt";"2021-04-29 21:53/Datamigrering: Registreret af Lars Juhler (lajuh@nst.dk)"
"21000665";"Knud Å, Bens. Møllevad Bro";"20201130";"1200";"1";"True";"1";"Temperatur";"grader C";"8,2";"=";"B, Elektronisk kontrol";"Godkendt";"2021-04-29 21:53/Datamigrering: Registreret af Lars Juhler (lajuh@nst.dk)"
"21000665";"Knud Å, Bens. Møllevad Bro";"20201221";"1200";"1";"True";"1";"pH";"pH";"7,87";"=";"C, Faglig kontrol";"Godkendt";"2021-04-29 20:34/Datamigrering: Registreret af Lars Juhler (lajuh@nst.dk)"
"21000665";"Knud Å, Bens. Møllevad Bro";"20201221";"1200";"1";"True";"1";"Temperatur";"grader C";"6,7";"=";"C, Faglig kontrol";"Godkendt";"2021-04-29 20:34/Datamigrering: Registreret af Lars Juhler (lajuh@nst.dk)"
"21000665";"Knud Å, Bens. Møllevad Bro";"20210105";"1200";"1";"True";"1";"pH";"pH";"7,91";"=";"C, Faglig kontrol";"Godkendt";"2022-01-24 02:56/Auto KS2"
"21000665";"Knud Å, Bens. Møllevad Bro";"20210105";"1200";"1";"True";"1";"Temperatur";"grader C";"5,1";"=";"C, Faglig kontrol";"Godkendt";"2022-01-24 02:56/Auto KS2"
"21000665";"Knud Å, Bens. Møllevad Bro";"20210120";"1200";"1";"True";"1";"pH";"pH";"7,95";"=";"C, Faglig kontrol";"Godkendt";"2022-01-24 02:56/Auto KS2"
"21000665";"Knud Å, Bens. Møllevad Bro";"20210120";"1200";"1";"True";"1";"Temperatur";"grader C";"3,8";"=";"C, Faglig kontrol";"Godkendt";"2022-01-24 02:56/Auto KS2"
"21000665";"Knud Å, Bens. Møllevad Bro";"20210202";"1200";"1";"True";"1";"pH";"pH";"8,01";"=";"C, Faglig kontrol";"Godkendt";"2022-01-24 02:57/Auto KS2"
"21000665";"Knud Å, Bens. Møllevad Bro";"20210202";"1200";"1";"True";"1";"Temperatur";"grader C";"2,5";"=";"C, Faglig kontrol";"Godkendt";"2022-01-24 02:57/Auto KS2"
"21000665";"Knud Å, Bens. Møllevad Bro";"20210224";"1200";"1";"True";"1";"pH";"pH";"8,01";"=";"C, Faglig kontrol";"Godkendt";"2022-01-24 02:56/Auto KS2"
"21000665";"Knud Å, Bens. Møllevad Bro";"20210224";"1200";"1";"True";"1";"Temperatur";"grader C";"2,4";"=";"C, Faglig kontrol";"Godkendt";"2022-01-24 02:56/Auto KS2"
"21000665";"Knud Å, Bens. Møllevad Bro";"20210303";"1200";"1";"True";"1";"pH";"pH";"8,1";"=";"C, Faglig kontrol";"Godkendt";"2022-01-24 02:57/Auto KS2"
"21000665";"Knud Å, Bens. Møllevad Bro";"20210303";"1200";"1";"True";"1";"Temperatur";"grader C";"2,9";"=";"C, Faglig kontrol";"Godkendt";"2022-01-24 02:57/Auto KS2"
"21000665";"Knud Å, Bens. Møllevad Bro";"20210316";"1200";"1";"True";"1";"pH";"pH";"8,07";"=";"C, Faglig kontrol";"Godkendt";"2022-01-24 02:56/Auto KS2"
"21000665";"Knud Å, Bens. Møllevad Bro";"20210316";"1200";"1";"True";"1";"Temperatur";"grader C";"3,6";"=";"C, Faglig kontrol";"Godkendt";"2022-01-24 02:56/Auto KS2"
"21000665";"Knud Å, Bens. Møllevad Bro";"20210414";"1200";"1";"True";"1";"pH";"pH";"8,62";"=";"C, Faglig kontrol";"Godkendt";"2021-07-15 01:24/Auto KS2"
"21000665";"Knud Å, Bens. Møllevad Bro";"20210414";"1200";"1";"True";"1";"Temperatur";"grader C";"5,8";"=";"C, Faglig kontrol";"Godkendt";"2021-07-15 01:24/Auto KS2"
"21000665";"Knud Å, Bens. Møllevad Bro";"20210504";"1200";"1";"True";"1";"pH";"pH";"9,19";"=";"C, Faglig kontrol";"Godkendt";"2021-08-31 13:24/Auto KS2"
"21000665";"Knud Å, Bens. Møllevad Bro";"20210504";"1200";"1";"True";"1";"Temperatur";"grader C";"8,9";"=";"C, Faglig kontrol";"Godkendt";"2021-08-31 13:24/Auto KS2"
"21000665";"Knud Å, Bens. Møllevad Bro";"20210607";"1200";"1";"True";"1";"pH";"pH";"8,59";"=";"C, Faglig kontrol";"Godkendt";"2021-07-17 01:21/Auto KS2"
"21000665";"Knud Å, Bens. Møllevad Bro";"20210607";"1200";"1";"True";"1";"Temperatur";"grader C";"18,3";"=";"C, Faglig kontrol";"Godkendt";"2021-07-17 01:21/Auto KS2"
"21000665";"Knud Å, Bens. Møllevad Bro";"20210705";"1200";"1";"True";"1";"pH";"pH";"8,66";"=";"C, Faglig kontrol";"Godkendt";"2021-08-31 13:24/Auto KS2"
"21000665";"Knud Å, Bens. Møllevad Bro";"20210705";"1200";"1";"True";"1";"Temperatur";"grader C";"22,1";"=";"C, Faglig kontrol";"Godkendt";"2021-08-31 13:24/Auto KS2"
"21000665";"Knud Å, Bens. Møllevad Bro";"20210729";"1200";"1";"True";"1";"pH";"pH";"8,47";"=";"C, Faglig kontrol";"Godkendt";"2021-08-31 13:25/Auto KS2"
"21000665";"Knud Å, Bens. Møllevad Bro";"20210729";"1200";"1";"True";"1";"Temperatur";"grader C";"21,5";"=";"C, Faglig kontrol";"Godkendt";"2021-08-31 13:25/Auto KS2"
"21000665";"Knud Å, Bens. Møllevad Bro";"20210811";"1200";"1";"True";"1";"pH";"pH";"8,66";"=";"C, Faglig kontrol";"Godkendt";"2021-08-31 13:24/Auto KS2"
"21000665";"Knud Å, Bens. Møllevad Bro";"20210811";"1200";"1";"True";"1";"Temperatur";"grader C";"19,6";"=";"C, Faglig kontrol";"Godkendt";"2021-08-31 13:24/Auto KS2"
"21000665";"Knud Å, Bens. Møllevad Bro";"20210930";"1200";"1";"True";"1";"pH";"pH";"8,09";"=";"C, Faglig kontrol";"Godkendt";"2021-10-02 01:56/Auto KS2"
"21000665";"Knud Å, Bens. Møllevad Bro";"20210930";"1200";"1";"True";"1";"Temperatur";"grader C";"15,5";"=";"C, Faglig kontrol";"Godkendt";"2021-10-02 01:56/Auto KS2"
"21000665";"Knud Å, Bens. Møllevad Bro";"20211011";"1200";"1";"True";"1";"pH";"pH";"8,22";"=";"C, Faglig kontrol";"Godkendt";"2021-10-28 01:56/Auto KS2"
"21000665";"Knud Å, Bens. Møllevad Bro";"20211011";"1200";"1";"True";"1";"Temperatur";"grader C";"14";"=";"C, Faglig kontrol";"Godkendt";"2021-10-28 01:56/Auto KS2"
"21000665";"Knud Å, Bens. Møllevad Bro";"20211026";"1200";"1";"True";"1";"pH";"pH";"7,89";"=";"C, Faglig kontrol";"Godkendt";"2021-10-28 01:56/Auto KS2"
"21000665";"Knud Å, Bens. Møllevad Bro";"20211026";"1200";"1";"True";"1";"Temperatur";"grader C";"11,5";"=";"C, Faglig kontrol";"Godkendt";"2021-10-28 01:56/Auto KS2"
"21000665";"Knud Å, Bens. Møllevad Bro";"20211110";"1200";"1";"True";"1";"pH";"pH";"7,41";"=";"C, Faglig kontrol";"Godkendt";"2021-11-11 10:21/Auto KS2"
"21000665";"Knud Å, Bens. Møllevad Bro";"20211110";"1200";"1";"True";"1";"Temperatur";"grader C";"10,1";"=";"C, Faglig kontrol";"Godkendt";"2021-11-11 10:21/Auto KS2"
"21000665";"Knud Å, Bens. Møllevad Bro";"20211123";"1200";"1";"True";"1";"pH";"pH";"8,04";"=";"C, Faglig kontrol";"Godkendt";"2021-11-25 02:55/Auto KS2"
"21000665";"Knud Å, Bens. Møllevad Bro";"20211123";"1200";"1";"True";"1";"Temperatur";"grader C";"8,8";"=";"C, Faglig kontrol";"Godkendt";"2021-11-25 02:55/Auto KS2"
"21000665";"Knud Å, Bens. Møllevad Bro";"20211213";"1200";"1";"True";"1";"pH";"pH";"7,96";"=";"C, Faglig kontrol";"Godkendt";"2022-07-06 04:34/Auto KS2¤2021-12-14 02:53/Auto KS2"
"21000665";"Knud Å, Bens. Møllevad Bro";"20211213";"1200";"1";"True";"1";"Salinitet";"promille";"0,1";"=";"C, Faglig kontrol";"Godkendt";"2022-07-06 04:34/Auto KS2¤2021-12-14 02:53/Auto KS2"
"21000665";"Knud Å, Bens. Møllevad Bro";"20211213";"1200";"1";"True";"1";"Temperatur";"grader C";"5,5";"=";"C, Faglig kontrol";"Godkendt";"2022-07-06 04:34/Auto KS2¤2021-12-14 02:53/Auto KS2"
"21000665";"Knud Å, Bens. Møllevad Bro";"20211221";"1200";"2";"True";"1";"pH";"pH";"7,89";"=";"C, Faglig kontrol";"Godkendt";"2024-01-03 11:57/Manual¤2021-12-24 02:53/Auto KS2"
"21000665";"Knud Å, Bens. Møllevad Bro";"20211221";"1200";"2";"True";"1";"Salinitet";"promille";"0";"=";"C, Faglig kontrol";"Godkendt";"2024-01-03 11:57/Manual¤2021-12-24 02:53/Auto KS2"
"21000665";"Knud Å, Bens. Møllevad Bro";"20211221";"1200";"2";"True";"1";"Temperatur";"grader C";"5,1";"=";"C, Faglig kontrol";"Godkendt";"2024-01-03 11:57/Manual¤2021-12-24 02:53/Auto KS2"
"21000665";"Knud Å, Bens. Møllevad Bro";"20220106";"1200";"1";"True";"1";"pH";"pH";"8,05";"=";"C, Faglig kontrol";"Godkendt";"2022-01-08 02:53/Auto KS2"
"21000665";"Knud Å, Bens. Møllevad Bro";"20220106";"1200";"1";"True";"1";"Temperatur";"grader C";"4,1";"=";"C, Faglig kontrol";"Godkendt";"2022-01-08 02:53/Auto KS2"
"21000665";"Knud Å, Bens. Møllevad Bro";"20220125";"1200";"1";"True";"1";"pH";"pH";"8,24";"=";"C, Faglig kontrol";"Godkendt";"2024-01-03 11:58/Manual¤2022-01-28 02:55/Auto KS2"
"21000665";"Knud Å, Bens. Møllevad Bro";"20220125";"1200";"1";"True";"1";"Salinitet";"promille";"0";"=";"C, Faglig kontrol";"Godkendt";"2024-01-03 11:58/Manual¤2022-01-28 02:55/Auto KS2"
"21000665";"Knud Å, Bens. Møllevad Bro";"20220125";"1200";"1";"True";"1";"Temperatur";"grader C";"3,6";"=";"C, Faglig kontrol";"Godkendt";"2024-01-03 11:58/Manual¤2022-01-28 02:55/Auto KS2"
"21000665";"Knud Å, Bens. Møllevad Bro";"20220203";"1200";"1";"True";"1";"pH";"pH";"8,36";"=";"C, Faglig kontrol";"Godkendt";"2022-02-05 02:54/Auto KS2"
"21000665";"Knud Å, Bens. Møllevad Bro";"20220203";"1200";"1";"True";"1";"Temperatur";"grader C";"3,9";"=";"C, Faglig kontrol";"Godkendt";"2022-02-05 02:54/Auto KS2"
"21000665";"Knud Å, Bens. Møllevad Bro";"20220218";"1200";"1";"True";"1";"pH";"pH";"8,39";"=";"C, Faglig kontrol";"Godkendt";"2022-02-20 02:52/Auto KS2"
"21000665";"Knud Å, Bens. Møllevad Bro";"20220218";"1200";"1";"True";"1";"Temperatur";"grader C";"3,7";"=";"C, Faglig kontrol";"Godkendt";"2022-02-20 02:52/Auto KS2"
"21000665";"Knud Å, Bens. Møllevad Bro";"20220302";"1200";"1";"True";"1";"pH";"pH";"8,33";"=";"C, Faglig kontrol";"Godkendt";"2022-03-03 02:54/Auto KS2"
"21000665";"Knud Å, Bens. Møllevad Bro";"20220302";"1200";"1";"True";"1";"Temperatur";"grader C";"3,7";"=";"C, Faglig kontrol";"Godkendt";"2022-03-03 02:54/Auto KS2"
"21000665";"Knud Å, Bens. Møllevad Bro";"20220318";"1200";"1";"True";"1";"pH";"pH";"7,34";"=";"C, Faglig kontrol";"Godkendt";"2024-01-03 11:58/Manual¤2022-03-19 02:53/Auto KS2"
"21000665";"Knud Å, Bens. Møllevad Bro";"20220318";"1200";"1";"True";"1";"Salinitet";"promille";"0";"=";"C, Faglig kontrol";"Godkendt";"2024-01-03 11:58/Manual¤2022-03-19 02:53/Auto KS2"
"21000665";"Knud Å, Bens. Møllevad Bro";"20220318";"1200";"1";"True";"1";"Temperatur";"grader C";"4,2";"=";"C, Faglig kontrol";"Godkendt";"2024-01-03 11:58/Manual¤2022-03-19 02:53/Auto KS2"
"21000665";"Knud Å, Bens. Møllevad Bro";"20220331";"1200";"1";"True";"1";"pH";"pH";"8,3";"=";"C, Faglig kontrol";"Godkendt";"2022-04-02 04:05/Auto KS2"
"21000665";"Knud Å, Bens. Møllevad Bro";"20220331";"1200";"1";"True";"1";"Temperatur";"grader C";"5,4";"=";"C, Faglig kontrol";"Godkendt";"2022-04-02 04:05/Auto KS2"
"21000665";"Knud Å, Bens. Møllevad Bro";"20220426";"1200";"1";"True";"1";"pH";"pH";"9,42";"=";"C, Faglig kontrol";"Godkendt";"2022-04-27 03:39/Auto KS2"
"21000665";"Knud Å, Bens. Møllevad Bro";"20220426";"1200";"1";"True";"1";"Temperatur";"grader C";"10";"=";"C, Faglig kontrol";"Godkendt";"2022-04-27 03:39/Auto KS2"
"21000665";"Knud Å, Bens. Møllevad Bro";"20220427";"1200";"1";"True";"1";"pH";"pH";"9,45";"=";"C, Faglig kontrol";"Godkendt";"2022-04-28 04:16/Auto KS2"
"21000665";"Knud Å, Bens. Møllevad Bro";"20220427";"1200";"1";"True";"1";"Temperatur";"grader C";"9,9";"=";"C, Faglig kontrol";"Godkendt";"2022-04-28 04:16/Auto KS2"
"21000665";"Knud Å, Bens. Møllevad Bro";"20220525";"1200";"1";"True";"1";"pH";"pH";"8,84";"=";"C, Faglig kontrol";"Godkendt";"2022-05-26 04:39/Auto KS2"
"21000665";"Knud Å, Bens. Møllevad Bro";"20220525";"1200";"1";"True";"1";"Temperatur";"grader C";"16,6";"=";"C, Faglig kontrol";"Godkendt";"2022-05-26 04:39/Auto KS2"
"21000665";"Knud Å, Bens. Møllevad Bro";"20220629";"1200";"1";"True";"1";"pH";"pH";"8,49";"=";"C, Faglig kontrol";"Godkendt";"2022-06-30 04:30/Auto KS2"
"21000665";"Knud Å, Bens. Møllevad Bro";"20220629";"1200";"1";"True";"1";"Temperatur";"grader C";"21,4";"=";"C, Faglig kontrol";"Godkendt";"2022-06-30 04:30/Auto KS2"
"21000665";"Knud Å, Bens. Møllevad Bro";"20220714";"1200";"1";"True";"1";"pH";"pH";"8,63";"=";"C, Faglig kontrol";"Godkendt";"2022-07-16 04:15/Auto KS2"
"21000665";"Knud Å, Bens. Møllevad Bro";"20220714";"1200";"1";"True";"1";"Temperatur";"grader C";"18,6";"=";"C, Faglig kontrol";"Godkendt";"2022-07-16 04:15/Auto KS2"
"21000665";"Knud Å, Bens. Møllevad Bro";"20220816";"1200";"1";"True";"1";"pH";"pH";"8,84";"=";"C, Faglig kontrol";"Godkendt";"2024-01-03 05:27/Auto KS2¤2022-08-18 04:27/Auto KS2"
"21000665";"Knud Å, Bens. Møllevad Bro";"20220816";"1200";"1";"True";"1";"Salinitet";"promille";"0";"=";"C, Faglig kontrol";"Godkendt";"2024-01-03 05:27/Auto KS2¤2022-08-18 04:27/Auto KS2"
"21000665";"Knud Å, Bens. Møllevad Bro";"20220816";"1200";"1";"True";"1";"Temperatur";"grader C";"23,3";"=";"C, Faglig kontrol";"Godkendt";"2024-01-03 05:27/Auto KS2¤2022-08-18 04:27/Auto KS2"
"21000665";"Knud Å, Bens. Møllevad Bro";"20220914";"1200";"1";"True";"1";"pH";"pH";"8,77";"=";"C, Faglig kontrol";"Godkendt";"2022-09-15 04:27/Auto KS2"
"21000665";"Knud Å, Bens. Møllevad Bro";"20220914";"1200";"1";"True";"1";"Temperatur";"grader C";"17,4";"=";"C, Faglig kontrol";"Godkendt";"2022-09-15 04:27/Auto KS2"
"21000665";"Knud Å, Bens. Møllevad Bro";"20221020";"1200";"1";"True";"1";"pH";"pH";"8,51";"=";"C, Faglig kontrol";"Godkendt";"2024-01-03 05:27/Auto KS2¤2022-10-21 04:29/Auto KS2"
"21000665";"Knud Å, Bens. Møllevad Bro";"20221020";"1200";"1";"True";"1";"Salinitet";"promille";"0,1";"=";"C, Faglig kontrol";"Godkendt";"2024-01-03 05:27/Auto KS2¤2022-10-21 04:29/Auto KS2"
"21000665";"Knud Å, Bens. Møllevad Bro";"20221020";"1200";"1";"True";"1";"Temperatur";"grader C";"12,3";"=";"C, Faglig kontrol";"Godkendt";"2024-01-03 05:27/Auto KS2¤2022-10-21 04:29/Auto KS2"
"21000665";"Knud Å, Bens. Møllevad Bro";"20221026";"1200";"1";"True";"1";"pH";"pH";"8,26";"=";"C, Faglig kontrol";"Godkendt";"2022-10-28 08:07/Auto KS2"
"21000665";"Knud Å, Bens. Møllevad Bro";"20221026";"1200";"1";"True";"1";"Salinitet";"promille";"0,1";"=";"C, Faglig kontrol";"Godkendt";"2022-10-28 08:07/Auto KS2"
"21000665";"Knud Å, Bens. Møllevad Bro";"20221026";"1200";"1";"True";"1";"Temperatur";"grader C";"12,2";"=";"C, Faglig kontrol";"Godkendt";"2022-10-28 08:07/Auto KS2"
"21000665";"Knud Å, Bens. Møllevad Bro";"20221117";"1200";"1";"True";"1";"pH";"pH";"8,26";"=";"C, Faglig kontrol";"Godkendt";"2022-11-18 05:30/Auto KS2"
"21000665";"Knud Å, Bens. Møllevad Bro";"20221117";"1200";"1";"True";"1";"Salinitet";"promille";"0,1";"=";"C, Faglig kontrol";"Godkendt";"2022-11-18 05:30/Auto KS2"
"21000665";"Knud Å, Bens. Møllevad Bro";"20221117";"1200";"1";"True";"1";"Temperatur";"grader C";"9,7";"=";"C, Faglig kontrol";"Godkendt";"2022-11-18 05:30/Auto KS2"
"21000665";"Knud Å, Bens. Møllevad Bro";"20221207";"1200";"1";"True";"1";"pH";"pH";"8,045";"=";"C, Faglig kontrol";"Godkendt";"2022-12-08 05:16/Auto KS2"
"21000665";"Knud Å, Bens. Møllevad Bro";"20221207";"1200";"1";"True";"1";"Salinitet";"promille";"0,1";"=";"C, Faglig kontrol";"Godkendt";"2022-12-08 05:16/Auto KS2"
"21000665";"Knud Å, Bens. Møllevad Bro";"20221207";"1200";"1";"True";"1";"Temperatur";"grader C";"6,7";"=";"C, Faglig kontrol";"Godkendt";"2022-12-08 05:16/Auto KS2"
"21000665";"Knud Å, Bens. Møllevad Bro";"20221219";"1200";"1";"True";"1";"pH";"pH";"7,95";"=";"C, Faglig kontrol";"Godkendt";"2022-12-20 05:16/Auto KS2"
"21000665";"Knud Å, Bens. Møllevad Bro";"20221219";"1200";"1";"True";"1";"Salinitet";"promille";"0,1";"=";"C, Faglig kontrol";"Godkendt";"2022-12-20 05:16/Auto KS2"
"21000665";"Knud Å, Bens. Møllevad Bro";"20221219";"1200";"1";"True";"1";"Temperatur";"grader C";"4,5";"=";"C, Faglig kontrol";"Godkendt";"2022-12-20 05:16/Auto KS2"
"21000665";"Knud Å, Bens. Møllevad Bro";"20230104";"1200";"1";"True";"1";"pH";"pH";"8,04";"=";"C, Faglig kontrol";"Godkendt";"2023-01-05 05:10/Auto KS2"
"21000665";"Knud Å, Bens. Møllevad Bro";"20230104";"1200";"1";"True";"1";"Salinitet";"promille";"0,1";"=";"C, Faglig kontrol";"Godkendt";"2023-01-05 05:10/Auto KS2"
"21000665";"Knud Å, Bens. Møllevad Bro";"20230104";"1200";"1";"True";"1";"Temperatur";"grader C";"4,7";"=";"C, Faglig kontrol";"Godkendt";"2023-01-05 05:10/Auto KS2"
"21000665";"Knud Å, Bens. Møllevad Bro";"20230117";"1200";"1";"True";"1";"pH";"pH";"8,173";"=";"C, Faglig kontrol";"Godkendt";"2023-01-19 05:13/Auto KS2"
"21000665";"Knud Å, Bens. Møllevad Bro";"20230117";"1200";"1";"True";"1";"Temperatur";"grader C";"4,6";"=";"C, Faglig kontrol";"Godkendt";"2023-01-19 05:13/Auto KS2"
"21000665";"Knud Å, Bens. Møllevad Bro";"20230131";"1200";"1";"True";"1";"pH";"pH";"8,1";"=";"C, Faglig kontrol";"Godkendt";"2023-02-01 04:59/Auto KS2"
"21000665";"Knud Å, Bens. Møllevad Bro";"20230131";"1200";"1";"True";"1";"Salinitet";"promille";"0,1";"=";"C, Faglig kontrol";"Godkendt";"2023-02-01 04:59/Auto KS2"
"21000665";"Knud Å, Bens. Møllevad Bro";"20230131";"1200";"1";"True";"1";"Temperatur";"grader C";"3,7";"=";"C, Faglig kontrol";"Godkendt";"2023-02-01 04:59/Auto KS2"
"21000665";"Knud Å, Bens. Møllevad Bro";"20230214";"1200";"1";"True";"1";"pH";"pH";"8,15";"=";"C, Faglig kontrol";"Godkendt";"2023-02-15 04:52/Auto KS2"
"21000665";"Knud Å, Bens. Møllevad Bro";"20230214";"1200";"1";"True";"1";"Salinitet";"promille";"0,1";"=";"C, Faglig kontrol";"Godkendt";"2023-02-15 04:52/Auto KS2"
"21000665";"Knud Å, Bens. Møllevad Bro";"20230214";"1200";"1";"True";"1";"Temperatur";"grader C";"3,7";"=";"C, Faglig kontrol";"Godkendt";"2023-02-15 04:52/Auto KS2"
"21000665";"Knud Å, Bens. Møllevad Bro";"20230228";"1200";"1";"True";"1";"pH";"pH";"8,242";"=";"C, Faglig kontrol";"Godkendt";"2023-03-03 05:12/Auto KS2"
"21000665";"Knud Å, Bens. Møllevad Bro";"20230314";"1200";"1";"True";"1";"pH";"pH";"8,2";"=";"C, Faglig kontrol";"Godkendt";"2023-03-15 05:06/Auto KS2"
"21000665";"Knud Å, Bens. Møllevad Bro";"20230314";"1200";"1";"True";"1";"Salinitet";"promille";"0,1";"=";"C, Faglig kontrol";"Godkendt";"2023-03-15 05:06/Auto KS2"
"21000665";"Knud Å, Bens. Møllevad Bro";"20230314";"1200";"1";"True";"1";"Temperatur";"grader C";"3,9";"=";"C, Faglig kontrol";"Godkendt";"2023-03-15 05:06/Auto KS2"
"21000665";"Knud Å, Bens. Møllevad Bro";"20230328";"1200";"1";"True";"1";"pH";"pH";"8,18";"=";"C, Faglig kontrol";"Godkendt";"2023-03-29 04:10/Auto KS2"
"21000665";"Knud Å, Bens. Møllevad Bro";"20230328";"1200";"1";"True";"1";"Temperatur";"grader C";"5,2";"=";"C, Faglig kontrol";"Godkendt";"2023-03-29 04:10/Auto KS2"
"21000665";"Knud Å, Bens. Møllevad Bro";"20230428";"1200";"1";"True";"1";"pH";"pH";"9,11";"=";"C, Faglig kontrol";"Godkendt";"2023-04-29 04:14/Auto KS2"
"21000665";"Knud Å, Bens. Møllevad Bro";"20230428";"1200";"1";"True";"1";"Temperatur";"grader C";"8,4";"=";"C, Faglig kontrol";"Godkendt";"2023-04-29 04:14/Auto KS2"
"21000665";"Knud Å, Bens. Møllevad Bro";"20230525";"1200";"1";"True";"1";"pH";"pH";"8,78";"=";"C, Faglig kontrol";"Godkendt";"2023-05-26 04:09/Auto KS2"
"21000665";"Knud Å, Bens. Møllevad Bro";"20230525";"1200";"1";"True";"1";"Temperatur";"grader C";"14,8";"=";"C, Faglig kontrol";"Godkendt";"2023-05-26 04:09/Auto KS2"
"21000665";"Knud Å, Bens. Møllevad Bro";"20230622";"1200";"2";"True";"1";"pH";"pH";"8,53";"=";"C, Faglig kontrol";"Godkendt";"2023-06-23 04:17/Auto KS2"
"21000665";"Knud Å, Bens. Møllevad Bro";"20230622";"1200";"2";"True";"1";"Temperatur";"grader C";"22,1";"=";"C, Faglig kontrol";"Godkendt";"2023-06-23 04:17/Auto KS2"
"21000665";"Knud Å, Bens. Møllevad Bro";"20230816";"1200";"1";"True";"1";"pH";"pH";"8,79";"=";"C, Faglig kontrol";"Godkendt";"2023-08-18 07:42/Auto KS2"
"21000665";"Knud Å, Bens. Møllevad Bro";"20230816";"1200";"1";"True";"1";"Temperatur";"grader C";"17,4";"=";"C, Faglig kontrol";"Godkendt";"2023-08-18 07:42/Auto KS2"
"21000665";"Knud Å, Bens. Møllevad Bro";"20230912";"1200";"1";"True";"1";"pH";"pH";"9";"=";"C, Faglig kontrol";"Godkendt";"2023-09-14 04:21/Auto KS2"
"21000665";"Knud Å, Bens. Møllevad Bro";"20230912";"1200";"1";"True";"1";"Temperatur";"grader C";"20,3";"=";"C, Faglig kontrol";"Godkendt";"2023-09-14 04:21/Auto KS2"
"21000665";"Knud Å, Bens. Møllevad Bro";"20231006";"1200";"1";"True";"1";"pH";"pH";"8,31";"=";"C, Faglig kontrol";"Godkendt";"2023-10-07 04:43/Auto KS2"
"21000665";"Knud Å, Bens. Møllevad Bro";"20231006";"1200";"1";"True";"1";"Temperatur";"grader C";"16";"=";"C, Faglig kontrol";"Godkendt";"2023-10-07 04:43/Auto KS2"
"21000665";"Knud Å, Bens. Møllevad Bro";"20231019";"1200";"1";"True";"1";"pH";"pH";"8,12";"=";"C, Faglig kontrol";"Godkendt";"2023-10-20 04:43/Auto KS2"
"21000665";"Knud Å, Bens. Møllevad Bro";"20231019";"1200";"1";"True";"1";"Temperatur";"grader C";"12";"=";"C, Faglig kontrol";"Godkendt";"2023-10-20 04:43/Auto KS2"
"21000665";"Knud Å, Bens. Møllevad Bro";"20231030";"1200";"1";"True";"1";"pH";"pH";"7,94";"=";"C, Faglig kontrol";"Godkendt";"2023-11-01 05:45/Auto KS2"
"21000665";"Knud Å, Bens. Møllevad Bro";"20231030";"1200";"1";"True";"1";"Temperatur";"grader C";"10,3";"=";"C, Faglig kontrol";"Godkendt";"2023-11-01 05:45/Auto KS2"
"21000665";"Knud Å, Bens. Møllevad Bro";"20231121";"1200";"1";"True";"1";"pH";"pH";"7,79";"=";"C, Faglig kontrol";"Godkendt";"2024-01-03 11:59/Manual"
"21000665";"Knud Å, Bens. Møllevad Bro";"20231121";"1200";"1";"True";"1";"Salinitet";"promille";"0";"=";"C, Faglig kontrol";"Godkendt";"2024-01-03 11:59/Manual"
"21000665";"Knud Å, Bens. Møllevad Bro";"20231121";"1200";"1";"True";"1";"Temperatur";"grader C";"8,1";"=";"C, Faglig kontrol";"Godkendt";"2024-01-03 11:59/Manual"
"21000665";"Knud Å, Bens. Møllevad Bro";"20231129";"1200";"1";"True";"1";"pH";"pH";"7,93";"=";"C, Faglig kontrol";"Godkendt";"2024-01-03 12:00/Manual"
"21000665";"Knud Å, Bens. Møllevad Bro";"20231129";"1200";"1";"True";"1";"Salinitet";"promille";"0";"=";"C, Faglig kontrol";"Godkendt";"2024-01-03 12:00/Manual"
"21000665";"Knud Å, Bens. Møllevad Bro";"20231129";"1200";"1";"True";"1";"Temperatur";"grader C";"6,1";"=";"C, Faglig kontrol";"Godkendt";"2024-01-03 12:00/Manual"
"21000665";"Knud Å, Bens. Møllevad Bro";"20231214";"1200";"1";"True";"1";"Grøde";"Ikke oplyst";"0";"=";"C, Faglig kontrol";"Godkendt";"2023-12-21 05:27/Auto KS2"
"21000665";"Knud Å, Bens. Møllevad Bro";"20240110";"1200";"1";"True";"1";"pH";"pH";"7,969";"=";"C, Faglig kontrol";"Godkendt";"2024-01-11 05:30/Auto KS2"
"21000665";"Knud Å, Bens. Møllevad Bro";"20240110";"1200";"1";"True";"1";"Salinitet";"promille";"0,1";"=";"C, Faglig kontrol";"Godkendt";"2024-01-11 05:30/Auto KS2"
"21000665";"Knud Å, Bens. Møllevad Bro";"20240110";"1200";"1";"True";"1";"Temperatur";"grader C";"2,8";"=";"C, Faglig kontrol";"Godkendt";"2024-01-11 05:30/Auto KS2"
"21000665";"Knud Å, Bens. Møllevad Bro";"20240119";"1200";"1";"True";"1";"pH";"pH";"8,096";"=";"C, Faglig kontrol";"Godkendt";"2024-01-27 05:25/Auto KS2¤2024-01-23 05:13/Auto KS2"
"21000665";"Knud Å, Bens. Møllevad Bro";"20240119";"1200";"1";"True";"1";"Salinitet";"promille";"0,1";"=";"C, Faglig kontrol";"Godkendt";"2024-01-27 05:25/Auto KS2¤2024-01-23 05:13/Auto KS2"
"21000665";"Knud Å, Bens. Møllevad Bro";"20240119";"1200";"1";"True";"1";"Temperatur";"grader C";"2,8";"=";"C, Faglig kontrol";"Godkendt";"2024-01-27 05:25/Auto KS2¤2024-01-23 05:13/Auto KS2"
"21000665";"Knud Å, Bens. Møllevad Bro";"20240119";"1200";"1";"True";"2";"Grøde";"Ikke oplyst";"0";"=";"C, Faglig kontrol";"Godkendt";"2024-01-27 05:25/Auto KS2¤2024-01-23 05:13/Auto KS2"
"21000665";"Knud Å, Bens. Møllevad Bro";"20240131";"1200";"1";"True";"1";"pH";"pH";"8,027";"=";"C, Faglig kontrol";"Godkendt";"2024-02-01 05:24/Auto KS2"
"21000665";"Knud Å, Bens. Møllevad Bro";"20240131";"1200";"1";"True";"1";"Salinitet";"promille";"0,1";"=";"C, Faglig kontrol";"Godkendt";"2024-02-01 05:24/Auto KS2"
"21000665";"Knud Å, Bens. Møllevad Bro";"20240131";"1200";"1";"True";"1";"Temperatur";"grader C";"3,4";"=";"C, Faglig kontrol";"Godkendt";"2024-02-01 05:24/Auto KS2"
"21000665";"Knud Å, Bens. Møllevad Bro";"20240214";"1200";"1";"True";"1";"pH";"pH";"8,252";"=";"C, Faglig kontrol";"Godkendt";"2024-02-15 14:54/Auto KS2"
"21000665";"Knud Å, Bens. Møllevad Bro";"20240214";"1200";"1";"True";"1";"Salinitet";"promille";"0,1";"=";"C, Faglig kontrol";"Godkendt";"2024-02-15 14:54/Auto KS2"
"21000665";"Knud Å, Bens. Møllevad Bro";"20240214";"1200";"1";"True";"1";"Temperatur";"grader C";"3,4";"=";"C, Faglig kontrol";"Godkendt";"2024-02-15 14:54/Auto KS2"
"21000665";"Knud Å, Bens. Møllevad Bro";"20240227";"1200";"1";"True";"1";"pH";"pH";"8,106";"=";"C, Faglig kontrol";"Godkendt";"2024-02-28 05:24/Auto KS2"
"21000665";"Knud Å, Bens. Møllevad Bro";"20240227";"1200";"1";"True";"1";"Salinitet";"promille";"0,1";"=";"C, Faglig kontrol";"Godkendt";"2024-02-28 05:24/Auto KS2"
"21000665";"Knud Å, Bens. Møllevad Bro";"20240227";"1200";"1";"True";"1";"Temperatur";"grader C";"4,8";"=";"C, Faglig kontrol";"Godkendt";"2024-02-28 05:24/Auto KS2"
"21000665";"Knud Å, Bens. Møllevad Bro";"20240301";"1200";"1";"True";"1";"Grøde";"Ikke oplyst";"0";"=";"C, Faglig kontrol";"Godkendt";"2024-04-03 04:26/Auto KS2"
"21000665";"Knud Å, Bens. Møllevad Bro";"20240314";"1200";"1";"True";"1";"pH";"pH";"7,64";"=";"C, Faglig kontrol";"Godkendt";"2024-03-15 05:30/Auto KS2"
"21000665";"Knud Å, Bens. Møllevad Bro";"20240314";"1200";"1";"True";"1";"Temperatur";"grader C";"4,9";"=";"C, Faglig kontrol";"Godkendt";"2024-03-15 05:30/Auto KS2"
"21000665";"Knud Å, Bens. Møllevad Bro";"20240321";"1200";"1";"True";"1";"Grøde";"Ikke oplyst";"0";"=";"C, Faglig kontrol";"Godkendt";"2024-04-03 04:26/Auto KS2"
"21000665";"Knud Å, Bens. Møllevad Bro";"20240412";"1200";"1";"True";"1";"pH";"pH";"8,07";"=";"C, Faglig kontrol";"Godkendt";"2024-04-13 04:31/Auto KS2"
"21000665";"Knud Å, Bens. Møllevad Bro";"20240412";"1200";"1";"True";"1";"Temperatur";"grader C";"7,6";"=";"C, Faglig kontrol";"Godkendt";"2024-04-13 04:31/Auto KS2"
"21000665";"Knud Å, Bens. Møllevad Bro";"20240417";"1200";"1";"True";"1";"Grøde";"Ikke oplyst";"0";"=";"C, Faglig kontrol";"Godkendt";"2024-04-20 04:28/Auto KS2"
"21000665";"Knud Å, Bens. Møllevad Bro";"20240507";"1200";"1";"True";"1";"pH";"pH";"8,892";"=";"C, Faglig kontrol";"Godkendt";"2024-05-08 04:30/Auto KS2"
"21000665";"Knud Å, Bens. Møllevad Bro";"20240507";"1200";"1";"True";"1";"Salinitet";"promille";"0,1";"=";"C, Faglig kontrol";"Godkendt";"2024-05-08 04:30/Auto KS2"
"21000665";"Knud Å, Bens. Møllevad Bro";"20240507";"1200";"1";"True";"1";"Temperatur";"grader C";"13,1";"=";"C, Faglig kontrol";"Godkendt";"2024-05-08 04:30/Auto KS2"
"21000665";"Knud Å, Bens. Møllevad Bro";"20240508";"1200";"1";"True";"1";"pH";"pH";"8,875";"=";"C, Faglig kontrol";"Godkendt";"2024-05-10 04:30/Auto KS2"
"21000665";"Knud Å, Bens. Møllevad Bro";"20240508";"1200";"1";"True";"1";"Salinitet";"promille";"0,1";"=";"C, Faglig kontrol";"Godkendt";"2024-05-10 04:30/Auto KS2"
"21000665";"Knud Å, Bens. Møllevad Bro";"20240508";"1200";"1";"True";"1";"Temperatur";"grader C";"13,8";"=";"C, Faglig kontrol";"Godkendt";"2024-05-10 04:30/Auto KS2"
"21000665";"Knud Å, Bens. Møllevad Bro";"20240530";"1200";"1";"True";"1";"pH";"pH";"8,931";"=";"C, Faglig kontrol";"Godkendt";"2024-05-31 04:38/Auto KS2"
"21000665";"Knud Å, Bens. Møllevad Bro";"20240530";"1200";"1";"True";"1";"Salinitet";"promille";"0,1";"=";"C, Faglig kontrol";"Godkendt";"2024-05-31 04:38/Auto KS2"
"21000665";"Knud Å, Bens. Møllevad Bro";"20240530";"1200";"1";"True";"1";"Temperatur";"grader C";"19,3";"=";"C, Faglig kontrol";"Godkendt";"2024-05-31 04:38/Auto KS2"
"21000665";"Knud Å, Bens. Møllevad Bro";"20240628";"1200";"1";"True";"1";"pH";"pH";"8,61";"=";"C, Faglig kontrol";"Godkendt";"2024-08-29 11:27/Manual"
"21000665";"Knud Å, Bens. Møllevad Bro";"20240628";"1200";"1";"True";"1";"Salinitet";"promille";"0,1";"=";"C, Faglig kontrol";"Godkendt";"2024-08-29 11:27/Manual"
"21000665";"Knud Å, Bens. Møllevad Bro";"20240628";"1200";"1";"True";"1";"Temperatur";"grader C";"21,3";"=";"C, Faglig kontrol";"Godkendt";"2024-08-29 11:27/Manual"
"21000665";"Knud Å, Bens. Møllevad Bro";"20240628";"1200";"1";"True";"2";"Grøde";"Ikke oplyst";"0";"=";"C, Faglig kontrol";"Godkendt";"2024-08-29 11:27/Manual"
"21000665";"Knud Å, Bens. Møllevad Bro";"20240729";"1200";"1";"True";"1";"pH";"pH";"8,5";"=";"C, Faglig kontrol";"Godkendt";"2024-07-30 04:50/Auto KS2"
"21000665";"Knud Å, Bens. Møllevad Bro";"20240729";"1200";"1";"True";"1";"Temperatur";"grader C";"20";"=";"C, Faglig kontrol";"Godkendt";"2024-07-30 04:50/Auto KS2"
"21000665";"Knud Å, Bens. Møllevad Bro";"20240906";"1200";"1";"True";"1";"pH";"pH";"8,55";"=";"C, Faglig kontrol";"Godkendt";"2024-09-07 04:59/Auto KS2"
"21000665";"Knud Å, Bens. Møllevad Bro";"20240906";"1200";"1";"True";"1";"Salinitet";"promille";"0,1";"=";"C, Faglig kontrol";"Godkendt";"2024-09-07 04:59/Auto KS2"
"21000665";"Knud Å, Bens. Møllevad Bro";"20240906";"1200";"1";"True";"1";"Temperatur";"grader C";"20,2";"=";"C, Faglig kontrol";"Godkendt";"2024-09-07 04:59/Auto KS2"
"21000665";"Knud Å, Bens. Møllevad Bro";"20241004";"1200";"1";"True";"1";"pH";"pH";"8,044";"=";"C, Faglig kontrol";"Godkendt";"2024-10-05 05:13/Auto KS2"
"21000665";"Knud Å, Bens. Møllevad Bro";"20241004";"1200";"1";"True";"1";"Salinitet";"promille";"0,1";"=";"C, Faglig kontrol";"Godkendt";"2024-10-05 05:13/Auto KS2"
"21000665";"Knud Å, Bens. Møllevad Bro";"20241004";"1200";"1";"True";"1";"Temperatur";"grader C";"14";"=";"C, Faglig kontrol";"Godkendt";"2024-10-05 05:13/Auto KS2"
"21000665";"Knud Å, Bens. Møllevad Bro";"20241017";"1200";"1";"True";"1";"Grøde";"Ikke oplyst";"0";"=";"C, Faglig kontrol";"Godkendt";"2024-12-16 13:10/Manual"
"21000665";"Knud Å, Bens. Møllevad Bro";"20241017";"1200";"1";"True";"2";"pH";"pH";"6,83";"=";"C, Faglig kontrol";"Godkendt";"2024-12-16 13:10/Manual"
"21000665";"Knud Å, Bens. Møllevad Bro";"20241017";"1200";"1";"True";"2";"Temperatur";"grader C";"12,1";"=";"C, Faglig kontrol";"Godkendt";"2024-12-16 13:10/Manual"
"21000665";"Knud Å, Bens. Møllevad Bro";"20241025";"1200";"1";"True";"1";"pH";"pH";"7,929";"=";"C, Faglig kontrol";"Godkendt";"2024-10-26 04:47/Auto KS2"
"21000665";"Knud Å, Bens. Møllevad Bro";"20241025";"1200";"1";"True";"1";"Salinitet";"promille";"0,1";"=";"C, Faglig kontrol";"Godkendt";"2024-10-26 04:47/Auto KS2"
"21000665";"Knud Å, Bens. Møllevad Bro";"20241025";"1200";"1";"True";"1";"Temperatur";"grader C";"11,6";"=";"C, Faglig kontrol";"Godkendt";"2024-10-26 04:47/Auto KS2"
"21000665";"Knud Å, Bens. Møllevad Bro";"20241113";"1200";"1";"True";"1";"pH";"pH";"7,848";"=";"C, Faglig kontrol";"Godkendt";"2024-11-14 05:54/Auto KS2"
"21000665";"Knud Å, Bens. Møllevad Bro";"20241113";"1200";"1";"True";"1";"Salinitet";"promille";"0,1";"=";"C, Faglig kontrol";"Godkendt";"2024-11-14 05:54/Auto KS2"
"21000665";"Knud Å, Bens. Møllevad Bro";"20241113";"1200";"1";"True";"1";"Temperatur";"grader C";"10,1";"=";"C, Faglig kontrol";"Godkendt";"2024-11-14 05:54/Auto KS2"
"21000665";"Knud Å, Bens. Møllevad Bro";"20241128";"1200";"1";"True";"1";"pH";"pH";"7,805";"=";"C, Faglig kontrol";"Godkendt";"2024-11-29 05:54/Auto KS2"
"21000665";"Knud Å, Bens. Møllevad Bro";"20241128";"1200";"1";"True";"1";"Salinitet";"promille";"0,1";"=";"C, Faglig kontrol";"Godkendt";"2024-11-29 05:54/Auto KS2"
"21000665";"Knud Å, Bens. Møllevad Bro";"20241128";"1200";"1";"True";"1";"Temperatur";"grader C";"7,8";"=";"C, Faglig kontrol";"Godkendt";"2024-11-29 05:54/Auto KS2"
"21000665";"Knud Å, Bens. Møllevad Bro";"20241211";"1200";"1";"True";"1";"pH";"pH";"7,84";"=";"C, Faglig kontrol";"Godkendt";"2024-12-13 05:53/Auto KS2"
"21000665";"Knud Å, Bens. Møllevad Bro";"20241211";"1200";"1";"True";"1";"Salinitet";"promille";"0,1";"=";"C, Faglig kontrol";"Godkendt";"2024-12-13 05:53/Auto KS2"
"21000665";"Knud Å, Bens. Møllevad Bro";"20241211";"1200";"1";"True";"1";"Temperatur";"grader C";"6,5";"=";"C, Faglig kontrol";"Godkendt";"2024-12-13 05:53/Auto KS2"
"21000665";"Knud Å, Bens. Møllevad Bro";"20241211";"1200";"1";"True";"2";"Grøde";"Ikke oplyst";"0";"=";"C, Faglig kontrol";"Godkendt";"2024-12-13 05:53/Auto KS2"
"21000666";"Knud Å, Opst. Ravn Sø";"19890119";"1200";"1";"True";"1";"Temperatur";"grader C";"4,9";"=";"D, FDC faglig kontrol";"Godkendt";""
"21000666";"Knud Å, Opst. Ravn Sø";"19890131";"1200";"1";"True";"1";"Temperatur";"grader C";"6,2";"=";"D, FDC faglig kontrol";"Godkendt";""
"21000666";"Knud Å, Opst. Ravn Sø";"19890216";"1200";"1";"True";"1";"Temperatur";"grader C";"2,5";"=";"D, FDC faglig kontrol";"Godkendt";""
"21000666";"Knud Å, Opst. Ravn Sø";"19890228";"1200";"1";"True";"1";"Temperatur";"grader C";"3,7";"=";"D, FDC faglig kontrol";"Godkendt";""
"21000666";"Knud Å, Opst. Ravn Sø";"19890316";"1200";"1";"True";"1";"Temperatur";"grader C";"4,5";"=";"D, FDC faglig kontrol";"Godkendt";""
"21000666";"Knud Å, Opst. Ravn Sø";"19890328";"1200";"1";"True";"1";"Temperatur";"grader C";"7,3";"=";"D, FDC faglig kontrol";"Godkendt";""
"21000666";"Knud Å, Opst. Ravn Sø";"19890413";"1200";"1";"True";"1";"Temperatur";"grader C";"10,5";"=";"D, FDC faglig kontrol";"Godkendt";""
"21000666";"Knud Å, Opst. Ravn Sø";"19890426";"1200";"1";"True";"1";"Temperatur";"grader C";"8,3";"=";"D, FDC faglig kontrol";"Godkendt";""
"21000666";"Knud Å, Opst. Ravn Sø";"19890510";"1200";"1";"True";"1";"Temperatur";"grader C";"11,2";"=";"D, FDC faglig kontrol";"Godkendt";""
"21000666";"Knud Å, Opst. Ravn Sø";"19890608";"1200";"1";"True";"1";"Temperatur";"grader C";"13";"=";"D, FDC faglig kontrol";"Godkendt";""
"21000666";"Knud Å, Opst. Ravn Sø";"19890713";"1200";"1";"True";"1";"Temperatur";"grader C";"15,6";"=";"D, FDC faglig kontrol";"Godkendt";""
"21000666";"Knud Å, Opst. Ravn Sø";"19890810";"1200";"1";"True";"1";"Temperatur";"grader C";"16,8";"=";"D, FDC faglig kontrol";"Godkendt";""
"21000666";"Knud Å, Opst. Ravn Sø";"19890914";"1200";"1";"True";"1";"Temperatur";"grader C";"14,3";"=";"D, FDC faglig kontrol";"Godkendt";""
"21000666";"Knud Å, Opst. Ravn Sø";"19891012";"1200";"1";"True";"1";"Temperatur";"grader C";"7,3";"=";"D, FDC faglig kontrol";"Godkendt";""
"21000666";"Knud Å, Opst. Ravn Sø";"19891108";"1200";"1";"True";"1";"Temperatur";"grader C";"5,3";"=";"D, FDC faglig kontrol";"Godkendt";""
"21000666";"Knud Å, Opst. Ravn Sø";"19891122";"1200";"1";"True";"1";"Temperatur";"grader C";"1,1";"=";"D, FDC faglig kontrol";"Godkendt";""
"21000666";"Knud Å, Opst. Ravn Sø";"19891207";"1200";"1";"True";"1";"Temperatur";"grader C";"0,3";"=";"D, FDC faglig kontrol";"Godkendt";""
"21000666";"Knud Å, Opst. Ravn Sø";"19891219";"1200";"1";"True";"1";"Temperatur";"grader C";"1,6";"=";"D, FDC faglig kontrol";"Godkendt";""
"21000666";"Knud Å, Opst. Ravn Sø";"19900117";"1200";"1";"True";"1";"Temperatur";"grader C";"6,2";"=";"D, FDC faglig kontrol";"Godkendt";""
"21000666";"Knud Å, Opst. Ravn Sø";"19900131";"1200";"1";"True";"1";"Temperatur";"grader C";"4,4";"=";"D, FDC faglig kontrol";"Godkendt";""
"21000666";"Knud Å, Opst. Ravn Sø";"19900228";"1200";"1";"True";"1";"Temperatur";"grader C";"3,7";"=";"D, FDC faglig kontrol";"Godkendt";""
"21000666";"Knud Å, Opst. Ravn Sø";"19900314";"1200";"1";"True";"1";"Temperatur";"grader C";"4,9";"=";"D, FDC faglig kontrol";"Godkendt";""
"21000666";"Knud Å, Opst. Ravn Sø";"19900328";"1200";"1";"True";"1";"Temperatur";"grader C";"6,1";"=";"D, FDC faglig kontrol";"Godkendt";""
"21000666";"Knud Å, Opst. Ravn Sø";"19900410";"1200";"1";"True";"1";"Temperatur";"grader C";"7,3";"=";"D, FDC faglig kontrol";"Godkendt";""
"21000666";"Knud Å, Opst. Ravn Sø";"19900425";"1200";"1";"True";"1";"Temperatur";"grader C";"7,8";"=";"D, FDC faglig kontrol";"Godkendt";""
"21000666";"Knud Å, Opst. Ravn Sø";"19900509";"1200";"1";"True";"1";"Temperatur";"grader C";"18,7";"=";"D, FDC faglig kontrol";"Godkendt";""
"21000666";"Knud Å, Opst. Ravn Sø";"19900605";"1200";"1";"True";"1";"Temperatur";"grader C";"15,1";"=";"D, FDC faglig kontrol";"Godkendt";""
"21000666";"Knud Å, Opst. Ravn Sø";"19900801";"1200";"1";"True";"1";"Temperatur";"grader C";"20,2";"=";"D, FDC faglig kontrol";"Godkendt";""
"21000666";"Knud Å, Opst. Ravn Sø";"19901010";"1200";"1";"True";"1";"Temperatur";"grader C";"10";"=";"D, FDC faglig kontrol";"Godkendt";""
"21000666";"Knud Å, Opst. Ravn Sø";"19901107";"1200";"1";"True";"1";"Temperatur";"grader C";"3,2";"=";"D, FDC faglig kontrol";"Godkendt";""
"21000666";"Knud Å, Opst. Ravn Sø";"19901121";"1200";"1";"True";"1";"Temperatur";"grader C";"3,5";"=";"D, FDC faglig kontrol";"Godkendt";""
"21000666";"Knud Å, Opst. Ravn Sø";"19901205";"1200";"1";"True";"1";"Temperatur";"grader C";"1,1";"=";"D, FDC faglig kontrol";"Godkendt";""
"21000666";"Knud Å, Opst. Ravn Sø";"19901218";"1200";"1";"True";"1";"Temperatur";"grader C";"1,3";"=";"D, FDC faglig kontrol";"Godkendt";""
"21000666";"Knud Å, Opst. Ravn Sø";"19910109";"1200";"1";"True";"1";"Temperatur";"grader C";"2,8";"=";"D, FDC faglig kontrol";"Godkendt";""
"21000666";"Knud Å, Opst. Ravn Sø";"19910124";"1200";"1";"True";"1";"Temperatur";"grader C";"2,1";"=";"D, FDC faglig kontrol";"Godkendt";""
"21000666";"Knud Å, Opst. Ravn Sø";"19910207";"1200";"1";"True";"1";"Temperatur";"grader C";"0,6";"=";"D, FDC faglig kontrol";"Godkendt";""
"21000666";"Knud Å, Opst. Ravn Sø";"19910221";"1200";"1";"True";"1";"Temperatur";"grader C";"1,6";"=";"D, FDC faglig kontrol";"Godkendt";""
"21000666";"Knud Å, Opst. Ravn Sø";"19910307";"1200";"1";"True";"1";"Temperatur";"grader C";"2,6";"=";"D, FDC faglig kontrol";"Godkendt";""
"21000666";"Knud Å, Opst. Ravn Sø";"19910321";"1200";"1";"True";"1";"Temperatur";"grader C";"6,7";"=";"D, FDC faglig kontrol";"Godkendt";""
"21000666";"Knud Å, Opst. Ravn Sø";"19910404";"1200";"1";"True";"1";"Temperatur";"grader C";"6,2";"=";"D, FDC faglig kontrol";"Godkendt";""
"21000666";"Knud Å, Opst. Ravn Sø";"19910417";"1200";"1";"True";"1";"Temperatur";"grader C";"5,5";"=";"D, FDC faglig kontrol";"Godkendt";""
"21000666";"Knud Å, Opst. Ravn Sø";"19910515";"1200";"1";"True";"1";"Temperatur";"grader C";"9,6";"=";"D, FDC faglig kontrol";"Godkendt";""
"21000666";"Knud Å, Opst. Ravn Sø";"19910710";"1200";"1";"True";"1";"Temperatur";"grader C";"19,5";"=";"D, FDC faglig kontrol";"Godkendt";""
"21000666";"Knud Å, Opst. Ravn Sø";"19910807";"1200";"1";"True";"1";"Temperatur";"grader C";"19,4";"=";"D, FDC faglig kontrol";"Godkendt";""
"21000666";"Knud Å, Opst. Ravn Sø";"19910905";"1200";"1";"True";"1";"Temperatur";"grader C";"17,2";"=";"D, FDC faglig kontrol";"Godkendt";""
"21000666";"Knud Å, Opst. Ravn Sø";"19911010";"1200";"1";"True";"1";"Temperatur";"grader C";"11,7";"=";"D, FDC faglig kontrol";"Godkendt";""
"21000666";"Knud Å, Opst. Ravn Sø";"19911030";"1200";"1";"True";"1";"Temperatur";"grader C";"5,3";"=";"D, FDC faglig kontrol";"Godkendt";""
"21000666";"Knud Å, Opst. Ravn Sø";"19911114";"1200";"1";"True";"1";"Temperatur";"grader C";"4";"=";"D, FDC faglig kontrol";"Godkendt";""
"21000666";"Knud Å, Opst. Ravn Sø";"19911128";"1200";"1";"True";"1";"Temperatur";"grader C";"5,5";"=";"D, FDC faglig kontrol";"Godkendt";""
"21000666";"Knud Å, Opst. Ravn Sø";"19911210";"1200";"1";"True";"1";"Temperatur";"grader C";"1,5";"=";"D, FDC faglig kontrol";"Godkendt";""
"21000666";"Knud Å, Opst. Ravn Sø";"19920115";"1200";"1";"True";"1";"Temperatur";"grader C";"4,1";"=";"D, FDC faglig kontrol";"Godkendt";""
"21000666";"Knud Å, Opst. Ravn Sø";"19920129";"1200";"1";"True";"1";"Temperatur";"grader C";"2,8";"=";"D, FDC faglig kontrol";"Godkendt";""
"21000666";"Knud Å, Opst. Ravn Sø";"19920212";"1200";"1";"True";"1";"Temperatur";"grader C";"3,6";"=";"D, FDC faglig kontrol";"Godkendt";""
"21000666";"Knud Å, Opst. Ravn Sø";"19920226";"1200";"1";"True";"1";"Temperatur";"grader C";"5";"=";"D, FDC faglig kontrol";"Godkendt";""
"21000666";"Knud Å, Opst. Ravn Sø";"19920311";"1200";"1";"True";"1";"Temperatur";"grader C";"5,6";"=";"D, FDC faglig kontrol";"Godkendt";""
"21000666";"Knud Å, Opst. Ravn Sø";"19920325";"1200";"1";"True";"1";"Temperatur";"grader C";"3,5";"=";"D, FDC faglig kontrol";"Godkendt";""
"21000666";"Knud Å, Opst. Ravn Sø";"19920414";"1200";"1";"True";"1";"Temperatur";"grader C";"8,1";"=";"D, FDC faglig kontrol";"Godkendt";""
"21000666";"Knud Å, Opst. Ravn Sø";"19920429";"1200";"1";"True";"1";"Temperatur";"grader C";"7,9";"=";"D, FDC faglig kontrol";"Godkendt";""
"21000666";"Knud Å, Opst. Ravn Sø";"19920513";"1200";"1";"True";"1";"Temperatur";"grader C";"10,8";"=";"D, FDC faglig kontrol";"Godkendt";""
"21000666";"Knud Å, Opst. Ravn Sø";"19920611";"1200";"1";"True";"1";"Temperatur";"grader C";"19";"=";"D, FDC faglig kontrol";"Godkendt";""
"21000666";"Knud Å, Opst. Ravn Sø";"19920715";"1200";"1";"True";"1";"Temperatur";"grader C";"16,3";"=";"D, FDC faglig kontrol";"Godkendt";""
"21000666";"Knud Å, Opst. Ravn Sø";"19920812";"1200";"1";"True";"1";"Temperatur";"grader C";"17,4";"=";"D, FDC faglig kontrol";"Godkendt";""
"21000666";"Knud Å, Opst. Ravn Sø";"19920909";"1200";"1";"True";"1";"Temperatur";"grader C";"12,8";"=";"D, FDC faglig kontrol";"Godkendt";""
"21000666";"Knud Å, Opst. Ravn Sø";"19921014";"1200";"1";"True";"1";"Temperatur";"grader C";"8,4";"=";"D, FDC faglig kontrol";"Godkendt";""
"21000666";"Knud Å, Opst. Ravn Sø";"19921111";"1200";"1";"True";"1";"Temperatur";"grader C";"4,5";"=";"D, FDC faglig kontrol";"Godkendt";""
"21000666";"Knud Å, Opst. Ravn Sø";"19921125";"1200";"1";"True";"1";"Temperatur";"grader C";"5,6";"=";"D, FDC faglig kontrol";"Godkendt";""
"21000666";"Knud Å, Opst. Ravn Sø";"19921215";"1200";"1";"True";"1";"Temperatur";"grader C";"5,6";"=";"D, FDC faglig kontrol";"Godkendt";""
"21000666";"Knud Å, Opst. Ravn Sø";"19930527";"1200";"1";"True";"1";"Temperatur";"grader C";"14,9";"=";"D, FDC faglig kontrol";"Godkendt";""
"21000666";"Knud Å, Opst. Ravn Sø";"19990721";"1200";"1";"True";"1";"Temperatur";"grader C";"19,6";"=";"D, FDC faglig kontrol";"Godkendt";""
"21000666";"Knud Å, Opst. Ravn Sø";"19990810";"1200";"1";"True";"1";"Temperatur";"grader C";"18,7";"=";"D, FDC faglig kontrol";"Godkendt";""
"21000666";"Knud Å, Opst. Ravn Sø";"19990907";"1200";"1";"True";"1";"Temperatur";"grader C";"11,3";"=";"D, FDC faglig kontrol";"Godkendt";""
"21000666";"Knud Å, Opst. Ravn Sø";"19990929";"1200";"1";"True";"1";"Temperatur";"grader C";"12,9";"=";"D, FDC faglig kontrol";"Godkendt";""
"21000666";"Knud Å, Opst. Ravn Sø";"19991019";"1200";"1";"True";"1";"Temperatur";"grader C";"7";"=";"D, FDC faglig kontrol";"Godkendt";""
"21000666";"Knud Å, Opst. Ravn Sø";"19991102";"1200";"1";"True";"1";"Temperatur";"grader C";"9,4";"=";"D, FDC faglig kontrol";"Godkendt";""
"21000666";"Knud Å, Opst. Ravn Sø";"19991116";"1200";"1";"True";"1";"Temperatur";"grader C";"2,9";"=";"D, FDC faglig kontrol";"Godkendt";""
"21000666";"Knud Å, Opst. Ravn Sø";"19991130";"1200";"1";"True";"1";"Temperatur";"grader C";"4,1";"=";"D, FDC faglig kontrol";"Godkendt";""
"21000666";"Knud Å, Opst. Ravn Sø";"19991214";"1200";"1";"True";"1";"Temperatur";"grader C";"2,4";"=";"D, FDC faglig kontrol";"Godkendt";""
"21000666";"Knud Å, Opst. Ravn Sø";"20000126";"1200";"1";"True";"1";"Temperatur";"grader C";"1,1";"=";"D, FDC faglig kontrol";"Godkendt";""
"21000666";"Knud Å, Opst. Ravn Sø";"20000223";"1200";"1";"True";"1";"Temperatur";"grader C";"2,4";"=";"D, FDC faglig kontrol";"Godkendt";""
"21000666";"Knud Å, Opst. Ravn Sø";"20000308";"1200";"1";"True";"1";"Temperatur";"grader C";"4,7";"=";"D, FDC faglig kontrol";"Godkendt";""
"21000666";"Knud Å, Opst. Ravn Sø";"20000322";"1200";"1";"True";"1";"Temperatur";"grader C";"8,2";"=";"D, FDC faglig kontrol";"Godkendt";""
"21000666";"Knud Å, Opst. Ravn Sø";"20000412";"1200";"1";"True";"1";"Temperatur";"grader C";"7,5";"=";"D, FDC faglig kontrol";"Godkendt";""
"21000666";"Knud Å, Opst. Ravn Sø";"20000510";"1200";"1";"True";"1";"Temperatur";"grader C";"17,9";"=";"D, FDC faglig kontrol";"Godkendt";""
"21000666";"Knud Å, Opst. Ravn Sø";"20000614";"1200";"1";"True";"1";"Temperatur";"grader C";"15,3";"=";"D, FDC faglig kontrol";"Godkendt";""
"21000666";"Knud Å, Opst. Ravn Sø";"20000712";"1200";"1";"True";"1";"Temperatur";"grader C";"17,8";"=";"D, FDC faglig kontrol";"Godkendt";""
"21000666";"Knud Å, Opst. Ravn Sø";"20000802";"1200";"1";"True";"1";"Temperatur";"grader C";"18";"=";"D, FDC faglig kontrol";"Godkendt";""
"21000666";"Knud Å, Opst. Ravn Sø";"20000926";"1200";"1";"True";"1";"Temperatur";"grader C";"10,8";"=";"D, FDC faglig kontrol";"Godkendt";""
"21000666";"Knud Å, Opst. Ravn Sø";"20001004";"1200";"1";"True";"1";"Temperatur";"grader C";"12,7";"=";"D, FDC faglig kontrol";"Godkendt";""
"21000666";"Knud Å, Opst. Ravn Sø";"20001018";"1200";"1";"True";"1";"Temperatur";"grader C";"10,9";"=";"D, FDC faglig kontrol";"Godkendt";""
"21000666";"Knud Å, Opst. Ravn Sø";"20001101";"1200";"1";"True";"1";"Temperatur";"grader C";"8,7";"=";"D, FDC faglig kontrol";"Godkendt";""
"21000666";"Knud Å, Opst. Ravn Sø";"20001115";"1200";"1";"True";"1";"Temperatur";"grader C";"6,4";"=";"D, FDC faglig kontrol";"Godkendt";""
"21000666";"Knud Å, Opst. Ravn Sø";"20001129";"1200";"1";"True";"1";"Temperatur";"grader C";"6,4";"=";"D, FDC faglig kontrol";"Godkendt";""
"21000666";"Knud Å, Opst. Ravn Sø";"20001213";"1200";"1";"True";"1";"Temperatur";"grader C";"8,8";"=";"D, FDC faglig kontrol";"Godkendt";""
"21000666";"Knud Å, Opst. Ravn Sø";"20010104";"1200";"1";"True";"1";"Temperatur";"grader C";"3";"=";"D, FDC faglig kontrol";"Godkendt";""
"21000666";"Knud Å, Opst. Ravn Sø";"20010118";"1200";"1";"True";"1";"Temperatur";"grader C";"2";"=";"D, FDC faglig kontrol";"Godkendt";""
"21000666";"Knud Å, Opst. Ravn Sø";"20010215";"1200";"1";"True";"1";"Temperatur";"grader C";"2,9";"=";"D, FDC faglig kontrol";"Godkendt";""
"21000666";"Knud Å, Opst. Ravn Sø";"20010301";"1200";"1";"True";"1";"Temperatur";"grader C";"1,8";"=";"D, FDC faglig kontrol";"Godkendt";""
"21000666";"Knud Å, Opst. Ravn Sø";"20010315";"1200";"1";"True";"1";"Temperatur";"grader C";"5,1";"=";"D, FDC faglig kontrol";"Godkendt";""
"21000666";"Knud Å, Opst. Ravn Sø";"20010419";"1200";"1";"True";"1";"Temperatur";"grader C";"6,3";"=";"D, FDC faglig kontrol";"Godkendt";""
"21000666";"Knud Å, Opst. Ravn Sø";"20010523";"1200";"1";"True";"1";"Temperatur";"grader C";"15,4";"=";"D, FDC faglig kontrol";"Godkendt";""
"21000666";"Knud Å, Opst. Ravn Sø";"20010621";"1200";"1";"True";"1";"Temperatur";"grader C";"16,7";"=";"D, FDC faglig kontrol";"Godkendt";""
"21000666";"Knud Å, Opst. Ravn Sø";"20010719";"1200";"1";"True";"1";"Temperatur";"grader C";"18,6";"=";"D, FDC faglig kontrol";"Godkendt";""
"21000666";"Knud Å, Opst. Ravn Sø";"20010816";"1200";"1";"True";"1";"Temperatur";"grader C";"21";"=";"D, FDC faglig kontrol";"Godkendt";""
"21000666";"Knud Å, Opst. Ravn Sø";"20010913";"1200";"1";"True";"1";"Temperatur";"grader C";"13,8";"=";"D, FDC faglig kontrol";"Godkendt";""
"21000666";"Knud Å, Opst. Ravn Sø";"20011004";"1200";"1";"True";"1";"Temperatur";"grader C";"12,9";"=";"D, FDC faglig kontrol";"Godkendt";""
"21000666";"Knud Å, Opst. Ravn Sø";"20011018";"1200";"1";"True";"1";"Temperatur";"grader C";"10,7";"=";"D, FDC faglig kontrol";"Godkendt";""
"21000666";"Knud Å, Opst. Ravn Sø";"20011101";"1200";"1";"True";"1";"Temperatur";"grader C";"8,3";"=";"D, FDC faglig kontrol";"Godkendt";""
"21000666";"Knud Å, Opst. Ravn Sø";"20011115";"1200";"1";"True";"1";"Temperatur";"grader C";"3,6";"=";"D, FDC faglig kontrol";"Godkendt";""
"21000666";"Knud Å, Opst. Ravn Sø";"20011129";"1200";"1";"True";"1";"Temperatur";"grader C";"2,7";"=";"D, FDC faglig kontrol";"Godkendt";""
"21000666";"Knud Å, Opst. Ravn Sø";"20011213";"1200";"1";"True";"1";"Temperatur";"grader C";"3,6";"=";"D, FDC faglig kontrol";"Godkendt";""
"21000666";"Knud Å, Opst. Ravn Sø";"20020107";"1200";"1";"True";"1";"Temperatur";"grader C";"2";"=";"D, FDC faglig kontrol";"Godkendt";""
"21000666";"Knud Å, Opst. Ravn Sø";"20020122";"1200";"1";"True";"1";"Temperatur";"grader C";"5,8";"=";"D, FDC faglig kontrol";"Godkendt";""
"21000666";"Knud Å, Opst. Ravn Sø";"20020206";"1200";"1";"True";"1";"Temperatur";"grader C";"6,8";"=";"D, FDC faglig kontrol";"Godkendt";""
"21000666";"Knud Å, Opst. Ravn Sø";"20020305";"1200";"1";"True";"1";"Temperatur";"grader C";"5,2";"=";"D, FDC faglig kontrol";"Godkendt";""
"21000666";"Knud Å, Opst. Ravn Sø";"20020320";"1200";"1";"True";"1";"Temperatur";"grader C";"6,7";"=";"D, FDC faglig kontrol";"Godkendt";""
"21000666";"Knud Å, Opst. Ravn Sø";"20020410";"1200";"1";"True";"1";"Temperatur";"grader C";"7,5";"=";"D, FDC faglig kontrol";"Godkendt";""
"21000666";"Knud Å, Opst. Ravn Sø";"20020506";"1200";"1";"True";"1";"Temperatur";"grader C";"11,1";"=";"D, FDC faglig kontrol";"Godkendt";""
"21000666";"Knud Å, Opst. Ravn Sø";"20020603";"1200";"1";"True";"1";"Temperatur";"grader C";"16,8";"=";"D, FDC faglig kontrol";"Godkendt";""
"21000666";"Knud Å, Opst. Ravn Sø";"20020711";"1200";"1";"True";"1";"Temperatur";"grader C";"17,9";"=";"D, FDC faglig kontrol";"Godkendt";""
"21000666";"Knud Å, Opst. Ravn Sø";"20020807";"1200";"1";"True";"1";"Temperatur";"grader C";"20,3";"=";"D, FDC faglig kontrol";"Godkendt";""
"21000666";"Knud Å, Opst. Ravn Sø";"20020911";"1200";"1";"True";"1";"Temperatur";"grader C";"18,2";"=";"D, FDC faglig kontrol";"Godkendt";""
"21000666";"Knud Å, Opst. Ravn Sø";"20021002";"1200";"1";"True";"1";"Temperatur";"grader C";"12,7";"=";"D, FDC faglig kontrol";"Godkendt";""
"21000666";"Knud Å, Opst. Ravn Sø";"20021030";"1200";"1";"True";"1";"Temperatur";"grader C";"6";"=";"D, FDC faglig kontrol";"Godkendt";""
"21000666";"Knud Å, Opst. Ravn Sø";"20021112";"1200";"1";"True";"1";"Temperatur";"grader C";"3,8";"=";"D, FDC faglig kontrol";"Godkendt";""
"21000666";"Knud Å, Opst. Ravn Sø";"20021127";"1200";"1";"True";"1";"Temperatur";"grader C";"5,3";"=";"D, FDC faglig kontrol";"Godkendt";""
"21000666";"Knud Å, Opst. Ravn Sø";"20021211";"1200";"1";"True";"1";"Temperatur";"grader C";"0,8";"=";"D, FDC faglig kontrol";"Godkendt";""
"21000666";"Knud Å, Opst. Ravn Sø";"20030116";"1200";"1";"True";"1";"Temperatur";"grader C";"2,1";"=";"D, FDC faglig kontrol";"Godkendt";""
"21000666";"Knud Å, Opst. Ravn Sø";"20030130";"1200";"1";"True";"1";"Temperatur";"grader C";"1,6";"=";"D, FDC faglig kontrol";"Godkendt";""
"21000666";"Knud Å, Opst. Ravn Sø";"20030213";"1200";"1";"True";"1";"Temperatur";"grader C";"1,5";"=";"D, FDC faglig kontrol";"Godkendt";""
"21000666";"Knud Å, Opst. Ravn Sø";"20030225";"1200";"1";"True";"1";"Temperatur";"grader C";"2,6";"=";"D, FDC faglig kontrol";"Godkendt";""
"21000666";"Knud Å, Opst. Ravn Sø";"20030313";"1200";"1";"True";"1";"Temperatur";"grader C";"4";"=";"D, FDC faglig kontrol";"Godkendt";""
"21000666";"Knud Å, Opst. Ravn Sø";"20030327";"1200";"1";"True";"1";"Temperatur";"grader C";"6,9";"=";"D, FDC faglig kontrol";"Godkendt";""
"21000666";"Knud Å, Opst. Ravn Sø";"20030408";"1200";"1";"True";"1";"Temperatur";"grader C";"4,6";"=";"D, FDC faglig kontrol";"Godkendt";""
"21000666";"Knud Å, Opst. Ravn Sø";"20030513";"1200";"1";"True";"1";"Temperatur";"grader C";"14";"=";"D, FDC faglig kontrol";"Godkendt";""
"21000666";"Knud Å, Opst. Ravn Sø";"20030602";"1200";"1";"True";"1";"Temperatur";"grader C";"20,1";"=";"D, FDC faglig kontrol";"Godkendt";""
"21000666";"Knud Å, Opst. Ravn Sø";"20030702";"1200";"1";"True";"1";"Temperatur";"grader C";"17";"=";"D, FDC faglig kontrol";"Godkendt";""
"21000666";"Knud Å, Opst. Ravn Sø";"20030730";"1200";"1";"True";"1";"Temperatur";"grader C";"19";"=";"D, FDC faglig kontrol";"Godkendt";""
"21000666";"Knud Å, Opst. Ravn Sø";"20030820";"1200";"1";"True";"1";"Temperatur";"grader C";"18,6";"=";"D, FDC faglig kontrol";"Godkendt";""
"21000666";"Knud Å, Opst. Ravn Sø";"20030924";"1200";"1";"True";"1";"Temperatur";"grader C";"12,9";"=";"D, FDC faglig kontrol";"Godkendt";""
"21000666";"Knud Å, Opst. Ravn Sø";"20031015";"1200";"1";"True";"1";"Temperatur";"grader C";"6,1";"=";"D, FDC faglig kontrol";"Godkendt";""
"21000666";"Knud Å, Opst. Ravn Sø";"20031029";"1200";"1";"True";"1";"Temperatur";"grader C";"5,6";"=";"D, FDC faglig kontrol";"Godkendt";""
"21000666";"Knud Å, Opst. Ravn Sø";"20031112";"1200";"1";"True";"1";"Temperatur";"grader C";"3,3";"=";"D, FDC faglig kontrol";"Godkendt";""
"21000666";"Knud Å, Opst. Ravn Sø";"20031210";"1200";"1";"True";"1";"Temperatur";"grader C";"1,6";"=";"D, FDC faglig kontrol";"Godkendt";""
"21000666";"Knud Å, Opst. Ravn Sø";"20040115";"1200";"1";"True";"1";"Temperatur";"grader C";"1,5";"=";"D, FDC faglig kontrol";"Godkendt";""
"21000666";"Knud Å, Opst. Ravn Sø";"20040129";"1200";"1";"True";"1";"Temperatur";"grader C";"1,2";"=";"D, FDC faglig kontrol";"Godkendt";""
"21000666";"Knud Å, Opst. Ravn Sø";"20040210";"1200";"1";"True";"1";"Temperatur";"grader C";"1,7";"=";"D, FDC faglig kontrol";"Godkendt";""
"21000666";"Knud Å, Opst. Ravn Sø";"20040224";"1200";"1";"True";"1";"Temperatur";"grader C";"2,4";"=";"D, FDC faglig kontrol";"Godkendt";""
"21000666";"Knud Å, Opst. Ravn Sø";"20040309";"1200";"1";"True";"1";"Temperatur";"grader C";"3,7";"=";"D, FDC faglig kontrol";"Godkendt";""
"21000666";"Knud Å, Opst. Ravn Sø";"20040323";"1200";"1";"True";"1";"Temperatur";"grader C";"6,1";"=";"D, FDC faglig kontrol";"Godkendt";""
"21000666";"Knud Å, Opst. Ravn Sø";"20040422";"1200";"1";"True";"1";"Temperatur";"grader C";"9,1";"=";"D, FDC faglig kontrol";"Godkendt";""
"21000666";"Knud Å, Opst. Ravn Sø";"20040517";"1200";"1";"True";"1";"Temperatur";"grader C";"14,6";"=";"D, FDC faglig kontrol";"Godkendt";""
"21000666";"Knud Å, Opst. Ravn Sø";"20040615";"1200";"1";"True";"1";"Temperatur";"grader C";"17,1";"=";"D, FDC faglig kontrol";"Godkendt";""
"21000666";"Knud Å, Opst. Ravn Sø";"20040713";"1200";"1";"True";"1";"Temperatur";"grader C";"14,7";"=";"D, FDC faglig kontrol";"Godkendt";""
"21000666";"Knud Å, Opst. Ravn Sø";"20040810";"1200";"1";"True";"1";"Temperatur";"grader C";"21,9";"=";"C, Faglig kontrol";"Godkendt";""
"21000666";"Knud Å, Opst. Ravn Sø";"20040907";"1200";"1";"True";"1";"Temperatur";"grader C";"15,8";"=";"D, FDC faglig kontrol";"Godkendt";""
"21000666";"Knud Å, Opst. Ravn Sø";"20041005";"1200";"1";"True";"1";"Temperatur";"grader C";"10,9";"=";"D, FDC faglig kontrol";"Godkendt";""
"21000666";"Knud Å, Opst. Ravn Sø";"20041019";"1200";"1";"True";"1";"Temperatur";"grader C";"8,6";"=";"D, FDC faglig kontrol";"Godkendt";""
"21000666";"Knud Å, Opst. Ravn Sø";"20041102";"1200";"1";"True";"1";"Temperatur";"grader C";"9,3";"=";"D, FDC faglig kontrol";"Godkendt";""
"21000666";"Knud Å, Opst. Ravn Sø";"20041116";"1200";"1";"True";"1";"Temperatur";"grader C";"5,8";"=";"D, FDC faglig kontrol";"Godkendt";""
"21000666";"Knud Å, Opst. Ravn Sø";"20041202";"1200";"1";"True";"1";"Temperatur";"grader C";"4,7";"=";"D, FDC faglig kontrol";"Godkendt";""
"21000666";"Knud Å, Opst. Ravn Sø";"20041214";"1200";"1";"True";"1";"Temperatur";"grader C";"5,4";"=";"D, FDC faglig kontrol";"Godkendt";""
"21000666";"Knud Å, Opst. Ravn Sø";"20050106";"1200";"1";"True";"1";"Temperatur";"grader C";"3,9";"=";"D, FDC faglig kontrol";"Godkendt";""
"21000666";"Knud Å, Opst. Ravn Sø";"20050125";"1200";"1";"True";"1";"Temperatur";"grader C";"0,7";"=";"D, FDC faglig kontrol";"Godkendt";""
"21000666";"Knud Å, Opst. Ravn Sø";"20050210";"1200";"1";"True";"1";"Temperatur";"grader C";"2,3";"=";"D, FDC faglig kontrol";"Godkendt";""
"21000666";"Knud Å, Opst. Ravn Sø";"20050222";"1200";"1";"True";"1";"Temperatur";"grader C";"2,1";"=";"D, FDC faglig kontrol";"Godkendt";""
"21000666";"Knud Å, Opst. Ravn Sø";"20050308";"1200";"1";"True";"1";"Temperatur";"grader C";"1,4";"=";"D, FDC faglig kontrol";"Godkendt";""
"21000666";"Knud Å, Opst. Ravn Sø";"20050329";"1200";"1";"True";"1";"Temperatur";"grader C";"5";"=";"D, FDC faglig kontrol";"Godkendt";""
"21000666";"Knud Å, Opst. Ravn Sø";"20050414";"1200";"1";"True";"1";"Temperatur";"grader C";"10,1";"=";"D, FDC faglig kontrol";"Godkendt";""
"21000666";"Knud Å, Opst. Ravn Sø";"20050531";"1200";"1";"True";"1";"Temperatur";"grader C";"15,9";"=";"D, FDC faglig kontrol";"Godkendt";""
"21000666";"Knud Å, Opst. Ravn Sø";"20050614";"1200";"1";"True";"1";"Temperatur";"grader C";"13";"=";"D, FDC faglig kontrol";"Godkendt";""
"21000666";"Knud Å, Opst. Ravn Sø";"20050714";"1200";"1";"True";"1";"Temperatur";"grader C";"20,2";"=";"D, FDC faglig kontrol";"Godkendt";""
"21000666";"Knud Å, Opst. Ravn Sø";"20050816";"1200";"1";"True";"1";"Temperatur";"grader C";"15,5";"=";"D, FDC faglig kontrol";"Godkendt";""
"21000666";"Knud Å, Opst. Ravn Sø";"20050913";"1200";"1";"True";"1";"Temperatur";"grader C";"14,7";"=";"D, FDC faglig kontrol";"Godkendt";""
"21000666";"Knud Å, Opst. Ravn Sø";"20050927";"1200";"1";"True";"1";"Temperatur";"grader C";"15,2";"=";"D, FDC faglig kontrol";"Godkendt";""
"21000666";"Knud Å, Opst. Ravn Sø";"20051018";"1200";"1";"True";"1";"Temperatur";"grader C";"8,2";"=";"D, FDC faglig kontrol";"Godkendt";""
"21000666";"Knud Å, Opst. Ravn Sø";"20051101";"1200";"1";"True";"1";"Temperatur";"grader C";"10,5";"=";"D, FDC faglig kontrol";"Godkendt";""
"21000666";"Knud Å, Opst. Ravn Sø";"20051115";"1200";"1";"True";"1";"Temperatur";"grader C";"7,9";"=";"D, FDC faglig kontrol";"Godkendt";""
"21000666";"Knud Å, Opst. Ravn Sø";"20051129";"1200";"1";"True";"1";"Temperatur";"grader C";"2,7";"=";"D, FDC faglig kontrol";"Godkendt";""
"21000666";"Knud Å, Opst. Ravn Sø";"20051213";"1200";"1";"True";"1";"Temperatur";"grader C";"4";"=";"D, FDC faglig kontrol";"Godkendt";""
"21000666";"Knud Å, Opst. Ravn Sø";"20060104";"1200";"1";"True";"1";"Temperatur";"grader C";"1,1";"=";"D, FDC faglig kontrol";"Godkendt";""
"21000666";"Knud Å, Opst. Ravn Sø";"20060118";"1200";"1";"True";"1";"Temperatur";"grader C";"1,3";"=";"D, FDC faglig kontrol";"Godkendt";""
"21000666";"Knud Å, Opst. Ravn Sø";"20060201";"1200";"1";"True";"1";"Temperatur";"grader C";"2";"=";"D, FDC faglig kontrol";"Godkendt";""
"21000666";"Knud Å, Opst. Ravn Sø";"20060215";"1200";"1";"True";"1";"Temperatur";"grader C";"2";"=";"D, FDC faglig kontrol";"Godkendt";""
"21000666";"Knud Å, Opst. Ravn Sø";"20060301";"1200";"1";"True";"1";"Temperatur";"grader C";"2,1";"=";"D, FDC faglig kontrol";"Godkendt";""
"21000666";"Knud Å, Opst. Ravn Sø";"20060315";"1200";"1";"True";"1";"Temperatur";"grader C";"2,2";"=";"D, FDC faglig kontrol";"Godkendt";""
"21000666";"Knud Å, Opst. Ravn Sø";"20060406";"1200";"1";"True";"1";"Temperatur";"grader C";"4,7";"=";"D, FDC faglig kontrol";"Godkendt";""
"21000666";"Knud Å, Opst. Ravn Sø";"20060504";"1200";"1";"True";"1";"Temperatur";"grader C";"14,3";"=";"D, FDC faglig kontrol";"Godkendt";""
"21000666";"Knud Å, Opst. Ravn Sø";"20060614";"1200";"1";"True";"1";"Temperatur";"grader C";"22";"=";"D, FDC faglig kontrol";"Godkendt";""
"21000666";"Knud Å, Opst. Ravn Sø";"20060718";"1200";"1";"True";"1";"Temperatur";"grader C";"20,1";"=";"D, FDC faglig kontrol";"Godkendt";""
"21000666";"Knud Å, Opst. Ravn Sø";"20060803";"1200";"1";"True";"1";"Temperatur";"grader C";"18,4";"=";"D, FDC faglig kontrol";"Godkendt";""
"21000666";"Knud Å, Opst. Ravn Sø";"20060909";"1200";"1";"True";"1";"Temperatur";"grader C";"15,6";"=";"D, FDC faglig kontrol";"Godkendt";""
"21000666";"Knud Å, Opst. Ravn Sø";"20061006";"1200";"1";"True";"1";"Temperatur";"grader C";"12,8";"=";"D, FDC faglig kontrol";"Godkendt";""
"21000666";"Knud Å, Opst. Ravn Sø";"20061018";"1200";"1";"True";"1";"Temperatur";"grader C";"9,5";"=";"D, FDC faglig kontrol";"Godkendt";""
"21000666";"Knud Å, Opst. Ravn Sø";"20061031";"1200";"1";"True";"1";"Temperatur";"grader C";"11";"=";"D, FDC faglig kontrol";"Godkendt";""
"21000666";"Knud Å, Opst. Ravn Sø";"20061115";"1200";"1";"True";"1";"Temperatur";"grader C";"7,7";"=";"D, FDC faglig kontrol";"Godkendt";""
"21000666";"Knud Å, Opst. Ravn Sø";"20061129";"1200";"1";"True";"1";"Temperatur";"grader C";"8,5";"=";"D, FDC faglig kontrol";"Godkendt";""
"21000666";"Knud Å, Opst. Ravn Sø";"20061213";"1200";"1";"True";"1";"Temperatur";"grader C";"5,8";"=";"D, FDC faglig kontrol";"Godkendt";""
"21000666";"Knud Å, Opst. Ravn Sø";"20070104";"1200";"1";"True";"1";"Temperatur";"grader C";"6,5";"=";"D, FDC faglig kontrol";"Godkendt";""
"21000666";"Knud Å, Opst. Ravn Sø";"20070124";"1200";"1";"True";"1";"Temperatur";"grader C";"0,5";"=";"D, FDC faglig kontrol";"Godkendt";""
"21000666";"Knud Å, Opst. Ravn Sø";"20070208";"1200";"1";"True";"1";"Temperatur";"grader C";"2,4";"=";"D, FDC faglig kontrol";"Godkendt";""
"21000666";"Knud Å, Opst. Ravn Sø";"20070228";"1200";"1";"True";"1";"Temperatur";"grader C";"3,1";"=";"D, FDC faglig kontrol";"Godkendt";""
"21000666";"Knud Å, Opst. Ravn Sø";"20070314";"1200";"1";"True";"1";"Temperatur";"grader C";"7,1";"=";"D, FDC faglig kontrol";"Godkendt";""
"21000666";"Knud Å, Opst. Ravn Sø";"20070329";"1200";"1";"True";"1";"Temperatur";"grader C";"7,9";"=";"D, FDC faglig kontrol";"Godkendt";""
"21000666";"Knud Å, Opst. Ravn Sø";"20070412";"1200";"1";"True";"1";"Temperatur";"grader C";"12,3";"=";"D, FDC faglig kontrol";"Godkendt";""
"21000666";"Knud Å, Opst. Ravn Sø";"20070510";"1200";"1";"True";"1";"Temperatur";"grader C";"11,3";"=";"D, FDC faglig kontrol";"Godkendt";""
"21000666";"Knud Å, Opst. Ravn Sø";"20070614";"1200";"1";"True";"1";"Temperatur";"grader C";"18,9";"=";"D, FDC faglig kontrol";"Godkendt";""
"21000666";"Knud Å, Opst. Ravn Sø";"20070705";"1200";"1";"True";"1";"Temperatur";"grader C";"15,5";"=";"D, FDC faglig kontrol";"Godkendt";""
"21000666";"Knud Å, Opst. Ravn Sø";"20070807";"1200";"1";"True";"1";"Temperatur";"grader C";"18,6";"=";"D, FDC faglig kontrol";"Godkendt";""
"21000666";"Knud Å, Opst. Ravn Sø";"20070906";"1200";"1";"True";"1";"Temperatur";"grader C";"14";"=";"D, FDC faglig kontrol";"Godkendt";""
"21000666";"Knud Å, Opst. Ravn Sø";"20070919";"1200";"1";"True";"1";"Temperatur";"grader C";"11,1";"=";"D, FDC faglig kontrol";"Godkendt";""
"21000666";"Knud Å, Opst. Ravn Sø";"20071010";"1200";"1";"True";"1";"Temperatur";"grader C";"9,9";"=";"D, FDC faglig kontrol";"Godkendt";""
"21000666";"Knud Å, Opst. Ravn Sø";"20071025";"1200";"1";"True";"1";"Temperatur";"grader C";"4,8";"=";"D, FDC faglig kontrol";"Godkendt";""
"21000666";"Knud Å, Opst. Ravn Sø";"20071114";"1200";"1";"True";"1";"Temperatur";"grader C";"2,5";"=";"D, FDC faglig kontrol";"Godkendt";""
"21000666";"Knud Å, Opst. Ravn Sø";"20071128";"1200";"1";"True";"1";"Temperatur";"grader C";"1,8";"=";"D, FDC faglig kontrol";"Godkendt";""
"21000666";"Knud Å, Opst. Ravn Sø";"20071211";"1200";"1";"True";"1";"Temperatur";"grader C";"5,6";"=";"D, FDC faglig kontrol";"Godkendt";""
"21000666";"Knud Å, Opst. Ravn Sø";"20080108";"1200";"1";"True";"1";"Temperatur";"grader C";"3,3";"=";"D, FDC faglig kontrol";"Godkendt";""
"21000666";"Knud Å, Opst. Ravn Sø";"20080116";"1200";"1";"True";"1";"Temperatur";"grader C";"5,5";"=";"D, FDC faglig kontrol";"Godkendt";""
"21000666";"Knud Å, Opst. Ravn Sø";"20080207";"1200";"1";"True";"1";"Temperatur";"grader C";"3,5";"=";"D, FDC faglig kontrol";"Godkendt";""
"21000666";"Knud Å, Opst. Ravn Sø";"20080219";"1200";"1";"True";"1";"Temperatur";"grader C";"5,9";"=";"D, FDC faglig kontrol";"Godkendt";""
"21000666";"Knud Å, Opst. Ravn Sø";"20080304";"1200";"1";"True";"1";"Temperatur";"grader C";"3,7";"=";"D, FDC faglig kontrol";"Godkendt";""
"21000666";"Knud Å, Opst. Ravn Sø";"20080408";"1200";"1";"True";"1";"Temperatur";"grader C";"6,7";"=";"D, FDC faglig kontrol";"Godkendt";""
"21000666";"Knud Å, Opst. Ravn Sø";"20080423";"1200";"1";"True";"1";"Temperatur";"grader C";"11,7";"=";"D, FDC faglig kontrol";"Godkendt";""
"21000666";"Knud Å, Opst. Ravn Sø";"20080429";"1200";"1";"True";"1";"Temperatur";"grader C";"9,3";"=";"D, FDC faglig kontrol";"Godkendt";""
"21000666";"Knud Å, Opst. Ravn Sø";"20080520";"1200";"1";"True";"1";"Temperatur";"grader C";"13,7";"=";"D, FDC faglig kontrol";"Godkendt";""
"21000666";"Knud Å, Opst. Ravn Sø";"20080617";"1200";"1";"True";"1";"Temperatur";"grader C";"16,2";"=";"D, FDC faglig kontrol";"Godkendt";""
"21000666";"Knud Å, Opst. Ravn Sø";"20080701";"1200";"1";"True";"1";"Temperatur";"grader C";"16";"=";"D, FDC faglig kontrol";"Godkendt";""
"21000666";"Knud Å, Opst. Ravn Sø";"20080715";"1200";"1";"True";"1";"Temperatur";"grader C";"19";"=";"D, FDC faglig kontrol";"Godkendt";""
"21000666";"Knud Å, Opst. Ravn Sø";"20080819";"1200";"1";"True";"1";"Temperatur";"grader C";"16,6";"=";"D, FDC faglig kontrol";"Godkendt";""
"21000666";"Knud Å, Opst. Ravn Sø";"20080916";"1200";"1";"True";"1";"Temperatur";"grader C";"12,4";"=";"D, FDC faglig kontrol";"Godkendt";""
"21000666";"Knud Å, Opst. Ravn Sø";"20081014";"1200";"1";"True";"1";"Temperatur";"grader C";"12,3";"=";"D, FDC faglig kontrol";"Godkendt";""
"21000666";"Knud Å, Opst. Ravn Sø";"20081112";"1200";"1";"True";"1";"Temperatur";"grader C";"7,5";"=";"D, FDC faglig kontrol";"Godkendt";""
"21000666";"Knud Å, Opst. Ravn Sø";"20081125";"1200";"1";"True";"1";"Temperatur";"grader C";"2";"=";"D, FDC faglig kontrol";"Godkendt";""
"21000666";"Knud Å, Opst. Ravn Sø";"20081209";"1200";"1";"True";"1";"Temperatur";"grader C";"4,4";"=";"D, FDC faglig kontrol";"Godkendt";""
"21000666";"Knud Å, Opst. Ravn Sø";"20090108";"1200";"1";"True";"1";"Temperatur";"grader C";"1,3";"=";"D, FDC faglig kontrol";"Godkendt";""
"21000666";"Knud Å, Opst. Ravn Sø";"20090129";"1200";"1";"True";"1";"Temperatur";"grader C";"1,9";"=";"D, FDC faglig kontrol";"Godkendt";""
"21000666";"Knud Å, Opst. Ravn Sø";"20090210";"1200";"1";"True";"1";"Temperatur";"grader C";"2";"=";"D, FDC faglig kontrol";"Godkendt";""
"21000666";"Knud Å, Opst. Ravn Sø";"20090224";"1200";"1";"True";"1";"Temperatur";"grader C";"2,6";"=";"D, FDC faglig kontrol";"Godkendt";""
"21000666";"Knud Å, Opst. Ravn Sø";"20090312";"1200";"1";"True";"1";"Temperatur";"grader C";"4,8";"=";"D, FDC faglig kontrol";"Godkendt";""
"21000666";"Knud Å, Opst. Ravn Sø";"20090325";"1200";"1";"True";"1";"Temperatur";"grader C";"3,6";"=";"D, FDC faglig kontrol";"Godkendt";""
"21000666";"Knud Å, Opst. Ravn Sø";"20090416";"1200";"1";"True";"1";"Temperatur";"grader C";"10,3";"=";"D, FDC faglig kontrol";"Godkendt";""
"21000666";"Knud Å, Opst. Ravn Sø";"20090506";"1200";"1";"True";"1";"Temperatur";"grader C";"11,6";"=";"D, FDC faglig kontrol";"Godkendt";""
"21000666";"Knud Å, Opst. Ravn Sø";"20090519";"1200";"1";"True";"1";"Temperatur";"grader C";"14,5";"=";"D, FDC faglig kontrol";"Godkendt";""
"21000666";"Knud Å, Opst. Ravn Sø";"20090618";"1200";"1";"True";"1";"Temperatur";"grader C";"19";"=";"D, FDC faglig kontrol";"Godkendt";""
"21000666";"Knud Å, Opst. Ravn Sø";"20090702";"1200";"1";"True";"1";"Temperatur";"grader C";"18,3";"=";"D, FDC faglig kontrol";"Godkendt";""
"21000666";"Knud Å, Opst. Ravn Sø";"20090730";"1200";"1";"True";"1";"Temperatur";"grader C";"19";"=";"D, FDC faglig kontrol";"Godkendt";""
"21000666";"Knud Å, Opst. Ravn Sø";"20090818";"1200";"1";"True";"1";"Temperatur";"grader C";"17,9";"=";"D, FDC faglig kontrol";"Godkendt";""
"21000666";"Knud Å, Opst. Ravn Sø";"20090917";"1200";"1";"True";"1";"Temperatur";"grader C";"14,3";"=";"D, FDC faglig kontrol";"Godkendt";""
"21000666";"Knud Å, Opst. Ravn Sø";"20091007";"1200";"1";"True";"1";"Temperatur";"grader C";"10,6";"=";"D, FDC faglig kontrol";"Godkendt";""
"21000666";"Knud Å, Opst. Ravn Sø";"20091027";"1200";"1";"True";"1";"Temperatur";"grader C";"9,5";"=";"D, FDC faglig kontrol";"Godkendt";""
"21000666";"Knud Å, Opst. Ravn Sø";"20091117";"1200";"1";"True";"1";"Temperatur";"grader C";"7,8";"=";"D, FDC faglig kontrol";"Godkendt";""
"21000666";"Knud Å, Opst. Ravn Sø";"20091208";"1200";"1";"True";"1";"Temperatur";"grader C";"6";"=";"D, FDC faglig kontrol";"Godkendt";""
"21000666";"Knud Å, Opst. Ravn Sø";"20091221";"1200";"1";"True";"1";"Temperatur";"grader C";"0,1";"=";"D, FDC faglig kontrol";"Godkendt";""
"21000666";"Knud Å, Opst. Ravn Sø";"20100105";"1200";"1";"True";"1";"Temperatur";"grader C";"0,3";"=";"D, FDC faglig kontrol";"Godkendt";""
"21000666";"Knud Å, Opst. Ravn Sø";"20100127";"1200";"1";"True";"1";"Temperatur";"grader C";"0,1";"=";"D, FDC faglig kontrol";"Godkendt";""
"21000666";"Knud Å, Opst. Ravn Sø";"20100216";"1200";"1";"True";"1";"Temperatur";"grader C";"0,6";"=";"D, FDC faglig kontrol";"Godkendt";""
"21000666";"Knud Å, Opst. Ravn Sø";"20100310";"1200";"1";"True";"1";"Temperatur";"grader C";"2,2";"=";"D, FDC faglig kontrol";"Godkendt";""
"21000666";"Knud Å, Opst. Ravn Sø";"20100324";"1200";"1";"True";"1";"Temperatur";"grader C";"5,1";"=";"D, FDC faglig kontrol";"Godkendt";""
"21000666";"Knud Å, Opst. Ravn Sø";"20100419";"1200";"1";"True";"1";"Temperatur";"grader C";"7,1";"=";"D, FDC faglig kontrol";"Godkendt";""
"21000666";"Knud Å, Opst. Ravn Sø";"20100504";"1200";"1";"True";"1";"Temperatur";"grader C";"10,3";"=";"D, FDC faglig kontrol";"Godkendt";""
"21000666";"Knud Å, Opst. Ravn Sø";"20100525";"1200";"1";"True";"1";"Temperatur";"grader C";"12,8";"=";"D, FDC faglig kontrol";"Godkendt";""
"21000666";"Knud Å, Opst. Ravn Sø";"20100617";"1200";"1";"True";"1";"Temperatur";"grader C";"16,1";"=";"D, FDC faglig kontrol";"Godkendt";""
"21000666";"Knud Å, Opst. Ravn Sø";"20100705";"1200";"1";"True";"1";"Temperatur";"grader C";"21,6";"=";"D, FDC faglig kontrol";"Godkendt";""
"21000666";"Knud Å, Opst. Ravn Sø";"20100802";"1200";"1";"True";"1";"Temperatur";"grader C";"17,3";"=";"D, FDC faglig kontrol";"Godkendt";""
"21000666";"Knud Å, Opst. Ravn Sø";"20100817";"1200";"1";"True";"1";"Temperatur";"grader C";"17,4";"=";"D, FDC faglig kontrol";"Godkendt";""
"21000666";"Knud Å, Opst. Ravn Sø";"20100909";"1200";"1";"True";"1";"Temperatur";"grader C";"13,3";"=";"D, FDC faglig kontrol";"Godkendt";""
"21000666";"Knud Å, Opst. Ravn Sø";"20100929";"1200";"1";"True";"1";"Temperatur";"grader C";"10";"=";"D, FDC faglig kontrol";"Godkendt";""
"21000666";"Knud Å, Opst. Ravn Sø";"20101018";"1200";"1";"True";"1";"Temperatur";"grader C";"6,1";"=";"D, FDC faglig kontrol";"Godkendt";""
"21000666";"Knud Å, Opst. Ravn Sø";"20101102";"1200";"1";"True";"1";"Temperatur";"grader C";"8";"=";"D, FDC faglig kontrol";"Godkendt";""
"21000666";"Knud Å, Opst. Ravn Sø";"20101124";"1200";"1";"True";"1";"Temperatur";"grader C";"1,8";"=";"D, FDC faglig kontrol";"Godkendt";""
"21000666";"Knud Å, Opst. Ravn Sø";"20101214";"1200";"1";"True";"1";"Temperatur";"grader C";"0,5";"=";"D, FDC faglig kontrol";"Godkendt";""
"21000666";"Knud Å, Opst. Ravn Sø";"20110112";"1200";"1";"True";"1";"pH";"pH";"7,6";"=";"D, FDC faglig kontrol";"Godkendt";""
"21000666";"Knud Å, Opst. Ravn Sø";"20110112";"1200";"1";"True";"1";"Temperatur";"grader C";"0,8";"=";"D, FDC faglig kontrol";"Godkendt";""
"21000666";"Knud Å, Opst. Ravn Sø";"20110127";"1200";"1";"True";"1";"pH";"pH";"7,52";"=";"D, FDC faglig kontrol";"Godkendt";""
"21000666";"Knud Å, Opst. Ravn Sø";"20110127";"1200";"1";"True";"1";"Temperatur";"grader C";"0,7";"=";"D, FDC faglig kontrol";"Godkendt";""
"21000666";"Knud Å, Opst. Ravn Sø";"20110208";"1200";"1";"True";"1";"pH";"pH";"7,71";"=";"D, FDC faglig kontrol";"Godkendt";""
"21000666";"Knud Å, Opst. Ravn Sø";"20110208";"1200";"1";"True";"1";"Temperatur";"grader C";"2,5";"=";"D, FDC faglig kontrol";"Godkendt";""
"21000666";"Knud Å, Opst. Ravn Sø";"20110222";"1200";"1";"True";"1";"pH";"pH";"7,68";"=";"D, FDC faglig kontrol";"Godkendt";""
"21000666";"Knud Å, Opst. Ravn Sø";"20110222";"1200";"1";"True";"1";"Temperatur";"grader C";"0,9";"=";"D, FDC faglig kontrol";"Godkendt";""
"21000666";"Knud Å, Opst. Ravn Sø";"20110315";"1200";"1";"True";"1";"pH";"pH";"7,61";"=";"D, FDC faglig kontrol";"Godkendt";""
"21000666";"Knud Å, Opst. Ravn Sø";"20110315";"1200";"1";"True";"1";"Temperatur";"grader C";"4,3";"=";"D, FDC faglig kontrol";"Godkendt";""
"21000666";"Knud Å, Opst. Ravn Sø";"20110331";"1200";"1";"True";"1";"pH";"pH";"8";"=";"D, FDC faglig kontrol";"Godkendt";""
"21000666";"Knud Å, Opst. Ravn Sø";"20110331";"1200";"1";"True";"1";"Temperatur";"grader C";"7,4";"=";"D, FDC faglig kontrol";"Godkendt";""
"21000666";"Knud Å, Opst. Ravn Sø";"20110412";"1200";"1";"True";"1";"pH";"pH";"8,2";"=";"D, FDC faglig kontrol";"Godkendt";""
"21000666";"Knud Å, Opst. Ravn Sø";"20110412";"1200";"1";"True";"1";"Temperatur";"grader C";"11,6";"=";"D, FDC faglig kontrol";"Godkendt";""
"21000666";"Knud Å, Opst. Ravn Sø";"20110510";"1200";"1";"True";"1";"pH";"pH";"7,98";"=";"D, FDC faglig kontrol";"Godkendt";""
"21000666";"Knud Å, Opst. Ravn Sø";"20110510";"1200";"1";"True";"1";"Temperatur";"grader C";"16,3";"=";"D, FDC faglig kontrol";"Godkendt";""
"21000666";"Knud Å, Opst. Ravn Sø";"20110609";"1200";"1";"True";"1";"pH";"pH";"7,41";"=";"D, FDC faglig kontrol";"Godkendt";""
"21000666";"Knud Å, Opst. Ravn Sø";"20110609";"1200";"1";"True";"1";"Temperatur";"grader C";"18,2";"=";"D, FDC faglig kontrol";"Godkendt";""
"21000666";"Knud Å, Opst. Ravn Sø";"20110707";"1200";"1";"True";"1";"pH";"pH";"7,62";"=";"D, FDC faglig kontrol";"Godkendt";""
"21000666";"Knud Å, Opst. Ravn Sø";"20110707";"1200";"1";"True";"1";"Temperatur";"grader C";"20";"=";"D, FDC faglig kontrol";"Godkendt";""
"21000666";"Knud Å, Opst. Ravn Sø";"20110725";"1200";"1";"True";"1";"pH";"pH";"7,53";"=";"D, FDC faglig kontrol";"Godkendt";""
"21000666";"Knud Å, Opst. Ravn Sø";"20110725";"1200";"1";"True";"1";"Temperatur";"grader C";"16,3";"=";"D, FDC faglig kontrol";"Godkendt";""
"21000666";"Knud Å, Opst. Ravn Sø";"20110831";"1200";"1";"True";"1";"pH";"pH";"7,42";"=";"D, FDC faglig kontrol";"Godkendt";""
"21000666";"Knud Å, Opst. Ravn Sø";"20110831";"1200";"1";"True";"1";"Temperatur";"grader C";"13,9";"=";"D, FDC faglig kontrol";"Godkendt";""
"21000666";"Knud Å, Opst. Ravn Sø";"20110921";"1200";"1";"True";"1";"pH";"pH";"8,13";"=";"D, FDC faglig kontrol";"Godkendt";""
"21000666";"Knud Å, Opst. Ravn Sø";"20110921";"1200";"1";"True";"1";"Temperatur";"grader C";"13,6";"=";"D, FDC faglig kontrol";"Godkendt";""
"21000666";"Knud Å, Opst. Ravn Sø";"20111004";"1200";"1";"True";"1";"pH";"pH";"7,48";"=";"D, FDC faglig kontrol";"Godkendt";""
"21000666";"Knud Å, Opst. Ravn Sø";"20111004";"1200";"1";"True";"1";"Temperatur";"grader C";"14,1";"=";"D, FDC faglig kontrol";"Godkendt";""
"21000666";"Knud Å, Opst. Ravn Sø";"20111019";"1200";"1";"True";"1";"pH";"pH";"7,51";"=";"D, FDC faglig kontrol";"Godkendt";""
"21000666";"Knud Å, Opst. Ravn Sø";"20111019";"1200";"1";"True";"1";"Temperatur";"grader C";"7,9";"=";"D, FDC faglig kontrol";"Godkendt";""
"21000666";"Knud Å, Opst. Ravn Sø";"20111102";"1200";"1";"True";"1";"pH";"pH";"7,53";"=";"D, FDC faglig kontrol";"Godkendt";""
"21000666";"Knud Å, Opst. Ravn Sø";"20111102";"1200";"1";"True";"1";"Temperatur";"grader C";"10,4";"=";"D, FDC faglig kontrol";"Godkendt";""
"21000666";"Knud Å, Opst. Ravn Sø";"20111115";"1200";"1";"True";"1";"pH";"pH";"7,74";"=";"D, FDC faglig kontrol";"Godkendt";""
"21000666";"Knud Å, Opst. Ravn Sø";"20111115";"1200";"1";"True";"1";"Temperatur";"grader C";"4,8";"=";"D, FDC faglig kontrol";"Godkendt";""
"21000666";"Knud Å, Opst. Ravn Sø";"20111130";"1200";"1";"True";"1";"pH";"pH";"7,79";"=";"D, FDC faglig kontrol";"Godkendt";""
"21000666";"Knud Å, Opst. Ravn Sø";"20111130";"1200";"1";"True";"1";"Temperatur";"grader C";"5,8";"=";"D, FDC faglig kontrol";"Godkendt";""
"21000666";"Knud Å, Opst. Ravn Sø";"20111214";"1200";"1";"True";"1";"pH";"pH";"7,62";"=";"D, FDC faglig kontrol";"Godkendt";""
"21000666";"Knud Å, Opst. Ravn Sø";"20111214";"1200";"1";"True";"1";"Temperatur";"grader C";"3,4";"=";"D, FDC faglig kontrol";"Godkendt";""
"21000666";"Knud Å, Opst. Ravn Sø";"20120103";"1200";"1";"True";"1";"pH";"pH";"7,52";"=";"D, FDC faglig kontrol";"Godkendt";""
"21000666";"Knud Å, Opst. Ravn Sø";"20120103";"1200";"1";"True";"1";"Temperatur";"grader C";"4,4";"=";"D, FDC faglig kontrol";"Godkendt";""
"21000666";"Knud Å, Opst. Ravn Sø";"20120117";"1200";"1";"True";"1";"pH";"pH";"7,59";"=";"D, FDC faglig kontrol";"Godkendt";""
"21000666";"Knud Å, Opst. Ravn Sø";"20120117";"1200";"1";"True";"1";"Temperatur";"grader C";"2,2";"=";"D, FDC faglig kontrol";"Godkendt";""
"21000666";"Knud Å, Opst. Ravn Sø";"20120207";"1200";"1";"True";"1";"pH";"pH";"7,75";"=";"D, FDC faglig kontrol";"Godkendt";""
"21000666";"Knud Å, Opst. Ravn Sø";"20120207";"1200";"1";"True";"1";"Temperatur";"grader C";"0,3";"=";"D, FDC faglig kontrol";"Godkendt";""
"21000666";"Knud Å, Opst. Ravn Sø";"20120222";"1200";"1";"True";"1";"pH";"pH";"7,75";"=";"D, FDC faglig kontrol";"Godkendt";""
"21000666";"Knud Å, Opst. Ravn Sø";"20120222";"1200";"1";"True";"1";"Temperatur";"grader C";"2,8";"=";"D, FDC faglig kontrol";"Godkendt";""
"21000666";"Knud Å, Opst. Ravn Sø";"20120306";"1200";"1";"True";"1";"pH";"pH";"7,91";"=";"D, FDC faglig kontrol";"Godkendt";""
"21000666";"Knud Å, Opst. Ravn Sø";"20120306";"1200";"1";"True";"1";"Temperatur";"grader C";"2,9";"=";"D, FDC faglig kontrol";"Godkendt";""
"21000666";"Knud Å, Opst. Ravn Sø";"20120321";"1200";"1";"True";"1";"pH";"pH";"7,75";"=";"D, FDC faglig kontrol";"Godkendt";""
"21000666";"Knud Å, Opst. Ravn Sø";"20120321";"1200";"1";"True";"1";"Temperatur";"grader C";"7,6";"=";"D, FDC faglig kontrol";"Godkendt";""
"21000666";"Knud Å, Opst. Ravn Sø";"20120410";"1200";"1";"True";"1";"pH";"pH";"7,71";"=";"D, FDC faglig kontrol";"Godkendt";""
"21000666";"Knud Å, Opst. Ravn Sø";"20120410";"1200";"1";"True";"1";"Temperatur";"grader C";"7,1";"=";"D, FDC faglig kontrol";"Godkendt";""
"21000666";"Knud Å, Opst. Ravn Sø";"20120510";"1200";"1";"True";"1";"pH";"pH";"7,84";"=";"D, FDC faglig kontrol";"Godkendt";""
"21000666";"Knud Å, Opst. Ravn Sø";"20120510";"1200";"1";"True";"1";"Temperatur";"grader C";"13,6";"=";"D, FDC faglig kontrol";"Godkendt";""
"21000666";"Knud Å, Opst. Ravn Sø";"20120614";"1200";"1";"True";"1";"pH";"pH";"7,6";"=";"D, FDC faglig kontrol";"Godkendt";""
"21000666";"Knud Å, Opst. Ravn Sø";"20120614";"1200";"1";"True";"1";"Temperatur";"grader C";"15";"=";"D, FDC faglig kontrol";"Godkendt";""
"21000666";"Knud Å, Opst. Ravn Sø";"20120704";"1200";"1";"True";"1";"pH";"pH";"7,41";"=";"D, FDC faglig kontrol";"Godkendt";""
"21000666";"Knud Å, Opst. Ravn Sø";"20120704";"1200";"1";"True";"1";"Temperatur";"grader C";"19,2";"=";"D, FDC faglig kontrol";"Godkendt";""
"21000666";"Knud Å, Opst. Ravn Sø";"20120807";"1200";"1";"True";"1";"pH";"pH";"7,37";"=";"D, FDC faglig kontrol";"Godkendt";""
"21000666";"Knud Å, Opst. Ravn Sø";"20120807";"1200";"1";"True";"1";"Temperatur";"grader C";"17,4";"=";"D, FDC faglig kontrol";"Godkendt";""
"21000666";"Knud Å, Opst. Ravn Sø";"20120904";"1200";"1";"True";"1";"pH";"pH";"7,36";"=";"D, FDC faglig kontrol";"Godkendt";""
"21000666";"Knud Å, Opst. Ravn Sø";"20120904";"1200";"1";"True";"1";"Temperatur";"grader C";"15,8";"=";"D, FDC faglig kontrol";"Godkendt";""
"21000666";"Knud Å, Opst. Ravn Sø";"20120927";"1200";"1";"True";"1";"pH";"pH";"7,01";"=";"D, FDC faglig kontrol";"Godkendt";""
"21000666";"Knud Å, Opst. Ravn Sø";"20120927";"1200";"1";"True";"1";"Temperatur";"grader C";"10,8";"=";"D, FDC faglig kontrol";"Godkendt";""
"21000666";"Knud Å, Opst. Ravn Sø";"20121016";"1200";"1";"True";"1";"Temperatur";"grader C";"8,5";"=";"D, FDC faglig kontrol";"Godkendt";""
"21000666";"Knud Å, Opst. Ravn Sø";"20121030";"1200";"1";"True";"1";"pH";"pH";"8,12";"=";"D, FDC faglig kontrol";"Godkendt";""
"21000666";"Knud Å, Opst. Ravn Sø";"20121030";"1200";"1";"True";"1";"Temperatur";"grader C";"5,3";"=";"D, FDC faglig kontrol";"Godkendt";""
"21000666";"Knud Å, Opst. Ravn Sø";"20121113";"1200";"1";"True";"1";"pH";"pH";"7,5";"=";"D, FDC faglig kontrol";"Godkendt";""
"21000666";"Knud Å, Opst. Ravn Sø";"20121113";"1200";"1";"True";"1";"Temperatur";"grader C";"5,7";"=";"D, FDC faglig kontrol";"Godkendt";""
"21000666";"Knud Å, Opst. Ravn Sø";"20121128";"1200";"1";"True";"1";"pH";"pH";"7,4";"=";"D, FDC faglig kontrol";"Godkendt";""
"21000666";"Knud Å, Opst. Ravn Sø";"20121128";"1200";"1";"True";"1";"Temperatur";"grader C";"8";"=";"D, FDC faglig kontrol";"Godkendt";""
"21000666";"Knud Å, Opst. Ravn Sø";"20121211";"1200";"1";"True";"1";"pH";"pH";"7,42";"=";"D, FDC faglig kontrol";"Godkendt";""
"21000666";"Knud Å, Opst. Ravn Sø";"20121211";"1200";"1";"True";"1";"Temperatur";"grader C";"1,5";"=";"D, FDC faglig kontrol";"Godkendt";""
"21000666";"Knud Å, Opst. Ravn Sø";"20130103";"1200";"1";"True";"1";"pH";"pH";"7,52";"=";"D, FDC faglig kontrol";"Godkendt";""
"21000666";"Knud Å, Opst. Ravn Sø";"20130103";"1200";"1";"True";"1";"Temperatur";"grader C";"4,6";"=";"D, FDC faglig kontrol";"Godkendt";""
"21000666";"Knud Å, Opst. Ravn Sø";"20130115";"1200";"1";"True";"1";"pH";"pH";"7,46";"=";"D, FDC faglig kontrol";"Godkendt";""
"21000666";"Knud Å, Opst. Ravn Sø";"20130115";"1200";"1";"True";"1";"Temperatur";"grader C";"0,9";"=";"D, FDC faglig kontrol";"Godkendt";""
"21000666";"Knud Å, Opst. Ravn Sø";"20130205";"1200";"1";"True";"1";"pH";"pH";"7,21";"=";"D, FDC faglig kontrol";"Godkendt";""
"21000666";"Knud Å, Opst. Ravn Sø";"20130205";"1200";"1";"True";"1";"Temperatur";"grader C";"2,2";"=";"D, FDC faglig kontrol";"Godkendt";""
"21000666";"Knud Å, Opst. Ravn Sø";"20130220";"1200";"1";"True";"1";"pH";"pH";"7,35";"=";"D, FDC faglig kontrol";"Godkendt";""
"21000666";"Knud Å, Opst. Ravn Sø";"20130220";"1200";"1";"True";"1";"Temperatur";"grader C";"2";"=";"D, FDC faglig kontrol";"Godkendt";""
"21000666";"Knud Å, Opst. Ravn Sø";"20130305";"1200";"1";"True";"1";"pH";"pH";"7,65";"=";"D, FDC faglig kontrol";"Godkendt";""
"21000666";"Knud Å, Opst. Ravn Sø";"20130305";"1200";"1";"True";"1";"Temperatur";"grader C";"3,7";"=";"D, FDC faglig kontrol";"Godkendt";""
"21000666";"Knud Å, Opst. Ravn Sø";"20130319";"1200";"1";"True";"1";"pH";"pH";"7,16";"=";"D, FDC faglig kontrol";"Godkendt";""
"21000666";"Knud Å, Opst. Ravn Sø";"20130319";"1200";"1";"True";"1";"Temperatur";"grader C";"1,7";"=";"D, FDC faglig kontrol";"Godkendt";""
"21000666";"Knud Å, Opst. Ravn Sø";"20130410";"1200";"1";"True";"1";"pH";"pH";"8,6";"=";"D, FDC faglig kontrol";"Godkendt";""
"21000666";"Knud Å, Opst. Ravn Sø";"20130410";"1200";"1";"True";"1";"Temperatur";"grader C";"4,1";"=";"D, FDC faglig kontrol";"Godkendt";""
"21000666";"Knud Å, Opst. Ravn Sø";"20130514";"1200";"1";"True";"1";"pH";"pH";"7,95";"=";"D, FDC faglig kontrol";"Godkendt";""
"21000666";"Knud Å, Opst. Ravn Sø";"20130514";"1200";"1";"True";"1";"Temperatur";"grader C";"11,2";"=";"D, FDC faglig kontrol";"Godkendt";""
"21000666";"Knud Å, Opst. Ravn Sø";"20130611";"1200";"1";"True";"1";"pH";"pH";"7,22";"=";"D, FDC faglig kontrol";"Godkendt";""
"21000666";"Knud Å, Opst. Ravn Sø";"20130611";"1200";"1";"True";"1";"Temperatur";"grader C";"18,1";"=";"D, FDC faglig kontrol";"Godkendt";""
"21000666";"Knud Å, Opst. Ravn Sø";"20130703";"1200";"1";"True";"1";"pH";"pH";"7,45";"=";"D, FDC faglig kontrol";"Godkendt";""
"21000666";"Knud Å, Opst. Ravn Sø";"20130703";"1200";"1";"True";"1";"Temperatur";"grader C";"15,7";"=";"D, FDC faglig kontrol";"Godkendt";""
"21000666";"Knud Å, Opst. Ravn Sø";"20130813";"1200";"1";"True";"1";"pH";"pH";"7,12";"=";"D, FDC faglig kontrol";"Godkendt";""
"21000666";"Knud Å, Opst. Ravn Sø";"20130813";"1200";"1";"True";"1";"Temperatur";"grader C";"15";"=";"D, FDC faglig kontrol";"Godkendt";""
"21000666";"Knud Å, Opst. Ravn Sø";"20131001";"1200";"1";"True";"1";"pH";"pH";"7,28";"=";"D, FDC faglig kontrol";"Godkendt";""
"21000666";"Knud Å, Opst. Ravn Sø";"20131001";"1200";"1";"True";"1";"Temperatur";"grader C";"8";"=";"D, FDC faglig kontrol";"Godkendt";""
"21000666";"Knud Å, Opst. Ravn Sø";"20131016";"1200";"1";"True";"1";"pH";"pH";"7,42";"=";"D, FDC faglig kontrol";"Godkendt";""
"21000666";"Knud Å, Opst. Ravn Sø";"20131016";"1200";"1";"True";"1";"Temperatur";"grader C";"10,7";"=";"D, FDC faglig kontrol";"Godkendt";""
"21000666";"Knud Å, Opst. Ravn Sø";"20131030";"1200";"1";"True";"1";"pH";"pH";"6,8";"=";"D, FDC faglig kontrol";"Godkendt";""
"21000666";"Knud Å, Opst. Ravn Sø";"20131030";"1200";"1";"True";"1";"Temperatur";"grader C";"8,9";"=";"D, FDC faglig kontrol";"Godkendt";""
"21000666";"Knud Å, Opst. Ravn Sø";"20131112";"1200";"1";"True";"1";"pH";"pH";"7,68";"=";"D, FDC faglig kontrol";"Godkendt";""
"21000666";"Knud Å, Opst. Ravn Sø";"20131112";"1200";"1";"True";"1";"Temperatur";"grader C";"7,1";"=";"D, FDC faglig kontrol";"Godkendt";""
"21000666";"Knud Å, Opst. Ravn Sø";"20131126";"1200";"1";"True";"1";"pH";"pH";"6,83";"=";"D, FDC faglig kontrol";"Godkendt";""
"21000666";"Knud Å, Opst. Ravn Sø";"20131126";"1200";"1";"True";"1";"Temperatur";"grader C";"2,3";"=";"D, FDC faglig kontrol";"Godkendt";""
"21000666";"Knud Å, Opst. Ravn Sø";"20131210";"1200";"1";"True";"1";"pH";"pH";"7,41";"=";"D, FDC faglig kontrol";"Godkendt";""
"21000666";"Knud Å, Opst. Ravn Sø";"20131210";"1200";"1";"True";"1";"Temperatur";"grader C";"5,5";"=";"D, FDC faglig kontrol";"Godkendt";""
"21000666";"Knud Å, Opst. Ravn Sø";"20140107";"1200";"1";"True";"1";"pH";"pH";"7,65";"=";"D, FDC faglig kontrol";"Godkendt";""
"21000666";"Knud Å, Opst. Ravn Sø";"20140107";"1200";"1";"True";"1";"Temperatur";"grader C";"5,7";"=";"D, FDC faglig kontrol";"Godkendt";""
"21000666";"Knud Å, Opst. Ravn Sø";"20140121";"1200";"1";"True";"1";"pH";"pH";"7,66";"=";"D, FDC faglig kontrol";"Godkendt";""
"21000666";"Knud Å, Opst. Ravn Sø";"20140121";"1200";"1";"True";"1";"Temperatur";"grader C";"1,2";"=";"D, FDC faglig kontrol";"Godkendt";""
"21000666";"Knud Å, Opst. Ravn Sø";"20140203";"1200";"1";"True";"1";"pH";"pH";"7,46";"=";"D, FDC faglig kontrol";"Godkendt";""
"21000666";"Knud Å, Opst. Ravn Sø";"20140203";"1200";"1";"True";"1";"Temperatur";"grader C";"1";"=";"D, FDC faglig kontrol";"Godkendt";""
"21000666";"Knud Å, Opst. Ravn Sø";"20140218";"1200";"1";"True";"1";"pH";"pH";"7,57";"=";"D, FDC faglig kontrol";"Godkendt";""
"21000666";"Knud Å, Opst. Ravn Sø";"20140218";"1200";"1";"True";"1";"Temperatur";"grader C";"4";"=";"D, FDC faglig kontrol";"Godkendt";""
"21000666";"Knud Å, Opst. Ravn Sø";"20140303";"1200";"1";"True";"1";"pH";"pH";"7,71";"=";"D, FDC faglig kontrol";"Godkendt";""
"21000666";"Knud Å, Opst. Ravn Sø";"20140303";"1200";"1";"True";"1";"Temperatur";"grader C";"4,5";"=";"D, FDC faglig kontrol";"Godkendt";""
"21000666";"Knud Å, Opst. Ravn Sø";"20140318";"1200";"1";"True";"1";"pH";"pH";"8,03";"=";"D, FDC faglig kontrol";"Godkendt";""
"21000666";"Knud Å, Opst. Ravn Sø";"20140318";"1200";"1";"True";"1";"Temperatur";"grader C";"8,2";"=";"D, FDC faglig kontrol";"Godkendt";""
"21000666";"Knud Å, Opst. Ravn Sø";"20140409";"1200";"1";"True";"1";"pH";"pH";"7,86";"=";"D, FDC faglig kontrol";"Godkendt";""
"21000666";"Knud Å, Opst. Ravn Sø";"20140409";"1200";"1";"True";"1";"Temperatur";"grader C";"8,9";"=";"D, FDC faglig kontrol";"Godkendt";""
"21000666";"Knud Å, Opst. Ravn Sø";"20140513";"1200";"1";"True";"1";"pH";"pH";"6,79";"=";"D, FDC faglig kontrol";"Godkendt";""
"21000666";"Knud Å, Opst. Ravn Sø";"20140513";"1200";"1";"True";"1";"Temperatur";"grader C";"12,2";"=";"D, FDC faglig kontrol";"Godkendt";""
"21000666";"Knud Å, Opst. Ravn Sø";"20140603";"1200";"1";"True";"1";"pH";"pH";"7,38";"=";"D, FDC faglig kontrol";"Godkendt";""
"21000666";"Knud Å, Opst. Ravn Sø";"20140603";"1200";"1";"True";"1";"Temperatur";"grader C";"18,7";"=";"D, FDC faglig kontrol";"Godkendt";""
"21000666";"Knud Å, Opst. Ravn Sø";"20140624";"1200";"1";"True";"1";"pH";"pH";"7,47";"=";"D, FDC faglig kontrol";"Godkendt";""
"21000666";"Knud Å, Opst. Ravn Sø";"20140624";"1200";"1";"True";"1";"Temperatur";"grader C";"16,1";"=";"D, FDC faglig kontrol";"Godkendt";""
"21000666";"Knud Å, Opst. Ravn Sø";"20140707";"1200";"1";"True";"1";"pH";"pH";"7,33";"=";"D, FDC faglig kontrol";"Godkendt";""
"21000666";"Knud Å, Opst. Ravn Sø";"20140707";"1200";"1";"True";"1";"Temperatur";"grader C";"19,3";"=";"D, FDC faglig kontrol";"Godkendt";""
"21000666";"Knud Å, Opst. Ravn Sø";"20140805";"1200";"1";"True";"1";"pH";"pH";"7,39";"=";"D, FDC faglig kontrol";"Godkendt";""
"21000666";"Knud Å, Opst. Ravn Sø";"20140805";"1200";"1";"True";"1";"Temperatur";"grader C";"18,8";"=";"D, FDC faglig kontrol";"Godkendt";""
"21000666";"Knud Å, Opst. Ravn Sø";"20140902";"1200";"1";"True";"1";"pH";"pH";"7,27";"=";"D, FDC faglig kontrol";"Godkendt";""
"21000666";"Knud Å, Opst. Ravn Sø";"20140902";"1200";"1";"True";"1";"Temperatur";"grader C";"15,4";"=";"D, FDC faglig kontrol";"Godkendt";""
"21000666";"Knud Å, Opst. Ravn Sø";"20140929";"1200";"1";"True";"1";"pH";"pH";"7,46";"=";"D, FDC faglig kontrol";"Godkendt";""
"21000666";"Knud Å, Opst. Ravn Sø";"20140929";"1200";"1";"True";"1";"Temperatur";"grader C";"13,4";"=";"D, FDC faglig kontrol";"Godkendt";""
"21000666";"Knud Å, Opst. Ravn Sø";"20141015";"1200";"1";"True";"1";"pH";"pH";"7,64";"=";"D, FDC faglig kontrol";"Godkendt";""
"21000666";"Knud Å, Opst. Ravn Sø";"20141015";"1200";"1";"True";"1";"Temperatur";"grader C";"10,9";"=";"D, FDC faglig kontrol";"Godkendt";""
"21000666";"Knud Å, Opst. Ravn Sø";"20141029";"1200";"1";"True";"1";"pH";"pH";"7,53";"=";"D, FDC faglig kontrol";"Godkendt";""
"21000666";"Knud Å, Opst. Ravn Sø";"20141029";"1200";"1";"True";"1";"Temperatur";"grader C";"11,3";"=";"D, FDC faglig kontrol";"Godkendt";""
"21000666";"Knud Å, Opst. Ravn Sø";"20141111";"1200";"1";"True";"1";"pH";"pH";"7,54";"=";"D, FDC faglig kontrol";"Godkendt";""
"21000666";"Knud Å, Opst. Ravn Sø";"20141111";"1200";"1";"True";"1";"Temperatur";"grader C";"8,1";"=";"D, FDC faglig kontrol";"Godkendt";""
"21000666";"Knud Å, Opst. Ravn Sø";"20141125";"1200";"1";"True";"1";"pH";"pH";"7,51";"=";"D, FDC faglig kontrol";"Godkendt";""
"21000666";"Knud Å, Opst. Ravn Sø";"20141125";"1200";"1";"True";"1";"Temperatur";"grader C";"6,3";"=";"D, FDC faglig kontrol";"Godkendt";""
"21000666";"Knud Å, Opst. Ravn Sø";"20141210";"1200";"1";"True";"1";"pH";"pH";"7,72";"=";"D, FDC faglig kontrol";"Godkendt";""
"21000666";"Knud Å, Opst. Ravn Sø";"20141210";"1200";"1";"True";"1";"Temperatur";"grader C";"3,6";"=";"D, FDC faglig kontrol";"Godkendt";""
"21000666";"Knud Å, Opst. Ravn Sø";"20150106";"1200";"1";"True";"1";"pH";"pH";"7,39";"=";"C, Faglig kontrol";"Godkendt";""
"21000666";"Knud Å, Opst. Ravn Sø";"20150106";"1200";"1";"True";"1";"Temperatur";"grader C";"4";"=";"C, Faglig kontrol";"Godkendt";""
"21000666";"Knud Å, Opst. Ravn Sø";"20150112";"1200";"1";"True";"1";"pH";"pH";"7,53";"=";"C, Faglig kontrol";"Godkendt";""
"21000666";"Knud Å, Opst. Ravn Sø";"20150112";"1200";"1";"True";"1";"Temperatur";"grader C";"3,8";"=";"C, Faglig kontrol";"Godkendt";""
"21000666";"Knud Å, Opst. Ravn Sø";"20150202";"1200";"1";"True";"1";"pH";"pH";"7,28";"=";"C, Faglig kontrol";"Godkendt";""
"21000666";"Knud Å, Opst. Ravn Sø";"20150202";"1200";"1";"True";"1";"Temperatur";"grader C";"1,7";"=";"C, Faglig kontrol";"Godkendt";""
"21000666";"Knud Å, Opst. Ravn Sø";"20150218";"1200";"1";"True";"1";"pH";"pH";"7,79";"=";"C, Faglig kontrol";"Godkendt";""
"21000666";"Knud Å, Opst. Ravn Sø";"20150218";"1200";"1";"True";"1";"Temperatur";"grader C";"3,5";"=";"C, Faglig kontrol";"Godkendt";""
"21000666";"Knud Å, Opst. Ravn Sø";"20150324";"1200";"1";"True";"1";"pH";"pH";"8";"=";"C, Faglig kontrol";"Godkendt";""
"21000666";"Knud Å, Opst. Ravn Sø";"20150324";"1200";"1";"True";"1";"Temperatur";"grader C";"6,2";"=";"C, Faglig kontrol";"Godkendt";""
"21000666";"Knud Å, Opst. Ravn Sø";"20150427";"1200";"1";"True";"1";"pH";"pH";"7,99";"=";"C, Faglig kontrol";"Godkendt";""
"21000666";"Knud Å, Opst. Ravn Sø";"20150427";"1200";"1";"True";"1";"Temperatur";"grader C";"10,7";"=";"C, Faglig kontrol";"Godkendt";""
"21000666";"Knud Å, Opst. Ravn Sø";"20150526";"1200";"1";"True";"1";"pH";"pH";"8,06";"=";"C, Faglig kontrol";"Godkendt";""
"21000666";"Knud Å, Opst. Ravn Sø";"20150526";"1200";"1";"True";"1";"Temperatur";"grader C";"14";"=";"C, Faglig kontrol";"Godkendt";""
"21000666";"Knud Å, Opst. Ravn Sø";"20150616";"1200";"1";"True";"1";"pH";"pH";"7,41";"=";"C, Faglig kontrol";"Godkendt";""
"21000666";"Knud Å, Opst. Ravn Sø";"20150616";"1200";"1";"True";"1";"Temperatur";"grader C";"13,6";"=";"C, Faglig kontrol";"Godkendt";""
"21000666";"Knud Å, Opst. Ravn Sø";"20150720";"1200";"1";"True";"1";"pH";"pH";"7,33";"=";"C, Faglig kontrol";"Godkendt";""
"21000666";"Knud Å, Opst. Ravn Sø";"20150720";"1200";"1";"True";"1";"Temperatur";"grader C";"16,3";"=";"C, Faglig kontrol";"Godkendt";""
"21000666";"Knud Å, Opst. Ravn Sø";"20150825";"1200";"1";"True";"1";"pH";"pH";"7,3";"=";"C, Faglig kontrol";"Godkendt";""
"21000666";"Knud Å, Opst. Ravn Sø";"20150825";"1200";"1";"True";"1";"Temperatur";"grader C";"17,9";"=";"C, Faglig kontrol";"Godkendt";""
"21000666";"Knud Å, Opst. Ravn Sø";"20150928";"1200";"1";"True";"1";"pH";"pH";"7,4";"=";"C, Faglig kontrol";"Godkendt";""
"21000666";"Knud Å, Opst. Ravn Sø";"20150928";"1200";"1";"True";"1";"Temperatur";"grader C";"11,5";"=";"C, Faglig kontrol";"Godkendt";""
"21000666";"Knud Å, Opst. Ravn Sø";"20151006";"1200";"1";"True";"1";"pH";"pH";"7,6";"=";"C, Faglig kontrol";"Godkendt";""
"21000666";"Knud Å, Opst. Ravn Sø";"20151006";"1200";"1";"True";"1";"Temperatur";"grader C";"12,3";"=";"C, Faglig kontrol";"Godkendt";""
"21000666";"Knud Å, Opst. Ravn Sø";"20151028";"1200";"1";"True";"1";"pH";"pH";"7,7";"=";"C, Faglig kontrol";"Godkendt";""
"21000666";"Knud Å, Opst. Ravn Sø";"20151028";"1200";"1";"True";"1";"Temperatur";"grader C";"7,8";"=";"C, Faglig kontrol";"Godkendt";""
"21000666";"Knud Å, Opst. Ravn Sø";"20151110";"1200";"1";"True";"1";"pH";"pH";"7,5";"=";"C, Faglig kontrol";"Godkendt";""
"21000666";"Knud Å, Opst. Ravn Sø";"20151110";"1200";"1";"True";"1";"Temperatur";"grader C";"10,7";"=";"C, Faglig kontrol";"Godkendt";""
"21000666";"Knud Å, Opst. Ravn Sø";"20151124";"1200";"1";"True";"1";"pH";"pH";"7,4";"=";"C, Faglig kontrol";"Godkendt";""
"21000666";"Knud Å, Opst. Ravn Sø";"20151124";"1200";"1";"True";"1";"Temperatur";"grader C";"3,3";"=";"C, Faglig kontrol";"Godkendt";""
"21000666";"Knud Å, Opst. Ravn Sø";"20151209";"1200";"1";"True";"1";"pH";"pH";"7,5";"=";"C, Faglig kontrol";"Godkendt";""
"21000666";"Knud Å, Opst. Ravn Sø";"20151209";"1200";"1";"True";"1";"Temperatur";"grader C";"6,6";"=";"C, Faglig kontrol";"Godkendt";""
"21000666";"Knud Å, Opst. Ravn Sø";"20160114";"1200";"1";"True";"1";"pH";"pH";"7,3";"=";"D, FDC faglig kontrol";"Godkendt";""
"21000666";"Knud Å, Opst. Ravn Sø";"20160114";"1200";"1";"True";"1";"Temperatur";"grader C";"1,4";"=";"D, FDC faglig kontrol";"Godkendt";""
"21000666";"Knud Å, Opst. Ravn Sø";"20160126";"1200";"1";"True";"1";"pH";"pH";"7,4";"=";"D, FDC faglig kontrol";"Godkendt";""
"21000666";"Knud Å, Opst. Ravn Sø";"20160126";"1200";"1";"True";"1";"Temperatur";"grader C";"1,7";"=";"D, FDC faglig kontrol";"Godkendt";""
"21000666";"Knud Å, Opst. Ravn Sø";"20160209";"1200";"1";"True";"1";"pH";"pH";"7,7";"=";"D, FDC faglig kontrol";"Godkendt";""
"21000666";"Knud Å, Opst. Ravn Sø";"20160209";"1200";"1";"True";"1";"Temperatur";"grader C";"5";"=";"D, FDC faglig kontrol";"Godkendt";""
"21000666";"Knud Å, Opst. Ravn Sø";"20160309";"1200";"1";"True";"1";"pH";"pH";"7,6";"=";"D, FDC faglig kontrol";"Godkendt";""
"21000666";"Knud Å, Opst. Ravn Sø";"20160309";"1200";"1";"True";"1";"Temperatur";"grader C";"3,5";"=";"D, FDC faglig kontrol";"Godkendt";""
"21000666";"Knud Å, Opst. Ravn Sø";"20160330";"1200";"1";"True";"1";"pH";"pH";"7,8";"=";"D, FDC faglig kontrol";"Godkendt";""
"21000666";"Knud Å, Opst. Ravn Sø";"20160330";"1200";"1";"True";"1";"Temperatur";"grader C";"7,1";"=";"D, FDC faglig kontrol";"Godkendt";""
"21000666";"Knud Å, Opst. Ravn Sø";"20160419";"1200";"1";"True";"1";"pH";"pH";"7,8";"=";"D, FDC faglig kontrol";"Godkendt";""
"21000666";"Knud Å, Opst. Ravn Sø";"20160419";"1200";"1";"True";"1";"Temperatur";"grader C";"8";"=";"D, FDC faglig kontrol";"Godkendt";""
"21000666";"Knud Å, Opst. Ravn Sø";"20160523";"1200";"1";"True";"1";"pH";"pH";"7,7";"=";"D, FDC faglig kontrol";"Godkendt";""
"21000666";"Knud Å, Opst. Ravn Sø";"20160523";"1200";"1";"True";"1";"Temperatur";"grader C";"16,1";"=";"D, FDC faglig kontrol";"Godkendt";""
"21000666";"Knud Å, Opst. Ravn Sø";"20160617";"1200";"1";"True";"1";"pH";"pH";"7,6";"=";"D, FDC faglig kontrol";"Godkendt";""
"21000666";"Knud Å, Opst. Ravn Sø";"20160617";"1200";"1";"True";"1";"Temperatur";"grader C";"18,2";"=";"D, FDC faglig kontrol";"Godkendt";""
"21000666";"Knud Å, Opst. Ravn Sø";"20160719";"1200";"1";"True";"1";"pH";"pH";"7,2";"=";"D, FDC faglig kontrol";"Godkendt";""
"21000666";"Knud Å, Opst. Ravn Sø";"20160719";"1200";"1";"True";"1";"Temperatur";"grader C";"16,5";"=";"D, FDC faglig kontrol";"Godkendt";""
"21000666";"Knud Å, Opst. Ravn Sø";"20160816";"1200";"1";"True";"1";"pH";"pH";"7,7";"=";"D, FDC faglig kontrol";"Godkendt";""
"21000666";"Knud Å, Opst. Ravn Sø";"20160816";"1200";"1";"True";"1";"Temperatur";"grader C";"15,3";"=";"D, FDC faglig kontrol";"Godkendt";""
"21000666";"Knud Å, Opst. Ravn Sø";"20160907";"1200";"1";"True";"1";"pH";"pH";"7,6";"=";"D, FDC faglig kontrol";"Godkendt";""
"21000666";"Knud Å, Opst. Ravn Sø";"20160907";"1200";"1";"True";"1";"Temperatur";"grader C";"16,6";"=";"D, FDC faglig kontrol";"Godkendt";""
"21000666";"Knud Å, Opst. Ravn Sø";"20160930";"1200";"1";"True";"1";"pH";"pH";"7,86";"=";"D, FDC faglig kontrol";"Godkendt";""
"21000666";"Knud Å, Opst. Ravn Sø";"20160930";"1200";"1";"True";"1";"Temperatur";"grader C";"16,3";"=";"D, FDC faglig kontrol";"Godkendt";""
"21000666";"Knud Å, Opst. Ravn Sø";"20161101";"1200";"1";"True";"1";"pH";"pH";"7,6";"=";"D, FDC faglig kontrol";"Godkendt";""
"21000666";"Knud Å, Opst. Ravn Sø";"20161101";"1200";"1";"True";"1";"Temperatur";"grader C";"9,5";"=";"D, FDC faglig kontrol";"Godkendt";""
"21000666";"Knud Å, Opst. Ravn Sø";"20161130";"1200";"1";"True";"1";"pH";"pH";"7,7";"=";"D, FDC faglig kontrol";"Godkendt";""
"21000666";"Knud Å, Opst. Ravn Sø";"20161130";"1200";"1";"True";"1";"Temperatur";"grader C";"3,1";"=";"D, FDC faglig kontrol";"Godkendt";""
"21000666";"Knud Å, Opst. Ravn Sø";"20161215";"1200";"1";"True";"1";"pH";"pH";"7,8";"=";"D, FDC faglig kontrol";"Godkendt";""
"21000666";"Knud Å, Opst. Ravn Sø";"20161215";"1200";"1";"True";"1";"Temperatur";"grader C";"4";"=";"D, FDC faglig kontrol";"Godkendt";""
"21000666";"Knud Å, Opst. Ravn Sø";"20170105";"1200";"1";"True";"1";"pH";"pH";"7,8";"=";"C, Faglig kontrol";"Godkendt";""
"21000666";"Knud Å, Opst. Ravn Sø";"20170105";"1200";"1";"True";"1";"Temperatur";"grader C";"0,8";"=";"C, Faglig kontrol";"Godkendt";""
"21000666";"Knud Å, Opst. Ravn Sø";"20170203";"1200";"1";"True";"1";"pH";"pH";"7,83";"=";"C, Faglig kontrol";"Godkendt";""
"21000666";"Knud Å, Opst. Ravn Sø";"20170203";"1200";"1";"True";"1";"Temperatur";"grader C";"2,7";"=";"C, Faglig kontrol";"Godkendt";""
"21000666";"Knud Å, Opst. Ravn Sø";"20170223";"1200";"1";"True";"1";"pH";"pH";"7,91";"=";"C, Faglig kontrol";"Godkendt";""
"21000666";"Knud Å, Opst. Ravn Sø";"20170223";"1200";"1";"True";"1";"Temperatur";"grader C";"4,5";"=";"C, Faglig kontrol";"Godkendt";""
"21000666";"Knud Å, Opst. Ravn Sø";"20170315";"1200";"1";"True";"1";"pH";"pH";"8,22";"=";"C, Faglig kontrol";"Godkendt";""
"21000666";"Knud Å, Opst. Ravn Sø";"20170315";"1200";"1";"True";"1";"Temperatur";"grader C";"6,4";"=";"C, Faglig kontrol";"Godkendt";""
"21000666";"Knud Å, Opst. Ravn Sø";"20170328";"1200";"1";"True";"1";"pH";"pH";"7,86";"=";"C, Faglig kontrol";"Godkendt";""
"21000666";"Knud Å, Opst. Ravn Sø";"20170328";"1200";"1";"True";"1";"Temperatur";"grader C";"9,6";"=";"C, Faglig kontrol";"Godkendt";""
"21000666";"Knud Å, Opst. Ravn Sø";"20170426";"1200";"1";"True";"1";"pH";"pH";"8,2";"=";"C, Faglig kontrol";"Godkendt";""
"21000666";"Knud Å, Opst. Ravn Sø";"20170426";"1200";"1";"True";"1";"Temperatur";"grader C";"7,7";"=";"C, Faglig kontrol";"Godkendt";""
"21000666";"Knud Å, Opst. Ravn Sø";"20170530";"1200";"1";"True";"1";"pH";"pH";"7,7";"=";"C, Faglig kontrol";"Godkendt";""
"21000666";"Knud Å, Opst. Ravn Sø";"20170530";"1200";"1";"True";"1";"Temperatur";"grader C";"17,8";"=";"C, Faglig kontrol";"Godkendt";""
"21000666";"Knud Å, Opst. Ravn Sø";"20170627";"1200";"1";"True";"1";"pH";"pH";"7,7";"=";"C, Faglig kontrol";"Godkendt";""
"21000666";"Knud Å, Opst. Ravn Sø";"20170627";"1200";"1";"True";"1";"Temperatur";"grader C";"17";"=";"C, Faglig kontrol";"Godkendt";""
"21000666";"Knud Å, Opst. Ravn Sø";"20170802";"1200";"1";"True";"1";"pH";"pH";"7,41";"=";"C, Faglig kontrol";"Godkendt";""
"21000666";"Knud Å, Opst. Ravn Sø";"20170802";"1200";"1";"True";"1";"Temperatur";"grader C";"18,3";"=";"C, Faglig kontrol";"Godkendt";""
"21000666";"Knud Å, Opst. Ravn Sø";"20170829";"1200";"1";"True";"1";"pH";"pH";"7,4";"=";"C, Faglig kontrol";"Godkendt";""
"21000666";"Knud Å, Opst. Ravn Sø";"20170829";"1200";"1";"True";"1";"Temperatur";"grader C";"17,5";"=";"C, Faglig kontrol";"Godkendt";""
"21000666";"Knud Å, Opst. Ravn Sø";"20170926";"1200";"1";"True";"1";"pH";"pH";"7,4";"=";"C, Faglig kontrol";"Godkendt";""
"21000666";"Knud Å, Opst. Ravn Sø";"20170926";"1200";"1";"True";"1";"Temperatur";"grader C";"13,8";"=";"C, Faglig kontrol";"Godkendt";""
"21000666";"Knud Å, Opst. Ravn Sø";"20171031";"1200";"1";"True";"1";"pH";"pH";"7,6";"=";"C, Faglig kontrol";"Godkendt";""
"21000666";"Knud Å, Opst. Ravn Sø";"20171031";"1200";"1";"True";"1";"Temperatur";"grader C";"6,5";"=";"C, Faglig kontrol";"Godkendt";""
"21000666";"Knud Å, Opst. Ravn Sø";"20171108";"1200";"1";"True";"1";"pH";"pH";"7,6";"=";"C, Faglig kontrol";"Godkendt";""
"21000666";"Knud Å, Opst. Ravn Sø";"20171108";"1200";"1";"True";"1";"Temperatur";"grader C";"4,5";"=";"C, Faglig kontrol";"Godkendt";""
"21000666";"Knud Å, Opst. Ravn Sø";"20171121";"1200";"1";"True";"1";"pH";"pH";"7,5";"=";"C, Faglig kontrol";"Godkendt";""
"21000666";"Knud Å, Opst. Ravn Sø";"20171121";"1200";"1";"True";"1";"Temperatur";"grader C";"3,5";"=";"C, Faglig kontrol";"Godkendt";""
"21000666";"Knud Å, Opst. Ravn Sø";"20171205";"1200";"1";"True";"1";"pH";"pH";"7,6";"=";"C, Faglig kontrol";"Godkendt";""
"21000666";"Knud Å, Opst. Ravn Sø";"20171205";"1200";"1";"True";"1";"Temperatur";"grader C";"3,8";"=";"C, Faglig kontrol";"Godkendt";""
"21000666";"Knud Å, Opst. Ravn Sø";"20171219";"1200";"1";"True";"1";"pH";"pH";"7,6";"=";"C, Faglig kontrol";"Godkendt";""
"21000666";"Knud Å, Opst. Ravn Sø";"20171219";"1200";"1";"True";"1";"Temperatur";"grader C";"2,7";"=";"C, Faglig kontrol";"Godkendt";""
"21000666";"Knud Å, Opst. Ravn Sø";"20180109";"1200";"1";"True";"1";"pH";"pH";"7,6";"=";"C, Faglig kontrol";"Godkendt";""
"21000666";"Knud Å, Opst. Ravn Sø";"20180109";"1200";"1";"True";"1";"Temperatur";"grader C";"1,6";"=";"C, Faglig kontrol";"Godkendt";""
"21000666";"Knud Å, Opst. Ravn Sø";"20180126";"1200";"1";"True";"1";"pH";"pH";"7,81";"=";"C, Faglig kontrol";"Godkendt";""
"21000666";"Knud Å, Opst. Ravn Sø";"20180126";"1200";"1";"True";"1";"Temperatur";"grader C";"5,3";"=";"C, Faglig kontrol";"Godkendt";""
"21000666";"Knud Å, Opst. Ravn Sø";"20180206";"1200";"1";"True";"1";"pH";"pH";"7,8";"=";"C, Faglig kontrol";"Godkendt";""
"21000666";"Knud Å, Opst. Ravn Sø";"20180206";"1200";"1";"True";"1";"Temperatur";"grader C";"0,7";"=";"C, Faglig kontrol";"Godkendt";""
"21000666";"Knud Å, Opst. Ravn Sø";"20180220";"1200";"1";"True";"1";"pH";"pH";"7,8";"=";"C, Faglig kontrol";"Godkendt";""
"21000666";"Knud Å, Opst. Ravn Sø";"20180220";"1200";"1";"True";"1";"Temperatur";"grader C";"2,7";"=";"C, Faglig kontrol";"Godkendt";""
"21000666";"Knud Å, Opst. Ravn Sø";"20180313";"1200";"1";"True";"1";"pH";"pH";"7,4";"=";"C, Faglig kontrol";"Godkendt";""
"21000666";"Knud Å, Opst. Ravn Sø";"20180313";"1200";"1";"True";"1";"Temperatur";"grader C";"1,5";"=";"C, Faglig kontrol";"Godkendt";""
"21000666";"Knud Å, Opst. Ravn Sø";"20180411";"1200";"1";"True";"1";"pH";"pH";"8,21";"=";"C, Faglig kontrol";"Godkendt";""
"21000666";"Knud Å, Opst. Ravn Sø";"20180411";"1200";"1";"True";"1";"Temperatur";"grader C";"8,1";"=";"C, Faglig kontrol";"Godkendt";""
"21000666";"Knud Å, Opst. Ravn Sø";"20180515";"1200";"1";"True";"1";"pH";"pH";"7,8";"=";"C, Faglig kontrol";"Godkendt";""
"21000666";"Knud Å, Opst. Ravn Sø";"20180515";"1200";"1";"True";"1";"Temperatur";"grader C";"20";"=";"C, Faglig kontrol";"Godkendt";""
"21000666";"Knud Å, Opst. Ravn Sø";"20180612";"1200";"1";"True";"1";"pH";"pH";"7,6";"=";"C, Faglig kontrol";"Godkendt";""
"21000666";"Knud Å, Opst. Ravn Sø";"20180612";"1200";"1";"True";"1";"Temperatur";"grader C";"17,5";"=";"C, Faglig kontrol";"Godkendt";""
"21000666";"Knud Å, Opst. Ravn Sø";"20180703";"1200";"1";"True";"1";"pH";"pH";"7,5";"=";"C, Faglig kontrol";"Godkendt";""
"21000666";"Knud Å, Opst. Ravn Sø";"20180703";"1200";"1";"True";"1";"Temperatur";"grader C";"19,5";"=";"C, Faglig kontrol";"Godkendt";""
"21000666";"Knud Å, Opst. Ravn Sø";"20180725";"1200";"1";"True";"1";"pH";"pH";"7,2";"=";"C, Faglig kontrol";"Godkendt";""
"21000666";"Knud Å, Opst. Ravn Sø";"20180725";"1200";"1";"True";"1";"Temperatur";"grader C";"20,3";"=";"C, Faglig kontrol";"Godkendt";""
"21000666";"Knud Å, Opst. Ravn Sø";"20180905";"1200";"1";"True";"1";"pH";"pH";"7,2";"=";"C, Faglig kontrol";"Godkendt";""
"21000666";"Knud Å, Opst. Ravn Sø";"20180905";"1200";"1";"True";"1";"Temperatur";"grader C";"15,4";"=";"C, Faglig kontrol";"Godkendt";""
"21000666";"Knud Å, Opst. Ravn Sø";"20181009";"1200";"1";"True";"1";"pH";"pH";"7,4";"=";"C, Faglig kontrol";"Godkendt";""
"21000666";"Knud Å, Opst. Ravn Sø";"20181009";"1200";"1";"True";"1";"Temperatur";"grader C";"11,4";"=";"C, Faglig kontrol";"Godkendt";""
"21000666";"Knud Å, Opst. Ravn Sø";"20181107";"1200";"1";"True";"1";"pH";"pH";"7,6";"=";"C, Faglig kontrol";"Godkendt";""
"21000666";"Knud Å, Opst. Ravn Sø";"20181107";"1200";"1";"True";"1";"Temperatur";"grader C";"8,8";"=";"C, Faglig kontrol";"Godkendt";""
"21000666";"Knud Å, Opst. Ravn Sø";"20181129";"1200";"1";"True";"1";"pH";"pH";"7,5";"=";"C, Faglig kontrol";"Godkendt";""
"21000666";"Knud Å, Opst. Ravn Sø";"20181129";"1200";"1";"True";"1";"Temperatur";"grader C";"2,9";"=";"C, Faglig kontrol";"Godkendt";""
"21000666";"Knud Å, Opst. Ravn Sø";"20181206";"1200";"1";"True";"1";"pH";"pH";"8,2";"=";"C, Faglig kontrol";"Godkendt";""
"21000666";"Knud Å, Opst. Ravn Sø";"20181206";"1200";"1";"True";"1";"Temperatur";"grader C";"2,9";"=";"C, Faglig kontrol";"Godkendt";""
"21000666";"Knud Å, Opst. Ravn Sø";"20181220";"1200";"1";"True";"1";"pH";"pH";"7,8";"=";"C, Faglig kontrol";"Godkendt";""
"21000666";"Knud Å, Opst. Ravn Sø";"20181220";"1200";"1";"True";"1";"Temperatur";"grader C";"4";"=";"C, Faglig kontrol";"Godkendt";""
"21000666";"Knud Å, Opst. Ravn Sø";"20190103";"1200";"1";"True";"1";"pH";"pH";"7,9";"=";"C, Faglig kontrol";"Godkendt";""
"21000666";"Knud Å, Opst. Ravn Sø";"20190103";"1200";"1";"True";"1";"Temperatur";"grader C";"1,7";"=";"C, Faglig kontrol";"Godkendt";""
"21000666";"Knud Å, Opst. Ravn Sø";"20190115";"1200";"1";"True";"1";"pH";"pH";"8";"=";"C, Faglig kontrol";"Godkendt";"2021-04-29 19:48/Datamigrering: Registreret af Lars Juhler (lajuh@nst.dk)"
"21000666";"Knud Å, Opst. Ravn Sø";"20190115";"1200";"1";"True";"1";"Temperatur";"grader C";"1,8";"=";"C, Faglig kontrol";"Godkendt";"2021-04-29 19:48/Datamigrering: Registreret af Lars Juhler (lajuh@nst.dk)"
"21000666";"Knud Å, Opst. Ravn Sø";"20190201";"1200";"1";"True";"1";"pH";"pH";"7,52";"=";"C, Faglig kontrol";"Godkendt";"2021-04-29 19:04/Datamigrering: Registreret af Lars Juhler (lajuh@nst.dk)"
"21000666";"Knud Å, Opst. Ravn Sø";"20190201";"1200";"1";"True";"1";"Temperatur";"grader C";"1,9";"=";"C, Faglig kontrol";"Godkendt";"2021-04-29 19:04/Datamigrering: Registreret af Lars Juhler (lajuh@nst.dk)"
"21000666";"Knud Å, Opst. Ravn Sø";"20190219";"1200";"1";"True";"1";"pH";"pH";"7,6";"=";"C, Faglig kontrol";"Godkendt";"2021-04-29 21:39/Datamigrering: Registreret af Lars Juhler (lajuh@nst.dk)"
"21000666";"Knud Å, Opst. Ravn Sø";"20190219";"1200";"1";"True";"1";"Temperatur";"grader C";"5,7";"=";"C, Faglig kontrol";"Godkendt";"2021-04-29 21:39/Datamigrering: Registreret af Lars Juhler (lajuh@nst.dk)"
"21000666";"Knud Å, Opst. Ravn Sø";"20190307";"1200";"1";"True";"1";"pH";"pH";"7,4";"=";"C, Faglig kontrol";"Godkendt";"2021-04-29 22:27/Datamigrering: Registreret af Lars Juhler (lajuh@nst.dk)"
"21000666";"Knud Å, Opst. Ravn Sø";"20190307";"1200";"1";"True";"1";"Temperatur";"grader C";"6,6";"=";"C, Faglig kontrol";"Godkendt";"2021-04-29 22:27/Datamigrering: Registreret af Lars Juhler (lajuh@nst.dk)"
"21000666";"Knud Å, Opst. Ravn Sø";"20190319";"1200";"1";"True";"1";"pH";"pH";"7,4";"=";"C, Faglig kontrol";"Godkendt";"2021-04-29 18:31/Datamigrering: Registreret af Lars Juhler (lajuh@nst.dk)"
"21000666";"Knud Å, Opst. Ravn Sø";"20190319";"1200";"1";"True";"1";"Temperatur";"grader C";"4,9";"=";"C, Faglig kontrol";"Godkendt";"2021-04-29 18:31/Datamigrering: Registreret af Lars Juhler (lajuh@nst.dk)"
"21000666";"Knud Å, Opst. Ravn Sø";"20190403";"1200";"1";"True";"1";"pH";"pH";"7,9";"=";"C, Faglig kontrol";"Godkendt";"2021-04-29 19:45/Datamigrering: Registreret af Lars Juhler (lajuh@nst.dk)"
"21000666";"Knud Å, Opst. Ravn Sø";"20190403";"1200";"1";"True";"1";"Temperatur";"grader C";"7,7";"=";"C, Faglig kontrol";"Godkendt";"2021-04-29 19:45/Datamigrering: Registreret af Lars Juhler (lajuh@nst.dk)"
"21000666";"Knud Å, Opst. Ravn Sø";"20190502";"1200";"1";"True";"1";"pH";"pH";"7,99";"=";"C, Faglig kontrol";"Godkendt";"2021-04-28 21:14/Datamigrering: Registreret af Lars Juhler (lajuh@nst.dk)"
"21000666";"Knud Å, Opst. Ravn Sø";"20190502";"1200";"1";"True";"1";"Temperatur";"grader C";"12,4";"=";"C, Faglig kontrol";"Godkendt";"2021-04-28 21:14/Datamigrering: Registreret af Lars Juhler (lajuh@nst.dk)"
"21000666";"Knud Å, Opst. Ravn Sø";"20190528";"1200";"1";"True";"1";"pH";"pH";"7,81";"=";"C, Faglig kontrol";"Godkendt";"2021-04-29 02:46/Datamigrering: Registreret af Lars Juhler (lajuh@nst.dk)"
"21000666";"Knud Å, Opst. Ravn Sø";"20190528";"1200";"1";"True";"1";"Temperatur";"grader C";"13,8";"=";"C, Faglig kontrol";"Godkendt";"2021-04-29 02:46/Datamigrering: Registreret af Lars Juhler (lajuh@nst.dk)"
"21000666";"Knud Å, Opst. Ravn Sø";"20190704";"1200";"1";"True";"1";"pH";"pH";"8,3";"=";"B, Elektronisk kontrol";"Godkendt";"2021-04-29 18:26/Datamigrering: Registreret af Lars Juhler (lajuh@nst.dk)"
"21000666";"Knud Å, Opst. Ravn Sø";"20190704";"1200";"1";"True";"1";"Temperatur";"grader C";"15,7";"=";"B, Elektronisk kontrol";"Godkendt";"2021-04-29 18:26/Datamigrering: Registreret af Lars Juhler (lajuh@nst.dk)"
"21000666";"Knud Å, Opst. Ravn Sø";"20190723";"1200";"1";"True";"1";"pH";"pH";"7,52";"=";"C, Faglig kontrol";"Godkendt";"2021-04-29 03:44/Datamigrering: Registreret af Lars Juhler (lajuh@nst.dk)"
"21000666";"Knud Å, Opst. Ravn Sø";"20190723";"1200";"1";"True";"1";"Temperatur";"grader C";"19,2";"=";"C, Faglig kontrol";"Godkendt";"2021-04-29 03:44/Datamigrering: Registreret af Lars Juhler (lajuh@nst.dk)"
"21000666";"Knud Å, Opst. Ravn Sø";"20190827";"1200";"1";"True";"1";"pH";"pH";"7,4";"=";"C, Faglig kontrol";"Godkendt";"2021-04-29 01:48/Datamigrering: Registreret af Lars Juhler (lajuh@nst.dk)"
"21000666";"Knud Å, Opst. Ravn Sø";"20190827";"1200";"1";"True";"1";"Temperatur";"grader C";"18,1";"=";"C, Faglig kontrol";"Godkendt";"2021-04-29 01:48/Datamigrering: Registreret af Lars Juhler (lajuh@nst.dk)"
"21000666";"Knud Å, Opst. Ravn Sø";"20190924";"1200";"1";"True";"1";"pH";"pH";"7,29";"=";"C, Faglig kontrol";"Godkendt";"2021-04-29 03:39/Datamigrering: Registreret af Lars Juhler (lajuh@nst.dk)"
"21000666";"Knud Å, Opst. Ravn Sø";"20190924";"1200";"1";"True";"1";"Temperatur";"grader C";"13,3";"=";"C, Faglig kontrol";"Godkendt";"2021-04-29 03:39/Datamigrering: Registreret af Lars Juhler (lajuh@nst.dk)"
"21000666";"Knud Å, Opst. Ravn Sø";"20191022";"1200";"1";"True";"1";"pH";"pH";"7";"=";"C, Faglig kontrol";"Godkendt";"2021-04-29 20:59/Datamigrering: Registreret af Lars Juhler (lajuh@nst.dk)"
"21000666";"Knud Å, Opst. Ravn Sø";"20191022";"1200";"1";"True";"1";"Temperatur";"grader C";"10,5";"=";"C, Faglig kontrol";"Godkendt";"2021-04-29 20:59/Datamigrering: Registreret af Lars Juhler (lajuh@nst.dk)"
"21000666";"Knud Å, Opst. Ravn Sø";"20191114";"1200";"1";"True";"1";"pH";"pH";"7,46";"=";"C, Faglig kontrol";"Godkendt";"2021-04-28 20:51/Datamigrering: Registreret af Lars Juhler (lajuh@nst.dk)"
"21000666";"Knud Å, Opst. Ravn Sø";"20191114";"1200";"1";"True";"1";"Temperatur";"grader C";"5,2";"=";"C, Faglig kontrol";"Godkendt";"2021-04-28 20:51/Datamigrering: Registreret af Lars Juhler (lajuh@nst.dk)"
"21000666";"Knud Å, Opst. Ravn Sø";"20191219";"1200";"1";"True";"1";"pH";"pH";"7,3";"=";"C, Faglig kontrol";"Godkendt";"2021-04-29 01:48/Datamigrering: Registreret af Lars Juhler (lajuh@nst.dk)"
"21000666";"Knud Å, Opst. Ravn Sø";"20191219";"1200";"1";"True";"1";"Temperatur";"grader C";"4,9";"=";"C, Faglig kontrol";"Godkendt";"2021-04-29 01:48/Datamigrering: Registreret af Lars Juhler (lajuh@nst.dk)"
"21000666";"Knud Å, Opst. Ravn Sø";"20200114";"1200";"1";"True";"1";"pH";"pH";"7,55";"=";"C, Faglig kontrol";"Godkendt";"2021-04-29 21:14/Datamigrering: Registreret af Lars Juhler (lajuh@nst.dk)"
"21000666";"Knud Å, Opst. Ravn Sø";"20200114";"1200";"1";"True";"1";"Temperatur";"grader C";"5,8";"=";"C, Faglig kontrol";"Godkendt";"2021-04-29 21:14/Datamigrering: Registreret af Lars Juhler (lajuh@nst.dk)"
"21000666";"Knud Å, Opst. Ravn Sø";"20200128";"1200";"1";"True";"1";"pH";"pH";"7,58";"=";"C, Faglig kontrol";"Godkendt";"2021-04-29 19:34/Datamigrering: Registreret af Lars Juhler (lajuh@nst.dk)"
"21000666";"Knud Å, Opst. Ravn Sø";"20200128";"1200";"1";"True";"1";"Temperatur";"grader C";"5,8";"=";"C, Faglig kontrol";"Godkendt";"2021-04-29 19:34/Datamigrering: Registreret af Lars Juhler (lajuh@nst.dk)"
"21000666";"Knud Å, Opst. Ravn Sø";"20200214";"1200";"1";"True";"1";"pH";"pH";"7,535";"=";"B, Elektronisk kontrol";"Godkendt";""
"21000666";"Knud Å, Opst. Ravn Sø";"20200214";"1200";"1";"True";"1";"Temperatur";"grader C";"3,7";"=";"B, Elektronisk kontrol";"Godkendt";""
"21000666";"Knud Å, Opst. Ravn Sø";"20200226";"1200";"1";"True";"1";"pH";"pH";"7,7";"=";"C, Faglig kontrol";"Godkendt";""
"21000666";"Knud Å, Opst. Ravn Sø";"20200226";"1200";"1";"True";"1";"Temperatur";"grader C";"4,2";"=";"C, Faglig kontrol";"Godkendt";""
"21000666";"Knud Å, Opst. Ravn Sø";"20200311";"1200";"1";"True";"1";"pH";"pH";"7,63";"=";"C, Faglig kontrol";"Godkendt";""
"21000666";"Knud Å, Opst. Ravn Sø";"20200311";"1200";"1";"True";"1";"Temperatur";"grader C";"7,1";"=";"C, Faglig kontrol";"Godkendt";""
"21000666";"Knud Å, Opst. Ravn Sø";"20200326";"1200";"1";"True";"1";"pH";"pH";"7,5";"=";"C, Faglig kontrol";"Godkendt";""
"21000666";"Knud Å, Opst. Ravn Sø";"20200326";"1200";"1";"True";"1";"Temperatur";"grader C";"5";"=";"C, Faglig kontrol";"Godkendt";""
"21000666";"Knud Å, Opst. Ravn Sø";"20200416";"1200";"1";"True";"1";"pH";"pH";"8,83";"=";"C, Faglig kontrol";"Godkendt";""
"21000666";"Knud Å, Opst. Ravn Sø";"20200416";"1200";"1";"True";"1";"Temperatur";"grader C";"10,4";"=";"C, Faglig kontrol";"Godkendt";""
"21000666";"Knud Å, Opst. Ravn Sø";"20200506";"1200";"1";"True";"1";"pH";"pH";"8,21";"=";"C, Faglig kontrol";"Godkendt";""
"21000666";"Knud Å, Opst. Ravn Sø";"20200506";"1200";"1";"True";"1";"Temperatur";"grader C";"12,1";"=";"C, Faglig kontrol";"Godkendt";""
"21000666";"Knud Å, Opst. Ravn Sø";"20200603";"1200";"1";"True";"1";"pH";"pH";"7,39";"=";"B, Elektronisk kontrol";"Godkendt";"2021-04-29 20:10/Datamigrering: Registreret af Lars Juhler (lajuh@nst.dk)"
"21000666";"Knud Å, Opst. Ravn Sø";"20200603";"1200";"1";"True";"1";"Temperatur";"grader C";"21,7";"=";"B, Elektronisk kontrol";"Godkendt";"2021-04-29 20:10/Datamigrering: Registreret af Lars Juhler (lajuh@nst.dk)"
"21000666";"Knud Å, Opst. Ravn Sø";"20200625";"1200";"1";"True";"1";"pH";"pH";"7,45";"=";"C, Faglig kontrol";"Godkendt";""
"21000666";"Knud Å, Opst. Ravn Sø";"20200625";"1200";"1";"True";"1";"Temperatur";"grader C";"23,2";"=";"C, Faglig kontrol";"Godkendt";""
"21000666";"Knud Å, Opst. Ravn Sø";"20200728";"1200";"1";"True";"1";"pH";"pH";"7,3";"=";"C, Faglig kontrol";"Godkendt";""
"21000666";"Knud Å, Opst. Ravn Sø";"20200728";"1200";"1";"True";"1";"Temperatur";"grader C";"17,6";"=";"C, Faglig kontrol";"Godkendt";""
"21000666";"Knud Å, Opst. Ravn Sø";"20200904";"1200";"1";"True";"1";"pH";"pH";"7,388";"=";"B, Elektronisk kontrol";"Godkendt";""
"21000666";"Knud Å, Opst. Ravn Sø";"20200904";"1200";"1";"True";"1";"Temperatur";"grader C";"14,8";"=";"B, Elektronisk kontrol";"Godkendt";""
"21000666";"Knud Å, Opst. Ravn Sø";"20201001";"1200";"1";"True";"1";"pH";"pH";"7,4";"=";"B, Elektronisk kontrol";"Godkendt";"2021-04-29 02:01/Datamigrering: Registreret af Lars Juhler (lajuh@nst.dk)"
"21000666";"Knud Å, Opst. Ravn Sø";"20201001";"1200";"1";"True";"1";"Temperatur";"grader C";"13,8";"=";"B, Elektronisk kontrol";"Godkendt";"2021-04-29 02:01/Datamigrering: Registreret af Lars Juhler (lajuh@nst.dk)"
"21000666";"Knud Å, Opst. Ravn Sø";"20201008";"1200";"1";"True";"1";"pH";"pH";"7,515";"=";"B, Elektronisk kontrol";"Godkendt";"2021-04-29 23:00/Datamigrering: Registreret af Lars Juhler (lajuh@nst.dk)"
"21000666";"Knud Å, Opst. Ravn Sø";"20201008";"1200";"1";"True";"1";"Temperatur";"grader C";"11,8";"=";"B, Elektronisk kontrol";"Godkendt";"2021-04-29 23:00/Datamigrering: Registreret af Lars Juhler (lajuh@nst.dk)"
"21000666";"Knud Å, Opst. Ravn Sø";"20201021";"1200";"1";"True";"1";"pH";"pH";"7,63";"=";"C, Faglig kontrol";"Godkendt";"2021-04-29 19:06/Datamigrering: Registreret af Lars Juhler (lajuh@nst.dk)"
"21000666";"Knud Å, Opst. Ravn Sø";"20201021";"1200";"1";"True";"1";"Temperatur";"grader C";"9";"=";"C, Faglig kontrol";"Godkendt";"2021-04-29 19:06/Datamigrering: Registreret af Lars Juhler (lajuh@nst.dk)"
"21000666";"Knud Å, Opst. Ravn Sø";"20201103";"1200";"1";"True";"1";"pH";"pH";"7,356";"=";"B, Elektronisk kontrol";"Godkendt";"2021-04-29 03:05/Datamigrering: Registreret af Lars Juhler (lajuh@nst.dk)"
"21000666";"Knud Å, Opst. Ravn Sø";"20201103";"1200";"1";"True";"1";"Temperatur";"grader C";"10,06";"=";"B, Elektronisk kontrol";"Godkendt";"2021-04-29 03:05/Datamigrering: Registreret af Lars Juhler (lajuh@nst.dk)"
"21000666";"Knud Å, Opst. Ravn Sø";"20201125";"1200";"1";"True";"1";"pH";"pH";"7,78";"=";"C, Faglig kontrol";"Godkendt";"2021-04-29 21:33/Datamigrering: Registreret af Lars Juhler (lajuh@nst.dk)"
"21000666";"Knud Å, Opst. Ravn Sø";"20201125";"1200";"1";"True";"1";"Temperatur";"grader C";"7,3";"=";"C, Faglig kontrol";"Godkendt";"2021-04-29 21:33/Datamigrering: Registreret af Lars Juhler (lajuh@nst.dk)"
"21000666";"Knud Å, Opst. Ravn Sø";"20201201";"1200";"1";"True";"1";"pH";"pH";"7,627";"=";"B, Elektronisk kontrol";"Godkendt";"2021-04-28 21:04/Datamigrering: Registreret af Lars Juhler (lajuh@nst.dk)"
"21000666";"Knud Å, Opst. Ravn Sø";"20201201";"1200";"1";"True";"1";"Temperatur";"grader C";"3,5";"=";"B, Elektronisk kontrol";"Godkendt";"2021-04-28 21:04/Datamigrering: Registreret af Lars Juhler (lajuh@nst.dk)"
"21000666";"Knud Å, Opst. Ravn Sø";"20201222";"1200";"1";"True";"1";"pH";"pH";"7,97";"=";"C, Faglig kontrol";"Godkendt";"2021-04-29 20:56/Datamigrering: Registreret af Lars Juhler (lajuh@nst.dk)"
"21000666";"Knud Å, Opst. Ravn Sø";"20201222";"1200";"1";"True";"1";"Temperatur";"grader C";"6,1";"=";"C, Faglig kontrol";"Godkendt";"2021-04-29 20:56/Datamigrering: Registreret af Lars Juhler (lajuh@nst.dk)"
"21000666";"Knud Å, Opst. Ravn Sø";"20210105";"1200";"1";"True";"1";"pH";"pH";"7,71";"=";"C, Faglig kontrol";"Godkendt";"2022-01-24 02:56/Auto KS2"
"21000666";"Knud Å, Opst. Ravn Sø";"20210105";"1200";"1";"True";"1";"Temperatur";"grader C";"2,1";"=";"C, Faglig kontrol";"Godkendt";"2022-01-24 02:56/Auto KS2"
"21000666";"Knud Å, Opst. Ravn Sø";"20210119";"1200";"1";"True";"1";"pH";"pH";"7,62";"=";"C, Faglig kontrol";"Godkendt";"2022-01-24 02:57/Auto KS2"
"21000666";"Knud Å, Opst. Ravn Sø";"20210119";"1200";"1";"True";"1";"Temperatur";"grader C";"2,4";"=";"C, Faglig kontrol";"Godkendt";"2022-01-24 02:57/Auto KS2"
"21000666";"Knud Å, Opst. Ravn Sø";"20210202";"1200";"1";"True";"1";"pH";"pH";"7,55";"=";"C, Faglig kontrol";"Godkendt";"2023-03-22 05:22/Auto KS2"
"21000666";"Knud Å, Opst. Ravn Sø";"20210202";"1200";"1";"True";"1";"Temperatur";"grader C";"1,6";"=";"C, Faglig kontrol";"Godkendt";"2023-03-22 05:22/Auto KS2"
"21000666";"Knud Å, Opst. Ravn Sø";"20210224";"1200";"1";"True";"1";"pH";"pH";"7,46";"=";"C, Faglig kontrol";"Godkendt";"2022-01-24 02:56/Auto KS2"
"21000666";"Knud Å, Opst. Ravn Sø";"20210224";"1200";"1";"True";"1";"Temperatur";"grader C";"4,2";"=";"C, Faglig kontrol";"Godkendt";"2022-01-24 02:56/Auto KS2"
"21000666";"Knud Å, Opst. Ravn Sø";"20210303";"1200";"1";"True";"1";"pH";"pH";"7,84";"=";"C, Faglig kontrol";"Godkendt";"2022-01-24 02:57/Auto KS2"
"21000666";"Knud Å, Opst. Ravn Sø";"20210303";"1200";"1";"True";"1";"Temperatur";"grader C";"4,9";"=";"C, Faglig kontrol";"Godkendt";"2022-01-24 02:57/Auto KS2"
"21000666";"Knud Å, Opst. Ravn Sø";"20210316";"1200";"1";"True";"1";"pH";"pH";"7,69";"=";"C, Faglig kontrol";"Godkendt";"2022-01-24 02:57/Auto KS2"
"21000666";"Knud Å, Opst. Ravn Sø";"20210316";"1200";"1";"True";"1";"Temperatur";"grader C";"3,9";"=";"C, Faglig kontrol";"Godkendt";"2022-01-24 02:57/Auto KS2"
"21000666";"Knud Å, Opst. Ravn Sø";"20210414";"1200";"1";"True";"1";"pH";"pH";"7,87";"=";"C, Faglig kontrol";"Godkendt";"2021-07-15 01:24/Auto KS2"
"21000666";"Knud Å, Opst. Ravn Sø";"20210414";"1200";"1";"True";"1";"Temperatur";"grader C";"5,8";"=";"C, Faglig kontrol";"Godkendt";"2021-07-15 01:24/Auto KS2"
"21000666";"Knud Å, Opst. Ravn Sø";"20210504";"1200";"1";"True";"1";"pH";"pH";"8,09";"=";"C, Faglig kontrol";"Godkendt";"2021-08-31 13:24/Auto KS2"
"21000666";"Knud Å, Opst. Ravn Sø";"20210504";"1200";"1";"True";"1";"Temperatur";"grader C";"10,6";"=";"C, Faglig kontrol";"Godkendt";"2021-08-31 13:24/Auto KS2"
"21000666";"Knud Å, Opst. Ravn Sø";"20210602";"1200";"1";"True";"1";"pH";"pH";"7,45";"=";"C, Faglig kontrol";"Godkendt";"2021-07-17 01:21/Auto KS2"
"21000666";"Knud Å, Opst. Ravn Sø";"20210602";"1200";"1";"True";"1";"Temperatur";"grader C";"16,4";"=";"C, Faglig kontrol";"Godkendt";"2021-07-17 01:21/Auto KS2"
"21000666";"Knud Å, Opst. Ravn Sø";"20210705";"1200";"1";"True";"1";"pH";"pH";"7,57";"=";"C, Faglig kontrol";"Godkendt";"2021-08-31 13:21/Auto KS2"
"21000666";"Knud Å, Opst. Ravn Sø";"20210705";"1200";"1";"True";"1";"Temperatur";"grader C";"20,1";"=";"C, Faglig kontrol";"Godkendt";"2021-08-31 13:21/Auto KS2"
"21000666";"Knud Å, Opst. Ravn Sø";"20210729";"1200";"1";"True";"1";"pH";"pH";"7,22";"=";"C, Faglig kontrol";"Godkendt";"2021-08-31 13:24/Auto KS2"
"21000666";"Knud Å, Opst. Ravn Sø";"20210729";"1200";"1";"True";"1";"Temperatur";"grader C";"19,1";"=";"C, Faglig kontrol";"Godkendt";"2021-08-31 13:24/Auto KS2"
"21000666";"Knud Å, Opst. Ravn Sø";"20210811";"1200";"1";"True";"1";"pH";"pH";"7,44";"=";"C, Faglig kontrol";"Godkendt";"2021-08-31 13:23/Auto KS2"
"21000666";"Knud Å, Opst. Ravn Sø";"20210811";"1200";"1";"True";"1";"Temperatur";"grader C";"16,1";"=";"C, Faglig kontrol";"Godkendt";"2021-08-31 13:23/Auto KS2"
"21000666";"Knud Å, Opst. Ravn Sø";"20210930";"1200";"1";"True";"1";"pH";"pH";"7,32";"=";"C, Faglig kontrol";"Godkendt";"2021-10-02 01:56/Auto KS2"
"21000666";"Knud Å, Opst. Ravn Sø";"20210930";"1200";"1";"True";"1";"Temperatur";"grader C";"13,1";"=";"C, Faglig kontrol";"Godkendt";"2021-10-02 01:56/Auto KS2"
"21000666";"Knud Å, Opst. Ravn Sø";"20211012";"1200";"1";"True";"1";"pH";"pH";"7,47";"=";"C, Faglig kontrol";"Godkendt";"2021-10-28 01:55/Auto KS2"
"21000666";"Knud Å, Opst. Ravn Sø";"20211012";"1200";"1";"True";"1";"Temperatur";"grader C";"8,9";"=";"C, Faglig kontrol";"Godkendt";"2021-10-28 01:55/Auto KS2"
"21000666";"Knud Å, Opst. Ravn Sø";"20211026";"1200";"1";"True";"1";"pH";"pH";"7,45";"=";"C, Faglig kontrol";"Godkendt";"2021-10-28 01:56/Auto KS2"
"21000666";"Knud Å, Opst. Ravn Sø";"20211026";"1200";"1";"True";"1";"Temperatur";"grader C";"9";"=";"C, Faglig kontrol";"Godkendt";"2021-10-28 01:56/Auto KS2"
"21000666";"Knud Å, Opst. Ravn Sø";"20211110";"1200";"1";"True";"1";"pH";"pH";"7,4";"=";"C, Faglig kontrol";"Godkendt";"2021-11-11 10:21/Auto KS2"
"21000666";"Knud Å, Opst. Ravn Sø";"20211110";"1200";"1";"True";"1";"Temperatur";"grader C";"10";"=";"C, Faglig kontrol";"Godkendt";"2021-11-11 10:21/Auto KS2"
"21000666";"Knud Å, Opst. Ravn Sø";"20211123";"1200";"1";"True";"1";"pH";"pH";"7,85";"=";"C, Faglig kontrol";"Godkendt";"2021-11-25 02:55/Auto KS2"
"21000666";"Knud Å, Opst. Ravn Sø";"20211123";"1200";"1";"True";"1";"Temperatur";"grader C";"5";"=";"C, Faglig kontrol";"Godkendt";"2021-11-25 02:55/Auto KS2"
"21000666";"Knud Å, Opst. Ravn Sø";"20211213";"1200";"1";"True";"1";"pH";"pH";"7,61";"=";"C, Faglig kontrol";"Godkendt";"2022-07-06 04:35/Auto KS2¤2021-12-14 02:53/Auto KS2"
"21000666";"Knud Å, Opst. Ravn Sø";"20211213";"1200";"1";"True";"1";"Salinitet";"promille";"0,2";"=";"C, Faglig kontrol";"Godkendt";"2022-07-06 04:35/Auto KS2¤2021-12-14 02:53/Auto KS2"
"21000666";"Knud Å, Opst. Ravn Sø";"20211213";"1200";"1";"True";"1";"Temperatur";"grader C";"4,8";"=";"C, Faglig kontrol";"Godkendt";"2022-07-06 04:35/Auto KS2¤2021-12-14 02:53/Auto KS2"
"21000666";"Knud Å, Opst. Ravn Sø";"20211221";"1200";"1";"True";"1";"pH";"pH";"7,8";"=";"C, Faglig kontrol";"Godkendt";"2021-12-24 02:53/Auto KS2"
"21000666";"Knud Å, Opst. Ravn Sø";"20211221";"1200";"1";"True";"1";"Temperatur";"grader C";"2,2";"=";"C, Faglig kontrol";"Godkendt";"2021-12-24 02:53/Auto KS2"
"21000666";"Knud Å, Opst. Ravn Sø";"20220105";"1200";"1";"True";"1";"pH";"pH";"7,79";"=";"C, Faglig kontrol";"Godkendt";"2022-01-06 02:54/Auto KS2"
"21000666";"Knud Å, Opst. Ravn Sø";"20220105";"1200";"1";"True";"1";"Temperatur";"grader C";"3";"=";"C, Faglig kontrol";"Godkendt";"2022-01-06 02:54/Auto KS2"
"21000666";"Knud Å, Opst. Ravn Sø";"20220125";"1200";"1";"True";"1";"pH";"pH";"8,01";"=";"C, Faglig kontrol";"Godkendt";"2024-01-03 11:58/Manual¤2022-01-28 02:55/Auto KS2"
"21000666";"Knud Å, Opst. Ravn Sø";"20220125";"1200";"1";"True";"1";"Salinitet";"promille";"0";"=";"C, Faglig kontrol";"Godkendt";"2024-01-03 11:58/Manual¤2022-01-28 02:55/Auto KS2"
"21000666";"Knud Å, Opst. Ravn Sø";"20220125";"1200";"1";"True";"1";"Temperatur";"grader C";"5,1";"=";"C, Faglig kontrol";"Godkendt";"2024-01-03 11:58/Manual¤2022-01-28 02:55/Auto KS2"
"21000666";"Knud Å, Opst. Ravn Sø";"20220203";"1200";"1";"True";"1";"pH";"pH";"8";"=";"C, Faglig kontrol";"Godkendt";"2022-02-05 02:54/Auto KS2"
"21000666";"Knud Å, Opst. Ravn Sø";"20220203";"1200";"1";"True";"1";"Temperatur";"grader C";"4";"=";"C, Faglig kontrol";"Godkendt";"2022-02-05 02:54/Auto KS2"
"21000666";"Knud Å, Opst. Ravn Sø";"20220223";"1200";"1";"True";"1";"pH";"pH";"7,63";"=";"C, Faglig kontrol";"Godkendt";"2022-02-25 02:53/Auto KS2"
"21000666";"Knud Å, Opst. Ravn Sø";"20220223";"1200";"1";"True";"1";"Temperatur";"grader C";"4,3";"=";"C, Faglig kontrol";"Godkendt";"2022-02-25 02:53/Auto KS2"
"21000666";"Knud Å, Opst. Ravn Sø";"20220302";"1200";"1";"True";"1";"pH";"pH";"7,76";"=";"C, Faglig kontrol";"Godkendt";"2022-03-03 02:54/Auto KS2"
"21000666";"Knud Å, Opst. Ravn Sø";"20220302";"1200";"1";"True";"1";"Temperatur";"grader C";"4";"=";"C, Faglig kontrol";"Godkendt";"2022-03-03 02:54/Auto KS2"
"21000666";"Knud Å, Opst. Ravn Sø";"20220318";"1200";"1";"True";"1";"pH";"pH";"7,52";"=";"C, Faglig kontrol";"Godkendt";"2024-01-03 05:27/Auto KS2¤2022-03-19 02:53/Auto KS2"
"21000666";"Knud Å, Opst. Ravn Sø";"20220318";"1200";"1";"True";"1";"Salinitet";"promille";"0";"=";"C, Faglig kontrol";"Godkendt";"2024-01-03 05:27/Auto KS2¤2022-03-19 02:53/Auto KS2"
"21000666";"Knud Å, Opst. Ravn Sø";"20220318";"1200";"1";"True";"1";"Temperatur";"grader C";"4,6";"=";"C, Faglig kontrol";"Godkendt";"2024-01-03 05:27/Auto KS2¤2022-03-19 02:53/Auto KS2"
"21000666";"Knud Å, Opst. Ravn Sø";"20220331";"1200";"1";"True";"1";"pH";"pH";"8,27";"=";"C, Faglig kontrol";"Godkendt";"2022-04-02 04:05/Auto KS2"
"21000666";"Knud Å, Opst. Ravn Sø";"20220331";"1200";"1";"True";"1";"Temperatur";"grader C";"4,8";"=";"C, Faglig kontrol";"Godkendt";"2022-04-02 04:05/Auto KS2"
"21000666";"Knud Å, Opst. Ravn Sø";"20220427";"1200";"1";"True";"1";"pH";"pH";"8,45";"=";"C, Faglig kontrol";"Godkendt";"2022-04-28 04:16/Auto KS2"
"21000666";"Knud Å, Opst. Ravn Sø";"20220427";"1200";"1";"True";"1";"Temperatur";"grader C";"12,4";"=";"C, Faglig kontrol";"Godkendt";"2022-04-28 04:16/Auto KS2"
"21000666";"Knud Å, Opst. Ravn Sø";"20220525";"1200";"1";"True";"1";"pH";"pH";"8,08";"=";"C, Faglig kontrol";"Godkendt";"2022-05-26 04:39/Auto KS2"
"21000666";"Knud Å, Opst. Ravn Sø";"20220525";"1200";"1";"True";"1";"Temperatur";"grader C";"15,9";"=";"C, Faglig kontrol";"Godkendt";"2022-05-26 04:39/Auto KS2"
"21000666";"Knud Å, Opst. Ravn Sø";"20220630";"1200";"1";"True";"1";"pH";"pH";"7,42";"=";"C, Faglig kontrol";"Godkendt";"2022-07-01 03:47/Auto KS2"
"21000666";"Knud Å, Opst. Ravn Sø";"20220630";"1200";"1";"True";"1";"Temperatur";"grader C";"19,2";"=";"C, Faglig kontrol";"Godkendt";"2022-07-01 03:47/Auto KS2"
"21000666";"Knud Å, Opst. Ravn Sø";"20220714";"1200";"1";"True";"1";"pH";"pH";"7,59";"=";"C, Faglig kontrol";"Godkendt";"2022-07-16 04:15/Auto KS2"
"21000666";"Knud Å, Opst. Ravn Sø";"20220714";"1200";"1";"True";"1";"Temperatur";"grader C";"18";"=";"C, Faglig kontrol";"Godkendt";"2022-07-16 04:15/Auto KS2"
"21000666";"Knud Å, Opst. Ravn Sø";"20220816";"1200";"1";"True";"1";"pH";"pH";"7,23";"=";"C, Faglig kontrol";"Godkendt";"2024-01-03 05:27/Auto KS2¤2022-08-18 04:27/Auto KS2"
"21000666";"Knud Å, Opst. Ravn Sø";"20220816";"1200";"1";"True";"1";"Salinitet";"promille";"0";"=";"C, Faglig kontrol";"Godkendt";"2024-01-03 05:27/Auto KS2¤2022-08-18 04:27/Auto KS2"
"21000666";"Knud Å, Opst. Ravn Sø";"20220816";"1200";"1";"True";"1";"Temperatur";"grader C";"19,8";"=";"C, Faglig kontrol";"Godkendt";"2024-01-03 05:27/Auto KS2¤2022-08-18 04:27/Auto KS2"
"21000666";"Knud Å, Opst. Ravn Sø";"20220914";"1200";"1";"True";"1";"pH";"pH";"6,13";"=";"C, Faglig kontrol";"Godkendt";"2022-09-15 04:27/Auto KS2"
"21000666";"Knud Å, Opst. Ravn Sø";"20220914";"1200";"1";"True";"1";"Temperatur";"grader C";"14,2";"=";"C, Faglig kontrol";"Godkendt";"2022-09-15 04:27/Auto KS2"
"21000666";"Knud Å, Opst. Ravn Sø";"20221021";"1200";"1";"True";"1";"pH";"pH";"7,93";"=";"C, Faglig kontrol";"Godkendt";"2024-01-03 05:27/Auto KS2¤2022-10-22 04:31/Auto KS2"
"21000666";"Knud Å, Opst. Ravn Sø";"20221021";"1200";"1";"True";"1";"Salinitet";"promille";"0,2";"=";"C, Faglig kontrol";"Godkendt";"2024-01-03 05:27/Auto KS2¤2022-10-22 04:31/Auto KS2"
"21000666";"Knud Å, Opst. Ravn Sø";"20221021";"1200";"1";"True";"1";"Temperatur";"grader C";"8,6";"=";"C, Faglig kontrol";"Godkendt";"2024-01-03 05:27/Auto KS2¤2022-10-22 04:31/Auto KS2"
"21000666";"Knud Å, Opst. Ravn Sø";"20221027";"1200";"1";"True";"1";"pH";"pH";"7,54";"=";"C, Faglig kontrol";"Godkendt";"2022-10-28 08:07/Auto KS2"
"21000666";"Knud Å, Opst. Ravn Sø";"20221027";"1200";"1";"True";"1";"Salinitet";"promille";"0,2";"=";"C, Faglig kontrol";"Godkendt";"2022-10-28 08:07/Auto KS2"
"21000666";"Knud Å, Opst. Ravn Sø";"20221027";"1200";"1";"True";"1";"Temperatur";"grader C";"11,6";"=";"C, Faglig kontrol";"Godkendt";"2022-10-28 08:07/Auto KS2"
"21000666";"Knud Å, Opst. Ravn Sø";"20221114";"1200";"1";"True";"1";"pH";"pH";"7,63";"=";"C, Faglig kontrol";"Godkendt";"2022-11-15 05:24/Auto KS2"
"21000666";"Knud Å, Opst. Ravn Sø";"20221114";"1200";"1";"True";"1";"Salinitet";"promille";"0,2";"=";"C, Faglig kontrol";"Godkendt";"2022-11-15 05:24/Auto KS2"
"21000666";"Knud Å, Opst. Ravn Sø";"20221114";"1200";"1";"True";"1";"Temperatur";"grader C";"10,3";"=";"C, Faglig kontrol";"Godkendt";"2022-11-15 05:24/Auto KS2"
"21000666";"Knud Å, Opst. Ravn Sø";"20221206";"1200";"1";"True";"1";"pH";"pH";"7,93";"=";"C, Faglig kontrol";"Godkendt";"2022-12-07 05:13/Auto KS2"
"21000666";"Knud Å, Opst. Ravn Sø";"20221206";"1200";"1";"True";"1";"Salinitet";"promille";"0,2";"=";"C, Faglig kontrol";"Godkendt";"2022-12-07 05:13/Auto KS2"
"21000666";"Knud Å, Opst. Ravn Sø";"20221206";"1200";"1";"True";"1";"Temperatur";"grader C";"2,9";"=";"C, Faglig kontrol";"Godkendt";"2022-12-07 05:13/Auto KS2"
"21000666";"Knud Å, Opst. Ravn Sø";"20221221";"1200";"1";"True";"1";"pH";"pH";"7,61";"=";"C, Faglig kontrol";"Godkendt";"2022-12-22 05:14/Auto KS2"
"21000666";"Knud Å, Opst. Ravn Sø";"20221221";"1200";"1";"True";"1";"Salinitet";"promille";"0,2";"=";"C, Faglig kontrol";"Godkendt";"2022-12-22 05:14/Auto KS2"
"21000666";"Knud Å, Opst. Ravn Sø";"20221221";"1200";"1";"True";"1";"Temperatur";"grader C";"2,8";"=";"C, Faglig kontrol";"Godkendt";"2022-12-22 05:14/Auto KS2"
"21000666";"Knud Å, Opst. Ravn Sø";"20230103";"1200";"1";"True";"1";"pH";"pH";"7,36";"=";"C, Faglig kontrol";"Godkendt";"2023-01-31 07:33/Manual"
"21000666";"Knud Å, Opst. Ravn Sø";"20230103";"1200";"1";"True";"1";"Salinitet";"promille";"0,1";"=";"C, Faglig kontrol";"Godkendt";"2023-01-31 07:33/Manual"
"21000666";"Knud Å, Opst. Ravn Sø";"20230103";"1200";"1";"True";"1";"Temperatur";"grader C";"4,9";"=";"C, Faglig kontrol";"Godkendt";"2023-01-31 07:33/Manual"
"21000666";"Knud Å, Opst. Ravn Sø";"20230118";"1200";"1";"True";"1";"pH";"pH";"7,471";"=";"C, Faglig kontrol";"Godkendt";"2023-01-19 05:13/Auto KS2"
"21000666";"Knud Å, Opst. Ravn Sø";"20230118";"1200";"1";"True";"1";"Temperatur";"grader C";"2,3";"=";"C, Faglig kontrol";"Godkendt";"2023-01-19 05:13/Auto KS2"
"21000666";"Knud Å, Opst. Ravn Sø";"20230201";"1200";"1";"True";"1";"pH";"pH";"7,67";"=";"C, Faglig kontrol";"Godkendt";"2023-02-02 04:54/Auto KS2"
"21000666";"Knud Å, Opst. Ravn Sø";"20230201";"1200";"1";"True";"1";"Salinitet";"promille";"0,1";"=";"C, Faglig kontrol";"Godkendt";"2023-02-02 04:54/Auto KS2"
"21000666";"Knud Å, Opst. Ravn Sø";"20230201";"1200";"1";"True";"1";"Temperatur";"grader C";"3,3";"=";"C, Faglig kontrol";"Godkendt";"2023-02-02 04:54/Auto KS2"
"21000666";"Knud Å, Opst. Ravn Sø";"20230214";"1200";"1";"True";"1";"pH";"pH";"7,63";"=";"C, Faglig kontrol";"Godkendt";"2023-02-15 04:52/Auto KS2"
"21000666";"Knud Å, Opst. Ravn Sø";"20230214";"1200";"1";"True";"1";"Salinitet";"promille";"0,1";"=";"C, Faglig kontrol";"Godkendt";"2023-02-15 04:52/Auto KS2"
"21000666";"Knud Å, Opst. Ravn Sø";"20230214";"1200";"1";"True";"1";"Temperatur";"grader C";"5,7";"=";"C, Faglig kontrol";"Godkendt";"2023-02-15 04:52/Auto KS2"
"21000666";"Knud Å, Opst. Ravn Sø";"20230228";"1200";"1";"True";"1";"pH";"pH";"7,395";"=";"C, Faglig kontrol";"Godkendt";"2023-03-03 05:12/Auto KS2"
"21000666";"Knud Å, Opst. Ravn Sø";"20230228";"1200";"1";"True";"1";"Temperatur";"grader C";"4";"=";"C, Faglig kontrol";"Godkendt";"2023-03-03 05:12/Auto KS2"
"21000666";"Knud Å, Opst. Ravn Sø";"20230310";"1200";"1";"True";"1";"pH";"pH";"7,793";"=";"C, Faglig kontrol";"Godkendt";"2023-03-11 05:05/Auto KS2"
"21000666";"Knud Å, Opst. Ravn Sø";"20230310";"1200";"1";"True";"1";"Temperatur";"grader C";"3,7";"=";"C, Faglig kontrol";"Godkendt";"2023-03-11 05:05/Auto KS2"
"21000666";"Knud Å, Opst. Ravn Sø";"20230328";"1200";"1";"True";"1";"pH";"pH";"7,9";"=";"C, Faglig kontrol";"Godkendt";"2023-03-29 04:10/Auto KS2"
"21000666";"Knud Å, Opst. Ravn Sø";"20230328";"1200";"1";"True";"1";"Temperatur";"grader C";"4,1";"=";"C, Faglig kontrol";"Godkendt";"2023-03-29 04:10/Auto KS2"
"21000666";"Knud Å, Opst. Ravn Sø";"20230427";"1200";"1";"True";"1";"pH";"pH";"7,84";"=";"C, Faglig kontrol";"Godkendt";"2023-04-28 04:10/Auto KS2"
"21000666";"Knud Å, Opst. Ravn Sø";"20230427";"1200";"1";"True";"1";"Temperatur";"grader C";"8";"=";"C, Faglig kontrol";"Godkendt";"2023-04-28 04:10/Auto KS2"
"21000666";"Knud Å, Opst. Ravn Sø";"20230622";"1200";"1";"True";"1";"pH";"pH";"7,6";"=";"C, Faglig kontrol";"Godkendt";"2023-06-23 04:17/Auto KS2"
"21000666";"Knud Å, Opst. Ravn Sø";"20230622";"1200";"1";"True";"1";"Temperatur";"grader C";"19,8";"=";"C, Faglig kontrol";"Godkendt";"2023-06-23 04:17/Auto KS2"
"21000666";"Knud Å, Opst. Ravn Sø";"20230721";"1200";"1";"True";"1";"pH";"pH";"7,47";"=";"C, Faglig kontrol";"Godkendt";"2023-07-22 04:22/Auto KS2"
"21000666";"Knud Å, Opst. Ravn Sø";"20230721";"1200";"1";"True";"1";"Temperatur";"grader C";"16";"=";"C, Faglig kontrol";"Godkendt";"2023-07-22 04:22/Auto KS2"
"21000666";"Knud Å, Opst. Ravn Sø";"20230815";"1200";"1";"True";"1";"pH";"pH";"7,42";"=";"C, Faglig kontrol";"Godkendt";"2023-08-17 04:12/Auto KS2"
"21000666";"Knud Å, Opst. Ravn Sø";"20230815";"1200";"1";"True";"1";"Temperatur";"grader C";"17,5";"=";"C, Faglig kontrol";"Godkendt";"2023-08-17 04:12/Auto KS2"
"21000666";"Knud Å, Opst. Ravn Sø";"20230912";"1200";"1";"True";"1";"pH";"pH";"7,32";"=";"C, Faglig kontrol";"Godkendt";"2023-09-14 04:21/Auto KS2"
"21000666";"Knud Å, Opst. Ravn Sø";"20230912";"1200";"1";"True";"1";"Temperatur";"grader C";"18,4";"=";"C, Faglig kontrol";"Godkendt";"2023-09-14 04:21/Auto KS2"
"21000666";"Knud Å, Opst. Ravn Sø";"20231019";"1200";"1";"True";"1";"pH";"pH";"7,58";"=";"C, Faglig kontrol";"Godkendt";"2023-10-20 04:43/Auto KS2"
"21000666";"Knud Å, Opst. Ravn Sø";"20231019";"1200";"1";"True";"1";"Temperatur";"grader C";"8,4";"=";"C, Faglig kontrol";"Godkendt";"2023-10-20 04:43/Auto KS2"
"21000666";"Knud Å, Opst. Ravn Sø";"20231108";"1200";"1";"True";"1";"pH";"pH";"7,52";"=";"C, Faglig kontrol";"Godkendt";"2023-11-15 05:45/Auto KS2"
"21000666";"Knud Å, Opst. Ravn Sø";"20231108";"1200";"1";"True";"1";"Temperatur";"grader C";"8,5";"=";"C, Faglig kontrol";"Godkendt";"2023-11-15 05:45/Auto KS2"
"21000666";"Knud Å, Opst. Ravn Sø";"20231124";"1200";"1";"True";"1";"pH";"pH";"7,49";"=";"C, Faglig kontrol";"Godkendt";"2024-01-03 12:00/Manual"
"21000666";"Knud Å, Opst. Ravn Sø";"20231124";"1200";"1";"True";"1";"Salinitet";"promille";"0";"=";"C, Faglig kontrol";"Godkendt";"2024-01-03 12:00/Manual"
"21000666";"Knud Å, Opst. Ravn Sø";"20231124";"1200";"1";"True";"1";"Temperatur";"grader C";"4,1";"=";"C, Faglig kontrol";"Godkendt";"2024-01-03 12:00/Manual"
"21000666";"Knud Å, Opst. Ravn Sø";"20231129";"1200";"1";"True";"1";"pH";"pH";"7,49";"=";"C, Faglig kontrol";"Godkendt";"2024-01-03 12:00/Manual"
"21000666";"Knud Å, Opst. Ravn Sø";"20231129";"1200";"1";"True";"1";"Salinitet";"promille";"0";"=";"C, Faglig kontrol";"Godkendt";"2024-01-03 12:00/Manual"
"21000666";"Knud Å, Opst. Ravn Sø";"20231129";"1200";"1";"True";"1";"Temperatur";"grader C";"0,9";"=";"C, Faglig kontrol";"Godkendt";"2024-01-03 12:00/Manual"
"21000666";"Knud Å, Opst. Ravn Sø";"20231215";"1200";"1";"True";"1";"pH";"pH";"8,18";"=";"C, Faglig kontrol";"Godkendt";"2023-12-17 05:20/Auto KS2"
"21000666";"Knud Å, Opst. Ravn Sø";"20231215";"1200";"1";"True";"1";"Temperatur";"grader C";"2";"=";"C, Faglig kontrol";"Godkendt";"2023-12-17 05:20/Auto KS2"
"21000666";"Knud Å, Opst. Ravn Sø";"20240111";"1200";"1";"True";"1";"pH";"pH";"7,297";"=";"C, Faglig kontrol";"Godkendt";"2024-01-12 05:31/Auto KS2"
"21000666";"Knud Å, Opst. Ravn Sø";"20240111";"1200";"1";"True";"1";"Salinitet";"promille";"0,1";"=";"C, Faglig kontrol";"Godkendt";"2024-01-12 05:31/Auto KS2"
"21000666";"Knud Å, Opst. Ravn Sø";"20240111";"1200";"1";"True";"1";"Temperatur";"grader C";"0,9";"=";"C, Faglig kontrol";"Godkendt";"2024-01-12 05:31/Auto KS2"
"21000666";"Knud Å, Opst. Ravn Sø";"20240125";"1200";"1";"True";"1";"pH";"pH";"7,379";"=";"C, Faglig kontrol";"Godkendt";"2024-01-26 05:27/Auto KS2"
"21000666";"Knud Å, Opst. Ravn Sø";"20240125";"1200";"1";"True";"1";"Salinitet";"promille";"0";"=";"C, Faglig kontrol";"Godkendt";"2024-01-26 05:27/Auto KS2"
"21000666";"Knud Å, Opst. Ravn Sø";"20240125";"1200";"1";"True";"1";"Temperatur";"grader C";"3,4";"=";"C, Faglig kontrol";"Godkendt";"2024-01-26 05:27/Auto KS2"
"21000666";"Knud Å, Opst. Ravn Sø";"20240202";"1200";"1";"True";"1";"pH";"pH";"7,588";"=";"C, Faglig kontrol";"Godkendt";"2024-02-03 05:20/Auto KS2"
"21000666";"Knud Å, Opst. Ravn Sø";"20240202";"1200";"1";"True";"1";"Salinitet";"promille";"0,1";"=";"C, Faglig kontrol";"Godkendt";"2024-02-03 05:20/Auto KS2"
"21000666";"Knud Å, Opst. Ravn Sø";"20240202";"1200";"1";"True";"1";"Temperatur";"grader C";"4,4";"=";"C, Faglig kontrol";"Godkendt";"2024-02-03 05:20/Auto KS2"
"21000666";"Knud Å, Opst. Ravn Sø";"20240215";"1200";"1";"True";"1";"pH";"pH";"7,465";"=";"C, Faglig kontrol";"Godkendt";"2024-02-17 05:22/Auto KS2"
"21000666";"Knud Å, Opst. Ravn Sø";"20240215";"1200";"1";"True";"1";"Salinitet";"promille";"0,1";"=";"C, Faglig kontrol";"Godkendt";"2024-02-17 05:22/Auto KS2"
"21000666";"Knud Å, Opst. Ravn Sø";"20240215";"1200";"1";"True";"1";"Temperatur";"grader C";"4,7";"=";"C, Faglig kontrol";"Godkendt";"2024-02-17 05:22/Auto KS2"
"21000666";"Knud Å, Opst. Ravn Sø";"20240301";"1200";"1";"True";"1";"pH";"pH";"7,695";"=";"C, Faglig kontrol";"Godkendt";"2024-03-06 07:15/Manual"
"21000666";"Knud Å, Opst. Ravn Sø";"20240301";"1200";"1";"True";"1";"Salinitet";"promille";"0,1";"=";"C, Faglig kontrol";"Godkendt";"2024-03-06 07:15/Manual"
"21000666";"Knud Å, Opst. Ravn Sø";"20240301";"1200";"1";"True";"1";"Temperatur";"grader C";"7";"=";"C, Faglig kontrol";"Godkendt";"2024-03-06 07:15/Manual"
"21000666";"Knud Å, Opst. Ravn Sø";"20240313";"1200";"1";"True";"1";"pH";"pH";"7,669";"=";"C, Faglig kontrol";"Godkendt";"2024-03-14 05:30/Auto KS2"
"21000666";"Knud Å, Opst. Ravn Sø";"20240313";"1200";"1";"True";"1";"Salinitet";"promille";"0,1";"=";"C, Faglig kontrol";"Godkendt";"2024-03-14 05:30/Auto KS2"
"21000666";"Knud Å, Opst. Ravn Sø";"20240313";"1200";"1";"True";"1";"Temperatur";"grader C";"5,3";"=";"C, Faglig kontrol";"Godkendt";"2024-03-14 05:30/Auto KS2"
"21000666";"Knud Å, Opst. Ravn Sø";"20240410";"1200";"1";"True";"1";"pH";"pH";"7,454";"=";"C, Faglig kontrol";"Godkendt";"2024-04-11 04:26/Auto KS2"
"21000666";"Knud Å, Opst. Ravn Sø";"20240410";"1200";"1";"True";"1";"Salinitet";"promille";"0,1";"=";"C, Faglig kontrol";"Godkendt";"2024-04-11 04:26/Auto KS2"
"21000666";"Knud Å, Opst. Ravn Sø";"20240410";"1200";"1";"True";"1";"Temperatur";"grader C";"10,4";"=";"C, Faglig kontrol";"Godkendt";"2024-04-11 04:26/Auto KS2"
"21000666";"Knud Å, Opst. Ravn Sø";"20240508";"1200";"1";"True";"1";"pH";"pH";"7,582";"=";"C, Faglig kontrol";"Godkendt";"2024-05-10 04:30/Auto KS2"
"21000666";"Knud Å, Opst. Ravn Sø";"20240508";"1200";"1";"True";"1";"Salinitet";"promille";"0,1";"=";"C, Faglig kontrol";"Godkendt";"2024-05-10 04:30/Auto KS2"
"21000666";"Knud Å, Opst. Ravn Sø";"20240508";"1200";"1";"True";"1";"Temperatur";"grader C";"13,1";"=";"C, Faglig kontrol";"Godkendt";"2024-05-10 04:30/Auto KS2"
"21000666";"Knud Å, Opst. Ravn Sø";"20240604";"1200";"1";"True";"1";"pH";"pH";"7,458";"=";"C, Faglig kontrol";"Godkendt";"2024-10-08 06:57/Manual"
"21000666";"Knud Å, Opst. Ravn Sø";"20240604";"1200";"1";"True";"1";"Salinitet";"promille";"0,1";"=";"C, Faglig kontrol";"Godkendt";"2024-10-08 06:57/Manual"
"21000666";"Knud Å, Opst. Ravn Sø";"20240604";"1200";"1";"True";"1";"Temperatur";"grader C";"16,5";"=";"C, Faglig kontrol";"Godkendt";"2024-10-08 06:57/Manual"
"21000666";"Knud Å, Opst. Ravn Sø";"20240703";"1200";"1";"True";"1";"pH";"pH";"7,423";"=";"C, Faglig kontrol";"Godkendt";"2024-10-08 06:57/Manual"
"21000666";"Knud Å, Opst. Ravn Sø";"20240703";"1200";"1";"True";"1";"Salinitet";"promille";"0,1";"=";"C, Faglig kontrol";"Godkendt";"2024-10-08 06:57/Manual"
"21000666";"Knud Å, Opst. Ravn Sø";"20240703";"1200";"1";"True";"1";"Temperatur";"grader C";"15,8";"=";"C, Faglig kontrol";"Godkendt";"2024-10-08 06:57/Manual"
"21000666";"Knud Å, Opst. Ravn Sø";"20240814";"1200";"1";"True";"1";"pH";"pH";"7,538";"=";"C, Faglig kontrol";"Godkendt";"2024-08-15 04:57/Auto KS2"
"21000666";"Knud Å, Opst. Ravn Sø";"20240814";"1200";"1";"True";"1";"Temperatur";"grader C";"17,7";"=";"C, Faglig kontrol";"Godkendt";"2024-08-15 04:57/Auto KS2"
"21000666";"Knud Å, Opst. Ravn Sø";"20240905";"1200";"1";"True";"1";"pH";"pH";"7,47";"=";"C, Faglig kontrol";"Godkendt";"2024-09-06 05:10/Auto KS2"
"21000666";"Knud Å, Opst. Ravn Sø";"20240905";"1200";"1";"True";"1";"Salinitet";"promille";"0,1";"=";"C, Faglig kontrol";"Godkendt";"2024-09-06 05:10/Auto KS2"
"21000666";"Knud Å, Opst. Ravn Sø";"20240905";"1200";"1";"True";"1";"Temperatur";"grader C";"17,7";"=";"C, Faglig kontrol";"Godkendt";"2024-09-06 05:10/Auto KS2"
"21000666";"Knud Å, Opst. Ravn Sø";"20241001";"1200";"1";"True";"1";"pH";"pH";"7,396";"=";"C, Faglig kontrol";"Godkendt";"2024-10-03 04:50/Auto KS2"
"21000666";"Knud Å, Opst. Ravn Sø";"20241001";"1200";"1";"True";"1";"Salinitet";"promille";"0,1";"=";"C, Faglig kontrol";"Godkendt";"2024-10-03 04:50/Auto KS2"
"21000666";"Knud Å, Opst. Ravn Sø";"20241001";"1200";"1";"True";"1";"Temperatur";"grader C";"10,6";"=";"C, Faglig kontrol";"Godkendt";"2024-10-03 04:50/Auto KS2"
"21000666";"Knud Å, Opst. Ravn Sø";"20241017";"1200";"1";"True";"1";"pH";"pH";"7,61";"=";"C, Faglig kontrol";"Godkendt";"2024-10-21 04:57/Auto KS2"
"21000666";"Knud Å, Opst. Ravn Sø";"20241017";"1200";"1";"True";"1";"Temperatur";"grader C";"8,4";"=";"C, Faglig kontrol";"Godkendt";"2024-10-21 04:57/Auto KS2"
"21000666";"Knud Å, Opst. Ravn Sø";"20241101";"1200";"1";"True";"1";"pH";"pH";"7,716";"=";"C, Faglig kontrol";"Godkendt";"2024-11-02 05:53/Auto KS2"
"21000666";"Knud Å, Opst. Ravn Sø";"20241101";"1200";"1";"True";"1";"Salinitet";"promille";"0,2";"=";"C, Faglig kontrol";"Godkendt";"2024-11-02 05:53/Auto KS2"
"21000666";"Knud Å, Opst. Ravn Sø";"20241101";"1200";"1";"True";"1";"Temperatur";"grader C";"10,7";"=";"C, Faglig kontrol";"Godkendt";"2024-11-02 05:53/Auto KS2"
"21000666";"Knud Å, Opst. Ravn Sø";"20241114";"1200";"1";"True";"1";"pH";"pH";"7,562";"=";"C, Faglig kontrol";"Godkendt";"2024-11-15 09:54/Auto KS2"
"21000666";"Knud Å, Opst. Ravn Sø";"20241114";"1200";"1";"True";"1";"Salinitet";"promille";"0,2";"=";"C, Faglig kontrol";"Godkendt";"2024-11-15 09:54/Auto KS2"
"21000666";"Knud Å, Opst. Ravn Sø";"20241114";"1200";"1";"True";"1";"Temperatur";"grader C";"7";"=";"C, Faglig kontrol";"Godkendt";"2024-11-15 09:54/Auto KS2"
"21000666";"Knud Å, Opst. Ravn Sø";"20241127";"1200";"1";"True";"1";"pH";"pH";"7,749";"=";"C, Faglig kontrol";"Godkendt";"2024-11-28 06:00/Auto KS2"
"21000666";"Knud Å, Opst. Ravn Sø";"20241127";"1200";"1";"True";"1";"Salinitet";"promille";"0,2";"=";"C, Faglig kontrol";"Godkendt";"2024-11-28 06:00/Auto KS2"
"21000666";"Knud Å, Opst. Ravn Sø";"20241127";"1200";"1";"True";"1";"Temperatur";"grader C";"5,5";"=";"C, Faglig kontrol";"Godkendt";"2024-11-28 06:00/Auto KS2"
"21000666";"Knud Å, Opst. Ravn Sø";"20241210";"1200";"1";"True";"1";"pH";"pH";"7,622";"=";"C, Faglig kontrol";"Godkendt";"2024-12-11 05:51/Auto KS2"
"21000666";"Knud Å, Opst. Ravn Sø";"20241210";"1200";"1";"True";"1";"Salinitet";"promille";"0,1";"=";"C, Faglig kontrol";"Godkendt";"2024-12-11 05:51/Auto KS2"
"21000666";"Knud Å, Opst. Ravn Sø";"20241210";"1200";"1";"True";"1";"Temperatur";"grader C";"4,1";"=";"C, Faglig kontrol";"Godkendt";"2024-12-11 05:51/Auto KS2"
