datetime,Depth_meter,Water_Temperature_celsius
1989-01-10,0.0,4.0
1989-01-10,3.0,4.0
1989-01-10,5.0,4.0
1989-01-10,10.0,4.0
1989-01-10,15.0,4.0
1989-01-10,20.0,4.0
1989-01-10,25.0,4.0
1989-01-10,28.0,4.0
1989-02-08,28.0,4.6
1989-02-08,27.0,4.6
1989-02-08,20.0,4.6
1989-02-08,25.0,4.6
1989-02-08,10.0,4.6
1989-02-08,3.0,4.6
1989-02-08,1.0,4.6
1989-02-08,15.0,4.6
1989-03-08,0.0,4.2
1989-03-08,3.0,4.2
1989-03-08,5.0,4.2
1989-03-08,10.0,4.2
1989-03-08,15.0,4.2
1989-03-08,20.0,4.2
1989-03-08,25.0,4.2
1989-03-08,30.0,4.1
1989-04-11,20.0,5.4
1989-04-11,28.0,5.4
1989-04-11,25.0,5.4
1989-04-11,15.0,5.4
1989-04-11,4.0,5.5
1989-04-11,6.0,5.5
1989-04-11,3.0,5.5
1989-04-11,0.0,5.5
1989-04-11,10.0,5.4
1989-04-26,28.0,6.4
1989-04-26,26.0,6.4
1989-04-26,20.0,6.5
1989-04-26,10.0,7.2
1989-04-26,8.0,7.2
1989-04-26,15.0,6.7
1989-04-26,4.0,7.3
1989-04-26,3.0,7.3
1989-04-26,2.0,7.3
1989-04-26,0.0,7.3
1989-04-26,6.0,7.2
1989-05-16,15.0,8.8
1989-05-16,30.0,6.8
1989-05-16,25.0,6.9
1989-05-16,20.0,7.2
1989-05-16,19.0,7.4
1989-05-16,18.0,7.8
1989-05-16,17.0,8.3
1989-05-16,16.0,8.7
1989-05-16,10.0,9.6
1989-05-16,3.0,10.6
1989-05-16,8.0,9.9
1989-05-16,0.0,10.7
1989-05-16,1.0,10.7
1989-05-16,2.0,10.6
1989-05-16,9.0,9.8
1989-05-16,5.0,10.4
1989-05-16,6.0,10.3
1989-05-16,7.0,10.0
1989-05-16,4.0,10.5
1989-05-30,30.0,6.9
1989-05-30,9.0,10.4
1989-05-30,20.0,7.3
1989-05-30,15.0,9.0
1989-05-30,14.0,9.3
1989-05-30,13.0,9.5
1989-05-30,12.0,9.7
1989-05-30,11.0,9.9
1989-05-30,10.0,10.2
1989-05-30,25.0,7.0
1989-05-30,8.0,10.5
1989-05-30,6.0,11.5
1989-05-30,5.5,12.5
1989-05-30,5.0,14.5
1989-05-30,4.5,15.0
1989-05-30,4.0,15.5
1989-05-30,3.0,15.6
1989-05-30,2.5,15.7
1989-05-30,2.0,15.6
1989-05-30,1.0,15.6
1989-05-30,0.0,15.7
1989-05-30,7.0,10.9
1989-06-14,18.0,7.7
1989-06-14,20.0,7.4
1989-06-14,22.0,7.3
1989-06-14,24.0,7.2
1989-06-14,15.0,8.8
1989-06-14,26.0,7.2
1989-06-14,27.0,7.1
1989-06-14,28.0,7.1
1989-06-14,29.0,7.1
1989-06-14,25.0,7.2
1989-06-14,14.0,9.1
1989-06-14,16.0,8.4
1989-06-14,10.0,10.3
1989-06-14,0.0,18.5
1989-06-14,1.0,18.4
1989-06-14,3.0,15.8
1989-06-14,4.0,14.9
1989-06-14,5.0,14.5
1989-06-14,2.0,18.1
1989-06-14,7.0,13.6
1989-06-14,8.0,12.8
1989-06-14,12.0,9.7
1989-06-14,9.0,11.5
1989-06-14,6.0,14.0
1989-06-27,22.0,7.4
1989-06-27,17.0,8.2
1989-06-27,18.0,8.0
1989-06-27,19.0,7.8
1989-06-27,20.0,7.6
1989-06-27,21.0,7.5
1989-06-27,23.0,7.3
1989-06-27,29.0,7.2
1989-06-27,25.0,7.2
1989-06-27,26.0,7.1
1989-06-27,27.0,7.1
1989-06-27,28.0,7.1
1989-06-27,16.0,8.5
1989-06-27,30.0,7.2
1989-06-27,24.0,7.2
1989-06-27,15.0,8.9
1989-06-27,14.0,9.3
1989-06-27,13.0,9.5
1989-06-27,0.0,20.3
1989-06-27,1.0,20.3
1989-06-27,2.0,20.3
1989-06-27,3.0,20.2
1989-06-27,4.0,20.0
1989-06-27,5.0,19.6
1989-06-27,2.0,20.2
1989-06-27,7.0,13.5
1989-06-27,8.0,12.3
1989-06-27,9.0,11.4
1989-06-27,10.0,10.6
1989-06-27,11.0,10.0
1989-06-27,12.0,9.7
1989-06-27,6.0,14.7
1989-07-12,4.0,19.2
1989-07-12,15.0,8.6
1989-07-12,5.5,18.8
1989-07-12,6.0,16.6
1989-07-12,12.0,9.4
1989-07-12,8.0,12.1
1989-07-12,10.0,10.1
1989-07-12,14.0,8.9
1989-07-12,3.0,19.3
1989-07-12,7.0,14.1
1989-07-12,2.0,19.3
1989-07-12,27.0,7.3
1989-07-12,0.0,19.3
1989-07-12,28.0,7.3
1989-07-12,26.0,7.3
1989-07-12,25.0,7.3
1989-07-12,24.0,7.3
1989-07-12,22.0,7.4
1989-07-12,20.0,7.5
1989-07-12,18.0,7.8
1989-07-12,16.0,8.3
1989-07-12,1.0,19.3
1989-07-25,17.0,8.3
1989-07-25,18.0,8.1
1989-07-25,19.0,7.7
1989-07-25,30.0,7.2
1989-07-25,22.0,7.5
1989-07-25,25.0,7.4
1989-07-25,29.0,7.2
1989-07-25,13.0,9.4
1989-07-25,20.0,7.6
1989-07-25,11.0,11.1
1989-07-25,15.0,8.8
1989-07-25,9.5,13.7
1989-07-25,10.0,11.9
1989-07-25,0.0,18.3
1989-07-25,2.0,18.3
1989-07-25,3.0,18.2
1989-07-25,1.0,18.3
1989-07-25,6.0,16.7
1989-07-25,7.0,16.1
1989-07-25,8.0,15.2
1989-07-25,9.0,14.8
1989-07-25,4.0,17.9
1989-08-08,21.0,7.5
1989-08-08,17.0,7.8
1989-08-08,18.0,7.7
1989-08-08,19.0,7.7
1989-08-08,20.0,7.5
1989-08-08,22.0,7.3
1989-08-08,29.0,7.3
1989-08-08,24.0,7.3
1989-08-08,25.0,7.3
1989-08-08,26.0,7.3
1989-08-08,27.0,7.3
1989-08-08,30.0,7.3
1989-08-08,16.0,8.1
1989-08-08,23.0,7.3
1989-08-08,15.0,8.4
1989-08-08,28.0,7.3
1989-08-08,13.0,9.4
1989-08-08,1.0,16.7
1989-08-08,14.0,8.9
1989-08-08,2.0,15.9
1989-08-08,3.0,15.6
1989-08-08,4.0,15.5
1989-08-08,5.0,15.5
1989-08-08,0.0,16.9
1989-08-08,7.0,15.3
1989-08-08,8.0,15.1
1989-08-08,9.0,15.1
1989-08-08,10.0,14.9
1989-08-08,11.0,13.9
1989-08-08,12.0,13.0
1989-08-08,6.0,15.4
1989-08-23,16.0,8.8
1989-08-23,17.0,8.3
1989-08-23,18.0,8.1
1989-08-23,19.0,7.9
1989-08-23,20.0,7.8
1989-08-23,21.0,7.7
1989-08-23,24.0,7.5
1989-08-23,23.0,7.6
1989-08-23,25.0,7.4
1989-08-23,29.0,7.4
1989-08-23,30.0,7.3
1989-08-23,15.0,9.1
1989-08-23,22.0,7.6
1989-08-23,14.0,10.3
1989-08-23,13.0,12.2
1989-08-23,12.0,13.5
1989-08-23,0.0,17.6
1989-08-23,1.0,17.5
1989-08-23,2.0,17.6
1989-08-23,4.0,17.5
1989-08-23,5.0,17.5
1989-08-23,3.0,17.5
1989-08-23,7.0,17.2
1989-08-23,8.0,16.8
1989-08-23,9.0,16.5
1989-08-23,10.0,15.8
1989-08-23,11.0,14.9
1989-08-23,6.0,17.3
1989-09-07,22.0,7.5
1989-09-07,18.0,7.9
1989-09-07,19.0,7.8
1989-09-07,20.0,7.6
1989-09-07,21.0,7.6
1989-09-07,23.0,7.5
1989-09-07,30.0,7.7
1989-09-07,25.0,7.4
1989-09-07,26.0,7.4
1989-09-07,27.0,7.4
1989-09-07,28.0,7.4
1989-09-07,29.0,7.4
1989-09-07,17.0,8.1
1989-09-07,24.0,7.5
1989-09-07,16.0,8.5
1989-09-07,11.0,15.1
1989-09-07,14.0,9.8
1989-09-07,15.0,9.1
1989-09-07,0.0,16.3
1989-09-07,2.0,16.0
1989-09-07,3.0,16.0
1989-09-07,4.0,16.0
1989-09-07,5.0,15.9
1989-09-07,6.0,15.9
1989-09-07,1.0,16.1
1989-09-07,8.0,15.7
1989-09-07,9.0,15.6
1989-09-07,10.0,15.4
1989-09-07,13.0,12.4
1989-09-07,12.0,14.1
1989-09-07,7.0,15.8
1989-09-19,14.0,12.5
1989-09-19,15.0,10.0
1989-09-19,16.0,8.9
1989-09-19,17.0,8.6
1989-09-19,22.0,7.7
1989-09-19,20.0,7.9
1989-09-19,25.0,7.4
1989-09-19,27.0,7.3
1989-09-19,13.5,13.7
1989-09-19,30.0,7.4
1989-09-19,18.0,8.2
1989-09-19,13.0,13.7
1989-09-19,9.0,15.0
1989-09-19,11.0,14.9
1989-09-19,12.0,14.9
1989-09-19,1.0,15.5
1989-09-19,2.0,15.4
1989-09-19,3.0,15.4
1989-09-19,4.0,15.4
1989-09-19,0.0,15.5
1989-09-19,6.0,15.1
1989-09-19,7.0,15.1
1989-09-19,8.0,15.0
1989-09-19,10.0,15.0
1989-09-19,5.0,15.2
1989-10-05,16.0,11.7
1989-10-05,25.0,7.6
1989-10-05,22.0,7.8
1989-10-05,20.0,8.0
1989-10-05,19.0,8.1
1989-10-05,18.0,8.6
1989-10-05,17.5,9.2
1989-10-05,30.0,7.5
1989-10-05,16.5,10.6
1989-10-05,15.5,13.1
1989-10-05,17.0,9.6
1989-10-05,14.0,13.4
1989-10-05,12.0,13.4
1989-10-05,10.0,13.4
1989-10-05,8.0,13.4
1989-10-05,6.0,13.4
1989-10-05,4.0,13.5
1989-10-05,3.0,13.5
1989-10-05,2.0,13.5
1989-10-05,0.0,13.5
1989-10-05,15.0,13.3
1989-10-18,18.0,10.9
1989-10-18,19.0,8.2
1989-10-18,20.0,7.9
1989-10-18,24.0,7.6
1989-10-18,30.0,7.4
1989-10-18,27.0,7.5
1989-10-18,29.0,7.4
1989-10-18,18.0,11.4
1989-10-18,30.5,7.4
1989-10-18,25.0,7.5
1989-10-18,17.0,11.6
1989-10-18,22.0,7.7
1989-10-18,14.0,11.6
1989-10-18,15.0,11.6
1989-10-18,0.0,11.7
1989-10-18,2.0,11.7
1989-10-18,3.0,11.7
1989-10-18,4.0,11.7
1989-10-18,1.0,11.7
1989-10-18,7.0,11.7
1989-10-18,9.0,11.6
1989-10-18,10.0,11.6
1989-10-18,12.0,11.6
1989-10-18,5.0,11.7
1989-11-01,4.0,11.0
1989-11-01,30.0,11.0
1989-12-06,20.0,5.7
1989-12-06,30.0,5.7
1989-12-06,27.5,5.7
1989-12-06,25.0,5.7
1989-12-06,22.5,5.7
1989-12-06,15.0,5.6
1989-12-06,5.0,5.6
1989-12-06,8.0,5.7
1989-12-06,6.0,5.6
1989-12-06,3.0,5.6
1989-12-06,0.0,5.6
1989-12-06,10.0,5.7
1990-01-11,29.5,3.6
1990-01-11,28.0,3.6
1990-01-11,26.0,3.6
1990-01-11,24.0,3.6
1990-01-11,22.0,3.6
1990-01-11,20.0,3.6
1990-01-11,18.0,3.6
1990-01-11,14.0,3.7
1990-01-11,16.0,3.7
1990-01-11,10.0,3.7
1990-01-11,8.0,3.7
1990-01-11,6.0,3.7
1990-01-11,4.0,3.7
1990-01-11,3.0,3.7
1990-01-11,2.0,3.7
1990-01-11,0.0,3.7
1990-01-11,12.0,3.7
1990-02-06,18.0,4.0
1990-02-06,20.0,4.0
1990-02-06,22.0,4.0
1990-02-06,30.0,4.0
1990-02-06,26.0,4.0
1990-02-06,28.0,4.0
1990-02-06,31.0,4.0
1990-02-06,24.0,4.0
1990-02-06,16.0,4.0
1990-02-06,12.0,4.0
1990-02-06,10.0,4.0
1990-02-06,8.0,4.0
1990-02-06,6.0,4.0
1990-02-06,4.0,4.0
1990-02-06,3.0,4.0
1990-02-06,2.0,4.0
1990-02-06,0.0,4.1
1990-02-06,14.0,4.0
1990-03-07,28.0,4.4
1990-03-07,25.0,4.4
1990-03-07,20.0,4.4
1990-03-07,15.0,4.4
1990-03-07,10.0,4.4
1990-03-07,6.0,4.4
1990-03-07,3.0,4.4
1990-03-07,2.0,4.4
1990-03-07,0.0,4.5
1990-03-07,8.0,4.4
1990-04-05,31.0,6.0
1990-04-05,30.0,6.1
1990-04-05,28.0,6.1
1990-04-05,26.0,6.3
1990-04-05,24.0,6.4
1990-04-05,22.0,6.4
1990-04-05,20.0,6.4
1990-04-05,18.0,6.4
1990-04-05,16.0,6.4
1990-04-05,14.0,6.4
1990-04-05,10.0,6.4
1990-04-05,8.0,6.4
1990-04-05,6.0,6.4
1990-04-05,4.0,6.4
1990-04-05,3.0,6.4
1990-04-05,2.0,6.4
1990-04-05,1.0,6.5
1990-04-05,0.0,6.5
1990-04-05,12.0,6.4
1990-04-18,20.0,6.7
1990-04-18,30.0,6.5
1990-04-18,25.0,6.5
1990-04-18,15.0,6.8
1990-04-18,5.0,7.0
1990-04-18,3.0,7.0
1990-04-18,0.0,7.1
1990-04-18,10.0,6.9
1990-05-02,21.0,7.2
1990-05-02,18.0,7.3
1990-05-02,19.0,7.2
1990-05-02,20.0,7.2
1990-05-02,22.0,7.2
1990-05-02,23.0,7.2
1990-05-02,24.0,7.1
1990-05-02,26.0,7.1
1990-05-02,17.0,7.4
1990-05-02,27.0,7.1
1990-05-02,28.0,7.1
1990-05-02,29.0,7.0
1990-05-02,30.0,7.0
1990-05-02,25.0,7.1
1990-05-02,15.0,8.3
1990-05-02,16.0,7.9
1990-05-02,5.0,9.6
1990-05-02,1.0,11.6
1990-05-02,2.0,10.8
1990-05-02,3.0,9.9
1990-05-02,4.0,9.7
1990-05-02,14.0,8.4
1990-05-02,6.0,9.6
1990-05-02,0.0,13.7
1990-05-02,7.0,9.5
1990-05-02,9.0,9.0
1990-05-02,10.0,8.9
1990-05-02,11.0,8.7
1990-05-02,12.0,8.6
1990-05-02,13.0,8.5
1990-05-02,8.0,9.4
1990-05-15,21.0,7.3
1990-05-15,20.0,7.4
1990-05-15,23.0,7.2
1990-05-15,18.0,7.6
1990-05-15,19.0,7.5
1990-05-15,24.0,7.1
1990-05-15,22.0,7.2
1990-05-15,26.0,7.1
1990-05-15,27.0,7.1
1990-05-15,28.0,7.1
1990-05-15,29.0,7.1
1990-05-15,30.0,7.0
1990-05-15,16.0,8.0
1990-05-15,25.0,7.1
1990-05-15,15.0,8.2
1990-05-15,17.0,7.8
1990-05-15,13.0,8.7
1990-05-15,14.0,8.4
1990-05-15,2.0,15.0
1990-05-15,3.0,14.9
1990-05-15,4.0,14.8
1990-05-15,5.0,13.1
1990-05-15,6.0,10.2
1990-05-15,7.0,9.7
1990-05-15,1.0,15.0
1990-05-15,9.0,9.2
1990-05-15,10.0,9.1
1990-05-15,11.0,9.0
1990-05-15,12.0,8.8
1990-05-15,0.0,15.0
1990-05-15,8.0,9.3
1990-05-30,30.0,7.0
1990-05-30,18.0,7.2
1990-05-30,19.0,7.2
1990-05-30,20.0,7.2
1990-05-30,21.0,7.2
1990-05-30,22.0,7.1
1990-05-30,25.0,7.1
1990-05-30,24.0,7.1
1990-05-30,26.0,7.0
1990-05-30,27.0,7.0
1990-05-30,28.0,7.0
1990-05-30,29.0,7.0
1990-05-30,17.0,7.3
1990-05-30,23.0,7.1
1990-05-30,16.0,7.5
1990-05-30,11.0,9.0
1990-05-30,14.0,7.9
1990-05-30,0.0,14.2
1990-05-30,1.0,14.1
1990-05-30,2.0,13.6
1990-05-30,15.0,7.8
1990-05-30,4.0,12.8
1990-05-30,5.0,12.6
1990-05-30,3.0,13.4
1990-05-30,7.0,12.3
1990-05-30,8.0,12.2
1990-05-30,9.0,11.2
1990-05-30,10.0,10.4
1990-05-30,12.0,8.7
1990-05-30,13.0,8.3
1990-05-30,6.0,12.4
1990-06-13,19.0,7.5
1990-06-13,24.0,7.3
1990-06-13,20.0,7.5
1990-06-13,21.0,7.4
1990-06-13,22.0,7.3
1990-06-13,23.0,7.3
1990-06-13,25.0,7.3
1990-06-13,5.0,15.3
1990-06-13,27.0,7.3
1990-06-13,28.0,7.3
1990-06-13,29.0,7.2
1990-06-13,30.0,7.2
1990-06-13,31.0,7.2
1990-06-13,32.0,7.2
1990-06-13,18.0,7.6
1990-06-13,26.0,7.3
1990-06-13,17.0,7.7
1990-06-13,2.0,17.1
1990-06-13,15.0,7.9
1990-06-13,16.0,7.8
1990-06-13,1.0,17.9
1990-06-13,3.0,16.7
1990-06-13,3.0,16.7
1990-06-13,4.0,16.2
1990-06-13,6.0,14.6
1990-06-13,7.0,14.2
1990-06-13,0.0,18.0
1990-06-13,9.0,11.4
1990-06-13,10.0,10.5
1990-06-13,11.0,9.8
1990-06-13,12.0,8.9
1990-06-13,13.0,8.4
1990-06-13,14.0,8.1
1990-06-13,8.0,12.8
1990-06-26,21.0,7.5
1990-06-26,17.0,7.7
1990-06-26,18.0,7.6
1990-06-26,19.0,7.6
1990-06-26,20.0,7.5
1990-06-26,22.0,7.4
1990-06-26,29.0,7.3
1990-06-26,24.0,7.3
1990-06-26,26.0,7.3
1990-06-26,27.0,7.3
1990-06-26,28.0,7.3
1990-06-26,16.0,7.7
1990-06-26,23.0,7.4
1990-06-26,15.0,7.8
1990-06-26,25.0,7.3
1990-06-26,13.0,8.5
1990-06-26,14.0,8.2
1990-06-26,0.0,17.6
1990-06-26,1.0,17.6
1990-06-26,2.0,17.5
1990-06-26,4.0,17.2
1990-06-26,5.0,17.2
1990-06-26,3.0,17.4
1990-06-26,7.0,15.0
1990-06-26,8.0,13.1
1990-06-26,9.0,11.4
1990-06-26,10.0,10.4
1990-06-26,11.0,9.6
1990-06-26,12.0,8.8
1990-06-26,6.0,17.1
1990-07-11,22.0,7.4
1990-07-11,18.0,7.8
1990-07-11,19.0,7.6
1990-07-11,20.0,7.6
1990-07-11,21.0,7.5
1990-07-11,23.0,7.4
1990-07-11,30.0,7.3
1990-07-11,25.0,7.4
1990-07-11,26.0,7.4
1990-07-11,27.0,7.3
1990-07-11,28.0,7.3
1990-07-11,29.0,7.3
1990-07-11,17.0,7.8
1990-07-11,24.0,7.4
1990-07-11,16.0,7.9
1990-07-11,10.0,11.8
1990-07-11,14.0,8.5
1990-07-11,0.0,16.1
1990-07-11,1.0,16.2
1990-07-11,2.0,16.2
1990-07-11,15.0,8.1
1990-07-11,4.0,16.1
1990-07-11,5.0,16.1
1990-07-11,3.0,16.2
1990-07-11,7.0,16.1
1990-07-11,8.0,16.1
1990-07-11,9.0,15.9
1990-07-11,11.0,9.9
1990-07-11,12.0,9.2
1990-07-11,13.0,8.8
1990-07-11,6.0,16.1
1990-07-25,23.0,7.4
1990-07-25,19.0,7.6
1990-07-25,18.0,7.6
1990-07-25,21.0,7.5
1990-07-25,22.0,7.4
1990-07-25,24.0,7.4
1990-07-25,20.0,7.5
1990-07-25,26.0,7.4
1990-07-25,27.0,7.4
1990-07-25,28.0,7.4
1990-07-25,29.0,7.4
1990-07-25,30.0,7.4
1990-07-25,17.0,7.7
1990-07-25,25.0,7.4
1990-07-25,15.0,7.9
1990-07-25,16.0,7.8
1990-07-25,14.0,8.1
1990-07-25,1.0,17.8
1990-07-25,2.0,17.7
1990-07-25,3.0,17.7
1990-07-25,4.0,17.6
1990-07-25,5.0,17.6
1990-07-25,6.0,17.6
1990-07-25,0.0,17.8
1990-07-25,8.0,17.0
1990-07-25,9.0,16.2
1990-07-25,10.0,13.2
1990-07-25,11.0,11.7
1990-07-25,12.0,9.4
1990-07-25,13.0,8.9
1990-07-25,7.0,17.4
1990-08-07,3.0,19.4
1990-08-07,4.0,19.4
1990-08-07,5.0,19.3
1990-08-07,6.0,19.2
1990-08-07,7.0,17.8
1990-08-07,8.0,17.0
1990-08-07,13.0,9.1
1990-08-07,10.0,14.7
1990-08-07,11.0,12.3
1990-08-07,14.0,8.6
1990-08-07,15.0,8.1
1990-08-07,16.0,7.9
1990-08-07,2.0,19.4
1990-08-07,9.0,16.3
1990-08-07,1.0,19.4
1990-08-07,12.0,10.4
1990-08-07,30.0,7.3
1990-08-07,17.0,7.8
1990-08-07,18.0,7.7
1990-08-07,19.0,7.7
1990-08-07,20.0,7.7
1990-08-07,21.0,7.6
1990-08-07,23.0,7.4
1990-08-07,22.0,7.5
1990-08-07,25.0,7.4
1990-08-07,26.0,7.4
1990-08-07,27.0,7.4
1990-08-07,28.0,7.3
1990-08-07,29.0,7.3
1990-08-07,24.0,7.4
1990-08-07,0.0,19.4
1990-08-22,19.0,8.1
1990-08-22,20.0,8.0
1990-08-22,17.0,9.6
1990-08-22,21.0,7.9
1990-08-22,18.0,8.6
1990-08-22,22.0,7.8
1990-08-22,29.0,7.4
1990-08-22,24.0,7.7
1990-08-22,25.0,7.7
1990-08-22,26.0,7.6
1990-08-22,27.0,7.5
1990-08-22,28.0,7.5
1990-08-22,16.0,11.1
1990-08-22,30.0,7.4
1990-08-22,23.0,7.7
1990-08-22,15.0,11.4
1990-08-22,10.0,17.9
1990-08-22,13.0,12.8
1990-08-22,1.0,18.0
1990-08-22,2.0,18.0
1990-08-22,14.0,12.9
1990-08-22,3.0,18.0
1990-08-22,4.0,18.0
1990-08-22,5.0,18.0
1990-08-22,3.0,18.0
1990-08-22,7.0,18.0
1990-08-22,8.0,18.0
1990-08-22,9.0,17.9
1990-08-22,11.0,17.7
1990-08-22,12.0,13.5
1990-08-22,6.0,18.0
1990-08-22,0.0,18.0
1990-09-05,17.0,7.8
1990-09-05,22.0,7.4
1990-09-05,18.0,7.6
1990-09-05,19.0,7.6
1990-09-05,20.0,7.5
1990-09-05,21.0,7.5
1990-09-05,25.0,7.3
1990-09-05,26.0,7.3
1990-09-05,27.0,7.3
1990-09-05,28.0,7.3
1990-09-05,29.0,7.3
1990-09-05,30.0,7.3
1990-09-05,16.0,8.1
1990-09-05,24.0,7.3
1990-09-05,15.0,8.4
1990-09-05,23.0,7.4
1990-09-05,13.0,9.7
1990-09-05,0.0,17.6
1990-09-05,1.0,17.6
1990-09-05,2.0,17.6
1990-09-05,3.0,17.5
1990-09-05,5.0,17.4
1990-09-05,6.0,17.3
1990-09-05,4.0,17.4
1990-09-05,7.0,17.3
1990-09-05,8.0,17.1
1990-09-05,9.0,17.0
1990-09-05,10.0,15.9
1990-09-05,11.0,12.9
1990-09-05,12.0,11.0
1990-09-05,14.0,8.8
1990-09-19,23.0,7.4
1990-09-19,18.0,7.7
1990-09-19,19.0,7.6
1990-09-19,20.0,7.6
1990-09-19,21.0,7.5
1990-09-19,22.0,7.5
1990-09-19,24.0,7.3
1990-09-19,31.0,7.3
1990-09-19,26.0,7.3
1990-09-19,27.0,7.3
1990-09-19,28.0,7.3
1990-09-19,29.0,7.3
1990-09-19,30.0,7.3
1990-09-19,17.0,7.9
1990-09-19,25.0,7.3
1990-09-19,16.0,8.0
1990-09-19,15.0,8.3
1990-09-19,14.0,8.9
1990-09-19,1.0,15.2
1990-09-19,2.0,15.2
1990-09-19,3.0,15.2
1990-09-19,4.0,15.2
1990-09-19,5.0,15.2
1990-09-19,6.0,15.1
1990-09-19,0.0,15.2
1990-09-19,8.0,15.1
1990-09-19,9.0,15.1
1990-09-19,10.0,15.1
1990-09-19,11.0,15.0
1990-09-19,12.0,13.2
1990-09-19,13.0,9.8
1990-09-19,7.0,15.1
1990-10-03,17.0,8.2
1990-10-03,18.0,8.1
1990-10-03,19.0,7.8
1990-10-03,20.0,7.8
1990-10-03,21.0,7.7
1990-10-03,29.0,7.3
1990-10-03,25.0,7.4
1990-10-03,23.0,7.5
1990-10-03,24.0,7.4
1990-10-03,26.0,7.4
1990-10-03,27.0,7.3
1990-10-03,28.0,7.3
1990-10-03,16.0,9.1
1990-10-03,22.0,7.6
1990-10-03,15.0,10.9
1990-10-03,7.0,12.5
1990-10-03,13.0,12.4
1990-10-03,14.0,11.9
1990-10-03,0.0,12.6
1990-10-03,1.0,12.6
1990-10-03,2.0,12.6
1990-10-03,4.0,12.5
1990-10-03,5.0,12.5
1990-10-03,3.0,12.6
1990-10-03,8.0,12.5
1990-10-03,9.0,12.5
1990-10-03,10.0,12.5
1990-10-03,11.0,12.5
1990-10-03,12.0,12.4
1990-10-03,6.0,12.5
1990-10-31,22.0,7.9
1990-10-31,18.0,9.5
1990-10-31,19.0,9.4
1990-10-31,20.0,9.3
1990-10-31,21.0,9.0
1990-10-31,23.0,7.6
1990-10-31,29.0,7.3
1990-10-31,25.0,7.4
1990-10-31,26.0,7.4
1990-10-31,27.0,7.3
1990-10-31,28.0,7.3
1990-10-31,17.0,9.5
1990-10-31,30.0,7.3
1990-10-31,24.0,7.5
1990-10-31,16.0,9.5
1990-10-31,9.0,9.5
1990-10-31,14.0,9.5
1990-10-31,0.0,9.5
1990-10-31,1.0,9.5
1990-10-31,2.0,9.5
1990-10-31,3.0,9.5
1990-10-31,4.0,9.5
1990-10-31,15.0,9.5
1990-10-31,5.0,9.5
1990-10-31,7.0,9.5
1990-10-31,8.0,9.5
1990-10-31,10.0,9.5
1990-10-31,11.0,9.5
1990-10-31,12.0,9.5
1990-10-31,13.0,9.5
1990-10-31,6.0,9.5
1990-12-11,21.0,5.0
1990-12-11,20.0,5.0
1990-12-11,22.0,5.0
1990-12-11,18.0,5.0
1990-12-11,19.0,5.0
1990-12-11,23.0,5.0
1990-12-11,17.0,5.0
1990-12-11,25.0,5.0
1990-12-11,26.0,5.0
1990-12-11,27.0,5.0
1990-12-11,28.0,5.0
1990-12-11,29.0,5.0
1990-12-11,24.0,5.0
1990-12-11,16.0,5.0
1990-12-11,13.0,5.0
1990-12-11,14.0,5.0
1990-12-11,0.0,5.0
1990-12-11,2.0,5.0
1990-12-11,3.0,5.0
1990-12-11,5.0,5.0
1990-12-11,6.0,5.0
1990-12-11,7.0,5.0
1990-12-11,4.0,5.0
1990-12-11,9.0,5.0
1990-12-11,10.0,5.0
1990-12-11,11.0,5.0
1990-12-11,12.0,5.0
1990-12-11,15.0,5.0
1990-12-11,8.0,5.0
1991-01-23,15.0,2.4
1991-01-23,29.0,2.5
1991-01-23,25.0,2.4
1991-01-23,24.0,2.4
1991-01-23,20.0,2.4
1991-01-23,18.0,2.4
1991-01-23,16.0,2.4
1991-01-23,14.0,2.4
1991-01-23,22.0,2.4
1991-01-23,10.0,2.4
1991-01-23,2.0,2.4
1991-01-23,3.0,2.4
1991-01-23,4.0,2.4
1991-01-23,0.0,2.4
1991-01-23,6.0,2.4
1991-01-23,8.0,2.4
1991-01-23,5.0,2.4
1991-01-23,12.0,2.4
1991-02-20,0.0,0.9
1991-03-25,7.0,3.0
1991-03-25,29.0,3.0
1991-03-25,5.0,3.0
1991-03-25,3.0,3.0
1991-03-25,2.0,3.0
1991-03-25,0.0,3.1
1991-03-25,30.0,3.0
1991-03-25,27.0,3.0
1991-03-25,22.0,3.0
1991-03-25,20.0,3.0
1991-03-25,18.0,3.0
1991-03-25,15.0,3.0
1991-03-25,12.0,3.0
1991-03-25,10.0,3.0
1991-03-25,25.0,3.0
1991-04-03,19.0,4.1
1991-04-03,20.0,4.1
1991-04-03,21.0,4.1
1991-04-03,23.0,4.1
1991-04-03,29.0,4.1
1991-04-03,27.0,4.1
1991-04-03,30.0,4.1
1991-04-03,17.0,4.1
1991-04-03,25.0,4.1
1991-04-03,15.0,4.1
1991-04-03,0.0,4.1
1991-04-03,11.0,4.1
1991-04-03,1.0,4.1
1991-04-03,2.0,4.1
1991-04-03,3.0,4.1
1991-04-03,4.0,4.1
1991-04-03,13.0,4.1
1991-04-03,7.0,4.1
1991-04-03,9.0,4.1
1991-04-03,10.0,4.1
1991-04-03,5.0,4.1
1991-04-18,14.0,5.9
1991-04-18,29.0,5.7
1991-04-18,27.0,5.7
1991-04-18,25.0,5.7
1991-04-18,24.0,5.8
1991-04-18,22.0,5.8
1991-04-18,20.0,5.8
1991-04-18,17.0,5.9
1991-04-18,15.0,5.9
1991-04-18,30.0,5.7
1991-04-18,12.0,5.9
1991-04-18,9.0,6.0
1991-04-18,7.0,6.0
1991-04-18,5.0,6.0
1991-04-18,3.0,6.0
1991-04-18,3.0,6.0
1991-04-18,2.0,6.1
1991-04-18,1.0,6.1
1991-04-18,0.0,6.2
1991-04-18,10.0,5.9
1991-04-30,19.0,6.2
1991-04-30,20.0,6.1
1991-04-30,22.0,6.1
1991-04-30,17.0,6.2
1991-04-30,27.0,6.0
1991-04-30,29.0,5.9
1991-04-30,30.0,5.9
1991-04-30,25.0,6.0
1991-04-30,15.0,6.3
1991-04-30,24.0,6.0
1991-04-30,10.0,6.3
1991-04-30,8.0,6.3
1991-04-30,7.0,6.3
1991-04-30,5.0,6.3
1991-04-30,4.0,6.3
1991-04-30,13.0,6.3
1991-04-30,3.0,6.3
1991-04-30,2.0,6.3
1991-04-30,1.0,6.3
1991-04-30,0.0,6.3
1991-05-16,18.0,6.7
1991-05-16,19.0,6.7
1991-05-16,20.0,6.7
1991-05-16,21.0,6.6
1991-05-16,22.0,6.6
1991-05-16,23.0,6.6
1991-05-16,28.0,6.6
1991-05-16,25.0,6.6
1991-05-16,26.0,6.6
1991-05-16,27.0,6.6
1991-05-16,16.0,6.8
1991-05-16,29.0,6.6
1991-05-16,30.0,6.5
1991-05-16,24.0,6.6
1991-05-16,15.0,6.8
1991-05-16,17.0,6.8
1991-05-16,13.0,7.2
1991-05-16,14.0,6.8
1991-05-16,1.0,9.2
1991-05-16,2.0,9.1
1991-05-16,3.0,9.0
1991-05-16,3.0,9.0
1991-05-16,4.0,8.7
1991-05-16,5.0,8.5
1991-05-16,0.0,9.2
1991-05-16,7.0,8.4
1991-05-16,8.0,8.3
1991-05-16,9.0,8.0
1991-05-16,10.0,7.9
1991-05-16,11.0,7.6
1991-05-16,12.0,7.4
1991-05-16,6.0,8.4
1991-05-29,3.0,11.8
1991-05-29,21.0,7.7
1991-05-29,22.0,7.6
1991-05-29,23.0,7.6
1991-05-29,24.0,7.5
1991-05-29,25.0,7.3
1991-05-29,26.0,7.3
1991-05-29,29.0,7.2
1991-05-29,28.0,7.2
1991-05-29,30.0,7.2
1991-05-29,0.0,13.4
1991-05-29,1.0,13.0
1991-05-29,2.0,12.9
1991-05-29,20.0,7.8
1991-05-29,27.0,7.3
1991-05-29,19.0,7.9
1991-05-29,16.0,8.2
1991-05-29,17.0,8.1
1991-05-29,3.0,11.8
1991-05-29,5.0,10.4
1991-05-29,6.0,10.1
1991-05-29,7.0,9.8
1991-05-29,8.0,9.6
1991-05-29,9.0,9.5
1991-05-29,4.0,10.7
1991-05-29,11.0,9.0
1991-05-29,10.0,9.2
1991-05-29,15.0,8.3
1991-05-29,18.0,8.0
1991-05-29,13.0,8.7
1991-05-29,12.0,8.8
1991-05-29,14.0,8.5
1991-06-11,14.0,8.7
1991-06-11,28.0,7.3
1991-06-11,27.0,7.3
1991-06-11,25.0,7.3
1991-06-11,24.0,7.3
1991-06-11,22.0,7.3
1991-06-11,20.0,7.5
1991-06-11,18.0,7.9
1991-06-11,17.0,8.2
1991-06-11,15.0,8.2
1991-06-11,26.0,7.3
1991-06-11,12.0,8.7
1991-06-11,10.0,10.6
1991-06-11,9.0,11.2
1991-06-11,8.0,12.1
1991-06-11,7.0,12.6
1991-06-11,5.0,12.9
1991-06-11,3.0,12.9
1991-06-11,2.0,12.9
1991-06-11,1.0,12.9
1991-06-11,0.0,13.0
1991-06-11,11.0,9.2
1991-06-27,17.0,8.1
1991-06-27,18.0,8.0
1991-06-27,19.0,7.9
1991-06-27,20.0,7.8
1991-06-27,22.0,7.8
1991-06-27,23.0,7.7
1991-06-27,28.0,7.6
1991-06-27,25.0,7.7
1991-06-27,26.0,7.6
1991-06-27,27.0,7.6
1991-06-27,29.0,7.6
1991-06-27,30.0,7.6
1991-06-27,16.0,8.2
1991-06-27,24.0,7.7
1991-06-27,15.0,8.5
1991-06-27,21.0,7.8
1991-06-27,13.0,10.7
1991-06-27,1.0,15.3
1991-06-27,2.0,15.1
1991-06-27,3.0,15.0
1991-06-27,3.0,15.0
1991-06-27,4.0,15.0
1991-06-27,5.0,14.9
1991-06-27,6.0,14.4
1991-06-27,0.0,15.4
1991-06-27,14.0,8.6
1991-06-27,8.0,14.0
1991-06-27,9.0,13.3
1991-06-27,10.0,12.8
1991-06-27,11.0,11.9
1991-06-27,12.0,10.7
1991-06-27,7.0,14.3
1991-07-09,17.0,8.2
1991-07-09,18.0,8.1
1991-07-09,19.0,8.0
1991-07-09,20.0,7.9
1991-07-09,21.0,7.8
1991-07-09,22.0,7.8
1991-07-09,26.0,7.6
1991-07-09,24.0,7.7
1991-07-09,25.0,7.7
1991-07-09,27.0,7.6
1991-07-09,28.0,7.6
1991-07-09,29.0,7.6
1991-07-09,16.0,8.3
1991-07-09,23.0,7.7
1991-07-09,15.0,8.5
1991-07-09,30.0,7.6
1991-07-09,13.0,9.4
1991-07-09,0.0,22.9
1991-07-09,1.0,23.0
1991-07-09,2.0,22.3
1991-07-09,3.0,17.6
1991-07-09,3.0,17.6
1991-07-09,4.0,16.3
1991-07-09,5.0,15.7
1991-07-09,14.0,8.8
1991-07-09,7.0,14.7
1991-07-09,8.0,14.4
1991-07-09,9.0,14.0
1991-07-09,10.0,12.9
1991-07-09,11.0,11.9
1991-07-09,12.0,10.8
1991-07-09,6.0,15.1
1991-07-24,16.0,8.4
1991-07-24,17.0,8.2
1991-07-24,18.0,8.0
1991-07-24,19.0,7.9
1991-07-24,20.0,7.9
1991-07-24,21.0,7.9
1991-07-24,22.0,7.7
1991-07-24,25.0,7.7
1991-07-24,24.0,7.7
1991-07-24,26.0,7.6
1991-07-24,27.0,7.6
1991-07-24,28.0,7.6
1991-07-24,29.0,7.6
1991-07-24,15.0,8.5
1991-07-24,23.0,7.7
1991-07-24,30.0,7.6
1991-07-24,14.0,9.0
1991-07-24,12.0,10.5
1991-07-24,13.0,9.7
1991-07-24,0.0,17.3
1991-07-24,1.0,17.3
1991-07-24,2.0,17.3
1991-07-24,3.0,17.2
1991-07-24,4.0,17.1
1991-07-24,3.0,17.2
1991-07-24,6.0,17.1
1991-07-24,7.0,16.9
1991-07-24,8.0,16.1
1991-07-24,9.0,14.2
1991-07-24,10.0,13.1
1991-07-24,11.0,11.9
1991-07-24,5.0,17.1
1991-08-08,23.0,7.4
1991-08-08,18.0,7.7
1991-08-08,19.0,7.6
1991-08-08,20.0,7.6
1991-08-08,21.0,7.5
1991-08-08,22.0,7.5
1991-08-08,24.0,7.4
1991-08-08,31.0,7.3
1991-08-08,26.0,7.3
1991-08-08,27.0,7.3
1991-08-08,28.0,7.3
1991-08-08,29.0,7.3
1991-08-08,30.0,7.3
1991-08-08,17.0,7.8
1991-08-08,25.0,7.4
1991-08-08,16.0,8.0
1991-08-08,32.0,7.3
1991-08-08,14.0,9.0
1991-08-08,0.0,20.1
1991-08-08,1.0,20.8
1991-08-08,2.0,20.8
1991-08-08,3.0,20.8
1991-08-08,4.0,20.8
1991-08-08,5.0,20.7
1991-08-08,6.0,18.1
1991-08-08,15.0,8.4
1991-08-08,8.0,16.0
1991-08-08,9.0,14.2
1991-08-08,10.0,12.2
1991-08-08,11.0,11.7
1991-08-08,12.0,10.1
1991-08-08,13.0,9.7
1991-08-08,7.0,17.0
1991-08-20,17.0,7.8
1991-08-20,18.0,7.7
1991-08-20,20.0,7.6
1991-08-20,21.0,7.5
1991-08-20,22.0,7.5
1991-08-20,23.0,7.4
1991-08-20,26.0,7.4
1991-08-20,25.0,7.4
1991-08-20,16.0,7.9
1991-08-20,27.0,7.3
1991-08-20,28.0,7.3
1991-08-20,29.0,7.3
1991-08-20,30.0,7.3
1991-08-20,24.0,7.4
1991-08-20,15.0,8.3
1991-08-20,19.0,7.7
1991-08-20,13.0,9.6
1991-08-20,0.0,17.3
1991-08-20,1.0,17.3
1991-08-20,2.0,17.4
1991-08-20,3.0,17.3
1991-08-20,3.0,17.3
1991-08-20,4.0,17.3
1991-08-20,5.0,17.3
1991-08-20,14.0,8.8
1991-08-20,7.0,17.2
1991-08-20,8.0,17.2
1991-08-20,9.0,16.8
1991-08-20,10.0,14.9
1991-08-20,11.0,12.7
1991-08-20,12.0,10.4
1991-08-20,6.0,17.2
1991-09-10,16.0,8.5
1991-09-10,17.0,8.2
1991-09-10,18.0,8.0
1991-09-10,19.0,7.9
1991-09-10,20.0,7.9
1991-09-10,21.0,7.7
1991-09-10,22.0,7.7
1991-09-10,25.0,7.6
1991-09-10,24.0,7.7
1991-09-10,26.0,7.6
1991-09-10,27.0,7.6
1991-09-10,28.0,7.6
1991-09-10,29.0,7.6
1991-09-10,15.0,9.1
1991-09-10,23.0,7.7
1991-09-10,30.0,7.6
1991-09-10,14.0,9.4
1991-09-10,12.0,12.2
1991-09-10,0.0,16.7
1991-09-10,1.0,16.7
1991-09-10,2.0,16.6
1991-09-10,3.0,16.6
1991-09-10,3.0,16.6
1991-09-10,4.0,16.6
1991-09-10,13.0,10.2
1991-09-10,6.0,16.6
1991-09-10,7.0,16.6
1991-09-10,8.0,16.8
1991-09-10,9.0,16.5
1991-09-10,10.0,16.3
1991-09-10,11.0,15.5
1991-09-10,5.0,16.6
1991-09-18,17.0,8.2
1991-09-18,18.0,8.0
1991-09-18,19.0,7.9
1991-09-18,20.0,7.8
1991-09-18,21.0,7.8
1991-09-18,22.0,7.7
1991-09-18,23.0,7.7
1991-09-18,26.0,7.6
1991-09-18,25.0,7.6
1991-09-18,27.0,7.6
1991-09-18,28.0,7.6
1991-09-18,29.0,7.6
1991-09-18,16.0,8.4
1991-09-18,31.0,8.1
1991-09-18,24.0,7.6
1991-09-18,30.0,7.9
1991-09-18,15.0,8.8
1991-09-18,13.0,10.7
1991-09-18,14.0,9.4
1991-09-18,0.0,15.5
1991-09-18,1.0,15.5
1991-09-18,2.0,15.5
1991-09-18,3.0,15.5
1991-09-18,4.0,15.5
1991-09-18,5.0,15.4
1991-09-18,3.0,15.5
1991-09-18,7.0,15.4
1991-09-18,8.0,15.4
1991-09-18,9.0,15.4
1991-09-18,10.0,15.2
1991-09-18,11.0,15.2
1991-09-18,12.0,13.8
1991-09-18,6.0,15.4
1991-10-03,22.0,7.6
1991-10-03,18.0,7.8
1991-10-03,19.0,7.7
1991-10-03,20.0,7.7
1991-10-03,21.0,7.7
1991-10-03,23.0,7.6
1991-10-03,17.0,8.2
1991-10-03,25.0,7.4
1991-10-03,26.0,7.3
1991-10-03,27.0,7.3
1991-10-03,30.0,7.3
1991-10-03,28.0,7.3
1991-10-03,29.0,7.3
1991-10-03,24.0,7.5
1991-10-03,16.0,8.4
1991-10-03,2.0,12.8
1991-10-03,14.0,11.9
1991-10-03,15.0,8.9
1991-10-03,0.0,12.8
1991-10-03,3.0,12.8
1991-10-03,3.0,12.8
1991-10-03,4.0,12.8
1991-10-03,5.0,12.8
1991-10-03,1.0,12.8
1991-10-03,7.0,12.8
1991-10-03,8.0,12.8
1991-10-03,10.0,12.8
1991-10-03,11.0,12.7
1991-10-03,12.0,12.7
1991-10-03,13.0,12.6
1991-10-03,6.0,12.8
1991-11-04,22.0,8.4
1991-11-04,23.0,8.0
1991-11-04,24.0,7.9
1991-11-04,25.0,7.9
1991-11-04,29.0,7.6
1991-11-04,27.0,7.7
1991-11-04,28.0,7.7
1991-11-04,30.0,7.4
1991-11-04,20.0,8.4
1991-11-04,26.0,7.8
1991-11-04,18.0,8.4
1991-11-04,12.0,8.4
1991-11-04,15.0,8.4
1991-11-04,16.0,8.4
1991-11-04,2.0,8.4
1991-11-04,3.0,8.4
1991-11-04,4.0,8.4
1991-11-04,5.0,8.4
1991-11-04,0.0,8.4
1991-11-04,9.0,8.4
1991-11-04,10.0,8.4
1991-11-04,14.0,8.4
1991-11-04,7.0,8.4
1991-11-26,16.0,6.2
1991-11-26,30.0,6.2
1991-11-26,28.0,6.2
1991-11-26,26.0,6.2
1991-11-26,25.0,6.2
1991-11-26,24.0,6.2
1991-11-26,22.0,6.2
1991-11-26,20.0,6.2
1991-11-26,18.0,6.2
1991-11-26,15.0,6.2
1991-11-26,6.0,6.2
1991-11-26,12.0,6.2
1991-11-26,2.0,6.2
1991-11-26,3.0,6.2
1991-11-26,4.0,6.2
1991-11-26,0.0,6.2
1991-11-26,8.0,6.2
1991-11-26,10.0,6.2
1991-11-26,5.0,6.2
1991-11-26,14.0,6.2
1992-01-09,3.0,4.3
1992-01-09,22.0,4.2
1992-01-09,2.0,4.3
1992-01-09,1.0,4.4
1992-01-09,0.0,4.5
1992-01-09,30.0,4.2
1992-01-09,28.0,4.2
1992-01-09,27.0,4.2
1992-01-09,25.0,4.2
1992-01-09,20.0,4.2
1992-01-09,17.0,4.2
1992-01-09,16.0,4.2
1992-01-09,15.0,4.2
1992-01-09,13.0,4.2
1992-01-09,10.0,4.2
1992-01-09,9.0,4.2
1992-01-09,7.0,4.2
1992-01-09,5.0,4.2
1992-01-09,3.0,4.2
1992-01-09,19.0,4.2
1992-02-06,17.0,3.1
1992-02-06,19.0,3.1
1992-02-06,20.0,3.1
1992-02-06,22.0,3.1
1992-02-06,15.0,3.1
1992-02-06,25.0,3.1
1992-02-06,27.0,3.1
1992-02-06,30.0,3.2
1992-02-06,24.0,3.1
1992-02-06,14.0,3.1
1992-02-06,29.0,3.2
1992-02-06,10.0,3.1
1992-02-06,0.0,3.2
1992-02-06,1.0,3.2
1992-02-06,2.0,3.1
1992-02-06,3.0,3.1
1992-02-06,12.0,3.1
1992-02-06,4.0,3.1
1992-02-06,5.0,3.1
1992-02-06,7.0,3.1
1992-02-06,9.0,3.1
1992-02-06,3.0,3.1
1992-03-04,17.0,3.8
1992-03-04,30.0,3.8
1992-03-04,29.0,3.8
1992-03-04,27.0,3.8
1992-03-04,25.0,3.8
1992-03-04,23.0,3.8
1992-03-04,20.0,3.8
1992-03-04,18.0,3.8
1992-03-04,15.0,3.8
1992-03-04,13.0,3.8
1992-03-04,10.0,3.8
1992-03-04,8.0,3.8
1992-03-04,7.0,3.8
1992-03-04,5.0,3.8
1992-03-04,3.0,3.8
1992-03-04,3.0,3.8
1992-03-04,2.0,3.8
1992-03-04,1.0,3.9
1992-03-04,0.0,3.9
1992-03-04,12.0,3.8
1992-03-31,3.0,4.2
1992-03-31,0.0,4.2
1992-04-14,16.0,5.1
1992-04-14,18.0,5.1
1992-04-14,20.0,5.1
1992-04-14,22.0,4.9
1992-04-14,15.0,5.1
1992-04-14,26.0,4.8
1992-04-14,27.0,4.8
1992-04-14,29.0,4.8
1992-04-14,28.5,4.8
1992-04-14,25.0,4.8
1992-04-14,14.0,5.4
1992-04-14,28.0,4.8
1992-04-14,10.0,5.4
1992-04-14,0.0,5.5
1992-04-14,1.0,5.4
1992-04-14,2.0,5.4
1992-04-14,3.0,5.4
1992-04-14,12.0,5.4
1992-04-14,4.0,5.4
1992-04-14,5.0,5.4
1992-04-14,7.0,5.4
1992-04-14,8.0,5.4
1992-04-14,3.0,5.4
1992-04-29,17.0,6.2
1992-04-29,30.0,6.4
1992-04-29,29.0,5.8
1992-04-29,27.0,5.8
1992-04-29,25.0,5.8
1992-04-29,24.0,6.0
1992-04-29,22.0,6.0
1992-04-29,20.0,6.0
1992-04-29,19.0,6.2
1992-04-29,15.0,6.2
1992-04-29,12.0,6.2
1992-04-29,0.0,6.3
1992-04-29,10.0,6.2
1992-04-29,8.0,6.2
1992-04-29,6.0,6.2
1992-04-29,5.0,6.2
1992-04-29,4.0,6.3
1992-04-29,3.0,6.0
1992-04-29,2.0,6.3
1992-04-29,14.0,6.2
1992-05-12,19.0,8.0
1992-05-12,20.0,8.0
1992-05-12,22.0,8.0
1992-05-12,17.0,8.0
1992-05-12,25.0,8.0
1992-05-12,27.0,8.0
1992-05-12,30.0,8.0
1992-05-12,24.0,8.0
1992-05-12,15.0,8.0
1992-05-12,0.0,8.5
1992-05-12,10.0,8.0
1992-05-12,8.0,8.0
1992-05-12,6.0,8.0
1992-05-12,5.0,8.0
1992-05-12,3.0,8.0
1992-05-12,3.0,8.0
1992-05-12,1.0,8.0
1992-05-12,12.0,8.0
1992-05-25,16.0,7.7
1992-05-25,17.0,7.6
1992-05-25,18.0,7.5
1992-05-25,19.0,7.5
1992-05-25,20.0,7.5
1992-05-25,28.0,7.3
1992-05-25,25.0,7.3
1992-05-25,23.0,7.4
1992-05-25,24.0,7.3
1992-05-25,26.0,7.3
1992-05-25,27.0,7.3
1992-05-25,15.0,7.7
1992-05-25,22.0,7.4
1992-05-25,14.0,7.9
1992-05-25,21.0,7.5
1992-05-25,12.0,8.1
1992-05-25,0.0,17.7
1992-05-25,1.0,17.7
1992-05-25,2.0,17.5
1992-05-25,3.0,15.5
1992-05-25,3.0,17.7
1992-05-25,4.0,11.4
1992-05-25,13.0,8.0
1992-05-25,6.0,10.2
1992-05-25,7.0,9.6
1992-05-25,8.0,9.0
1992-05-25,9.0,8.8
1992-05-25,10.0,8.5
1992-05-25,11.0,8.3
1992-05-25,5.0,10.7
1992-06-11,17.0,8.4
1992-06-11,18.0,8.2
1992-06-11,19.0,8.2
1992-06-11,20.0,8.1
1992-06-11,21.0,8.1
1992-06-11,22.0,8.0
1992-06-11,26.0,7.8
1992-06-11,24.0,8.0
1992-06-11,25.0,8.0
1992-06-11,27.0,7.8
1992-06-11,28.0,7.8
1992-06-11,29.0,7.8
1992-06-11,16.0,8.5
1992-06-11,23.0,8.0
1992-06-11,15.0,8.7
1992-06-11,30.0,7.8
1992-06-11,13.0,9.0
1992-06-11,0.0,20.5
1992-06-11,1.0,20.4
1992-06-11,2.0,20.3
1992-06-11,3.0,20.1
1992-06-11,3.0,20.3
1992-06-11,4.0,20.1
1992-06-11,5.0,20.0
1992-06-11,14.0,8.8
1992-06-11,7.0,14.2
1992-06-11,8.0,12.8
1992-06-11,9.0,11.5
1992-06-11,10.0,10.7
1992-06-11,11.0,9.7
1992-06-11,12.0,9.4
1992-06-11,6.0,17.0
1992-06-23,16.0,8.4
1992-06-23,17.0,8.3
1992-06-23,18.0,8.1
1992-06-23,19.0,8.1
1992-06-23,20.0,7.9
1992-06-23,21.0,7.9
1992-06-23,22.0,7.8
1992-06-23,25.0,7.7
1992-06-23,24.0,7.7
1992-06-23,26.0,7.7
1992-06-23,27.0,7.7
1992-06-23,28.0,7.7
1992-06-23,29.0,7.6
1992-06-23,15.0,8.5
1992-06-23,23.0,7.8
1992-06-23,30.0,7.6
1992-06-23,14.0,8.7
1992-06-23,12.0,8.9
1992-06-23,13.0,8.8
1992-06-23,0.0,19.1
1992-06-23,1.0,18.7
1992-06-23,2.0,18.5
1992-06-23,3.0,18.3
1992-06-23,4.0,18.2
1992-06-23,3.0,18.3
1992-06-23,6.0,17.6
1992-06-23,7.0,15.4
1992-06-23,8.0,12.7
1992-06-23,9.0,11.5
1992-06-23,10.0,10.5
1992-06-23,11.0,9.7
1992-06-23,5.0,18.0
1992-07-14,10.0,10.8
1992-07-15,20.0,7.8
1992-07-15,16.0,8.2
1992-07-15,17.0,8.1
1992-07-15,18.0,8.0
1992-07-15,19.0,7.9
1992-07-15,21.0,7.8
1992-07-15,15.0,8.4
1992-07-15,23.0,8.0
1992-07-15,24.0,7.9
1992-07-15,30.0,7.7
1992-07-15,26.0,7.8
1992-07-15,27.0,7.7
1992-07-15,22.0,8.8
1992-07-15,14.0,8.5
1992-07-15,25.0,7.8
1992-07-15,12.0,9.2
1992-07-15,13.0,8.7
1992-07-15,0.0,18.5
1992-07-15,1.0,18.7
1992-07-15,2.0,18.9
1992-07-15,3.0,19.0
1992-07-15,4.0,19.0
1992-07-15,3.0,19.0
1992-07-15,6.0,19.1
1992-07-15,7.0,19.1
1992-07-15,8.0,14.0
1992-07-15,9.0,12.0
1992-07-15,10.0,10.8
1992-07-15,11.0,9.9
1992-07-15,5.0,19.1
1992-07-29,22.0,7.8
1992-07-29,17.0,8.5
1992-07-29,18.0,8.4
1992-07-29,19.0,8.2
1992-07-29,20.0,8.2
1992-07-29,21.0,8.0
1992-07-29,23.0,7.8
1992-07-29,30.0,7.6
1992-07-29,25.0,7.7
1992-07-29,26.0,7.7
1992-07-29,27.0,7.7
1992-07-29,28.0,7.7
1992-07-29,29.0,7.6
1992-07-29,16.0,8.8
1992-07-29,24.0,7.7
1992-07-29,15.0,9.1
1992-07-29,14.0,9.2
1992-07-29,13.0,9.6
1992-07-29,1.0,19.0
1992-07-29,2.0,18.8
1992-07-29,3.0,18.8
1992-07-29,3.0,18.8
1992-07-29,4.0,18.7
1992-07-29,5.0,18.7
1992-07-29,0.0,19.1
1992-07-29,7.0,18.6
1992-07-29,8.0,18.6
1992-07-29,9.0,15.9
1992-07-29,10.0,13.0
1992-07-29,11.0,11.2
1992-07-29,12.0,10.0
1992-07-29,6.0,18.6
1992-08-12,16.0,9.4
1992-08-12,28.0,7.7
1992-08-12,17.0,9.1
1992-08-12,18.0,8.8
1992-08-12,19.0,8.4
1992-08-12,20.0,8.2
1992-08-12,24.0,7.8
1992-08-12,22.0,8.1
1992-08-12,23.0,8.1
1992-08-12,25.0,7.9
1992-08-12,26.0,7.8
1992-08-12,27.0,7.8
1992-08-12,15.0,10.1
1992-08-12,21.0,8.3
1992-08-12,14.0,10.2
1992-08-12,10.0,16.7
1992-08-12,12.0,11.3
1992-08-12,13.0,10.7
1992-08-12,0.0,19.0
1992-08-12,1.0,18.8
1992-08-12,2.0,18.8
1992-08-12,3.0,18.6
1992-08-12,4.0,18.7
1992-08-12,3.0,18.6
1992-08-12,6.0,18.6
1992-08-12,7.0,18.4
1992-08-12,8.0,18.0
1992-08-12,9.0,17.8
1992-08-12,11.0,12.6
1992-08-12,5.0,18.7
1992-08-25,19.0,8.2
1992-08-25,15.0,9.3
1992-08-25,16.0,9.3
1992-08-25,17.0,8.8
1992-08-25,18.0,8.4
1992-08-25,20.0,8.0
1992-08-25,27.0,7.7
1992-08-25,22.0,7.9
1992-08-25,23.0,7.8
1992-08-25,24.0,7.8
1992-08-25,25.0,7.7
1992-08-25,26.0,7.7
1992-08-25,28.0,7.6
1992-08-25,21.0,8.0
1992-08-25,14.0,9.7
1992-08-25,12.0,11.7
1992-08-25,11.0,13.7
1992-08-25,13.0,10.5
1992-08-25,1.0,16.2
1992-08-25,2.0,16.4
1992-08-25,3.0,16.5
1992-08-25,3.0,16.5
1992-08-25,4.0,16.6
1992-08-25,0.0,15.9
1992-08-25,6.0,16.7
1992-08-25,7.0,16.8
1992-08-25,8.0,16.8
1992-08-25,9.0,16.8
1992-08-25,10.0,16.3
1992-08-25,5.0,16.7
1992-09-08,17.0,9.0
1992-09-08,19.0,9.0
1992-09-08,20.0,8.6
1992-09-08,22.0,8.3
1992-09-08,27.0,7.9
1992-09-08,25.0,8.1
1992-09-08,29.0,7.9
1992-09-08,30.0,7.7
1992-09-08,15.0,9.6
1992-09-08,24.0,8.3
1992-09-08,13.0,10.5
1992-09-08,3.0,15.5
1992-09-08,11.0,14.7
1992-09-08,10.0,15.5
1992-09-08,9.0,15.5
1992-09-08,7.0,15.5
1992-09-08,5.0,15.5
1992-09-08,12.0,11.7
1992-09-08,3.0,15.5
1992-09-08,2.0,15.5
1992-09-08,1.0,15.4
1992-09-08,0.0,15.6
1992-09-22,17.0,8.6
1992-09-22,19.0,8.6
1992-09-22,20.0,9.0
1992-09-22,22.0,9.0
1992-09-22,30.0,7.9
1992-09-22,25.0,8.1
1992-09-22,27.0,8.1
1992-09-22,29.0,8.1
1992-09-22,15.0,9.5
1992-09-22,24.0,9.0
1992-09-22,13.0,11.7
1992-09-22,14.0,10.3
1992-09-22,2.0,14.6
1992-09-22,11.0,13.4
1992-09-22,10.0,14.3
1992-09-22,9.0,14.3
1992-09-22,7.0,14.5
1992-09-22,5.0,14.6
1992-09-22,3.0,14.6
1992-09-22,3.0,14.6
1992-09-22,1.0,14.6
1992-09-22,0.25,14.8
1992-09-22,12.0,12.9
1992-10-07,25.0,7.7
1992-10-07,24.0,7.7
1992-10-07,20.0,7.7
1992-10-07,27.0,7.7
1992-10-07,22.0,7.7
1992-10-07,30.0,7.7
1992-10-07,4.0,12.6
1992-10-07,1.0,12.6
1992-10-07,2.0,12.6
1992-10-07,3.0,12.6
1992-10-07,3.0,12.6
1992-10-07,0.0,12.6
1992-10-07,19.0,7.7
1992-10-07,29.0,7.7
1992-10-07,17.0,7.9
1992-10-07,18.0,7.9
1992-10-07,5.0,12.5
1992-10-07,6.0,12.5
1992-10-07,8.0,12.5
1992-10-07,9.0,12.5
1992-10-07,10.0,12.5
1992-10-07,7.0,12.6
1992-10-07,12.0,12.5
1992-10-07,13.0,12.3
1992-10-07,14.0,11.3
1992-10-07,15.0,8.5
1992-10-07,16.0,8.1
1992-10-07,11.0,12.5
1992-11-11,30.0,8.0
1992-11-11,17.0,8.0
1992-11-11,29.0,8.0
1992-11-11,27.5,8.0
1992-11-11,25.0,8.0
1992-11-11,22.0,8.0
1992-11-11,20.0,8.0
1992-11-11,19.0,8.0
1992-11-11,15.0,8.0
1992-11-11,27.0,8.0
1992-11-11,12.0,8.0
1992-11-11,0.0,8.0
1992-11-11,2.0,8.0
1992-11-11,3.0,8.0
1992-11-11,4.0,8.0
1992-11-11,14.0,8.0
1992-11-11,7.0,8.0
1992-11-11,9.0,8.0
1992-11-11,10.0,8.0
1992-11-11,5.0,8.0
1992-11-18,15.0,6.8
1992-11-18,26.0,6.8
1992-11-18,25.0,6.8
1992-11-18,24.0,6.8
1992-11-18,22.0,6.8
1992-11-18,20.0,6.8
1992-11-18,18.0,6.8
1992-11-18,16.0,6.8
1992-11-18,28.0,6.8
1992-11-18,14.0,6.8
1992-11-18,10.0,6.8
1992-11-18,8.0,6.8
1992-11-18,6.0,6.8
1992-11-18,5.0,6.8
1992-11-18,4.0,6.8
1992-11-18,2.0,6.8
1992-11-18,0.0,6.7
1992-11-18,12.0,6.8
1992-12-07,20.0,5.3
1992-12-07,22.0,5.3
1992-12-07,24.0,5.3
1992-12-07,30.0,5.3
1992-12-07,27.0,5.3
1992-12-07,29.0,5.3
1992-12-07,19.0,5.3
1992-12-07,25.0,5.3
1992-12-07,17.0,5.3
1992-12-07,3.0,5.3
1992-12-07,14.0,5.3
1992-12-07,12.0,5.3
1992-12-07,10.0,5.3
1992-12-07,9.0,5.3
1992-12-07,7.0,5.3
1992-12-07,5.0,5.3
1992-12-07,15.0,5.3
1992-12-07,3.0,5.3
1992-12-07,0.0,5.2
1993-01-19,30.0,2.5
1993-01-19,3.0,2.5
1993-02-01,0.0,2.7
1993-04-01,14.0,4.1
1993-04-01,30.0,4.1
1993-04-01,25.0,4.1
1993-04-01,22.0,4.1
1993-04-01,20.0,4.1
1993-04-01,18.0,4.1
1993-04-01,16.0,4.1
1993-04-01,15.0,4.1
1993-04-01,12.0,4.1
1993-04-01,9.0,4.1
1993-04-01,10.0,4.1
1993-04-01,11.0,4.1
1993-04-01,1.0,4.3
1993-04-01,2.0,4.2
1993-04-01,3.0,4.2
1993-04-01,0.0,4.3
1993-04-01,6.0,4.2
1993-04-01,8.0,4.2
1993-04-01,4.0,4.2
1993-04-20,30.0,5.7
1993-04-20,9.0,5.6
1993-04-20,5.0,5.6
1993-04-20,3.0,5.6
1993-04-20,3.0,5.6
1993-04-20,1.0,5.6
1993-04-20,0.5,5.6
1993-04-20,29.0,5.7
1993-04-20,7.0,5.6
1993-04-20,25.0,5.7
1993-04-20,23.0,5.7
1993-04-20,21.0,5.7
1993-04-20,19.0,5.7
1993-04-20,17.0,5.7
1993-04-20,15.0,5.7
1993-04-20,13.0,5.7
1993-04-20,11.0,5.6
1993-04-20,27.0,5.7
1993-05-04,18.0,6.7
1993-05-04,20.0,6.5
1993-05-04,22.0,6.3
1993-05-04,30.0,5.9
1993-05-04,25.0,6.2
1993-05-04,26.0,6.1
1993-05-04,16.0,7.2
1993-05-04,24.0,6.2
1993-05-04,15.0,7.5
1993-05-04,28.0,5.9
1993-05-04,12.0,7.8
1993-05-04,10.0,9.3
1993-05-04,8.0,9.7
1993-05-04,6.0,9.7
1993-05-04,4.0,9.8
1993-05-04,3.0,9.8
1993-05-04,2.0,9.7
1993-05-04,1.0,9.6
1993-05-04,0.5,9.6
1993-05-04,14.0,7.5
1993-05-17,14.0,7.4
1993-05-17,15.0,7.2
1993-05-17,16.0,7.1
1993-05-17,17.0,6.7
1993-05-17,22.0,6.2
1993-05-17,19.0,6.3
1993-05-17,20.0,6.2
1993-05-17,21.0,6.2
1993-05-17,13.0,7.6
1993-05-17,25.0,6.1
1993-05-17,18.0,6.4
1993-05-17,12.0,7.8
1993-05-17,7.0,11.1
1993-05-17,10.0,8.9
1993-05-17,9.0,9.5
1993-05-17,8.0,10.4
1993-05-17,6.0,13.2
1993-05-17,5.0,14.4
1993-05-17,4.0,14.6
1993-05-17,3.0,14.7
1993-05-17,2.0,14.9
1993-05-17,1.0,15.2
1993-05-17,0.0,15.4
1993-05-17,11.0,8.3
1993-06-01,30.0,5.7
1993-06-01,20.0,6.2
1993-06-01,25.0,5.8
1993-06-01,10.0,10.0
1993-06-01,15.0,7.4
1993-06-01,3.0,13.9
1993-06-16,17.0,6.6
1993-06-16,19.0,6.3
1993-06-16,20.0,6.2
1993-06-16,21.0,6.1
1993-06-16,22.0,6.0
1993-06-16,23.0,6.0
1993-06-16,25.0,5.8
1993-06-16,16.0,6.7
1993-06-16,26.0,5.8
1993-06-16,27.0,5.8
1993-06-16,28.0,5.7
1993-06-16,29.0,5.7
1993-06-16,29.5,5.7
1993-06-16,24.0,5.8
1993-06-16,15.0,7.0
1993-06-16,18.0,6.4
1993-06-16,13.0,7.1
1993-06-16,0.0,15.7
1993-06-16,1.0,15.7
1993-06-16,2.0,15.8
1993-06-16,14.0,7.0
1993-06-16,4.0,15.8
1993-06-16,5.0,15.8
1993-06-16,6.0,15.8
1993-06-16,3.0,15.8
1993-06-16,8.0,14.4
1993-06-16,8.5,13.9
1993-06-16,9.0,13.5
1993-06-16,10.0,11.8
1993-06-16,11.0,10.3
1993-06-16,12.0,9.4
1993-06-16,7.0,15.5
1993-06-29,11.0,12.4
1993-06-29,11.5,9.4
1993-06-29,12.0,7.6
1993-06-29,29.0,5.0
1993-06-29,20.0,5.8
1993-06-29,15.0,6.1
1993-06-29,25.0,5.3
1993-06-29,10.5,12.9
1993-06-29,13.0,6.5
1993-06-29,10.0,13.2
1993-06-29,12.5,7.0
1993-06-29,8.0,13.2
1993-06-29,7.0,13.9
1993-06-29,6.0,13.9
1993-06-29,5.0,13.9
1993-06-29,4.0,13.9
1993-06-29,3.0,13.9
1993-06-29,2.0,13.7
1993-06-29,1.0,13.5
1993-06-29,0.0,13.1
1993-06-29,9.0,13.5
1993-07-14,17.0,7.3
1993-07-14,18.0,7.1
1993-07-14,19.0,6.8
1993-07-14,20.0,6.7
1993-07-14,21.0,6.6
1993-07-14,22.0,6.5
1993-07-14,26.0,6.1
1993-07-14,24.0,6.2
1993-07-14,25.0,6.1
1993-07-14,15.0,7.7
1993-07-14,27.0,6.0
1993-07-14,28.0,6.0
1993-07-14,29.0,6.0
1993-07-14,23.0,6.2
1993-07-14,14.0,8.6
1993-07-14,16.0,7.6
1993-07-14,12.5,11.9
1993-07-14,13.0,10.9
1993-07-14,0.0,14.2
1993-07-14,1.0,14.2
1993-07-14,2.0,14.2
1993-07-14,4.0,14.3
1993-07-14,5.0,14.3
1993-07-14,3.0,14.3
1993-07-14,7.0,14.2
1993-07-14,8.0,14.2
1993-07-14,9.0,14.2
1993-07-14,10.0,14.2
1993-07-14,11.0,14.1
1993-07-14,12.0,13.3
1993-07-14,6.0,14.2
1993-07-27,21.0,6.6
1993-07-27,17.0,7.2
1993-07-27,18.0,7.0
1993-07-27,19.0,6.9
1993-07-27,20.0,6.7
1993-07-27,22.0,6.5
1993-07-27,30.0,6.2
1993-07-27,24.0,6.4
1993-07-27,25.0,6.4
1993-07-27,26.0,6.3
1993-07-27,27.0,6.3
1993-07-27,28.0,6.3
1993-07-27,29.0,6.2
1993-07-27,23.0,6.5
1993-07-27,15.0,8.2
1993-07-27,16.0,7.6
1993-07-27,13.0,14.4
1993-07-27,0.0,16.3
1993-07-27,1.0,16.2
1993-07-27,2.0,15.9
1993-07-27,3.0,15.9
1993-07-27,4.0,15.9
1993-07-27,5.0,15.9
1993-07-27,14.0,8.5
1993-07-27,7.0,15.9
1993-07-27,8.0,15.9
1993-07-27,9.0,15.9
1993-07-27,10.0,15.8
1993-07-27,11.0,15.7
1993-07-27,12.0,15.4
1993-07-27,6.0,15.5
1993-08-10,20.0,6.9
1993-08-10,23.0,6.6
1993-08-10,24.0,6.4
1993-08-10,28.0,5.9
1993-08-10,26.0,6.0
1993-08-10,19.0,7.3
1993-08-10,29.0,5.7
1993-08-10,30.0,5.7
1993-08-10,25.0,6.2
1993-08-10,17.0,8.6
1993-08-10,21.0,6.9
1993-08-10,15.0,10.0
1993-08-10,13.0,12.6
1993-08-10,1.0,15.2
1993-08-10,2.0,15.5
1993-08-10,4.0,15.5
1993-08-10,6.0,15.7
1993-08-10,3.0,15.5
1993-08-10,8.0,15.6
1993-08-10,10.0,15.3
1993-08-10,11.0,14.7
1993-08-10,12.0,13.6
1993-08-10,7.0,15.6
1993-08-24,20.0,6.3
1993-08-24,16.0,7.8
1993-08-24,17.0,7.2
1993-08-24,18.0,6.8
1993-08-24,19.0,6.4
1993-08-24,21.0,6.2
1993-08-24,15.0,8.2
1993-08-24,23.0,6.1
1993-08-24,24.0,6.0
1993-08-24,25.0,6.0
1993-08-24,26.0,6.0
1993-08-24,28.0,5.9
1993-08-24,29.0,5.9
1993-08-24,22.0,6.2
1993-08-24,27.0,5.8
1993-08-24,13.0,13.9
1993-08-24,12.0,14.9
1993-08-24,14.0,9.6
1993-08-24,1.0,15.9
1993-08-24,2.0,15.8
1993-08-24,3.0,15.7
1993-08-24,3.0,15.7
1993-08-24,4.0,15.6
1993-08-24,0.0,16.05
1993-08-24,6.0,15.4
1993-08-24,7.0,15.4
1993-08-24,8.0,15.3
1993-08-24,9.0,15.3
1993-08-24,10.0,15.2
1993-08-24,11.0,15.1
1993-08-24,5.0,15.5
1993-09-07,16.0,8.5
1993-09-07,17.0,7.6
1993-09-07,18.0,7.2
1993-09-07,19.0,6.8
1993-09-07,20.0,6.4
1993-09-07,24.0,6.0
1993-09-07,22.0,6.1
1993-09-07,25.0,6.0
1993-09-07,28.0,6.0
1993-09-07,29.0,6.0
1993-09-07,21.0,6.1
1993-09-07,15.0,10.1
1993-09-07,13.0,13.8
1993-09-07,11.0,14.4
1993-09-07,10.0,14.4
1993-09-07,9.0,14.4
1993-09-07,7.0,14.4
1993-09-07,5.0,14.6
1993-09-07,4.0,14.6
1993-09-07,3.0,14.7
1993-09-07,2.0,14.7
1993-09-07,1.0,14.8
1993-09-07,0.0,15.2
1993-09-07,14.0,12.1
1993-09-21,16.0,12.4
1993-09-21,17.0,9.4
1993-09-21,18.0,8.4
1993-09-21,19.0,8.2
1993-09-21,20.0,8.0
1993-09-21,30.0,6.6
1993-09-21,23.0,7.2
1993-09-21,25.0,7.0
1993-09-21,27.0,6.7
1993-09-21,15.0,12.4
1993-09-21,21.0,7.5
1993-09-21,14.0,12.5
1993-09-21,29.0,6.7
1993-09-21,10.0,12.6
1993-09-21,0.0,12.8
1993-09-21,12.0,12.6
1993-09-21,1.0,12.8
1993-09-21,3.0,12.8
1993-09-21,4.0,12.7
1993-09-21,2.0,12.8
1993-09-21,6.0,12.7
1993-09-21,7.0,12.6
1993-09-21,8.0,12.6
1993-09-21,9.0,12.6
1993-09-21,5.0,12.7
1993-10-01,8.0,13.7
1993-10-01,12.0,8.5
1993-10-01,11.0,9.1
1993-10-01,10.0,10.0
1993-10-01,9.0,12.0
1993-10-01,7.0,14.1
1993-10-01,6.0,14.0
1993-10-01,5.0,13.9
1993-10-01,4.0,13.9
1993-10-01,3.0,13.9
1993-10-01,2.0,13.8
1993-10-01,1.0,13.7
1993-10-01,0.0,13.2
1993-10-05,21.0,7.7
1993-10-05,22.0,7.4
1993-10-05,23.0,7.2
1993-10-05,24.0,7.0
1993-10-05,25.0,7.0
1993-10-05,28.0,6.7
1993-10-05,27.0,6.8
1993-10-05,20.0,8.7
1993-10-05,29.0,6.6
1993-10-05,30.0,6.6
1993-10-05,31.0,6.6
1993-10-05,26.0,6.9
1993-10-05,19.0,10.3
1993-10-05,2.0,11.6
1993-10-05,17.0,11.3
1993-10-05,16.0,11.4
1993-10-05,15.0,11.4
1993-10-05,12.0,11.4
1993-10-05,10.0,11.5
1993-10-05,8.0,11.5
1993-10-05,6.0,11.5
1993-10-05,4.0,11.6
1993-10-05,3.0,11.6
1993-10-05,1.0,11.7
1993-10-05,0.0,11.7
1993-10-05,18.0,11.0
1993-11-09,25.0,7.4
1993-11-09,28.0,7.4
1993-11-09,27.5,6.9
1993-11-09,20.0,7.5
1993-11-09,10.0,7.5
1993-11-09,15.0,7.5
1993-11-09,5.0,7.5
1993-11-09,3.0,7.5
1993-11-09,0.0,7.5
1993-12-01,28.5,4.2
1993-12-01,28.0,4.2
1993-12-01,27.0,4.2
1993-12-01,23.0,4.2
1993-12-01,21.0,4.2
1993-12-01,19.0,4.2
1993-12-01,15.0,4.2
1993-12-01,25.0,4.2
1993-12-01,11.0,4.2
1993-12-01,9.0,4.2
1993-12-01,7.0,4.2
1993-12-01,5.0,4.2
1993-12-01,3.0,4.2
1993-12-01,1.0,4.2
1993-12-01,13.0,4.2
1993-12-01,17.0,4.2
1994-01-11,13.5,2.4
1994-01-11,10.0,2.35
1994-01-11,12.5,2.4
1994-01-11,12.5,2.36
1994-01-11,13.5,2.35
1994-01-11,4.5,2.37
1994-01-11,16.0,2.3
1994-01-11,17.0,2.3
1994-01-11,18.0,2.4
1994-01-11,18.5,2.3
1994-01-11,28.0,1.9
1994-01-11,10.0,2.4
1994-01-11,15.0,2.4
1994-01-11,9.5,2.4
1994-01-11,2.5,3.34
1994-01-11,8.0,2.36
1994-01-11,8.0,2.4
1994-01-11,6.0,2.36
1994-01-11,6.0,2.4
1994-01-11,5.5,2.36
1994-01-11,5.5,2.4
1994-01-11,4.5,2.4
1994-01-11,2.5,2.3
1994-01-11,28.0,2.2
1994-01-11,1.0,2.32
1994-01-11,1.0,2.3
1994-01-11,0.25,2.25
1994-01-11,0.25,2.3
1994-01-11,9.5,2.35
1994-02-10,9.0,1.7
1994-02-10,7.5,1.7
1994-02-10,28.0,1.8
1994-02-10,9.0,1.7
1994-02-10,6.0,1.7
1994-02-10,7.5,1.7
1994-02-10,4.0,1.7
1994-02-10,3.0,1.7
1994-02-10,2.0,1.6
1994-02-10,0.5,1.6
1994-02-10,4.0,1.7
1994-03-07,0.0,1.3
1994-03-07,0.5,1.3
1994-03-29,19.5,2.9
1994-03-29,29.5,2.9
1994-03-29,28.5,2.9
1994-03-29,28.0,2.9
1994-03-29,27.0,2.9
1994-03-29,25.0,2.9
1994-03-29,23.5,2.9
1994-03-29,11.5,2.9
1994-03-29,14.5,2.9
1994-03-29,9.5,2.9
1994-03-29,6.5,3.0
1994-03-29,4.0,2.9
1994-03-29,2.5,3.0
1994-03-29,0.5,3.0
1994-03-29,17.0,2.9
1994-04-14,22.0,4.9
1994-04-14,20.5,4.9
1994-04-14,24.0,4.9
1994-04-14,13.5,4.9
1994-04-14,27.5,4.9
1994-04-14,29.5,4.9
1994-04-14,29.5,4.9
1994-04-14,26.0,4.9
1994-04-14,18.0,4.9
1994-04-14,6.5,4.9
1994-04-14,12.5,4.9
1994-04-14,9.5,4.9
1994-04-14,8.5,4.9
1994-04-14,5.0,4.9
1994-04-14,2.5,4.9
1994-04-14,2.0,4.9
1994-04-14,15.5,4.9
1994-04-26,3.0,8.2
1994-05-10,3.0,12.0
1994-05-25,30.0,6.2
1994-05-25,25.0,6.5
1994-05-25,20.0,7.5
1994-05-25,3.0,12.5
1994-05-25,10.0,10.5
1994-05-25,15.0,9.0
1994-06-08,20.0,6.9
1994-06-08,18.5,7.2
1994-06-08,19.5,6.9
1994-06-08,22.5,6.7
1994-06-08,10.5,13.2
1994-06-08,25.5,6.2
1994-06-08,26.0,6.2
1994-06-08,27.0,6.2
1994-06-08,27.5,6.2
1994-06-08,17.5,7.2
1994-06-08,24.0,6.6
1994-06-08,15.0,8.5
1994-06-08,8.0,13.3
1994-06-08,14.0,12.0
1994-06-08,13.0,11.9
1994-06-08,10.0,13.2
1994-06-08,9.5,13.2
1994-06-08,9.5,13.2
1994-06-08,15.0,8.3
1994-06-08,7.0,13.3
1994-06-08,5.0,13.3
1994-06-08,3.0,13.4
1994-06-08,2.0,13.4
1994-06-08,0.25,13.5
1994-07-06,30.0,6.2
1994-07-06,29.0,6.3
1994-07-06,25.0,6.8
1994-07-06,20.0,7.6
1994-07-06,15.0,8.7
1994-07-20,29.0,6.9
1994-07-20,27.0,7.0
1994-07-20,25.0,7.2
1994-07-20,25.0,7.2
1994-07-20,23.0,7.5
1994-07-20,21.5,8.0
1994-07-20,30.0,6.6
1994-07-20,20.0,8.3
1994-07-20,20.0,8.3
1994-07-20,19.5,8.6
1994-07-20,18.0,8.9
1994-07-20,17.0,9.5
1994-07-20,6.0,19.6
1994-07-20,15.0,12.0
1994-07-20,1.0,25.1
1994-07-20,2.0,23.7
1994-07-20,16.0,10.5
1994-07-20,3.0,23.3
1994-07-20,4.5,23.0
1994-07-20,3.0,23.2
1994-07-20,7.0,19.9
1994-07-20,8.0,20.0
1994-07-20,9.0,16.2
1994-07-20,15.0,12.0
1994-07-20,5.5,21.3
1994-08-03,17.0,7.7
1994-08-03,14.0,10.8
1994-08-03,15.0,9.6
1994-08-03,16.0,8.6
1994-08-03,29.5,6.2
1994-08-03,13.0,11.8
1994-08-03,19.0,7.1
1994-08-03,20.0,6.8
1994-08-03,21.0,6.7
1994-08-03,25.0,6.3
1994-08-03,18.0,7.3
1994-08-03,12.0,12.6
1994-08-03,4.0,23.4
1994-08-03,10.0,13.6
1994-08-03,0.0,24.1
1994-08-03,1.0,24.0
1994-08-03,2.0,23.9
1994-08-03,2.5,23.9
1994-08-03,3.0,23.7
1994-08-03,11.0,13.2
1994-08-03,6.0,19.2
1994-08-03,7.0,16.7
1994-08-03,8.0,15.5
1994-08-03,9.0,14.4
1994-08-03,5.0,22.3
1994-08-18,22.0,7.1
1994-08-18,20.0,8.0
1994-08-18,19.0,8.5
1994-08-18,16.0,10.2
1994-08-18,14.0,11.1
1994-08-18,13.0,12.0
1994-08-18,12.0,12.9
1994-08-18,11.0,13.6
1994-08-18,18.0,9.1
1994-08-18,9.0,16.0
1994-08-18,8.0,17.4
1994-08-18,7.0,17.9
1994-08-18,5.0,17.9
1994-08-18,3.5,17.7
1994-08-18,3.0,17.5
1994-08-18,0.5,17.5
1994-08-18,10.0,14.8
1994-08-31,30.0,6.3
1994-08-31,25.0,6.5
1994-08-31,20.0,7.6
1994-08-31,10.0,15.9
1994-08-31,3.0,17.0
1994-08-31,15.0,10.2
1994-09-14,13.0,13.3
1994-09-14,28.0,6.2
1994-09-14,25.0,6.3
1994-09-14,18.0,7.5
1994-09-14,17.0,8.0
1994-09-14,16.0,8.4
1994-09-14,15.0,10.0
1994-09-14,14.0,11.0
1994-09-14,12.5,13.7
1994-09-14,20.0,6.8
1994-09-14,10.0,14.7
1994-09-14,1.0,14.5
1994-09-14,12.0,14.6
1994-09-14,2.0,14.6
1994-09-14,3.0,14.6
1994-09-14,0.0,14.3
1994-09-14,5.0,14.7
1994-09-14,7.0,14.7
1994-09-14,9.0,14.7
1994-09-14,3.0,14.6
1994-09-26,10.0,13.7
1994-09-26,25.0,6.5
1994-09-26,20.0,7.4
1994-09-26,15.0,11.1
1994-09-26,14.0,12.8
1994-09-26,13.5,13.1
1994-09-26,13.0,13.5
1994-09-26,12.0,13.6
1994-09-26,11.0,13.7
1994-09-26,9.0,13.8
1994-09-26,29.0,6.2
1994-09-26,7.0,13.8
1994-09-26,8.0,13.8
1994-09-26,0.0,13.0
1994-09-26,2.0,13.8
1994-09-26,3.0,13.8
1994-09-26,1.0,13.7
1994-09-26,4.0,13.9
1994-09-26,5.0,13.9
1994-09-26,3.0,13.8
1994-09-26,6.0,13.8
1994-10-12,30.0,6.1
1994-10-12,25.0,6.3
1994-10-12,24.0,6.7
1994-10-12,23.0,6.8
1994-10-12,22.0,7.1
1994-10-12,21.0,7.5
1994-10-12,20.0,11.0
1994-10-12,18.0,10.9
1994-10-12,16.0,11.0
1994-10-12,19.0,10.9
1994-10-12,12.0,11.0
1994-10-12,14.0,11.0
1994-10-12,1.0,11.2
1994-10-12,2.0,11.1
1994-10-12,3.0,11.1
1994-10-12,15.0,11.0
1994-10-12,6.0,11.1
1994-10-12,8.0,11.1
1994-10-12,10.0,11.0
1994-10-12,4.0,11.1
1994-11-09,6.0,9.8
1994-11-09,20.0,9.3
1994-11-09,18.0,9.4
1994-11-09,16.0,9.5
1994-11-09,15.0,9.5
1994-11-09,14.0,9.5
1994-11-09,12.0,9.6
1994-11-09,10.0,9.7
1994-11-09,8.0,9.8
1994-11-09,22.0,9.2
1994-11-09,4.0,9.9
1994-11-09,2.0,10.1
1994-11-09,0.0,10.4
1994-11-09,30.0,7.9
1994-11-09,29.0,7.9
1994-11-09,28.0,8.6
1994-11-09,26.0,9.1
1994-11-09,25.0,9.2
1994-11-09,24.0,9.2
1994-11-09,3.0,10.0
1994-12-06,31.0,6.3
1994-12-06,30.0,6.3
1994-12-06,26.0,6.3
1994-12-06,25.0,6.3
1994-12-06,20.0,6.3
1994-12-06,17.0,6.3
1994-12-06,10.0,6.3
1994-12-06,12.0,6.3
1994-12-06,7.0,6.3
1994-12-06,5.0,6.3
1994-12-06,3.0,6.3
1994-12-06,1.0,6.3
1994-12-06,15.0,6.3
1995-01-11,18.0,2.6
1995-01-11,32.0,2.7
1995-01-11,30.0,2.7
1995-01-11,25.0,2.7
1995-01-11,15.0,2.6
1995-01-11,3.0,2.5
1995-01-11,9.0,2.6
1995-01-11,6.0,2.6
1995-01-11,3.0,2.5
1995-01-11,0.0,2.4
1995-01-11,12.0,2.6
1995-02-21,30.0,2.3
1995-02-21,25.0,2.3
1995-02-21,20.0,2.4
1995-02-21,10.0,2.4
1995-02-21,4.0,2.5
1995-02-21,3.0,2.6
1995-02-21,2.0,2.7
1995-02-21,1.0,3.2
1995-02-21,0.0,3.8
1995-02-21,0.0,2.3
1995-02-21,3.0,2.6
1995-03-09,20.0,2.7
1995-03-09,25.0,2.6
1995-03-09,15.0,2.8
1995-03-09,30.0,2.6
1995-03-09,5.0,3.0
1995-03-09,3.0,3.0
1995-03-09,0.0,3.3
1995-03-09,10.0,2.8
1995-04-05,29.0,3.5
1995-04-05,30.0,3.5
1995-04-05,25.0,3.6
1995-04-05,15.0,3.7
1995-04-05,20.0,3.6
1995-04-05,5.0,4.0
1995-04-05,3.0,3.4
1995-04-05,1.0,4.3
1995-04-05,0.0,4.5
1995-04-05,10.0,3.8
1995-04-18,1.0,4.4
1995-04-18,8.0,4.7
1995-04-18,6.0,4.6
1995-04-18,10.0,4.6
1995-04-18,4.0,4.6
1995-04-18,3.0,4.5
1995-04-18,2.0,4.5
1995-04-18,0.0,4.3
1995-04-18,5.0,4.6
1995-04-18,23.0,4.5
1995-04-18,21.0,4.6
1995-04-18,20.0,4.6
1995-04-18,19.0,4.6
1995-04-18,16.0,4.6
1995-04-18,14.0,4.6
1995-04-18,12.0,4.7
1995-04-18,25.0,4.3
1995-05-10,15.0,6.8
1995-05-10,13.0,6.7
1995-05-10,7.0,9.9
1995-05-10,5.0,9.9
1995-05-10,3.0,9.9
1995-05-10,10.0,8.5
1995-05-10,30.0,5.6
1995-05-10,25.0,5.7
1995-05-10,20.0,6.0
1995-05-10,17.0,6.2
1995-05-10,0.0,9.9
1995-05-23,20.0,6.2
1995-05-23,21.0,6.0
1995-05-23,22.0,6.0
1995-05-23,23.0,5.9
1995-05-23,24.0,5.8
1995-05-23,31.0,5.6
1995-05-23,26.0,5.7
1995-05-23,27.0,5.7
1995-05-23,28.0,5.7
1995-05-23,29.0,5.6
1995-05-23,30.0,5.6
1995-05-23,19.0,6.3
1995-05-23,25.0,5.8
1995-05-23,18.0,6.5
1995-05-23,7.0,10.1
1995-05-23,16.0,7.3
1995-05-23,0.5,11.6
1995-05-23,1.0,11.5
1995-05-23,2.0,11.2
1995-05-23,3.0,11.0
1995-05-23,3.0,11.0
1995-05-23,17.0,6.9
1995-05-23,9.0,9.9
1995-05-23,10.0,9.7
1995-05-23,12.0,9.5
1995-05-23,14.0,9.0
1995-05-23,15.0,7.6
1995-05-23,5.0,10.4
1995-06-08,17.0,6.5
1995-06-08,18.0,6.4
1995-06-08,20.0,6.0
1995-06-08,21.0,5.9
1995-06-08,22.0,5.8
1995-06-08,25.0,5.7
1995-06-08,24.0,5.7
1995-06-08,26.0,5.7
1995-06-08,27.0,5.7
1995-06-08,16.0,7.3
1995-06-08,23.0,5.8
1995-06-08,15.0,7.7
1995-06-08,14.0,7.9
1995-06-08,3.0,14.5
1995-06-08,12.0,9.1
1995-06-08,11.0,9.6
1995-06-08,10.0,10.0
1995-06-08,9.0,10.5
1995-06-08,8.0,11.3
1995-06-08,7.0,11.5
1995-06-08,6.0,12.4
1995-06-08,5.0,14.3
1995-06-08,2.0,14.5
1995-06-08,1.0,14.7
1995-06-08,0.0,15.2
1995-06-08,13.0,8.3
1995-06-21,20.0,6.1
1995-06-21,19.0,6.2
1995-06-21,17.0,6.5
1995-06-21,21.0,6.1
1995-06-21,18.0,6.3
1995-06-21,22.0,5.9
1995-06-21,29.0,5.7
1995-06-21,24.0,5.8
1995-06-21,25.0,5.8
1995-06-21,26.0,5.8
1995-06-21,27.0,5.8
1995-06-21,28.0,5.8
1995-06-21,23.0,5.9
1995-06-21,15.0,7.6
1995-06-21,16.0,6.8
1995-06-21,13.0,8.8
1995-06-21,0.0,15.9
1995-06-21,1.0,15.6
1995-06-21,2.0,15.3
1995-06-21,3.0,15.1
1995-06-21,4.0,15.0
1995-06-21,6.0,14.5
1995-06-21,5.0,14.9
1995-06-21,8.0,13.3
1995-06-21,9.0,12.9
1995-06-21,10.0,11.3
1995-06-21,11.0,10.7
1995-06-21,12.0,9.8
1995-06-21,14.0,8.1
1995-06-21,7.0,14.4
1995-07-04,20.0,7.5
1995-07-04,27.0,6.0
1995-07-04,25.0,7.0
1995-07-04,15.0,9.0
1995-07-04,3.0,17.4
1995-07-04,10.0,11.5
1995-07-04,6.0,14.0
1995-07-04,0.0,17.4
1995-07-04,12.0,9.5
1995-07-19,18.0,8.6
1995-07-19,30.0,6.6
1995-07-19,28.0,6.6
1995-07-19,26.0,6.7
1995-07-19,25.0,6.9
1995-07-19,31.0,6.6
1995-07-19,24.0,6.9
1995-07-19,22.0,7.5
1995-07-19,20.0,8.2
1995-07-19,16.0,10.0
1995-07-19,5.0,19.1
1995-07-19,14.0,11.0
1995-07-19,12.0,12.5
1995-07-19,10.0,14.0
1995-07-19,8.0,17.0
1995-07-19,6.0,18.9
1995-07-19,4.0,20.3
1995-07-19,3.0,20.3
1995-07-19,2.0,20.3
1995-07-19,0.0,20.3
1995-07-19,15.0,11.0
1995-08-03,16.0,7.6
1995-08-03,17.0,7.3
1995-08-03,18.0,7.0
1995-08-03,19.0,6.7
1995-08-03,20.0,6.6
1995-08-03,27.0,6.0
1995-08-03,22.0,6.3
1995-08-03,23.0,6.2
1995-08-03,25.0,6.0
1995-08-03,29.0,5.9
1995-08-03,15.0,8.2
1995-08-03,21.0,6.5
1995-08-03,14.0,8.4
1995-08-03,10.0,12.3
1995-08-03,12.0,9.9
1995-08-03,0.0,23.0
1995-08-03,1.0,21.5
1995-08-03,2.0,21.9
1995-08-03,3.0,21.7
1995-08-03,4.0,21.2
1995-08-03,5.0,20.5
1995-08-03,13.0,8.9
1995-08-03,7.0,18.9
1995-08-03,8.0,17.1
1995-08-03,9.0,14.9
1995-08-03,11.0,10.5
1995-08-03,6.0,19.6
1995-08-16,15.0,8.8
1995-08-16,16.0,8.2
1995-08-16,17.0,7.8
1995-08-16,18.0,7.3
1995-08-16,19.0,7.0
1995-08-16,20.0,6.8
1995-08-16,22.0,6.4
1995-08-16,23.0,6.3
1995-08-16,24.0,6.2
1995-08-16,25.0,6.2
1995-08-16,14.0,9.3
1995-08-16,30.0,6.2
1995-08-16,21.0,6.7
1995-08-16,26.0,6.2
1995-08-16,12.0,11.2
1995-08-16,11.0,11.8
1995-08-16,13.0,10.1
1995-08-16,1.0,20.0
1995-08-16,2.0,19.9
1995-08-16,3.0,19.8
1995-08-16,4.0,19.8
1995-08-16,5.0,19.9
1995-08-16,0.5,20.0
1995-08-16,7.0,19.3
1995-08-16,8.0,18.7
1995-08-16,9.0,17.3
1995-08-16,10.0,14.8
1995-08-16,10.5,13.0
1995-08-16,6.0,19.7
1995-08-30,24.0,6.7
1995-08-30,26.0,6.6
1995-08-30,28.0,6.6
1995-08-30,30.0,6.5
1995-08-30,31.0,6.5
1995-08-30,15.0,8.8
1995-08-30,10.0,12.7
1995-08-30,20.0,7.3
1995-08-30,25.0,6.7
1995-08-30,30.0,6.5
1995-08-30,3.0,17.9
1995-08-30,22.0,7.0
1995-08-30,18.0,7.6
1995-08-30,16.0,8.2
1995-08-30,0.5,17.9
1995-08-30,2.0,18.2
1995-08-30,4.0,18.3
1995-08-30,6.0,18.3
1995-08-30,20.0,7.3
1995-08-30,9.0,14.5
1995-08-30,10.0,12.7
1995-08-30,12.0,10.7
1995-08-30,14.0,9.3
1995-08-30,8.0,18.2
1995-09-13,14.5,9.5
1995-09-13,15.0,9.5
1995-09-13,16.5,8.1
1995-09-13,17.5,7.3
1995-09-13,19.0,7.0
1995-09-13,20.0,6.8
1995-09-13,23.0,6.7
1995-09-13,21.5,6.8
1995-09-13,24.0,6.6
1995-09-13,25.0,6.5
1995-09-13,13.5,10.9
1995-09-13,27.0,6.5
1995-09-13,28.0,6.4
1995-09-13,20.0,6.8
1995-09-13,25.5,6.5
1995-09-13,12.0,11.9
1995-09-13,10.0,14.8
1995-09-13,28.0,6.4
1995-09-13,11.0,13.1
1995-09-13,1.5,17.4
1995-09-13,2.0,17.3
1995-09-13,3.0,17.2
1995-09-13,3.5,17.2
1995-09-13,0.0,17.5
1995-09-13,6.0,17.1
1995-09-13,7.0,17.1
1995-09-13,8.5,17.0
1995-09-13,9.5,15.9
1995-09-13,10.0,14.8
1995-09-13,4.5,17.2
1995-10-03,16.0,9.0
1995-10-03,31.0,6.4
1995-10-03,30.0,6.4
1995-10-03,27.0,6.5
1995-10-03,25.0,6.6
1995-10-03,24.0,6.7
1995-10-03,22.0,6.9
1995-10-03,20.0,7.3
1995-10-03,18.0,7.5
1995-10-03,15.0,10.1
1995-10-03,3.0,12.5
1995-10-03,11.0,12.4
1995-10-03,0.5,12.7
1995-10-03,1.0,12.6
1995-10-03,2.0,12.5
1995-10-03,14.0,11.3
1995-10-03,6.0,12.4
1995-10-03,8.0,12.4
1995-10-03,10.0,12.4
1995-10-03,4.0,12.4
1995-10-19,30.0,6.2
1995-10-19,28.0,6.2
1995-10-19,26.0,6.2
1995-10-19,25.0,6.2
1995-10-19,24.0,6.3
1995-10-19,22.0,6.3
1995-10-19,20.0,6.7
1995-10-19,18.0,6.7
1995-10-19,15.0,10.4
1995-10-19,16.0,9.0
1995-10-19,12.0,12.2
1995-10-19,10.0,12.4
1995-10-19,9.0,12.4
1995-10-19,7.0,12.4
1995-10-19,5.0,12.4
1995-10-19,3.0,12.4
1995-10-19,3.0,12.4
1995-10-19,0.5,12.4
1995-10-19,14.0,11.8
1995-11-16,20.0,7.1
1995-11-16,30.0,6.7
1995-11-16,28.0,7.0
1995-11-16,25.0,7.7
1995-11-16,24.0,7.7
1995-11-16,16.0,7.8
1995-11-16,8.0,7.7
1995-11-16,12.0,7.7
1995-11-16,4.0,7.6
1995-11-16,3.0,7.6
1995-11-16,0.0,7.4
1995-11-16,15.0,7.8
1995-12-11,30.0,4.1
1995-12-11,0.5,4.2
1995-12-11,1.0,4.1
1995-12-11,3.0,4.1
1995-12-11,5.0,4.1
1995-12-11,10.0,4.1
1995-12-11,15.0,4.1
1995-12-11,20.0,4.1
1995-12-11,25.0,4.1
1995-12-11,32.0,4.1
1996-01-01,2.0,2.1
1996-01-01,0.5,1.3
1996-01-10,0.5,1.3
1996-02-08,23.0,2.5
1996-02-08,15.0,2.5
1996-02-08,21.0,2.5
1996-02-08,19.0,2.5
1996-02-08,17.0,2.5
1996-02-08,13.0,2.4
1996-02-08,0.5,0.9
1996-02-08,7.0,2.4
1996-02-08,5.0,2.4
1996-02-08,3.0,2.3
1996-02-08,1.0,2.0
1996-02-08,10.0,2.4
1996-02-27,26.0,2.7
1996-02-27,24.0,2.5
1996-02-27,22.0,2.4
1996-02-27,20.0,2.3
1996-02-27,18.0,2.3
1996-02-27,16.0,2.3
1996-02-27,14.0,2.3
1996-02-27,10.0,2.3
1996-02-27,28.0,2.9
1996-02-27,6.0,2.3
1996-02-27,4.0,2.2
1996-02-27,3.0,2.0
1996-02-27,2.0,2.0
1996-02-27,0.5,1.8
1996-02-27,12.0,2.3
1996-02-27,30.0,3.3
1996-04-01,0.0,4.1
1996-04-17,1.0,5.5
1996-04-17,30.0,4.0
1996-04-17,28.0,4.0
1996-04-17,26.0,4.1
1996-04-17,22.0,4.2
1996-04-17,20.0,4.3
1996-04-17,17.0,4.4
1996-04-17,24.0,4.1
1996-04-17,13.0,4.7
1996-04-17,11.0,4.9
1996-04-17,9.0,5.2
1996-04-17,6.0,5.6
1996-04-17,3.0,5.6
1996-04-17,15.0,4.6
1996-04-30,15.0,6.1
1996-04-30,28.0,4.6
1996-04-30,25.0,4.8
1996-04-30,23.0,4.9
1996-04-30,20.0,5.2
1996-04-30,18.0,5.4
1996-04-30,30.0,4.5
1996-04-30,10.0,7.1
1996-04-30,8.0,7.4
1996-04-30,5.0,7.8
1996-04-30,3.0,8.0
1996-04-30,2.0,8.3
1996-04-30,1.0,8.7
1996-04-30,0.0,9.3
1996-04-30,13.0,6.5
1996-05-14,16.0,7.0
1996-05-14,18.0,6.9
1996-05-14,22.0,6.7
1996-05-14,24.0,6.5
1996-05-14,25.0,6.5
1996-05-14,30.0,5.6
1996-05-14,28.0,5.7
1996-05-14,15.0,7.0
1996-05-14,31.0,5.5
1996-05-14,32.0,5.5
1996-05-14,26.0,5.9
1996-05-14,14.0,7.1
1996-05-14,20.0,6.8
1996-05-14,10.0,7.5
1996-05-14,9.0,7.6
1996-05-14,8.0,7.7
1996-05-14,7.0,7.9
1996-05-14,6.0,8.1
1996-05-14,5.0,9.1
1996-05-14,4.0,9.5
1996-05-14,3.0,9.7
1996-05-14,2.0,9.9
1996-05-14,1.0,10.1
1996-05-14,0.5,10.1
1996-05-14,12.0,7.2
1996-05-30,30.0,6.6
1996-05-30,25.0,6.8
1996-05-30,20.0,7.3
1996-05-30,10.0,10.6
1996-05-30,3.0,12.1
1996-05-30,15.0,8.6
1996-05-31,17.0,8.0
1996-05-31,29.0,6.6
1996-05-31,27.0,6.6
1996-05-31,25.0,6.8
1996-05-31,23.0,6.9
1996-05-31,21.0,7.2
1996-05-31,19.0,7.4
1996-05-31,31.0,6.5
1996-05-31,16.0,8.3
1996-05-31,18.0,7.7
1996-05-31,14.0,9.2
1996-05-31,1.0,12.7
1996-05-31,3.0,12.1
1996-05-31,5.0,11.6
1996-05-31,7.0,11.0
1996-05-31,15.0,8.6
1996-05-31,11.0,10.5
1996-05-31,12.0,9.8
1996-05-31,13.0,9.6
1996-05-31,9.0,10.7
1996-06-12,22.0,6.8
1996-06-12,23.0,6.7
1996-06-12,24.0,6.6
1996-06-12,25.0,6.6
1996-06-12,26.0,6.5
1996-06-12,27.0,6.5
1996-06-12,28.0,6.5
1996-06-12,30.0,6.4
1996-06-12,31.0,6.3
1996-06-12,1.0,18.7
1996-06-12,21.0,6.9
1996-06-12,3.0,18.7
1996-06-12,3.5,18.1
1996-06-12,4.0,18.6
1996-06-12,4.5,14.7
1996-06-12,29.0,6.5
1996-06-12,2.0,18.8
1996-06-12,20.0,7.1
1996-06-12,18.0,7.3
1996-06-12,5.0,14.5
1996-06-12,5.5,13.2
1996-06-12,19.0,7.2
1996-06-12,7.0,12.4
1996-06-12,8.0,11.5
1996-06-12,9.0,11.0
1996-06-12,10.0,10.2
1996-06-12,6.0,13.0
1996-06-12,12.0,9.5
1996-06-12,13.0,8.9
1996-06-12,14.0,8.5
1996-06-12,15.0,7.7
1996-06-12,16.0,7.5
1996-06-12,17.0,7.4
1996-06-12,11.0,9.8
1996-06-27,20.0,8.0
1996-06-27,22.0,7.7
1996-06-27,24.0,7.5
1996-06-27,25.0,7.4
1996-06-27,31.0,6.7
1996-06-27,28.0,7.2
1996-06-27,30.0,6.7
1996-06-27,18.0,8.3
1996-06-27,26.0,7.4
1996-06-27,16.0,8.7
1996-06-27,3.0,15.9
1996-06-27,14.0,9.7
1996-06-27,0.5,15.9
1996-06-27,5.0,15.9
1996-06-27,6.0,15.7
1996-06-27,15.0,9.2
1996-06-27,8.0,14.5
1996-06-27,10.0,12.4
1996-06-27,12.0,10.4
1996-06-27,7.0,14.7
1996-07-10,18.0,7.6
1996-07-10,19.0,7.4
1996-07-10,20.0,7.2
1996-07-10,22.0,6.9
1996-07-10,23.0,6.8
1996-07-10,24.0,6.7
1996-07-10,26.0,6.6
1996-07-10,17.0,7.8
1996-07-10,27.0,6.6
1996-07-10,28.0,6.6
1996-07-10,29.0,6.5
1996-07-10,30.0,6.5
1996-07-10,25.0,6.6
1996-07-10,16.0,8.3
1996-07-10,21.0,7.0
1996-07-10,14.0,9.0
1996-07-10,15.0,8.6
1996-07-10,0.5,16.1
1996-07-10,1.0,15.9
1996-07-10,2.0,15.8
1996-07-10,3.0,15.7
1996-07-10,7.0,15.5
1996-07-10,9.0,15.5
1996-07-10,5.0,15.7
1996-07-10,10.0,14.4
1996-07-10,10.5,12.1
1996-07-10,11.0,11.4
1996-07-10,12.0,10.5
1996-07-10,13.0,9.6
1996-07-10,9.5,14.5
1996-07-24,22.0,7.0
1996-07-24,31.0,6.4
1996-07-24,18.0,7.7
1996-07-24,19.0,7.5
1996-07-24,20.0,7.3
1996-07-24,21.0,7.2
1996-07-24,23.0,6.9
1996-07-24,30.0,6.6
1996-07-24,25.0,6.7
1996-07-24,26.0,6.6
1996-07-24,27.0,6.6
1996-07-24,28.0,6.6
1996-07-24,29.0,6.5
1996-07-24,17.0,7.9
1996-07-24,24.0,6.8
1996-07-24,16.0,8.0
1996-07-24,13.0,12.2
1996-07-24,14.0,9.7
1996-07-24,15.0,8.8
1996-07-24,0.5,18.3
1996-07-24,1.0,18.3
1996-07-24,2.0,18.4
1996-07-24,3.0,18.1
1996-07-24,4.0,17.4
1996-07-24,5.0,16.9
1996-07-24,11.0,14.8
1996-07-24,7.0,16.1
1996-07-24,12.0,13.3
1996-07-24,10.0,15.5
1996-07-24,6.0,16.6
1996-07-24,8.0,16.1
1996-07-24,9.0,15.7
1996-08-08,30.0,6.5
1996-08-08,29.0,6.5
1996-08-08,28.0,6.5
1996-08-08,26.0,6.6
1996-08-08,15.0,8.4
1996-08-08,24.0,6.7
1996-08-08,22.0,6.7
1996-08-08,20.0,7.1
1996-08-08,18.0,7.3
1996-08-08,17.0,7.5
1996-08-08,16.0,7.9
1996-08-08,25.0,6.6
1996-08-08,14.0,9.2
1996-08-08,12.0,13.0
1996-08-08,13.0,12.2
1996-08-08,2.0,18.1
1996-08-08,3.0,18.0
1996-08-08,4.0,17.9
1996-08-08,1.0,18.3
1996-08-08,8.0,17.4
1996-08-08,9.0,16.7
1996-08-08,11.0,15.5
1996-08-08,6.0,17.7
1996-08-08,10.0,16.2
1996-08-21,30.0,6.8
1996-08-21,13.0,12.0
1996-08-21,25.0,7.3
1996-08-21,20.0,8.4
1996-08-21,18.0,9.1
1996-08-21,15.0,10.4
1996-08-21,11.0,13.8
1996-08-21,9.0,17.3
1996-08-21,7.0,18.0
1996-08-21,5.0,18.6
1996-08-21,3.0,19.0
1996-08-21,3.0,19.0
1996-08-21,1.0,20.5
1996-08-21,10.0,15.0
1996-09-04,16.0,9.1
1996-09-04,17.0,8.4
1996-09-04,18.0,8.0
1996-09-04,19.0,7.8
1996-09-04,20.0,7.6
1996-09-04,21.0,7.5
1996-09-04,24.0,6.7
1996-09-04,23.0,6.8
1996-09-04,15.0,9.8
1996-09-04,25.0,6.7
1996-09-04,26.0,6.65
1996-09-04,27.0,6.6
1996-09-04,22.0,7.3
1996-09-04,13.0,12.6
1996-09-04,14.0,11.4
1996-09-04,2.0,18.0
1996-09-04,0.5,17.7
1996-09-04,1.0,17.9
1996-09-04,12.0,14.5
1996-09-04,3.0,18.0
1996-09-04,3.0,18.0
1996-09-04,5.0,18.0
1996-09-04,4.0,18.0
1996-09-04,7.0,18.0
1996-09-04,8.0,18.0
1996-09-04,9.0,17.9
1996-09-04,10.0,17.2
1996-09-04,11.0,16.4
1996-09-04,6.0,18.0
1996-09-19,20.0,7.7
1996-09-19,19.0,7.7
1996-09-19,21.0,7.3
1996-09-19,17.0,8.0
1996-09-19,25.0,7.0
1996-09-19,27.0,6.9
1996-09-19,28.0,6.7
1996-09-19,30.0,6.7
1996-09-19,16.0,8.4
1996-09-19,24.0,7.0
1996-09-19,14.0,10.6
1996-09-19,13.0,12.0
1996-09-19,11.0,14.6
1996-09-19,10.0,14.7
1996-09-19,9.0,14.7
1996-09-19,7.0,14.7
1996-09-19,5.0,14.6
1996-09-19,3.0,14.6
1996-09-19,0.5,14.5
1996-09-19,15.0,9.2
1996-10-02,15.0,10.1
1996-10-02,17.0,8.3
1996-10-02,19.0,8.0
1996-10-02,20.0,7.6
1996-10-02,29.0,6.9
1996-10-02,25.0,7.2
1996-10-02,27.0,6.9
1996-10-02,14.0,10.2
1996-10-02,31.0,6.7
1996-10-02,23.0,7.4
1996-10-02,13.5,11.0
1996-10-02,21.0,7.6
1996-10-02,12.0,12.7
1996-10-02,13.0,12.7
1996-10-02,0.5,12.2
1996-10-02,2.0,12.5
1996-10-02,3.0,12.6
1996-10-02,3.0,12.6
1996-10-02,1.0,12.5
1996-10-02,7.0,12.8
1996-10-02,9.0,12.8
1996-10-02,10.0,12.8
1996-10-02,11.0,12.8
1996-10-02,5.0,12.7
1996-11-07,18.0,9.5
1996-11-07,29.0,8.9
1996-11-07,28.0,9.3
1996-11-07,26.0,9.4
1996-11-07,24.0,9.4
1996-11-07,22.0,9.5
1996-11-07,20.0,9.5
1996-11-07,16.0,9.5
1996-11-07,8.0,9.5
1996-11-07,12.0,9.5
1996-11-07,10.0,9.5
1996-11-07,6.0,9.5
1996-11-07,4.0,9.5
1996-11-07,3.0,9.5
1996-11-07,2.0,9.5
1996-11-07,0.5,9.5
1996-11-07,14.0,9.5
1996-12-11,30.0,5.1
1996-12-11,27.0,5.2
1996-12-11,25.0,5.2
1996-12-11,23.0,5.2
1996-12-11,20.0,5.2
1996-12-11,17.0,5.2
1996-12-11,8.0,5.2
1996-12-11,11.0,5.2
1996-12-11,5.0,5.2
1996-12-11,3.0,5.2
1996-12-11,2.0,5.2
1996-12-11,0.5,5.2
1996-12-11,14.0,5.2
1997-01-07,0.0,2.8
1997-01-07,0.5,2.8
1997-02-02,0.0,3.5
1997-02-02,0.5,3.5
1997-03-04,30.0,3.6
1997-03-04,29.5,3.6
1997-03-04,25.0,3.6
1997-03-04,21.0,3.6
1997-03-04,17.0,3.6
1997-03-04,14.0,3.6
1997-03-04,3.0,3.6
1997-03-04,9.5,3.6
1997-03-04,6.0,3.6
1997-03-04,3.0,3.6
1997-03-04,0.5,3.6
1997-03-04,12.0,3.6
1997-03-20,25.0,3.6
1997-03-20,30.0,3.6
1997-03-20,20.0,3.6
1997-03-20,15.0,3.6
1997-03-20,5.0,3.3
1997-03-20,3.0,3.3
1997-03-20,0.5,3.3
1997-03-20,10.0,3.4
1997-04-10,20.0,5.3
1997-04-10,30.0,5.1
1997-04-10,28.5,5.1
1997-04-10,25.0,5.2
1997-04-10,20.0,5.3
1997-04-10,15.0,5.3
1997-04-10,12.5,5.4
1997-04-10,10.5,5.4
1997-04-10,10.0,5.4
1997-04-10,8.0,5.4
1997-04-10,6.0,5.3
1997-04-10,3.5,5.3
1997-04-10,3.0,5.4
1997-04-10,0.0,3.4
1997-04-28,20.0,6.2
1997-04-28,22.0,6.2
1997-04-28,25.0,6.2
1997-04-28,25.0,6.2
1997-04-28,18.0,6.2
1997-04-28,28.0,6.2
1997-04-28,29.0,6.2
1997-04-28,30.0,6.2
1997-04-28,27.0,6.2
1997-04-28,15.0,6.4
1997-04-28,14.0,6.4
1997-04-28,10.0,6.5
1997-04-28,1.0,7.3
1997-04-28,2.0,7.0
1997-04-28,3.0,6.7
1997-04-28,0.5,7.4
1997-04-28,6.0,6.6
1997-04-28,8.0,6.5
1997-04-28,10.0,6.5
1997-04-28,4.0,6.7
1997-05-06,9.0,8.1
1997-05-06,25.0,6.1
1997-05-06,20.0,6.5
1997-05-06,19.0,6.5
1997-05-06,15.0,7.0
1997-05-06,13.0,7.5
1997-05-06,10.0,8.1
1997-05-06,8.0,8.5
1997-05-06,30.0,5.9
1997-05-06,6.0,8.5
1997-05-06,5.0,8.5
1997-05-06,4.0,8.5
1997-05-06,3.0,8.5
1997-05-06,3.0,8.5
1997-05-06,2.0,8.5
1997-05-06,1.0,8.6
1997-05-06,0.0,8.9
1997-05-06,7.0,8.5
1997-05-21,30.0,6.0
1997-05-21,25.0,6.0
1997-05-21,15.0,7.5
1997-05-21,12.0,9.0
1997-05-21,10.0,9.5
1997-05-21,20.0,6.5
1997-05-21,6.0,11.0
1997-05-21,3.0,11.0
1997-05-21,3.0,11.0
1997-05-21,0.0,11.0
1997-05-21,9.0,10.0
1997-06-04,19.5,7.0
1997-06-04,20.0,6.9
1997-06-04,20.5,6.9
1997-06-04,21.5,6.8
1997-06-04,23.0,6.7
1997-06-04,30.0,6.6
1997-06-04,25.5,6.7
1997-06-04,25.0,6.7
1997-06-04,26.5,6.6
1997-06-04,28.0,6.6
1997-06-04,29.0,6.6
1997-06-04,29.5,6.6
1997-06-04,18.5,7.1
1997-06-04,24.0,6.7
1997-06-04,17.5,7.3
1997-06-04,10.0,10.2
1997-06-04,15.5,7.6
1997-06-04,16.5,7.4
1997-06-04,3.0,14.5
1997-06-04,3.0,14.6
1997-06-04,4.5,14.5
1997-06-04,6.0,12.5
1997-06-04,7.5,11.2
1997-06-04,1.0,14.5
1997-06-04,10.5,10.2
1997-06-04,12.0,9.5
1997-06-04,13.5,8.3
1997-06-04,14.0,7.9
1997-06-04,14.5,7.7
1997-06-04,15.0,7.6
1997-06-04,9.0,10.6
1997-06-17,16.0,7.3
1997-06-17,18.0,7.1
1997-06-17,20.0,6.9
1997-06-17,22.0,6.8
1997-06-17,24.0,6.7
1997-06-17,28.0,6.6
1997-06-17,26.0,6.7
1997-06-17,29.0,6.6
1997-06-17,29.0,6.6
1997-06-17,15.0,7.7
1997-06-17,25.0,6.7
1997-06-17,14.0,7.9
1997-06-17,12.0,9.2
1997-06-17,11.0,9.8
1997-06-17,10.0,10.4
1997-06-17,9.0,11.3
1997-06-17,8.0,12.5
1997-06-17,7.0,14.4
1997-06-17,6.0,15.7
1997-06-17,4.0,16.4
1997-06-17,3.0,16.4
1997-06-17,2.0,16.4
1997-06-17,0.5,16.5
1997-06-17,13.0,8.3
1997-07-01,12.0,9.9
1997-07-01,13.0,8.8
1997-07-01,14.0,8.6
1997-07-01,30.0,6.3
1997-07-01,15.0,7.9
1997-07-01,27.0,6.4
1997-07-01,19.0,7.4
1997-07-01,20.0,6.9
1997-07-01,22.0,6.6
1997-07-01,25.0,6.5
1997-07-01,17.0,7.4
1997-07-01,11.0,10.4
1997-07-01,6.0,16.3
1997-07-01,9.0,13.5
1997-07-01,0.0,17.8
1997-07-01,1.0,17.8
1997-07-01,2.0,17.7
1997-07-01,3.0,17.2
1997-07-01,10.0,11.7
1997-07-01,4.0,16.6
1997-07-01,5.0,16.5
1997-07-01,7.0,16.0
1997-07-01,8.0,15.0
1997-07-01,3.0,17.2
1997-07-15,12.0,11.2
1997-07-15,30.0,6.4
1997-07-15,28.0,6.5
1997-07-15,25.0,6.6
1997-07-15,24.0,6.7
1997-07-15,20.0,7.1
1997-07-15,16.0,8.5
1997-07-15,15.0,9.0
1997-07-15,14.0,9.5
1997-07-15,32.0,6.4
1997-07-15,10.0,13.6
1997-07-15,8.0,15.9
1997-07-15,7.0,17.7
1997-07-15,6.0,18.5
1997-07-15,5.0,20.1
1997-07-15,3.0,21.0
1997-07-15,3.0,21.0
1997-07-15,2.0,21.1
1997-07-15,0.5,21.2
1997-07-15,9.0,15.4
1997-07-29,15.0,8.0
1997-07-29,17.0,7.7
1997-07-29,20.0,7.2
1997-07-29,22.0,6.9
1997-07-29,30.0,6.4
1997-07-29,25.0,6.7
1997-07-29,28.0,6.5
1997-07-29,14.0,8.4
1997-07-29,24.0,6.7
1997-07-29,13.0,9.0
1997-07-29,3.0,19.5
1997-07-29,11.0,10.0
1997-07-29,10.0,11.0
1997-07-29,9.0,13.7
1997-07-29,8.0,16.1
1997-07-29,7.0,17.8
1997-07-29,6.0,19.4
1997-07-29,5.0,19.5
1997-07-29,12.0,9.5
1997-07-29,3.0,19.5
1997-07-29,0.0,19.4
1997-08-14,14.0,9.4
1997-08-14,15.0,9.0
1997-08-14,16.0,8.4
1997-08-14,18.0,7.6
1997-08-14,20.0,7.2
1997-08-14,30.0,6.4
1997-08-14,24.0,6.7
1997-08-14,25.0,6.6
1997-08-14,28.0,6.5
1997-08-14,13.0,10.1
1997-08-14,22.0,6.8
1997-08-14,12.0,11.6
1997-08-14,26.0,6.6
1997-08-14,10.0,14.3
1997-08-14,11.0,12.6
1997-08-14,2.0,23.5
1997-08-14,3.0,22.6
1997-08-14,3.0,22.6
1997-08-14,4.0,22.1
1997-08-14,1.0,23.8
1997-08-14,6.0,20.4
1997-08-14,7.0,19.6
1997-08-14,8.0,18.4
1997-08-14,9.0,16.8
1997-08-14,5.0,21.5
1997-08-26,30.0,6.6
1997-08-26,12.0,11.5
1997-08-26,27.0,6.7
1997-08-26,25.0,6.9
1997-08-26,22.0,7.1
1997-08-26,20.0,7.4
1997-08-26,18.0,7.9
1997-08-26,16.0,8.5
1997-08-26,15.0,9.4
1997-08-26,14.0,9.7
1997-08-26,10.0,15.3
1997-08-26,6.0,20.3
1997-08-26,8.0,17.8
1997-08-26,0.0,22.5
1997-08-26,9.0,13.5
1997-08-26,2.0,22.4
1997-08-26,3.0,22.4
1997-08-26,1.0,22.4
1997-08-26,4.0,22.3
1997-08-26,5.0,22.1
1997-08-26,5.5,20.3
1997-08-26,7.0,20.0
1997-08-26,3.0,22.4
1997-09-02,9.0,13.7
1997-09-02,14.0,8.6
1997-09-02,13.0,8.9
1997-09-02,12.0,9.6
1997-09-02,11.0,10.8
1997-09-02,10.0,11.9
1997-09-02,8.0,15.7
1997-09-02,0.0,20.5
1997-09-02,6.0,20.6
1997-09-02,5.0,21.0
1997-09-02,3.0,21.0
1997-09-02,2.0,20.9
1997-09-02,1.0,20.7
1997-09-02,7.0,19.3
1997-09-10,29.0,6.8
1997-09-10,28.0,6.8
1997-09-10,25.0,6.8
1997-09-10,22.0,7.0
1997-09-10,20.0,7.2
1997-09-10,19.0,7.4
1997-09-10,17.0,8.1
1997-09-10,15.0,8.8
1997-09-10,12.0,10.3
1997-09-10,13.0,9.5
1997-09-10,1.0,16.2
1997-09-10,10.5,13.0
1997-09-10,10.0,14.5
1997-09-10,9.0,16.2
1997-09-10,7.0,16.2
1997-09-10,5.0,16.2
1997-09-10,3.0,16.2
1997-09-10,3.0,16.2
1997-09-10,11.0,11.0
1997-09-23,17.0,8.6
1997-09-23,19.0,7.8
1997-09-23,20.0,7.6
1997-09-23,15.0,9.1
1997-09-23,25.0,7.0
1997-09-23,30.0,6.8
1997-09-23,21.0,7.4
1997-09-23,13.0,11.8
1997-09-23,0.0,13.4
1997-09-23,10.0,13.3
1997-09-23,8.0,13.3
1997-09-23,6.0,13.3
1997-09-23,4.0,13.3
1997-09-23,3.0,13.4
1997-09-23,2.0,13.4
1997-09-23,12.0,13.3
1997-10-09,22.0,7.3
1997-10-09,24.0,7.0
1997-10-09,25.0,6.8
1997-10-09,26.0,6.7
1997-10-09,30.0,6.7
1997-10-09,28.0,6.7
1997-10-09,29.0,6.7
1997-10-09,31.0,6.7
1997-10-09,20.0,7.6
1997-10-09,27.0,6.7
1997-10-09,19.0,8.2
1997-10-09,4.0,12.7
1997-10-09,17.0,9.3
1997-10-09,0.0,13.5
1997-10-09,2.0,12.8
1997-10-09,18.0,8.8
1997-10-09,8.0,12.5
1997-10-09,3.0,12.8
1997-10-09,12.0,12.3
1997-10-09,14.0,12.0
1997-10-09,15.0,11.7
1997-10-09,16.0,11.1
1997-10-09,10.0,12.4
1997-11-05,20.0,7.5
1997-11-05,30.0,6.6
1997-11-05,28.0,6.6
1997-11-05,25.0,7.0
1997-11-05,24.0,7.3
1997-11-05,22.0,7.5
1997-11-05,15.0,7.5
1997-11-05,26.0,6.8
1997-11-05,10.0,7.5
1997-11-05,8.0,7.5
1997-11-05,5.0,7.5
1997-11-05,3.0,7.4
1997-11-05,2.0,7.5
1997-11-05,0.5,7.5
1997-11-05,12.0,7.5
1997-12-02,30.0,5.0
1997-12-02,29.0,5.0
1997-12-02,28.0,5.0
1997-12-02,27.0,5.0
1997-12-02,26.0,5.0
1997-12-02,25.0,5.0
1997-12-02,20.0,5.0
1997-12-02,15.0,5.0
1997-12-02,10.0,5.0
1997-12-02,5.0,4.8
1997-12-02,3.0,4.7
1997-12-02,3.0,4.7
1997-12-02,2.0,4.6
1997-12-02,1.0,4.4
1997-12-02,0.0,3.9
1997-12-02,8.0,4.9
1998-01-06,13.0,3.6
1998-01-06,30.0,3.5
1998-01-06,25.0,3.5
1998-01-06,20.0,3.6
1998-01-06,31.0,3.5
1998-01-06,10.0,3.6
1998-01-06,15.0,3.6
1998-01-06,5.0,3.8
1998-01-06,3.0,4.1
1998-01-06,3.0,4.0
1998-01-06,2.0,4.1
1998-01-06,1.0,4.4
1998-01-06,0.0,4.6
1998-01-06,7.0,3.7
1998-02-03,0.5,3.4
1998-03-03,30.0,3.8
1998-03-03,20.0,3.7
1998-03-03,16.0,3.7
1998-03-03,26.0,3.8
1998-03-03,6.0,3.8
1998-03-03,3.0,4.0
1998-03-03,2.0,4.0
1998-03-03,10.0,3.8
1998-03-19,3.0,4.0
1998-03-19,2.0,4.0
1998-03-19,0.5,4.0
1998-03-19,30.0,3.9
1998-03-19,25.0,3.9
1998-03-19,15.0,3.9
1998-03-19,10.0,4.0
1998-03-19,6.0,4.0
1998-03-19,20.0,3.9
1998-03-31,21.0,4.5
1998-03-31,29.0,4.3
1998-03-31,30.0,4.3
1998-03-31,25.0,4.4
1998-03-31,15.0,4.9
1998-03-31,3.0,5.3
1998-03-31,5.0,5.2
1998-03-31,3.0,5.3
1998-03-31,0.5,5.6
1998-03-31,11.0,5.0
1998-04-16,30.0,5.0
1998-04-16,29.0,5.0
1998-04-16,20.0,5.1
1998-04-16,15.0,5.1
1998-04-16,25.0,5.1
1998-04-16,5.0,5.2
1998-04-16,3.0,5.2
1998-04-16,2.0,5.2
1998-04-16,0.0,5.3
1998-04-16,10.0,5.2
1998-04-30,18.0,5.9
1998-04-30,30.0,5.4
1998-04-30,28.0,5.5
1998-04-30,26.0,5.5
1998-04-30,25.0,5.5
1998-04-30,24.0,5.6
1998-04-30,22.0,5.7
1998-04-30,20.0,5.8
1998-04-30,16.0,6.2
1998-04-30,0.5,8.0
1998-04-30,14.0,6.5
1998-04-30,2.0,7.7
1998-04-30,3.0,7.6
1998-04-30,4.0,7.6
1998-04-30,15.0,6.4
1998-04-30,8.0,7.4
1998-04-30,10.0,7.3
1998-04-30,12.0,6.9
1998-04-30,6.0,7.5
1998-05-14,18.0,6.4
1998-05-14,30.0,5.7
1998-05-14,29.0,5.7
1998-05-14,27.0,5.8
1998-05-14,25.0,5.9
1998-05-14,24.0,5.9
1998-05-14,22.0,6.0
1998-05-14,20.0,6.1
1998-05-14,16.0,6.6
1998-05-14,15.0,6.7
1998-05-14,0.0,12.5
1998-05-14,12.0,7.9
1998-05-14,10.0,9.0
1998-05-14,9.0,9.6
1998-05-14,8.0,10.8
1998-05-14,6.0,11.4
1998-05-14,4.0,11.9
1998-05-14,3.0,12.3
1998-05-14,2.0,12.3
1998-05-14,14.0,6.9
1998-05-26,18.0,6.4
1998-05-26,20.0,6.2
1998-05-26,22.0,6.1
1998-05-26,24.0,6.0
1998-05-26,16.0,6.7
1998-05-26,26.0,5.9
1998-05-26,28.0,5.8
1998-05-26,30.0,5.8
1998-05-26,25.0,6.0
1998-05-26,15.0,7.3
1998-05-26,2.0,13.0
1998-05-26,12.0,8.0
1998-05-26,10.0,9.4
1998-05-26,9.0,10.5
1998-05-26,8.0,11.9
1998-05-26,6.0,13.1
1998-05-26,4.0,13.0
1998-05-26,3.0,13.0
1998-05-26,0.0,12.8
1998-05-26,14.0,7.3
1998-06-11,16.0,7.0
1998-06-11,18.0,6.8
1998-06-11,20.0,6.4
1998-06-11,22.0,6.1
1998-06-11,24.0,6.1
1998-06-11,29.0,5.9
1998-06-11,26.0,6.0
1998-06-11,28.0,5.9
1998-06-11,29.5,5.9
1998-06-11,15.0,7.0
1998-06-11,25.0,6.0
1998-06-11,14.0,7.2
1998-06-11,8.5,14.1
1998-06-11,11.0,9.0
1998-06-11,12.0,8.5
1998-06-11,3.0,15.5
1998-06-11,3.0,15.5
1998-06-11,5.0,15.5
1998-06-11,7.0,15.3
1998-06-11,0.0,15.6
1998-06-11,9.0,12.4
1998-06-11,9.5,11.0
1998-06-11,10.0,10.4
1998-06-11,8.0,14.9
1998-06-25,30.0,5.8
1998-06-25,13.0,8.1
1998-06-25,29.0,5.8
1998-06-25,27.0,5.8
1998-06-25,25.0,5.8
1998-06-25,23.0,5.9
1998-06-25,21.0,6.0
1998-06-25,19.0,6.2
1998-06-25,17.0,6.5
1998-06-25,15.0,6.9
1998-06-25,12.0,10.7
1998-06-25,14.0,7.3
1998-06-25,10.0,13.0
1998-06-25,11.0,12.1
1998-06-25,0.5,17.5
1998-06-25,2.0,16.8
1998-06-25,3.0,16.5
1998-06-25,1.0,17.5
1998-06-25,6.0,15.7
1998-06-25,7.0,15.0
1998-06-25,8.0,14.2
1998-06-25,9.0,13.6
1998-06-25,4.0,16.1
1998-07-08,22.0,6.0
1998-07-08,17.0,6.8
1998-07-08,18.0,6.6
1998-07-08,19.0,6.4
1998-07-08,20.0,6.1
1998-07-08,21.0,6.1
1998-07-08,23.0,5.9
1998-07-08,27.0,5.8
1998-07-08,24.0,5.9
1998-07-08,25.0,5.9
1998-07-08,26.0,5.8
1998-07-08,28.0,5.8
1998-07-08,29.0,5.8
1998-07-08,16.0,7.1
1998-07-08,30.0,5.8
1998-07-08,15.0,7.6
1998-07-08,5.0,15.5
1998-07-08,13.0,9.6
1998-07-08,14.0,8.3
1998-07-08,1.0,16.5
1998-07-08,2.0,16.2
1998-07-08,3.0,15.9
1998-07-08,3.0,15.9
1998-07-08,4.0,15.9
1998-07-08,0.0,17.2
1998-07-08,7.0,15.5
1998-07-08,8.0,15.5
1998-07-08,9.0,15.3
1998-07-08,10.0,14.5
1998-07-08,11.0,12.8
1998-07-08,12.0,11.5
1998-07-08,6.0,15.5
1998-07-28,15.0,8.4
1998-07-28,16.0,7.7
1998-07-28,17.0,7.0
1998-07-28,18.0,7.0
1998-07-28,20.0,6.6
1998-07-28,26.0,6.1
1998-07-28,24.0,6.2
1998-07-28,25.0,6.1
1998-07-28,28.0,6.0
1998-07-28,30.0,6.0
1998-07-28,14.0,10.4
1998-07-28,22.0,6.4
1998-07-28,13.0,11.7
1998-07-28,9.0,16.3
1998-07-28,11.0,14.5
1998-07-28,0.0,16.9
1998-07-28,12.0,13.2
1998-07-28,2.0,17.0
1998-07-28,3.0,17.0
1998-07-28,3.0,17.0
1998-07-28,4.0,17.0
1998-07-28,1.0,17.0
1998-07-28,6.0,17.0
1998-07-28,7.0,16.9
1998-07-28,8.0,16.7
1998-07-28,10.0,15.2
1998-07-28,5.0,17.0
1998-08-17,16.0,9.6
1998-08-17,28.0,6.4
1998-08-17,26.0,6.5
1998-08-17,25.0,6.6
1998-08-17,30.0,6.3
1998-08-17,24.0,6.9
1998-08-17,22.0,7.3
1998-08-17,20.0,7.8
1998-08-17,18.0,8.4
1998-08-17,15.0,10.2
1998-08-17,4.0,17.5
1998-08-17,13.0,14.3
1998-08-17,0.0,17.6
1998-08-17,2.0,17.6
1998-08-17,3.0,17.55
1998-08-17,6.0,17.5
1998-08-17,14.0,12.6
1998-08-17,10.0,17.1
1998-08-17,11.0,16.8
1998-08-17,12.0,16.0
1998-08-17,8.0,17.5
1998-09-01,19.0,7.5
1998-09-01,29.5,6.2
1998-09-01,29.0,6.2
1998-09-01,27.0,6.2
1998-09-01,25.0,6.3
1998-09-01,23.0,6.4
1998-09-01,21.0,6.9
1998-09-01,20.0,7.2
1998-09-01,30.0,6.1
1998-09-01,17.0,8.3
1998-09-01,13.0,15.2
1998-09-01,11.0,15.6
1998-09-01,9.0,15.7
1998-09-01,7.0,15.7
1998-09-01,5.0,15.8
1998-09-01,3.0,15.9
1998-09-01,3.0,15.9
1998-09-01,1.0,15.9
1998-09-01,15.0,11.5
1998-09-17,20.0,6.8
1998-09-17,22.0,6.7
1998-09-17,24.0,6.5
1998-09-17,25.0,6.5
1998-09-17,30.0,6.1
1998-09-17,28.0,6.3
1998-09-17,29.5,6.1
1998-09-17,19.0,7.0
1998-09-17,26.0,6.4
1998-09-17,17.0,8.4
1998-09-17,3.0,14.6
1998-09-17,14.0,13.5
1998-09-17,15.0,10.5
1998-09-17,3.0,14.6
1998-09-17,5.0,14.6
1998-09-17,1.0,14.4
1998-09-17,9.0,14.8
1998-09-17,11.0,14.8
1998-09-17,13.0,14.7
1998-09-17,7.0,14.7
1998-09-30,15.0,11.1
1998-09-30,29.5,6.1
1998-09-30,28.0,6.1
1998-09-30,25.0,6.3
1998-09-30,22.0,6.5
1998-09-30,20.0,6.9
1998-09-30,17.0,7.8
1998-09-30,16.0,9.2
1998-09-30,14.0,13.3
1998-09-30,18.0,7.4
1998-09-30,12.0,14.4
1998-09-30,10.0,14.4
1998-09-30,8.0,14.3
1998-09-30,6.0,14.3
1998-09-30,4.0,14.2
1998-09-30,3.0,14.2
1998-09-30,2.0,14.2
1998-09-30,0.0,13.9
1998-09-30,13.0,14.3
1998-10-12,30.0,6.4
1998-10-12,25.0,6.6
1998-10-12,20.0,7.4
1998-10-12,19.0,8.0
1998-10-12,18.0,10.4
1998-10-12,17.0,10.9
1998-10-12,4.0,11.3
1998-10-12,10.0,11.3
1998-10-12,6.0,11.3
1998-10-12,3.0,11.3
1998-10-12,2.0,11.2
1998-10-12,0.0,11.1
1998-10-12,15.0,11.3
1998-11-04,25.0,8.0
1998-11-04,31.0,7.9
1998-11-04,30.0,7.9
1998-11-04,15.0,7.9
1998-11-04,20.0,8.0
1998-11-04,5.0,7.9
1998-11-04,3.0,7.9
1998-11-04,1.0,7.7
1998-11-04,10.0,7.9
1998-12-01,25.0,4.6
1998-12-01,28.0,4.6
1998-12-01,20.0,4.5
1998-12-01,15.0,4.4
1998-12-01,5.0,4.3
1998-12-01,3.0,4.3
1998-12-01,0.5,4.3
1998-12-01,10.0,4.4
1999-01-28,30.0,2.6
1999-01-28,0.0,2.7
1999-01-28,3.0,2.7
1999-01-28,15.0,2.6
1999-01-28,20.0,2.6
1999-03-02,25.0,2.4
1999-03-02,20.0,2.4
1999-03-02,30.0,2.4
1999-03-02,10.0,2.4
1999-03-02,15.0,2.4
1999-03-02,3.0,2.4
1999-03-02,2.0,2.4
1999-03-02,0.5,2.4
1999-03-02,5.0,2.4
1999-03-23,25.0,2.8
1999-03-23,31.0,2.8
1999-03-23,30.5,2.8
1999-03-23,30.0,2.8
1999-03-23,20.0,2.8
1999-03-23,10.0,2.8
1999-03-23,5.0,2.8
1999-03-23,3.0,2.8
1999-03-23,2.0,2.8
1999-03-23,0.5,2.8
1999-03-23,15.0,2.8
1999-03-29,20.0,3.3
1999-03-29,25.0,3.4
1999-03-29,15.0,3.3
1999-03-29,30.0,3.4
1999-03-29,3.0,3.3
1999-03-29,0.5,3.4
1999-03-29,10.0,3.3
1999-04-07,20.0,4.8
1999-04-07,15.0,4.8
1999-04-07,30.0,4.8
1999-04-07,10.0,4.9
1999-04-07,25.0,4.8
1999-04-07,3.0,5.0
1999-04-07,2.0,5.0
1999-04-07,5.0,5.0
1999-04-07,0.0,5.1
1999-04-21,30.0,5.4
1999-04-21,25.0,5.4
1999-04-21,15.0,5.6
1999-04-21,10.0,5.7
1999-04-21,20.0,5.5
1999-04-21,5.0,5.9
1999-04-21,3.0,6.1
1999-04-21,2.0,6.1
1999-04-21,0.0,6.2
1999-04-21,7.0,5.8
1999-05-05,18.0,6.2
1999-05-05,30.0,5.7
1999-05-05,29.0,5.7
1999-05-05,28.0,5.8
1999-05-05,26.0,5.8
1999-05-05,25.0,5.8
1999-05-05,24.0,5.8
1999-05-05,22.0,6.0
1999-05-05,20.0,6.1
1999-05-05,16.0,6.4
1999-05-05,12.0,7.4
1999-05-05,14.0,6.6
1999-05-05,15.0,6.5
1999-05-05,2.0,9.3
1999-05-05,3.0,9.3
1999-05-05,4.0,9.2
1999-05-05,0.5,9.3
1999-05-05,8.0,8.2
1999-05-05,10.0,7.8
1999-05-05,6.0,9.0
1999-05-18,14.0,7.4
1999-05-18,25.0,6.0
1999-05-18,24.0,6.1
1999-05-18,26.0,6.0
1999-05-18,20.0,6.4
1999-05-18,18.0,6.6
1999-05-18,16.0,6.8
1999-05-18,15.0,7.1
1999-05-18,12.0,9.2
1999-05-18,22.0,6.3
1999-05-18,8.0,10.2
1999-05-18,10.0,9.7
1999-05-18,29.0,5.8
1999-05-18,30.0,5.8
1999-05-18,0.5,11.9
1999-05-18,28.0,5.9
1999-05-18,3.0,11.1
1999-05-18,4.0,10.8
1999-05-18,6.0,10.4
1999-05-18,2.0,11.5
1999-06-03,14.0,8.0
1999-06-03,31.0,6.0
1999-06-03,30.0,6.1
1999-06-03,25.0,6.2
1999-06-03,20.0,6.5
1999-06-03,17.0,7.0
1999-06-03,15.0,7.5
1999-06-03,13.0,8.8
1999-06-03,12.0,9.8
1999-06-03,10.0,12.0
1999-06-03,8.5,12.8
1999-06-03,7.0,14.4
1999-06-03,5.0,15.2
1999-06-03,3.0,15.4
1999-06-03,2.0,15.5
1999-06-03,0.5,15.6
1999-06-16,27.0,6.2
1999-06-16,25.0,6.3
1999-06-16,30.0,6.2
1999-06-16,22.0,6.5
1999-06-16,20.0,6.7
1999-06-16,17.0,7.2
1999-06-16,15.0,7.9
1999-06-16,13.0,8.4
1999-06-16,12.0,9.3
1999-06-16,2.0,17.0
1999-06-16,10.0,12.2
1999-06-16,9.0,14.0
1999-06-16,8.0,15.0
1999-06-16,6.0,15.4
1999-06-16,4.0,16.8
1999-06-16,3.0,16.9
1999-06-16,1.0,17.0
1999-06-16,0.5,16.9
1999-06-16,11.0,10.9
1999-06-30,17.0,7.9
1999-06-30,19.0,7.4
1999-06-30,20.0,7.3
1999-06-30,21.0,7.2
1999-06-30,23.0,6.9
1999-06-30,28.0,6.6
1999-06-30,26.0,6.7
1999-06-30,30.0,6.5
1999-06-30,29.0,6.5
1999-06-30,15.0,8.7
1999-06-30,25.0,6.8
1999-06-30,13.0,10.5
1999-06-30,27.0,6.6
1999-06-30,11.0,12.0
1999-06-30,0.0,16.7
1999-06-30,1.0,16.7
1999-06-30,2.0,16.7
1999-06-30,3.0,16.7
1999-06-30,3.0,16.7
1999-06-30,12.0,11.1
1999-06-30,7.0,16.1
1999-06-30,8.0,15.7
1999-06-30,9.0,14.7
1999-06-30,10.0,13.3
1999-06-30,5.0,16.6
1999-07-13,16.0,7.7
1999-07-13,17.0,7.3
1999-07-13,19.0,6.9
1999-07-13,20.0,6.8
1999-07-13,21.0,6.7
1999-07-13,25.0,6.4
1999-07-13,15.0,8.3
1999-07-13,27.0,6.3
1999-07-13,29.0,6.3
1999-07-13,31.0,6.2
1999-07-13,23.0,6.5
1999-07-13,12.0,10.3
1999-07-13,13.0,9.5
1999-07-13,10.5,12.3
1999-07-13,0.5,23.0
1999-07-13,1.0,22.3
1999-07-13,11.0,11.5
1999-07-13,2.5,20.5
1999-07-13,3.0,19.8
1999-07-13,4.0,18.6
1999-07-13,2.0,21.0
1999-07-13,5.0,17.4
1999-07-13,6.0,17.0
1999-07-13,8.0,16.2
1999-07-13,10.0,13.8
1999-07-13,4.5,17.5
1999-07-28,13.0,10.8
1999-07-28,30.5,6.5
1999-07-28,28.0,6.6
1999-07-28,25.0,6.7
1999-07-28,23.0,6.9
1999-07-28,18.0,7.7
1999-07-28,15.0,8.5
1999-07-28,14.0,9.3
1999-07-28,12.0,11.6
1999-07-28,30.0,6.6
1999-07-28,10.0,13.7
1999-07-28,11.0,12.7
1999-07-28,0.5,20.2
1999-07-28,1.0,19.9
1999-07-28,2.0,19.5
1999-07-28,20.0,7.2
1999-07-28,6.0,18.9
1999-07-28,8.0,17.6
1999-07-28,3.0,19.3
1999-07-28,9.0,15.2
1999-08-11,30.0,6.6
1999-08-11,29.5,6.6
1999-08-11,28.0,6.6
1999-08-11,25.0,6.8
1999-08-11,23.0,6.8
1999-08-11,20.0,7.2
1999-08-11,15.0,8.5
1999-08-11,13.0,9.9
1999-08-11,12.0,10.8
1999-08-11,18.0,7.6
1999-08-11,10.0,13.5
1999-08-11,9.0,16.2
1999-08-11,8.0,17.8
1999-08-11,7.0,18.8
1999-08-11,4.0,20.6
1999-08-11,3.0,20.5
1999-08-11,1.0,20.4
1999-08-11,0.5,20.2
1999-08-11,11.0,12.1
1999-08-25,17.0,8.4
1999-08-25,19.0,7.8
1999-08-25,20.0,7.3
1999-08-25,21.0,7.3
1999-08-25,29.0,6.7
1999-08-25,25.0,6.9
1999-08-25,30.0,6.7
1999-08-25,27.0,6.8
1999-08-25,15.0,9.0
1999-08-25,23.0,7.0
1999-08-25,13.0,10.4
1999-08-25,2.0,18.2
1999-08-25,11.0,12.9
1999-08-25,12.0,11.8
1999-08-25,1.0,18.4
1999-08-25,3.0,18.2
1999-08-25,5.0,18.1
1999-08-25,0.0,18.5
1999-08-25,8.0,17.4
1999-08-25,9.0,16.6
1999-08-25,10.0,13.4
1999-08-25,7.0,18.1
1999-09-08,30.0,6.7
1999-09-08,28.0,6.8
1999-09-08,25.0,7.0
1999-09-08,23.0,7.2
1999-09-08,20.0,7.5
1999-09-08,17.0,8.2
1999-09-08,15.0,9.4
1999-09-08,12.0,11.5
1999-09-08,10.0,15.8
1999-09-08,8.0,17.7
1999-09-08,5.0,18.5
1999-09-08,3.0,19.1
1999-09-08,1.0,19.2
1999-09-08,0.5,19.2
1999-09-08,11.0,13.5
1999-09-22,13.0,11.0
1999-09-22,14.0,9.7
1999-09-22,15.0,8.9
1999-09-22,19.0,7.3
1999-09-22,27.0,6.7
1999-09-22,22.0,7.0
1999-09-22,25.0,6.9
1999-09-22,12.0,12.7
1999-09-22,30.0,6.7
1999-09-22,20.0,7.2
1999-09-22,11.5,14.0
1999-09-22,17.0,7.9
1999-09-22,10.0,16.8
1999-09-22,11.0,14.6
1999-09-22,0.5,17.6
1999-09-22,1.0,17.4
1999-09-22,3.0,17.2
1999-09-22,3.0,17.2
1999-09-22,2.0,17.2
1999-09-22,5.0,17.1
1999-09-22,6.0,17.1
1999-09-22,8.0,17.1
1999-09-22,4.0,17.2
1999-10-20,30.0,6.3
1999-10-20,19.0,7.2
1999-10-20,25.0,6.5
1999-10-20,22.0,6.7
1999-10-20,20.0,6.8
1999-10-20,18.0,7.5
1999-10-20,15.0,10.2
1999-10-20,16.0,8.7
1999-10-20,13.0,10.3
1999-10-20,10.0,11.3
1999-10-20,3.0,11.1
1999-10-20,17.0,8.2
1999-11-17,24.0,7.0
1999-11-17,30.0,6.3
1999-11-17,31.0,6.3
1999-11-17,27.0,6.4
1999-11-17,25.0,6.8
1999-11-17,23.0,7.6
1999-11-17,29.0,6.4
1999-11-17,15.0,7.7
1999-11-17,10.0,7.7
1999-11-17,5.0,7.6
1999-11-17,3.0,7.5
1999-11-17,2.0,7.4
1999-11-17,0.5,7.3
1999-11-17,20.0,7.7
1999-12-20,30.0,3.8
1999-12-20,29.0,3.8
1999-12-20,20.0,3.9
1999-12-20,15.0,3.9
1999-12-20,10.0,3.9
1999-12-20,25.0,3.9
1999-12-20,3.0,3.9
1999-12-20,2.0,3.9
1999-12-20,1.0,4.0
1999-12-20,0.5,4.1
1999-12-20,5.0,3.9
2000-01-13,30.0,3.5
2000-01-13,29.0,3.5
2000-01-13,25.0,3.5
2000-01-13,20.0,3.5
2000-01-13,10.0,3.5
2000-01-13,5.0,3.5
2000-01-13,3.0,3.5
2000-01-13,0.5,3.4
2000-01-13,15.0,3.5
2000-02-09,25.0,3.1
2000-02-09,29.0,3.1
2000-02-09,30.0,3.1
2000-02-09,20.0,3.1
2000-02-09,3.0,3.2
2000-02-09,10.0,3.2
2000-02-09,0.5,3.2
2000-02-09,15.0,3.2
2000-03-09,0.5,3.1
2000-03-09,1.0,3.1
2000-03-09,3.0,3.1
2000-03-09,5.0,3.1
2000-03-09,10.0,3.1
2000-03-09,15.0,3.1
2000-03-09,20.0,3.1
2000-03-09,25.0,3.1
2000-03-09,30.0,3.1
2000-03-21,0.5,5.4
2000-03-21,30.0,3.6
2000-03-21,25.0,3.6
2000-03-21,20.0,3.6
2000-03-21,2.0,4.4
2000-03-21,10.0,3.7
2000-03-21,5.0,3.7
2000-03-21,3.0,3.8
2000-03-21,15.0,3.6
2000-04-12,15.0,5.1
2000-04-12,30.0,4.8
2000-04-12,25.0,4.9
2000-04-12,20.0,5.0
2000-04-12,10.0,5.3
2000-04-12,3.0,5.7
2000-04-12,5.0,5.6
2000-04-12,7.0,5.6
2000-04-12,2.0,5.7
2000-04-12,1.0,5.8
2000-04-12,0.5,6.2
2000-04-27,30.0,5.5
2000-04-27,28.0,5.6
2000-04-27,25.0,5.7
2000-04-27,22.0,5.8
2000-04-27,20.0,5.9
2000-04-27,19.0,5.9
2000-04-27,14.0,6.2
2000-04-27,16.0,6.0
2000-04-27,10.0,7.4
2000-04-27,7.0,8.0
2000-04-27,5.0,8.6
2000-04-27,3.0,9.3
2000-04-27,2.0,9.7
2000-04-27,1.0,10.4
2000-04-27,0.5,11.6
2000-04-27,12.0,6.8
2000-05-09,11.0,6.7
2000-05-09,12.0,6.4
2000-05-09,14.0,6.1
2000-05-09,30.0,5.3
2000-05-09,20.0,5.4
2000-05-09,25.0,5.3
2000-05-09,10.0,7.2
2000-05-09,17.0,5.7
2000-05-09,9.0,7.4
2000-05-09,1.0,14.7
2000-05-09,7.0,8.7
2000-05-09,6.0,9.7
2000-05-09,5.0,10.7
2000-05-09,4.0,12.6
2000-05-09,3.0,14.6
2000-05-09,2.0,14.7
2000-05-09,0.5,15.0
2000-05-09,8.0,7.8
2000-05-29,5.0,12.8
2000-05-29,12.0,6.8
2000-05-29,11.0,7.8
2000-05-29,10.0,8.6
2000-05-29,9.0,11.4
2000-05-29,7.0,12.8
2000-05-29,3.0,12.7
2000-05-29,14.0,6.4
2000-05-29,0.5,12.5
2000-05-29,30.0,5.4
2000-05-29,27.0,5.5
2000-05-29,24.0,5.6
2000-05-29,22.0,5.8
2000-05-29,20.0,5.8
2000-05-29,17.0,6.6
2000-05-29,2.0,12.6
2000-06-07,18.0,5.8
2000-06-07,20.0,5.7
2000-06-07,22.0,5.5
2000-06-07,22.5,5.7
2000-06-07,29.0,5.4
2000-06-07,26.0,5.4
2000-06-07,28.0,5.4
2000-06-07,16.0,6.1
2000-06-07,24.0,5.4
2000-06-07,13.0,6.7
2000-06-07,14.0,6.5
2000-06-07,11.0,8.5
2000-06-07,10.0,9.9
2000-06-07,9.0,11.8
2000-06-07,8.0,12.7
2000-06-07,6.0,12.7
2000-06-07,4.0,12.7
2000-06-07,3.0,12.6
2000-06-07,2.0,12.6
2000-06-07,1.0,12.6
2000-06-07,0.5,12.5
2000-06-07,12.0,7.3
2000-06-22,14.0,6.8
2000-06-22,16.0,6.4
2000-06-22,18.0,6.2
2000-06-22,20.0,6.0
2000-06-22,22.0,5.9
2000-06-22,30.0,5.7
2000-06-22,24.0,5.8
2000-06-22,26.0,5.8
2000-06-22,28.0,5.7
2000-06-22,13.0,7.0
2000-06-22,22.5,5.8
2000-06-22,12.0,9.5
2000-06-22,0.5,18.9
2000-06-22,10.0,12.8
2000-06-22,11.0,11.8
2000-06-22,2.0,19.0
2000-06-22,3.0,18.8
2000-06-22,4.0,16.7
2000-06-22,1.0,18.9
2000-06-22,6.0,15.0
2000-06-22,7.0,14.5
2000-06-22,8.0,14.2
2000-06-22,9.0,13.4
2000-06-22,5.0,15.7
2000-07-05,13.0,8.0
2000-07-05,29.5,5.6
2000-07-05,25.0,5.8
2000-07-05,22.5,6.0
2000-07-05,20.0,6.1
2000-07-05,15.0,6.7
2000-07-05,14.0,7.0
2000-07-05,12.0,10.0
2000-07-05,0.5,20.0
2000-07-05,9.0,14.8
2000-07-05,7.0,15.0
2000-07-05,5.0,15.3
2000-07-05,4.0,15.6
2000-07-05,3.0,16.5
2000-07-05,2.0,18.7
2000-07-05,1.0,19.7
2000-07-05,11.0,12.5
2000-07-19,15.0,6.3
2000-07-19,17.0,6.0
2000-07-19,20.0,5.7
2000-07-19,30.0,5.5
2000-07-19,25.0,5.5
2000-07-19,27.0,5.5
2000-07-19,14.0,6.7
2000-07-19,22.5,5.6
2000-07-19,13.0,7.7
2000-07-19,29.0,5.5
2000-07-19,11.0,13.3
2000-07-19,0.5,15.9
2000-07-19,1.0,15.9
2000-07-19,2.0,15.9
2000-07-19,3.0,15.8
2000-07-19,12.0,10.6
2000-07-19,6.0,15.5
2000-07-19,8.0,15.3
2000-07-19,10.0,14.8
2000-07-19,4.0,15.8
2000-08-02,18.0,6.6
2000-08-02,28.0,5.5
2000-08-02,26.0,5.7
2000-08-02,24.0,5.8
2000-08-02,22.5,5.9
2000-08-02,22.0,5.9
2000-08-02,20.0,6.1
2000-08-02,30.0,5.4
2000-08-02,16.0,6.9
2000-08-02,12.0,10.9
2000-08-02,10.0,15.1
2000-08-02,7.0,16.1
2000-08-02,5.0,17.2
2000-08-02,3.0,18.0
2000-08-02,0.5,18.1
2000-08-02,14.0,7.6
2000-08-16,30.0,5.6
2000-08-16,8.0,16.3
2000-08-16,6.0,16.7
2000-08-16,10.0,15.6
2000-08-16,4.0,17.0
2000-08-16,3.0,17.3
2000-08-16,1.0,17.5
2000-08-16,0.5,17.5
2000-08-16,28.0,5.6
2000-08-16,13.0,8.7
2000-08-16,24.0,5.6
2000-08-16,11.0,12.5
2000-08-16,12.0,11.9
2000-08-16,14.0,7.2
2000-08-16,26.0,5.6
2000-08-16,18.0,6.3
2000-08-16,20.0,6.0
2000-08-16,22.0,5.8
2000-08-16,15.0,6.6
2000-08-30,29.5,5.6
2000-08-30,14.0,8.4
2000-08-30,26.0,5.7
2000-08-30,24.0,5.8
2000-08-30,22.5,6.0
2000-08-30,22.0,6.0
2000-08-30,20.0,6.3
2000-08-30,18.0,6.7
2000-08-30,16.0,7.3
2000-08-30,28.0,5.6
2000-08-30,13.0,10.0
2000-08-30,11.0,14.9
2000-08-30,10.0,15.8
2000-08-30,8.0,16.4
2000-08-30,6.0,16.3
2000-08-30,4.0,16.3
2000-08-30,3.0,16.2
2000-08-30,2.0,16.1
2000-08-30,1.0,16.0
2000-08-30,0.5,15.8
2000-08-30,12.0,12.8
2000-09-13,15.0,7.6
2000-09-13,16.0,6.8
2000-09-13,17.0,6.4
2000-09-13,14.0,8.7
2000-09-13,22.0,5.8
2000-09-13,25.0,5.7
2000-09-13,30.0,5.6
2000-09-13,20.0,5.9
2000-09-13,13.0,10.9
2000-09-13,28.0,5.6
2000-09-13,10.0,14.8
2000-09-13,0.5,15.2
2000-09-13,1.0,15.2
2000-09-13,2.0,15.1
2000-09-13,12.0,13.8
2000-09-13,4.0,15.1
2000-09-13,6.0,15.1
2000-09-13,3.0,15.1
2000-09-13,8.0,15.1
2000-09-26,30.0,5.6
2000-09-26,28.0,5.7
2000-09-26,25.0,5.8
2000-09-26,24.0,5.8
2000-09-26,22.0,6.0
2000-09-26,20.0,6.3
2000-09-26,18.0,6.8
2000-09-26,16.0,7.0
2000-09-26,15.0,8.6
2000-09-26,26.0,5.7
2000-09-26,13.0,12.9
2000-09-26,11.0,13.0
2000-09-26,9.0,13.0
2000-09-26,7.0,13.0
2000-09-26,5.0,13.0
2000-09-26,3.0,12.9
2000-09-26,2.0,12.8
2000-09-26,1.0,12.7
2000-09-26,0.5,12.5
2000-09-26,14.0,10.6
2000-10-24,30.0,5.8
2000-10-24,25.0,6.0
2000-10-24,20.0,6.2
2000-10-24,18.0,6.8
2000-10-24,17.0,7.8
2000-10-24,16.0,11.5
2000-10-24,10.0,11.7
2000-10-24,5.0,11.7
2000-10-24,3.0,9.8
2000-10-24,1.0,11.7
2000-10-24,0.5,11.7
2000-10-24,15.0,11.6
2000-11-15,17.0,8.5
2000-11-15,29.0,5.8
2000-11-15,30.0,5.7
2000-11-15,27.0,5.8
2000-11-15,23.0,6.6
2000-11-15,21.0,8.4
2000-11-15,19.0,8.5
2000-11-15,15.0,8.5
2000-11-15,27.5,5.8
2000-11-15,11.0,8.5
2000-11-15,13.0,8.5
2000-11-15,0.5,8.3
2000-11-15,3.0,8.5
2000-11-15,3.0,8.5
2000-11-15,25.0,5.9
2000-11-15,5.0,8.5
2000-11-15,9.0,8.5
2000-11-15,7.0,8.5
2000-12-21,17.0,6.2
2000-12-21,30.0,6.2
2000-12-21,29.0,6.2
2000-12-21,27.0,6.2
2000-12-21,25.0,6.2
2000-12-21,23.0,6.2
2000-12-21,21.0,6.2
2000-12-21,19.0,6.2
2000-12-21,15.0,6.2
2000-12-21,13.0,6.2
2000-12-21,11.0,6.2
2000-12-21,9.0,6.2
2000-12-21,7.0,6.2
2000-12-21,5.0,6.2
2000-12-21,3.0,6.2
2000-12-21,3.0,6.2
2000-12-21,0.5,6.2
2001-01-10,25.0,4.3
2001-01-10,20.0,4.3
2001-01-10,31.0,4.3
2001-01-10,30.0,4.3
2001-01-10,3.0,4.2
2001-01-10,10.0,4.2
2001-01-10,15.0,4.3
2001-01-10,0.0,4.1
2001-02-07,0.5,1.8
2001-02-07,3.0,1.8
2001-02-07,5.0,1.8
2001-02-07,10.0,1.8
2001-02-07,15.0,1.8
2001-02-07,20.0,1.8
2001-02-07,25.0,1.8
2001-02-07,29.0,1.8
2001-02-07,30.0,1.8
2001-03-15,30.0,2.4
2001-03-15,20.0,2.4
2001-03-15,15.0,2.4
2001-03-15,10.0,2.5
2001-03-15,29.0,2.4
2001-03-15,0.5,2.5
2001-03-15,25.0,2.4
2001-03-15,3.0,2.5
2001-04-09,19.0,3.7
2001-04-09,29.0,3.6
2001-04-09,27.0,3.7
2001-04-09,25.0,3.7
2001-04-09,23.0,3.7
2001-04-09,21.0,3.7
2001-04-09,20.0,3.7
2001-04-09,30.0,3.6
2001-04-09,17.0,3.7
2001-04-09,13.0,3.7
2001-04-09,11.0,3.7
2001-04-09,9.0,3.7
2001-04-09,7.0,3.7
2001-04-09,5.0,3.7
2001-04-09,3.0,3.7
2001-04-09,1.0,3.7
2001-04-09,15.0,3.7
2001-04-19,30.0,4.2
2001-04-19,27.0,4.2
2001-04-19,25.0,4.2
2001-04-19,23.0,4.2
2001-04-19,21.0,4.2
2001-04-19,19.0,4.2
2001-04-19,17.5,4.2
2001-04-19,17.0,4.2
2001-04-19,29.0,4.2
2001-04-19,13.0,4.2
2001-04-19,11.0,4.2
2001-04-19,9.0,4.2
2001-04-19,7.0,4.2
2001-04-19,5.0,4.2
2001-04-19,3.0,4.3
2001-04-19,2.0,4.3
2001-04-19,0.0,4.3
2001-04-19,15.0,4.2
2001-05-03,30.0,4.6
2001-05-03,25.0,4.9
2001-05-03,20.0,5.0
2001-05-03,17.5,5.1
2001-05-03,17.0,5.1
2001-05-03,15.0,5.4
2001-05-03,13.0,5.9
2001-05-03,11.0,6.1
2001-05-03,7.0,6.8
2001-05-03,5.0,7.0
2001-05-03,3.0,7.0
2001-05-03,1.0,8.0
2001-05-03,0.0,8.1
2001-05-03,9.0,6.5
2001-05-17,15.0,5.9
2001-05-17,27.0,5.0
2001-05-17,25.0,5.0
2001-05-17,23.0,5.1
2001-05-17,29.0,4.9
2001-05-17,19.0,5.4
2001-05-17,17.5,5.7
2001-05-17,17.0,5.7
2001-05-17,13.0,6.8
2001-05-17,21.0,5.3
2001-05-17,9.0,8.0
2001-05-17,0.5,13.6
2001-05-17,1.0,13.5
2001-05-17,2.0,13.5
2001-05-17,11.0,7.3
2001-05-17,4.0,12.3
2001-05-17,5.0,11.1
2001-05-17,7.0,9.2
2001-05-17,3.0,13.4
2001-05-31,18.0,5.8
2001-05-31,30.0,5.0
2001-05-31,29.0,5.0
2001-05-31,27.0,5.0
2001-05-31,25.0,5.2
2001-05-31,23.0,5.3
2001-05-31,20.0,5.6
2001-05-31,15.0,6.5
2001-05-31,13.0,7.3
2001-05-31,11.0,8.5
2001-05-31,10.0,10.2
2001-05-31,9.0,11.0
2001-05-31,7.0,12.8
2001-05-31,5.0,13.2
2001-05-31,3.0,13.2
2001-05-31,1.0,13.2
2001-05-31,0.0,13.3
2001-06-13,17.5,5.7
2001-06-13,20.0,5.4
2001-06-13,22.0,5.2
2001-06-13,24.0,5.1
2001-06-13,29.0,5.0
2001-06-13,26.0,5.0
2001-06-13,28.0,5.0
2001-06-13,15.0,6.4
2001-06-13,30.0,5.0
2001-06-13,14.0,7.0
2001-06-13,3.0,13.0
2001-06-13,12.0,10.9
2001-06-13,11.0,11.7
2001-06-13,10.0,12.7
2001-06-13,9.0,12.8
2001-06-13,7.0,12.8
2001-06-13,5.0,12.9
2001-06-13,2.0,13.1
2001-06-13,1.0,13.3
2001-06-13,0.5,13.5
2001-06-13,13.0,7.7
2001-06-28,14.0,7.2
2001-06-28,15.0,6.3
2001-06-28,29.0,5.1
2001-06-28,16.0,5.9
2001-06-28,18.0,5.7
2001-06-28,28.0,5.1
2001-06-28,22.5,5.3
2001-06-28,24.0,5.2
2001-06-28,26.0,5.1
2001-06-28,13.0,8.1
2001-06-28,20.0,5.4
2001-06-28,12.0,9.8
2001-06-28,7.0,14.5
2001-06-28,10.0,12.7
2001-06-28,0.5,18.5
2001-06-28,1.0,18.5
2001-06-28,2.0,18.3
2001-06-28,3.0,18.0
2001-06-28,11.0,11.3
2001-06-28,5.0,16.5
2001-06-28,6.0,15.8
2001-06-28,8.0,13.6
2001-06-28,9.0,12.9
2001-06-28,4.0,16.8
2001-07-12,29.0,5.2
2001-07-12,28.0,5.2
2001-07-12,26.0,5.3
2001-07-12,24.0,5.3
2001-07-12,22.0,5.5
2001-07-12,20.0,5.7
2001-07-12,19.0,5.9
2001-07-12,18.0,6.1
2001-07-12,17.0,6.5
2001-07-12,15.0,7.7
2001-07-12,14.0,8.6
2001-07-12,16.0,6.8
2001-07-12,12.0,11.0
2001-07-12,13.0,9.3
2001-07-12,2.0,19.1
2001-07-12,3.0,19.2
2001-07-12,4.0,19.3
2001-07-12,6.0,18.7
2001-07-12,0.0,18.7
2001-07-12,8.0,14.6
2001-07-12,9.0,13.8
2001-07-12,10.0,12.6
2001-07-12,11.0,12.2
2001-07-12,7.0,15.6
2001-07-26,12.0,10.7
2001-07-26,29.0,5.2
2001-07-26,27.0,5.2
2001-07-26,25.0,5.2
2001-07-26,24.0,5.3
2001-07-26,22.0,5.5
2001-07-26,20.0,5.6
2001-07-26,17.5,6.2
2001-07-26,15.0,6.6
2001-07-26,13.0,7.9
2001-07-26,10.0,12.7
2001-07-26,11.0,11.9
2001-07-26,8.0,15.3
2001-07-26,1.0,21.3
2001-07-26,2.0,21.1
2001-07-26,2.5,20.2
2001-07-26,3.0,19.8
2001-07-26,4.0,19.6
2001-07-26,0.5,21.3
2001-07-26,6.0,18.9
2001-07-26,7.0,17.3
2001-07-26,7.5,15.8
2001-07-26,5.0,19.3
2001-07-26,9.0,13.9
2001-08-08,29.0,5.4
2001-08-08,13.0,8.8
2001-08-08,28.0,5.4
2001-08-08,26.0,5.4
2001-08-08,24.0,5.4
2001-08-08,22.0,5.7
2001-08-08,20.0,5.8
2001-08-08,18.0,6.2
2001-08-08,16.0,6.8
2001-08-08,15.0,7.2
2001-08-08,14.0,8.0
2001-08-08,11.0,11.1
2001-08-08,10.0,12.4
2001-08-08,9.0,13.8
2001-08-08,8.0,15.5
2001-08-08,7.0,18.3
2001-08-08,6.0,18.5
2001-08-08,4.0,18.5
2001-08-08,3.0,18.4
2001-08-08,2.0,18.3
2001-08-08,1.0,18.2
2001-08-08,0.5,18.0
2001-08-08,12.0,9.9
2001-08-23,16.0,6.7
2001-08-23,18.0,6.2
2001-08-23,20.0,5.8
2001-08-23,22.0,5.6
2001-08-23,14.0,7.6
2001-08-23,26.0,5.4
2001-08-23,28.0,5.4
2001-08-23,29.0,5.4
2001-08-23,24.0,5.4
2001-08-23,13.0,8.7
2001-08-23,30.0,5.3
2001-08-23,11.0,11.1
2001-08-23,10.0,12.5
2001-08-23,9.0,16.0
2001-08-23,7.0,18.2
2001-08-23,5.0,18.9
2001-08-23,3.0,19.3
2001-08-23,2.0,19.4
2001-08-23,1.0,19.5
2001-08-23,0.5,19.5
2001-08-23,12.0,10.1
2001-09-05,16.0,6.7
2001-09-05,18.0,6.1
2001-09-05,20.0,5.8
2001-09-05,22.0,5.6
2001-09-05,30.0,5.3
2001-09-05,26.0,5.4
2001-09-05,28.0,5.3
2001-09-05,29.0,5.3
2001-09-05,15.0,7.4
2001-09-05,24.0,5.4
2001-09-05,14.0,7.9
2001-09-05,2.0,17.4
2001-09-05,12.0,9.7
2001-09-05,1.0,17.4
2001-09-05,13.0,8.8
2001-09-05,3.0,17.3
2001-09-05,4.0,17.3
2001-09-05,0.5,17.4
2001-09-05,8.0,17.2
2001-09-05,9.0,17.0
2001-09-05,10.0,14.6
2001-09-05,11.0,11.2
2001-09-05,6.0,17.3
2001-09-20,15.0,7.4
2001-09-20,30.0,5.3
2001-09-20,29.0,5.3
2001-09-20,28.0,5.4
2001-09-20,26.0,5.4
2001-09-20,24.0,5.5
2001-09-20,22.0,5.5
2001-09-20,20.0,5.9
2001-09-20,18.0,6.1
2001-09-20,16.0,6.2
2001-09-20,14.0,8.0
2001-09-20,12.0,11.0
2001-09-20,1.0,14.6
2001-09-20,11.0,13.5
2001-09-20,10.0,14.5
2001-09-20,8.0,14.6
2001-09-20,6.0,14.6
2001-09-20,4.0,14.6
2001-09-20,3.0,14.6
2001-09-20,2.0,14.6
2001-09-20,13.0,9.2
2001-09-20,0.5,14.5
2001-10-17,17.5,8.0
2001-10-17,18.0,7.2
2001-10-17,28.0,5.6
2001-10-17,16.0,9.0
2001-10-17,24.0,5.7
2001-10-17,26.0,5.7
2001-10-17,22.0,6.0
2001-10-17,14.0,12.5
2001-10-17,20.0,6.4
2001-10-17,10.0,13.2
2001-10-17,12.0,13.0
2001-10-17,0.0,13.0
2001-10-17,3.0,13.1
2001-10-17,2.0,13.1
2001-10-17,6.0,13.2
2001-10-17,4.0,13.2
2001-10-17,8.0,13.2
2001-11-06,17.0,9.5
2001-11-06,18.0,9.0
2001-11-06,17.5,9.5
2001-11-06,14.0,9.6
2001-11-06,10.0,9.6
2001-11-06,8.0,9.6
2001-11-06,6.0,9.6
2001-11-06,4.0,9.6
2001-11-06,3.0,9.6
2001-11-06,2.0,9.6
2001-11-06,12.0,9.6
2001-11-06,0.5,9.6
2001-11-06,1.0,9.6
2001-11-06,20.0,7.0
2001-11-06,21.0,6.0
2001-11-06,22.0,5.7
2001-11-06,19.0,8.1
2001-11-06,25.0,5.5
2001-11-06,27.0,5.5
2001-11-06,30.0,5.4
2001-11-06,23.0,5.6
2001-12-05,19.0,5.9
2001-12-05,31.0,5.9
2001-12-05,30.0,5.9
2001-12-05,29.0,5.9
2001-12-05,25.0,5.9
2001-12-05,21.0,5.9
2001-12-05,17.0,5.9
2001-12-05,9.0,5.9
2001-12-05,13.0,5.9
2001-12-05,11.0,5.9
2001-12-05,7.0,6.0
2001-12-05,5.0,6.0
2001-12-05,3.0,6.0
2001-12-05,0.5,6.0
2001-12-05,15.0,5.9
2002-01-16,30.0,2.9
2002-01-16,29.0,2.8
2002-01-16,25.0,2.5
2002-01-16,20.0,2.2
2002-01-16,15.0,2.1
2002-01-16,10.0,2.0
2002-01-16,3.0,2.2
2002-01-16,2.0,2.3
2002-01-16,1.0,2.4
2002-01-16,0.5,2.6
2002-01-16,5.0,2.2
2002-02-07,30.0,4.0
2002-02-07,25.0,4.0
2002-02-07,20.0,4.1
2002-02-07,15.0,4.1
2002-02-07,10.0,4.2
2002-02-07,5.0,4.2
2002-02-07,3.0,4.2
2002-02-07,0.5,4.2
2002-03-07,30.0,3.0
2002-03-07,25.0,3.0
2002-03-07,20.0,3.0
2002-03-07,15.0,3.0
2002-03-07,1.0,3.0
2002-03-07,5.0,3.0
2002-03-07,3.0,3.0
2002-03-07,0.5,3.0
2002-03-07,10.0,3.0
2002-03-21,19.0,3.6
2002-03-21,31.0,3.7
2002-03-21,29.0,3.7
2002-03-21,27.0,3.7
2002-03-21,25.0,3.7
2002-03-21,23.0,3.7
2002-03-21,21.0,3.7
2002-03-21,17.0,3.6
2002-03-21,2.0,3.7
2002-03-21,13.0,3.6
2002-03-21,11.0,3.7
2002-03-21,9.0,3.7
2002-03-21,7.0,3.7
2002-03-21,5.0,3.7
2002-03-21,3.0,3.7
2002-03-21,1.0,3.8
2002-03-21,15.0,3.6
2002-04-04,19.0,4.3
2002-04-04,30.0,4.1
2002-04-04,29.0,4.2
2002-04-04,27.0,4.3
2002-04-04,25.0,4.3
2002-04-04,23.0,4.3
2002-04-04,21.0,4.3
2002-04-04,17.5,4.4
2002-04-04,17.0,4.4
2002-04-04,13.0,4.5
2002-04-04,11.0,4.6
2002-04-04,9.0,4.8
2002-04-04,7.0,5.0
2002-04-04,5.0,5.2
2002-04-04,3.0,5.2
2002-04-04,1.0,5.3
2002-04-04,0.5,5.3
2002-04-04,15.0,4.4
2002-04-18,30.0,5.1
2002-04-18,25.0,5.2
2002-04-18,20.0,5.3
2002-04-18,17.5,5.4
2002-04-18,15.0,5.6
2002-04-18,12.0,5.9
2002-04-18,7.0,6.2
2002-04-18,4.0,6.2
2002-04-18,3.0,6.2
2002-04-18,2.0,6.2
2002-04-18,1.0,6.2
2002-04-18,0.5,6.2
2002-04-18,10.0,6.1
2002-05-02,17.0,6.1
2002-05-02,30.0,5.5
2002-05-02,29.0,5.6
2002-05-02,26.0,5.6
2002-05-02,23.0,5.7
2002-05-02,20.0,5.8
2002-05-02,17.5,6.0
2002-05-02,15.0,6.5
2002-05-02,3.0,8.6
2002-05-02,11.0,8.0
2002-05-02,9.0,8.2
2002-05-02,7.0,8.3
2002-05-02,5.0,8.4
2002-05-02,1.0,8.7
2002-05-02,0.5,8.8
2002-05-02,13.0,7.1
2002-05-15,18.0,6.7
2002-05-15,15.0,7.0
2002-05-15,16.0,6.8
2002-05-15,29.0,5.9
2002-05-15,20.0,6.3
2002-05-15,14.0,7.5
2002-05-15,24.0,6.1
2002-05-15,26.0,6.0
2002-05-15,28.0,5.9
2002-05-15,28.5,5.9
2002-05-15,22.0,6.2
2002-05-15,13.0,8.1
2002-05-15,17.5,6.7
2002-05-15,11.0,9.3
2002-05-15,12.0,8.7
2002-05-15,1.0,12.5
2002-05-15,2.0,12.3
2002-05-15,3.0,12.2
2002-05-15,4.0,12.1
2002-05-15,0.5,12.9
2002-05-15,7.0,10.9
2002-05-15,8.0,10.7
2002-05-15,9.0,10.6
2002-05-15,10.0,9.8
2002-05-15,6.0,11.8
2002-05-29,17.5,7.5
2002-05-29,30.0,6.0
2002-05-29,29.0,6.2
2002-05-29,27.0,6.2
2002-05-29,25.0,6.2
2002-05-29,23.0,6.4
2002-05-29,21.0,6.8
2002-05-29,19.0,7.0
2002-05-29,17.0,7.5
2002-05-29,15.0,8.3
2002-05-29,13.0,9.0
2002-05-29,11.0,9.5
2002-05-29,9.0,11.5
2002-05-29,7.0,13.3
2002-05-29,5.0,15.4
2002-05-29,3.0,17.0
2002-05-29,1.0,17.6
2002-05-29,0.5,17.8
2002-06-11,14.0,7.4
2002-06-11,15.0,7.1
2002-06-11,16.0,6.8
2002-06-11,18.0,6.5
2002-06-11,26.0,5.9
2002-06-11,22.0,6.1
2002-06-11,24.0,6.0
2002-06-11,13.0,8.3
2002-06-11,28.0,5.9
2002-06-11,20.0,6.3
2002-06-11,12.0,8.7
2002-06-11,29.0,5.8
2002-06-11,10.0,11.2
2002-06-11,9.0,12.7
2002-06-11,8.0,15.7
2002-06-11,7.0,16.8
2002-06-11,6.0,17.2
2002-06-11,5.0,17.5
2002-06-11,4.0,17.5
2002-06-11,3.0,17.5
2002-06-11,2.0,17.5
2002-06-11,1.0,17.5
2002-06-11,0.5,17.4
2002-06-11,11.0,9.8
2002-06-27,15.0,6.9
2002-06-27,16.0,6.7
2002-06-27,18.0,6.4
2002-06-27,20.0,6.1
2002-06-27,30.0,5.8
2002-06-27,24.0,5.9
2002-06-27,26.0,5.9
2002-06-27,29.0,5.8
2002-06-27,14.0,7.6
2002-06-27,22.0,5.9
2002-06-27,13.0,8.4
2002-06-27,28.0,5.8
2002-06-27,11.0,10.8
2002-06-27,1.0,17.1
2002-06-27,2.0,17.1
2002-06-27,3.0,17.2
2002-06-27,4.0,17.2
2002-06-27,0.5,17.1
2002-06-27,8.0,17.1
2002-06-27,9.0,16.4
2002-06-27,10.0,14.3
2002-06-27,6.0,17.2
2002-06-27,12.0,9.3
2002-07-11,17.0,7.0
2002-07-11,30.0,5.8
2002-07-11,29.0,5.8
2002-07-11,27.0,5.9
2002-07-11,25.0,5.9
2002-07-11,23.0,6.1
2002-07-11,21.0,6.4
2002-07-11,20.0,6.6
2002-07-11,19.0,6.7
2002-07-11,15.0,7.4
2002-07-11,12.0,10.0
2002-07-11,11.0,13.8
2002-07-11,10.0,15.3
2002-07-11,9.0,16.0
2002-07-11,7.0,16.7
2002-07-11,5.0,17.7
2002-07-11,3.0,18.5
2002-07-11,1.0,18.5
2002-07-11,13.0,8.6
2002-07-25,20.0,6.8
2002-07-25,21.0,6.6
2002-07-25,22.0,6.5
2002-07-25,23.0,6.4
2002-07-25,28.0,6.2
2002-07-25,25.0,6.3
2002-07-25,26.0,6.2
2002-07-25,27.0,6.2
2002-07-25,19.0,7.0
2002-07-25,29.0,6.1
2002-07-25,18.0,7.4
2002-07-25,24.0,6.4
2002-07-25,16.0,8.4
2002-07-25,17.0,7.8
2002-07-25,0.5,17.5
2002-07-25,3.0,17.4
2002-07-25,7.0,17.4
2002-07-25,9.0,17.4
2002-07-25,5.0,17.4
2002-07-25,12.0,13.7
2002-07-25,13.0,11.0
2002-07-25,14.0,10.3
2002-07-25,15.0,8.6
2002-07-25,11.0,17.0
2002-08-08,22.0,6.5
2002-08-08,18.0,7.1
2002-08-08,19.0,6.9
2002-08-08,20.0,6.7
2002-08-08,21.0,6.6
2002-08-08,23.0,6.4
2002-08-08,29.0,6.2
2002-08-08,25.0,6.3
2002-08-08,26.0,6.2
2002-08-08,27.0,6.2
2002-08-08,28.0,6.2
2002-08-08,17.0,7.2
2002-08-08,24.0,6.3
2002-08-08,16.0,8.3
2002-08-08,14.0,10.4
2002-08-08,2.0,21.2
2002-08-08,0.5,21.6
2002-08-08,1.0,21.3
2002-08-08,15.0,9.0
2002-08-08,3.0,21.0
2002-08-08,4.0,20.9
2002-08-08,7.0,18.3
2002-08-08,5.0,19.4
2002-08-08,9.0,17.4
2002-08-08,10.0,16.9
2002-08-08,11.0,15.8
2002-08-08,12.0,13.8
2002-08-08,13.0,11.2
2002-08-08,8.0,17.7
2002-08-21,18.0,7.1
2002-08-21,14.0,8.8
2002-08-21,16.0,7.5
2002-08-21,20.0,6.7
2002-08-21,13.0,9.9
2002-08-21,24.0,6.3
2002-08-21,26.0,6.2
2002-08-21,28.0,6.2
2002-08-21,22.0,6.5
2002-08-21,12.0,12.0
2002-08-21,4.0,21.4
2002-08-21,9.0,16.9
2002-08-21,1.0,22.1
2002-08-21,2.0,21.9
2002-08-21,3.0,21.5
2002-08-21,0.5,22.1
2002-08-21,6.0,20.0
2002-08-21,7.0,18.2
2002-08-21,8.0,17.3
2002-08-21,5.0,21.3
2002-08-21,11.0,15.0
2002-09-05,29.0,6.2
2002-09-05,14.0,9.1
2002-09-05,27.0,6.2
2002-09-05,25.0,6.3
2002-09-05,23.0,6.4
2002-09-05,21.0,6.5
2002-09-05,20.0,6.6
2002-09-05,19.0,6.8
2002-09-05,17.0,7.4
2002-09-05,15.0,8.3
2002-09-05,12.0,13.2
2002-09-05,11.0,14.7
2002-09-05,10.0,16.7
2002-09-05,8.0,17.8
2002-09-05,7.0,19.5
2002-09-05,5.0,19.9
2002-09-05,3.0,19.9
2002-09-05,2.0,20.0
2002-09-05,1.0,20.0
2002-09-05,0.5,20.0
2002-09-05,13.0,11.5
2002-09-26,16.0,7.8
2002-09-26,18.0,7.1
2002-09-26,20.0,6.7
2002-09-26,15.0,8.7
2002-09-26,24.0,6.4
2002-09-26,26.0,6.3
2002-09-26,28.0,6.3
2002-09-26,22.0,6.5
2002-09-26,14.0,9.7
2002-09-26,30.0,6.2
2002-09-26,12.0,13.0
2002-09-26,13.0,11.0
2002-09-26,1.0,16.1
2002-09-26,2.0,16.1
2002-09-26,3.0,16.1
2002-09-26,0.5,16.0
2002-09-26,7.0,16.1
2002-09-26,9.0,16.1
2002-09-26,11.0,15.7
2002-09-26,5.0,16.1
2002-10-16,17.5,9.1
2002-10-16,29.0,6.3
2002-10-16,27.0,6.3
2002-10-16,25.0,6.4
2002-10-16,23.0,6.5
2002-10-16,21.0,6.7
2002-10-16,19.0,7.5
2002-10-16,17.0,9.1
2002-10-16,13.0,10.6
2002-10-16,11.0,10.6
2002-10-16,9.0,10.6
2002-10-16,7.0,10.6
2002-10-16,5.0,10.5
2002-10-16,3.0,10.5
2002-10-16,1.0,10.5
2002-10-16,0.5,10.4
2002-10-16,15.0,10.6
2002-11-07,17.0,7.2
2002-11-07,28.0,7.2
2002-11-07,25.0,7.2
2002-11-07,23.0,7.2
2002-11-07,21.0,7.2
2002-11-07,19.0,7.2
2002-11-07,17.5,7.2
2002-11-07,15.0,7.2
2002-11-07,3.0,7.3
2002-11-07,11.0,7.2
2002-11-07,9.0,7.2
2002-11-07,7.0,7.3
2002-11-07,5.0,7.3
2002-11-07,1.0,7.3
2002-11-07,0.5,7.3
2002-11-07,13.0,7.2
2002-12-12,29.0,4.3
2002-12-12,28.0,4.3
2002-12-12,25.0,4.3
2002-12-12,20.0,4.3
2002-12-12,5.0,4.2
2002-12-12,3.0,4.2
2002-12-12,0.5,4.1
2002-12-12,10.0,4.3
2003-01-15,0.0,2.4
2003-02-05,19.0,3.1
2003-02-05,29.0,3.5
2003-02-05,27.0,3.5
2003-02-05,25.0,3.4
2003-02-05,31.0,3.6
2003-02-05,23.0,3.3
2003-02-05,21.0,3.3
2003-02-05,15.0,2.8
2003-02-05,5.0,2.5
2003-02-05,11.0,2.5
2003-02-05,9.0,2.5
2003-02-05,7.0,2.5
2003-02-05,3.0,2.4
2003-02-05,1.0,2.4
2003-02-05,0.0,2.2
2003-02-05,13.0,2.6
2003-03-12,30.0,3.3
2003-03-12,25.0,3.2
2003-03-12,20.0,3.2
2003-03-12,15.0,3.3
2003-03-12,5.0,3.4
2003-03-12,3.0,3.4
2003-03-12,0.0,3.4
2003-03-12,10.0,3.4
2003-03-26,20.0,3.9
2003-03-26,30.0,3.9
2003-03-26,25.0,3.9
2003-03-26,15.0,3.9
2003-03-26,0.0,4.0
2003-03-26,5.0,4.0
2003-03-26,3.0,4.0
2003-03-26,10.0,3.9
2003-04-15,18.0,5.1
2003-04-15,29.0,5.0
2003-04-15,28.0,5.0
2003-04-15,30.0,5.0
2003-04-15,26.0,5.0
2003-04-15,24.0,5.0
2003-04-15,22.0,5.0
2003-04-15,20.0,5.1
2003-04-15,17.5,5.2
2003-04-15,3.0,5.6
2003-04-15,14.0,5.2
2003-04-15,12.0,5.2
2003-04-15,10.0,5.2
2003-04-15,8.0,5.3
2003-04-15,6.0,5.4
2003-04-15,4.0,5.5
2003-04-15,2.0,5.6
2003-04-15,0.0,5.6
2003-04-15,16.0,5.2
2003-04-23,17.0,6.7
2003-04-23,17.5,6.7
2003-04-23,19.0,6.6
2003-04-23,15.0,6.7
2003-04-23,25.0,6.3
2003-04-23,27.0,6.3
2003-04-23,29.0,6.2
2003-04-23,23.0,6.4
2003-04-23,13.0,6.8
2003-04-23,21.0,6.5
2003-04-23,9.0,7.1
2003-04-23,7.0,7.1
2003-04-23,5.0,7.2
2003-04-23,4.0,7.3
2003-04-23,11.0,6.9
2003-04-23,3.0,7.4
2003-04-23,2.0,7.5
2003-04-23,1.0,7.6
2003-04-23,0.5,7.7
2003-05-07,30.0,6.8
2003-05-07,25.0,7.0
2003-05-07,20.0,7.5
2003-05-07,17.5,7.6
2003-05-07,16.0,8.1
2003-05-07,14.0,8.4
2003-05-07,12.0,9.0
2003-05-07,10.0,9.2
2003-05-07,8.0,9.6
2003-05-07,6.0,10.0
2003-05-07,4.0,10.1
2003-05-07,3.0,10.1
2003-05-07,2.0,10.2
2003-05-07,1.0,10.2
2003-05-07,0.5,10.2
2003-05-21,30.0,7.1
2003-05-21,29.0,7.1
2003-05-21,27.0,7.2
2003-05-21,25.0,7.3
2003-05-21,23.0,7.5
2003-05-21,21.0,7.6
2003-05-21,19.0,8.2
2003-05-21,17.5,8.5
2003-05-21,17.0,8.6
2003-05-21,2.0,11.6
2003-05-21,13.0,9.7
2003-05-21,11.0,10.4
2003-05-21,9.0,11.2
2003-05-21,7.0,11.4
2003-05-21,5.0,11.8
2003-05-21,3.0,11.5
2003-05-21,0.5,11.7
2003-05-21,15.0,9.4
2003-06-02,17.5,9.1
2003-06-02,19.0,8.7
2003-06-02,21.0,8.3
2003-06-02,30.0,7.3
2003-06-02,27.0,7.6
2003-06-02,29.0,7.5
2003-06-02,17.0,9.2
2003-06-02,25.0,7.8
2003-06-02,15.0,10.0
2003-06-02,23.0,8.0
2003-06-02,11.0,12.0
2003-06-02,1.0,17.3
2003-06-02,3.0,17.3
2003-06-02,4.0,15.3
2003-06-02,0.0,17.3
2003-06-02,5.0,14.3
2003-06-02,7.0,13.6
2003-06-02,9.0,12.7
2003-06-02,13.0,11.0
2003-06-18,17.5,7.7
2003-06-18,30.0,7.0
2003-06-18,29.0,7.0
2003-06-18,27.0,7.0
2003-06-18,25.0,7.0
2003-06-18,23.0,7.1
2003-06-18,21.0,7.3
2003-06-18,19.0,7.5
2003-06-18,17.0,7.9
2003-06-18,15.0,8.4
2003-06-18,11.0,10.6
2003-06-18,9.0,11.6
2003-06-18,8.0,12.2
2003-06-18,7.0,13.9
2003-06-18,6.0,16.6
2003-06-18,5.0,17.3
2003-06-18,3.0,17.3
2003-06-18,1.0,17.3
2003-06-18,0.0,17.3
2003-06-18,13.0,9.4
2003-07-09,17.0,8.2
2003-07-09,17.5,8.2
2003-07-09,19.0,7.7
2003-07-09,21.0,7.5
2003-07-09,23.0,7.3
2003-07-09,30.0,7.0
2003-07-09,27.0,7.1
2003-07-09,29.0,7.1
2003-07-09,0.0,18.6
2003-07-09,25.0,7.2
2003-07-09,15.0,9.0
2003-07-09,3.0,18.4
2003-07-09,12.0,10.4
2003-07-09,11.0,11.2
2003-07-09,10.0,13.3
2003-07-09,8.0,15.9
2003-07-09,7.0,16.8
2003-07-09,6.0,17.4
2003-07-09,5.0,18.3
2003-07-09,3.0,18.4
2003-07-09,1.0,18.5
2003-07-09,13.0,10.1
2003-07-16,19.0,7.8
2003-07-16,20.0,7.65
2003-07-16,21.0,7.5
2003-07-16,23.0,7.3
2003-07-16,29.5,7.05
2003-07-16,25.0,7.2
2003-07-16,27.0,7.1
2003-07-16,29.0,7.1
2003-07-16,17.0,8.1
2003-07-16,30.0,7.0
2003-07-16,15.0,9.1
2003-07-16,5.0,18.5
2003-07-16,12.0,11.2
2003-07-16,14.0,9.7
2003-07-16,0.0,20.3
2003-07-16,2.0,20.4
2003-07-16,4.0,19.8
2003-07-16,2.0,20.4
2003-07-16,7.0,17.6
2003-07-16,8.0,16.7
2003-07-16,9.0,15.4
2003-07-16,10.0,13.3
2003-07-16,6.0,18.1
2003-07-29,23.0,7.2
2003-07-29,18.0,7.8
2003-07-29,19.0,7.6
2003-07-29,20.0,7.4
2003-07-29,21.0,7.3
2003-07-29,22.0,7.2
2003-07-29,24.0,7.1
2003-07-29,28.5,7.0
2003-07-29,26.0,7.0
2003-07-29,27.0,7.0
2003-07-29,28.0,7.0
2003-07-29,17.0,8.2
2003-07-29,29.0,6.9
2003-07-29,30.0,6.9
2003-07-29,25.0,7.1
2003-07-29,16.0,8.4
2003-07-29,14.0,9.4
2003-07-29,3.0,21.4
2003-07-29,0.5,22.7
2003-07-29,1.0,22.0
2003-07-29,2.0,21.7
2003-07-29,15.0,8.8
2003-07-29,3.0,21.4
2003-07-29,4.0,21.4
2003-07-29,6.0,19.5
2003-07-29,5.0,21.0
2003-07-29,8.0,17.1
2003-07-29,9.0,15.4
2003-07-29,10.0,13.7
2003-07-29,11.0,12.3
2003-07-29,12.0,10.9
2003-07-29,13.0,10.3
2003-07-29,7.0,17.9
2003-08-13,30.0,7.0
2003-08-13,18.0,7.7
2003-08-13,20.0,7.5
2003-08-13,22.0,7.3
2003-08-13,17.5,7.9
2003-08-13,26.0,7.1
2003-08-13,28.0,7.0
2003-08-13,29.5,7.0
2003-08-13,24.0,7.1
2003-08-13,16.0,8.2
2003-08-13,7.0,17.6
2003-08-13,12.0,11.0
2003-08-13,0.0,23.8
2003-08-13,1.0,23.7
2003-08-13,3.0,23.6
2003-08-13,14.0,9.2
2003-08-13,6.0,19.3
2003-08-13,8.0,16.6
2003-08-13,10.0,13.8
2003-08-13,5.0,21.3
2003-08-28,30.0,7.1
2003-08-28,29.0,7.1
2003-08-28,16.0,8.3
2003-08-28,26.0,7.3
2003-08-28,24.0,7.4
2003-08-28,22.0,7.5
2003-08-28,21.0,7.6
2003-08-28,20.0,7.6
2003-08-28,19.0,7.8
2003-08-28,18.0,7.8
2003-08-28,17.0,8.1
2003-08-28,28.0,7.2
2003-08-28,15.0,8.6
2003-08-28,13.0,9.9
2003-08-28,14.0,9.1
2003-08-28,1.0,18.5
2003-08-28,2.0,18.2
2003-08-28,3.0,18.2
2003-08-28,3.0,18.2
2003-08-28,0.5,18.6
2003-08-28,7.0,18.0
2003-08-28,9.0,17.8
2003-08-28,10.0,15.7
2003-08-28,11.0,12.2
2003-08-28,12.0,10.7
2003-08-28,5.0,18.1
2003-09-10,3.0,16.8
2003-09-10,14.0,9.4
2003-09-10,13.0,9.9
2003-09-10,12.0,10.8
2003-09-10,11.0,13.5
2003-09-10,10.0,16.5
2003-09-10,8.0,16.8
2003-09-10,6.0,16.8
2003-09-10,4.0,16.8
2003-09-10,2.0,16.8
2003-09-10,30.0,7.2
2003-09-10,0.5,16.8
2003-09-10,1.0,16.8
2003-09-10,29.0,7.2
2003-09-10,25.0,7.3
2003-09-10,22.0,7.5
2003-09-10,20.0,7.7
2003-09-10,18.0,8.1
2003-09-10,16.0,8.6
2003-09-10,15.0,8.8
2003-09-24,16.0,8.4
2003-09-24,18.0,8.0
2003-09-24,20.0,7.6
2003-09-24,22.0,7.4
2003-09-24,29.0,7.2
2003-09-24,26.0,7.3
2003-09-24,28.0,7.2
2003-09-24,15.0,9.0
2003-09-24,24.0,7.3
2003-09-24,14.0,9.7
2003-09-24,22.5,7.6
2003-09-24,12.0,14.5
2003-09-24,13.0,11.3
2003-09-24,0.5,15.9
2003-09-24,2.0,15.9
2003-09-24,3.0,15.9
2003-09-24,1.0,15.9
2003-09-24,6.0,15.8
2003-09-24,8.0,15.8
2003-09-24,10.0,15.8
2003-09-24,11.0,15.7
2003-09-24,4.0,15.9
2003-10-15,29.0,7.0
2003-10-15,19.0,8.1
2003-10-15,27.0,7.1
2003-10-15,25.0,7.2
2003-10-15,23.0,7.3
2003-10-15,22.5,7.4
2003-10-15,21.0,7.5
2003-10-15,17.0,9.0
2003-10-15,9.0,11.4
2003-10-15,13.0,11.3
2003-10-15,11.0,11.3
2003-10-15,7.0,11.4
2003-10-15,5.0,11.4
2003-10-15,3.0,11.4
2003-10-15,3.0,11.4
2003-10-15,1.0,11.4
2003-10-15,15.0,11.3
2003-11-12,25.0,7.7
2003-11-12,29.5,7.1
2003-11-12,29.0,7.2
2003-11-12,28.0,7.6
2003-11-12,27.0,7.7
2003-11-12,20.0,7.7
2003-11-12,3.0,7.7
2003-11-12,15.0,7.7
2003-11-12,10.0,7.7
2003-11-12,5.0,7.7
2003-11-12,17.5,7.7
2003-11-12,0.0,7.7
2003-12-16,30.0,5.4
2003-12-16,29.0,5.5
2003-12-16,25.0,5.5
2003-12-16,20.0,5.5
2003-12-16,10.0,5.5
2003-12-16,5.0,5.5
2003-12-16,3.0,5.5
2003-12-16,0.0,5.5
2003-12-16,15.0,5.5
2004-01-13,20.0,3.4
2004-01-13,28.0,3.4
2004-01-13,25.0,3.4
2004-01-13,15.0,3.4
2004-01-13,29.0,3.4
2004-01-13,5.0,3.4
2004-01-13,3.0,3.4
2004-01-13,0.0,3.4
2004-01-13,10.0,3.4
2004-02-10,27.0,3.1
2004-02-10,25.0,3.0
2004-02-10,20.0,2.9
2004-02-10,15.0,2.9
2004-02-10,28.5,3.1
2004-02-10,5.0,2.9
2004-02-10,3.0,2.9
2004-02-10,0.0,2.9
2004-02-10,10.0,2.9
2004-03-11,29.0,2.8
2004-03-11,25.0,2.6
2004-03-11,20.0,2.5
2004-03-11,15.0,2.5
2004-03-11,10.0,2.5
2004-03-11,3.5,2.5
2004-03-11,3.0,2.5
2004-03-11,0.0,2.5
2004-03-11,5.0,2.5
2004-03-31,3.0,4.5
2004-03-31,10.0,4.4
2004-03-31,5.0,4.5
2004-03-31,3.0,4.5
2004-03-31,15.0,4.4
2004-03-31,30.0,4.1
2004-03-31,29.0,4.1
2004-03-31,25.0,4.2
2004-03-31,20.0,4.4
2004-03-31,0.0,4.5
2004-04-14,28.0,5.0
2004-04-14,27.0,5.0
2004-04-14,25.0,5.0
2004-04-14,20.0,5.1
2004-04-14,10.0,5.5
2004-04-14,15.0,5.2
2004-04-14,6.0,5.7
2004-04-14,4.0,5.7
2004-04-14,2.0,5.7
2004-04-14,2.0,5.7
2004-04-14,0.0,5.4
2004-04-14,7.0,5.6
2004-04-28,9.0,6.5
2004-04-28,29.0,5.2
2004-04-28,27.0,5.3
2004-04-28,20.0,5.4
2004-04-28,15.0,5.5
2004-04-28,12.0,5.8
2004-04-28,10.0,6.3
2004-04-28,8.0,6.8
2004-04-28,25.0,5.3
2004-04-28,6.0,10.1
2004-04-28,7.0,7.6
2004-04-28,1.0,10.5
2004-04-28,2.0,10.5
2004-04-28,0.5,10.5
2004-04-28,3.0,10.4
2004-04-28,4.0,10.5
2004-04-28,5.0,10.5
2004-04-28,3.0,10.4
2004-05-11,29.0,5.4
2004-05-11,27.0,5.1
2004-05-11,25.0,5.4
2004-05-11,23.0,5.5
2004-05-11,21.0,5.6
2004-05-11,19.0,5.8
2004-05-11,17.0,6.1
2004-05-11,13.0,7.0
2004-05-11,15.0,6.4
2004-05-11,9.0,9.6
2004-05-11,7.0,11.0
2004-05-11,5.0,11.8
2004-05-11,4.0,12.1
2004-05-11,3.0,13.0
2004-05-11,2.0,14.3
2004-05-11,1.0,14.5
2004-05-11,0.0,14.6
2004-05-11,11.0,8.1
2004-05-13,13.0,6.1
2004-05-13,15.0,5.8
2004-05-13,17.0,5.6
2004-05-13,19.0,5.5
2004-05-13,20.0,5.4
2004-05-13,29.0,5.3
2004-05-13,23.0,5.4
2004-05-13,25.0,5.4
2004-05-13,27.0,5.4
2004-05-13,12.0,6.8
2004-05-13,21.0,5.4
2004-05-13,11.0,7.6
2004-05-13,1.0,13.2
2004-05-13,9.0,8.6
2004-05-13,0.5,13.2
2004-05-13,2.0,13.2
2004-05-13,2.0,13.2
2004-05-13,3.0,13.2
2004-05-13,10.0,8.1
2004-05-13,5.0,13.1
2004-05-13,6.0,11.5
2004-05-13,7.0,10.8
2004-05-13,8.0,9.7
2004-05-13,4.0,13.2
2004-05-26,14.0,6.8
2004-05-26,29.0,5.2
2004-05-26,27.0,5.2
2004-05-26,25.0,5.3
2004-05-26,23.0,5.4
2004-05-26,21.5,5.5
2004-05-26,21.0,5.5
2004-05-26,19.0,5.6
2004-05-26,17.0,5.7
2004-05-26,15.0,6.3
2004-05-26,31.0,5.2
2004-05-26,13.0,7.1
2004-05-26,11.0,10.5
2004-05-26,10.0,11.1
2004-05-26,9.0,11.6
2004-05-26,7.0,11.6
2004-05-26,5.0,11.6
2004-05-26,3.5,11.6
2004-05-26,3.0,11.6
2004-05-26,2.0,11.6
2004-05-26,0.0,11.6
2004-05-26,12.0,8.7
2004-06-08,16.0,6.6
2004-06-08,30.0,5.4
2004-06-08,18.0,5.8
2004-06-08,20.0,5.6
2004-06-08,29.0,5.4
2004-06-08,24.0,5.5
2004-06-08,26.0,5.4
2004-06-08,28.0,5.4
2004-06-08,15.0,7.5
2004-06-08,22.0,5.5
2004-06-08,14.0,8.0
2004-06-08,9.0,12.4
2004-06-08,12.0,10.3
2004-06-08,0.0,15.9
2004-06-08,1.0,15.9
2004-06-08,3.0,15.9
2004-06-08,5.0,15.6
2004-06-08,13.0,9.0
2004-06-08,7.0,14.0
2004-06-08,8.0,13.0
2004-06-08,10.0,11.5
2004-06-08,11.0,10.9
2004-06-08,6.0,15.4
2004-06-23,28.0,5.4
2004-06-23,7.0,15.6
2004-06-23,6.0,15.6
2004-06-23,5.0,15.6
2004-06-23,4.0,15.6
2004-06-23,3.0,15.6
2004-06-23,2.0,15.6
2004-06-23,1.0,15.6
2004-06-23,0.0,15.4
2004-06-23,29.0,5.4
2004-06-23,26.0,5.4
2004-06-23,24.0,5.5
2004-06-23,8.0,15.4
2004-06-23,22.0,5.5
2004-06-23,9.0,14.6
2004-06-23,10.0,14.5
2004-06-23,12.0,10.7
2004-06-23,13.0,9.2
2004-06-23,11.0,13.2
2004-06-23,15.0,6.2
2004-06-23,16.0,5.9
2004-06-23,18.0,5.7
2004-06-23,20.0,5.6
2004-06-23,14.0,7.1
2004-07-01,15.0,6.9
2004-07-01,12.0,13.8
2004-07-01,13.0,9.7
2004-07-01,14.0,8.2
2004-07-01,16.0,6.2
2004-07-01,11.0,14.5
2004-07-01,20.0,5.7
2004-07-01,23.0,5.6
2004-07-01,26.0,5.5
2004-07-01,29.0,5.5
2004-07-01,17.0,6.1
2004-07-01,10.0,14.6
2004-07-01,9.0,14.6
2004-07-01,8.0,14.9
2004-07-01,7.0,14.9
2004-07-01,6.0,15.0
2004-07-01,5.0,15.4
2004-07-01,4.0,15.5
2004-07-01,4.0,15.5
2004-07-01,3.0,15.6
2004-07-01,2.0,15.7
2004-07-01,1.0,15.7
2004-07-01,0.5,15.7
2004-07-01,0.0,15.7
2004-07-07,14.0,7.4
2004-07-07,15.0,6.7
2004-07-07,16.0,6.4
2004-07-07,18.0,6.0
2004-07-07,20.0,5.7
2004-07-07,29.0,5.5
2004-07-07,24.0,5.5
2004-07-07,26.0,5.5
2004-07-07,28.0,5.5
2004-07-07,13.0,9.9
2004-07-07,22.0,5.6
2004-07-07,12.0,12.2
2004-07-07,10.0,15.0
2004-07-07,0.5,16.0
2004-07-07,9.0,15.2
2004-07-07,8.0,15.8
2004-07-07,7.0,15.8
2004-07-07,6.0,15.9
2004-07-07,5.0,15.9
2004-07-07,4.0,16.0
2004-07-07,3.0,16.0
2004-07-07,2.0,16.0
2004-07-07,1.0,16.0
2004-07-07,11.0,14.8
2004-07-07,0.0,16.0
2004-07-22,16.0,6.7
2004-07-22,18.0,6.1
2004-07-22,20.0,5.7
2004-07-22,15.0,7.2
2004-07-22,24.0,5.6
2004-07-22,26.0,5.5
2004-07-22,30.0,5.5
2004-07-22,22.0,5.6
2004-07-22,14.0,9.5
2004-07-22,28.0,5.5
2004-07-22,12.0,14.5
2004-07-22,0.0,17.4
2004-07-22,1.0,17.4
2004-07-22,3.0,17.3
2004-07-22,13.0,12.8
2004-07-22,7.0,15.9
2004-07-22,9.0,15.6
2004-07-22,11.0,15.0
2004-07-22,5.0,17.1
2004-07-29,17.0,6.6
2004-07-29,29.5,5.6
2004-07-29,29.0,5.7
2004-07-29,27.0,5.7
2004-07-29,25.0,5.7
2004-07-29,23.0,5.8
2004-07-29,21.0,5.9
2004-07-29,19.0,6.1
2004-07-29,14.0,9.3
2004-07-29,15.0,8.0
2004-07-29,12.0,13.2
2004-07-29,11.0,14.6
2004-07-29,9.0,15.6
2004-07-29,7.0,16.4
2004-07-29,5.0,17.3
2004-07-29,4.0,17.5
2004-07-29,3.0,17.6
2004-07-29,1.0,18.0
2004-07-29,0.0,18.3
2004-07-29,13.0,12.0
2004-08-12,15.0,8.4
2004-08-12,16.0,7.4
2004-08-12,17.0,6.7
2004-08-12,18.0,6.4
2004-08-12,20.0,6.2
2004-08-12,28.0,5.6
2004-08-12,23.0,5.8
2004-08-12,24.0,5.7
2004-08-12,26.0,5.7
2004-08-12,14.0,9.7
2004-08-12,22.0,5.9
2004-08-12,13.0,11.3
2004-08-12,29.0,5.6
2004-08-12,11.0,14.4
2004-08-12,12.0,13.3
2004-08-12,1.0,22.4
2004-08-12,2.0,22.3
2004-08-12,3.0,22.1
2004-08-12,4.0,21.0
2004-08-12,0.5,22.5
2004-08-12,6.0,17.4
2004-08-12,7.0,16.7
2004-08-12,8.0,15.7
2004-08-12,9.0,15.4
2004-08-12,10.0,15.0
2004-08-12,5.0,18.8
2004-08-19,13.0,11.3
2004-08-19,27.0,5.7
2004-08-19,24.0,5.7
2004-08-19,23.0,5.7
2004-08-19,20.0,5.9
2004-08-19,17.0,6.5
2004-08-19,16.0,7.1
2004-08-19,15.0,7.9
2004-08-19,14.0,9.4
2004-08-19,12.0,13.1
2004-08-19,29.0,5.6
2004-08-19,10.0,15.2
2004-08-19,1.0,20.8
2004-08-19,1.5,20.8
2004-08-19,4.0,20.7
2004-08-19,5.0,20.7
2004-08-19,11.0,14.4
2004-08-19,7.0,17.4
2004-08-19,8.0,16.2
2004-08-19,9.0,15.7
2004-08-19,6.0,19.7
2004-08-26,16.0,7.1
2004-08-26,24.0,5.7
2004-08-26,23.5,5.7
2004-08-26,23.0,5.8
2004-08-26,22.0,5.8
2004-08-26,21.0,5.9
2004-08-26,20.0,5.9
2004-08-26,18.0,6.2
2004-08-26,17.0,6.5
2004-08-26,29.0,5.7
2004-08-26,15.0,8.2
2004-08-26,13.0,11.4
2004-08-26,12.0,13.0
2004-08-26,11.0,14.0
2004-08-26,10.0,15.0
2004-08-26,9.0,15.7
2004-08-26,8.0,17.1
2004-08-26,7.0,18.2
2004-08-26,6.0,18.5
2004-08-26,3.0,19.0
2004-08-26,1.0,19.0
2004-08-26,14.0,9.6
2004-09-07,15.0,8.7
2004-09-07,16.0,7.6
2004-09-07,17.0,6.9
2004-09-07,18.0,6.8
2004-09-07,14.0,9.8
2004-09-07,20.0,6.2
2004-09-07,22.0,6.0
2004-09-07,29.0,5.7
2004-09-07,26.0,5.8
2004-09-07,19.0,6.3
2004-09-07,13.0,11.0
2004-09-07,24.0,5.9
2004-09-07,11.0,14.4
2004-09-07,1.0,19.1
2004-09-07,2.0,18.6
2004-09-07,3.0,18.2
2004-09-07,4.0,17.9
2004-09-07,12.0,12.6
2004-09-07,7.0,17.5
2004-09-07,8.0,17.2
2004-09-07,9.0,16.6
2004-09-07,10.0,15.2
2004-09-07,5.0,17.7
2004-09-23,29.0,5.7
2004-09-23,24.0,5.8
2004-09-23,23.5,5.9
2004-09-23,22.0,5.9
2004-09-23,19.0,6.2
2004-09-23,18.0,6.4
2004-09-23,17.0,6.9
2004-09-23,15.0,8.5
2004-09-23,16.0,7.5
2004-09-23,13.0,13.9
2004-09-23,12.0,14.4
2004-09-23,10.0,14.6
2004-09-23,8.0,14.6
2004-09-23,6.0,14.6
2004-09-23,3.0,14.6
2004-09-23,1.0,14.6
2004-09-23,14.0,9.9
2004-10-05,19.0,6.4
2004-10-05,29.0,5.7
2004-10-05,25.0,5.9
2004-10-05,24.0,6.0
2004-10-05,23.0,6.0
2004-10-05,20.0,6.2
2004-10-05,18.0,6.6
2004-10-05,21.0,6.1
2004-10-05,16.0,7.9
2004-10-05,15.0,9.3
2004-10-05,14.0,12.6
2004-10-05,13.0,13.2
2004-10-05,4.0,13.4
2004-10-05,1.0,13.4
2004-10-05,17.0,7.1
2004-10-20,29.0,5.8
2004-10-20,27.0,5.8
2004-10-20,25.0,5.8
2004-10-20,24.0,5.8
2004-10-20,23.0,5.9
2004-10-20,21.0,6.1
2004-10-20,19.0,6.4
2004-10-20,18.0,6.9
2004-10-20,16.0,10.6
2004-10-20,17.0,8.7
2004-10-20,13.0,10.8
2004-10-20,11.0,10.8
2004-10-20,9.0,10.8
2004-10-20,7.0,10.8
2004-10-20,5.0,10.8
2004-10-20,4.0,10.8
2004-10-20,3.0,10.8
2004-10-20,1.0,10.7
2004-10-20,15.0,10.7
2004-11-02,21.0,6.7
2004-11-02,22.0,6.2
2004-11-02,24.0,6.1
2004-11-02,20.0,8.2
2004-11-02,28.0,5.9
2004-11-02,29.0,5.9
2004-11-02,30.0,5.9
2004-11-02,26.0,5.9
2004-11-02,19.0,9.7
2004-11-02,1.0,10.0
2004-11-02,15.0,10.0
2004-11-02,13.0,10.0
2004-11-02,11.0,10.0
2004-11-02,9.0,10.0
2004-11-02,7.0,10.0
2004-11-02,5.0,10.0
2004-11-02,4.0,10.0
2004-11-02,3.0,10.0
2004-11-02,17.0,10.0
2004-12-07,29.0,6.1
2004-12-07,25.0,6.1
2004-12-07,20.0,6.1
2004-12-07,15.0,6.1
2004-12-07,10.0,6.1
2004-12-07,2.0,6.1
2004-12-07,4.0,6.1
2004-12-07,3.0,6.1
2004-12-07,1.0,6.1
2004-12-07,5.0,6.1
2005-01-18,30.0,4.3
2005-01-18,20.0,4.3
2005-01-18,25.0,4.3
2005-01-18,10.0,4.3
2005-01-18,1.0,4.3
2005-01-18,15.0,4.3
2005-01-27,1.0,3.1
2005-01-27,3.0,3.2
2005-01-27,5.0,3.2
2005-01-27,10.0,3.3
2005-01-27,20.0,3.3
2005-01-27,25.0,3.3
2005-01-27,30.0,3.4
2005-02-15,30.0,2.2
2005-02-15,29.0,2.2
2005-02-15,25.0,2.2
2005-02-15,20.0,2.2
2005-02-15,5.0,2.2
2005-02-15,10.0,2.2
2005-02-15,3.0,2.2
2005-02-15,0.0,2.2
2005-02-15,15.0,2.2
2005-03-16,0.0,2.4
2005-03-22,20.0,2.5
2005-03-22,30.0,2.7
2005-03-22,29.0,2.6
2005-03-22,25.0,2.5
2005-03-22,15.0,2.4
2005-03-22,2.5,2.3
2005-03-22,5.0,2.3
2005-03-22,2.5,2.3
2005-03-22,10.0,2.3
2005-03-22,0.0,2.3
2005-04-13,29.5,5.0
2005-04-13,29.0,5.0
2005-04-13,20.0,5.1
2005-04-13,15.0,5.2
2005-04-13,25.0,5.1
2005-04-13,5.0,5.4
2005-04-13,2.0,5.5
2005-04-13,1.0,5.5
2005-04-13,0.0,5.7
2005-04-13,10.0,5.3
2005-04-27,18.0,6.1
2005-04-27,31.0,5.5
2005-04-27,30.0,5.5
2005-04-27,29.0,5.5
2005-04-27,26.0,5.7
2005-04-27,24.0,5.8
2005-04-27,22.0,6.0
2005-04-27,20.0,6.1
2005-04-27,16.0,6.2
2005-04-27,28.0,5.6
2005-04-27,12.0,6.8
2005-04-27,2.0,7.7
2005-04-27,3.0,7.7
2005-04-27,4.0,7.7
2005-04-27,0.0,7.7
2005-04-27,8.0,7.4
2005-04-27,10.0,7.3
2005-04-27,6.0,7.6
2005-04-27,14.0,6.6
2005-05-10,29.0,5.7
2005-05-10,11.0,7.7
2005-05-10,28.0,5.7
2005-05-10,24.0,5.8
2005-05-10,20.0,6.1
2005-05-10,16.0,6.4
2005-05-10,14.0,6.8
2005-05-10,12.0,7.4
2005-05-10,10.0,8.4
2005-05-10,8.0,9.5
2005-05-10,6.0,9.5
2005-05-10,4.0,9.5
2005-05-10,2.0,9.6
2005-05-10,2.0,9.6
2005-05-10,1.0,9.6
2005-05-10,0.0,9.6
2005-05-10,9.0,9.1
2005-05-24,28.0,6.0
2005-05-24,29.0,6.0
2005-05-24,30.0,5.9
2005-05-24,3.0,12.9
2005-05-24,3.0,12.9
2005-05-24,1.0,12.9
2005-05-24,26.0,6.1
2005-05-24,0.0,13.0
2005-05-24,22.0,6.1
2005-05-24,8.0,10.9
2005-05-24,18.0,6.2
2005-05-24,16.0,6.8
2005-05-24,14.0,6.9
2005-05-24,12.0,7.4
2005-05-24,10.0,9.1
2005-05-24,9.0,9.5
2005-05-24,7.0,12.2
2005-05-24,5.0,12.9
2005-05-24,20.0,6.2
2005-06-08,16.0,6.7
2005-06-08,18.0,6.4
2005-06-08,20.0,6.1
2005-06-08,21.0,6.2
2005-06-08,28.0,5.8
2005-06-08,24.0,6.1
2005-06-08,26.0,6.0
2005-06-08,13.0,7.4
2005-06-08,29.0,5.8
2005-06-08,22.0,6.3
2005-06-08,12.0,7.8
2005-06-08,14.0,7.1
2005-06-08,10.0,11.0
2005-06-08,9.5,12.1
2005-06-08,9.0,12.6
2005-06-08,8.0,12.9
2005-06-08,6.0,13.0
2005-06-08,4.0,13.0
2005-06-08,3.0,13.1
2005-06-08,3.0,13.1
2005-06-08,2.0,13.1
2005-06-08,1.0,13.5
2005-06-08,11.0,8.9
2005-06-22,13.0,8.0
2005-06-22,14.0,7.8
2005-06-22,16.0,7.2
2005-06-22,18.0,6.5
2005-06-22,20.0,6.4
2005-06-22,28.0,6.2
2005-06-22,29.5,6.2
2005-06-22,23.0,6.3
2005-06-22,24.0,6.2
2005-06-22,26.0,6.2
2005-06-22,12.0,8.7
2005-06-22,22.0,6.3
2005-06-22,11.0,9.6
2005-06-22,3.0,17.4
2005-06-22,10.0,12.8
2005-06-22,10.5,11.1
2005-06-22,0.5,17.7
2005-06-22,1.0,17.7
2005-06-22,2.0,17.6
2005-06-22,3.5,17.2
2005-06-22,1.0,17.6
2005-06-22,5.0,14.5
2005-06-22,6.0,14.0
2005-06-22,4.0,15.5
2005-06-22,7.0,13.7
2005-06-22,8.0,13.5
2005-07-07,16.0,7.3
2005-07-07,18.0,6.9
2005-07-07,19.0,6.8
2005-07-07,20.0,6.7
2005-07-07,21.0,6.6
2005-07-07,22.0,6.5
2005-07-07,25.0,6.5
2005-07-07,24.0,6.5
2005-07-07,15.0,7.7
2005-07-07,26.0,6.5
2005-07-07,27.0,6.4
2005-07-07,28.0,6.4
2005-07-07,29.0,6.4
2005-07-07,23.0,6.5
2005-07-07,14.0,8.2
2005-07-07,17.0,7.0
2005-07-07,12.0,9.6
2005-07-07,0.0,19.4
2005-07-07,13.0,8.8
2005-07-07,2.0,19.3
2005-07-07,2.0,19.3
2005-07-07,3.0,19.3
2005-07-07,4.0,19.3
2005-07-07,5.0,19.3
2005-07-07,1.0,19.3
2005-07-07,7.0,16.5
2005-07-07,8.0,14.5
2005-07-07,9.0,13.4
2005-07-07,10.0,12.1
2005-07-07,11.0,11.2
2005-07-07,6.0,18.3
2005-07-21,16.0,7.0
2005-07-21,17.0,6.8
2005-07-21,18.0,6.6
2005-07-21,19.0,6.6
2005-07-21,20.0,6.4
2005-07-21,23.0,6.2
2005-07-21,22.0,6.2
2005-07-21,24.0,6.2
2005-07-21,25.0,6.2
2005-07-21,15.0,7.2
2005-07-21,21.0,6.4
2005-07-21,13.0,8.3
2005-07-21,14.0,7.8
2005-07-21,11.0,10.4
2005-07-21,1.0,19.1
2005-07-21,2.0,19.0
2005-07-21,3.0,18.9
2005-07-21,4.0,18.9
2005-07-21,5.0,18.9
2005-07-21,0.0,19.1
2005-07-21,7.0,17.7
2005-07-21,6.0,18.9
2005-07-21,10.0,11.6
2005-07-21,12.0,9.1
2005-07-21,8.0,15.0
2005-07-21,9.0,13.0
2005-08-03,29.0,6.0
2005-08-03,12.0,9.4
2005-08-03,28.0,6.0
2005-08-03,27.0,6.0
2005-08-03,26.0,6.1
2005-08-03,23.0,6.2
2005-08-03,21.0,6.3
2005-08-03,19.0,6.5
2005-08-03,17.0,6.6
2005-08-03,15.0,7.0
2005-08-03,14.0,7.3
2005-08-03,13.0,8.0
2005-08-03,25.0,6.1
2005-08-03,10.0,11.8
2005-08-03,9.0,14.6
2005-08-03,11.0,10.7
2005-08-03,0.5,18.0
2005-08-03,1.0,17.9
2005-08-03,2.0,17.9
2005-08-03,3.0,17.9
2005-08-03,3.0,17.9
2005-08-03,5.0,17.8
2005-08-03,6.0,17.8
2005-08-03,7.0,17.8
2005-08-03,7.5,17.6
2005-08-03,8.0,17.0
2005-08-03,4.0,17.9
2005-08-16,16.0,6.9
2005-08-16,14.0,7.7
2005-08-16,15.0,7.2
2005-08-16,29.0,6.0
2005-08-16,18.0,6.6
2005-08-16,13.0,8.5
2005-08-16,20.0,6.5
2005-08-16,22.0,6.2
2005-08-16,24.0,6.2
2005-08-16,26.0,6.1
2005-08-16,28.0,6.1
2005-08-16,12.0,9.2
2005-08-16,7.0,16.1
2005-08-16,10.0,15.0
2005-08-16,11.0,11.8
2005-08-16,0.5,16.4
2005-08-16,1.0,16.4
2005-08-16,2.0,16.4
2005-08-16,4.0,16.4
2005-08-16,5.0,16.4
2005-08-16,9.0,15.7
2005-08-16,3.0,16.4
2005-08-16,6.0,16.3
2005-08-16,8.0,16.0
2005-08-31,18.0,6.5
2005-08-31,30.0,6.0
2005-08-31,29.0,6.1
2005-08-31,28.0,6.0
2005-08-31,26.0,6.1
2005-08-31,24.0,6.2
2005-08-31,22.0,6.3
2005-08-31,20.0,6.5
2005-08-31,15.0,7.0
2005-08-31,14.0,7.6
2005-08-31,13.0,8.7
2005-08-31,12.0,10.2
2005-08-31,16.0,6.8
2005-08-31,10.0,14.9
2005-08-31,11.0,12.3
2005-08-31,0.5,16.9
2005-08-31,1.0,17.0
2005-08-31,2.0,17.0
2005-08-31,4.0,16.9
2005-08-31,3.0,16.9
2005-08-31,6.0,16.8
2005-08-31,7.0,16.7
2005-08-31,8.0,16.4
2005-08-31,9.0,15.7
2005-08-31,5.0,16.8
2005-09-13,16.0,6.7
2005-09-13,14.0,7.7
2005-09-13,29.0,6.0
2005-09-13,15.0,7.1
2005-09-13,18.0,6.5
2005-09-13,28.0,6.0
2005-09-13,21.0,6.3
2005-09-13,22.0,6.2
2005-09-13,24.0,6.1
2005-09-13,26.0,6.1
2005-09-13,13.0,8.7
2005-09-13,20.0,6.3
2005-09-13,30.0,6.0
2005-09-13,12.0,10.6
2005-09-13,10.0,15.5
2005-09-13,11.0,12.1
2005-09-13,0.5,16.9
2005-09-13,1.0,16.9
2005-09-13,2.0,16.8
2005-09-13,3.0,16.8
2005-09-13,9.0,15.9
2005-09-13,5.0,16.8
2005-09-13,6.0,16.6
2005-09-13,7.0,16.6
2005-09-13,4.0,16.8
2005-09-13,8.0,16.4
2005-09-28,30.0,6.1
2005-09-28,29.5,6.1
2005-09-28,28.0,6.1
2005-09-28,26.0,6.1
2005-09-28,24.0,6.1
2005-09-28,22.0,6.2
2005-09-28,20.0,6.4
2005-09-28,18.0,6.7
2005-09-28,14.0,8.1
2005-09-28,13.0,9.7
2005-09-28,16.0,7.2
2005-09-28,10.0,15.0
2005-09-28,12.0,12.2
2005-09-28,0.0,15.2
2005-09-28,1.0,15.2
2005-09-28,3.0,15.2
2005-09-28,11.0,14.7
2005-09-28,5.0,15.2
2005-09-28,7.0,15.2
2005-09-28,9.0,15.2
2005-09-28,3.5,15.2
2005-10-26,27.0,6.1
2005-10-26,25.0,6.2
2005-10-26,23.0,6.3
2005-10-26,22.0,6.4
2005-10-26,21.0,6.4
2005-10-26,19.0,6.6
2005-10-26,17.0,6.9
2005-10-26,16.0,7.1
2005-10-26,15.0,7.7
2005-10-26,14.0,10.0
2005-10-26,11.0,11.4
2005-10-26,9.0,11.4
2005-10-26,7.0,11.4
2005-10-26,5.0,11.4
2005-10-26,3.0,11.4
2005-10-26,0.0,11.5
2005-10-26,30.0,6.0
2005-10-26,29.0,6.1
2005-10-26,13.0,11.4
2005-11-22,30.0,6.2
2005-11-22,29.5,6.2
2005-11-22,26.5,6.2
2005-11-22,25.0,6.2
2005-11-22,24.0,6.3
2005-11-22,23.0,6.5
2005-11-22,22.0,7.4
2005-11-22,10.0,7.9
2005-11-22,20.0,7.8
2005-11-22,15.0,7.9
2005-11-22,5.0,7.9
2005-11-22,3.0,8.0
2005-11-22,1.0,8.0
2005-11-22,0.5,8.0
2005-11-22,21.0,7.7
2005-12-14,25.0,5.5
2005-12-14,30.0,5.5
2005-12-14,29.0,5.5
2005-12-14,15.0,5.5
2005-12-14,20.0,5.5
2005-12-14,5.0,5.5
2005-12-14,3.0,5.5
2005-12-14,1.0,5.5
2005-12-14,0.5,5.5
2005-12-14,10.0,5.5
2006-01-04,30.0,3.3
2006-01-04,28.0,3.3
2006-01-04,25.0,3.3
2006-01-04,20.0,3.2
2006-01-04,13.0,3.2
2006-01-04,10.0,3.0
2006-01-04,5.0,2.5
2006-01-04,1.0,2.5
2006-01-04,16.0,3.2
2006-02-21,31.0,2.6
2006-02-21,30.0,2.5
2006-02-21,25.0,1.0
2006-02-21,20.0,1.9
2006-02-21,10.0,1.6
2006-02-21,4.0,1.6
2006-02-21,0.0,1.6
2006-02-21,15.0,1.6
2006-03-07,0.0,1.5
2006-03-23,0.0,2.2
2006-04-04,16.0,2.7
2006-04-04,30.0,2.8
2006-04-04,28.0,2.7
2006-04-04,26.0,2.7
2006-04-04,24.0,2.7
2006-04-04,22.0,2.7
2006-04-04,20.0,2.7
2006-04-04,18.0,2.7
2006-04-04,14.0,2.7
2006-04-04,4.0,2.7
2006-04-04,10.0,2.9
2006-04-04,0.5,2.7
2006-04-04,1.0,2.7
2006-04-04,2.0,2.5
2006-04-04,12.0,2.9
2006-04-04,6.0,2.7
2006-04-04,8.0,2.7
2006-04-04,4.0,2.7
2006-04-19,30.0,4.4
2006-04-19,16.0,4.5
2006-04-19,28.0,4.4
2006-04-19,26.0,4.4
2006-04-19,24.0,4.4
2006-04-19,22.0,4.4
2006-04-19,20.0,4.4
2006-04-19,18.0,4.5
2006-04-19,14.0,4.5
2006-04-19,29.0,4.4
2006-04-19,10.0,4.6
2006-04-19,8.0,4.6
2006-04-19,6.0,4.6
2006-04-19,4.0,4.6
2006-04-19,3.0,4.6
2006-04-19,2.0,4.6
2006-04-19,2.0,4.6
2006-04-19,1.0,4.6
2006-04-19,0.5,4.6
2006-04-19,12.0,4.6
2006-05-02,30.0,4.6
2006-05-02,29.5,4.6
2006-05-02,25.0,4.7
2006-05-02,20.0,4.7
2006-05-02,15.0,5.0
2006-05-02,8.0,5.8
2006-05-02,10.0,5.7
2006-05-02,4.0,7.0
2006-05-02,3.0,7.3
2006-05-02,2.0,7.5
2006-05-02,1.0,7.7
2006-05-02,0.5,7.8
2006-05-02,6.0,6.0
2006-05-16,7.0,10.2
2006-05-16,8.0,7.9
2006-05-16,9.0,7.5
2006-05-16,10.0,7.0
2006-05-16,11.0,6.7
2006-05-16,16.0,5.3
2006-05-16,14.0,5.3
2006-05-16,18.0,5.0
2006-05-16,20.0,4.9
2006-05-16,6.0,11.9
2006-05-16,12.0,5.9
2006-05-16,5.0,11.9
2006-05-16,0.5,12.0
2006-05-16,3.0,12.0
2006-05-16,24.0,4.8
2006-05-16,26.0,4.8
2006-05-16,28.0,4.8
2006-05-16,29.0,4.8
2006-05-16,22.0,4.8
2006-05-16,4.0,11.9
2006-05-16,1.0,12.0
2006-05-16,2.0,12.0
2006-05-16,2.0,12.0
2006-05-16,30.0,4.8
2006-05-31,18.0,5.2
2006-05-31,31.0,4.7
2006-05-31,30.0,4.7
2006-05-31,28.0,4.7
2006-05-31,26.0,4.8
2006-05-31,24.0,4.8
2006-05-31,22.0,4.9
2006-05-31,22.0,4.9
2006-05-31,20.0,5.1
2006-05-31,16.0,5.4
2006-05-31,14.0,5.8
2006-05-31,3.0,12.0
2006-05-31,12.0,7.2
2006-05-31,11.0,8.5
2006-05-31,10.0,9.7
2006-05-31,9.0,10.9
2006-05-31,7.0,11.3
2006-05-31,5.0,11.6
2006-05-31,3.0,12.0
2006-05-31,1.0,12.2
2006-05-31,0.0,12.2
2006-05-31,13.0,6.1
2006-06-15,15.0,5.6
2006-06-15,14.0,6.0
2006-06-15,12.0,8.0
2006-06-15,30.0,4.4
2006-06-15,13.0,7.1
2006-06-15,18.0,5.1
2006-06-15,29.0,4.4
2006-06-15,22.0,4.8
2006-06-15,24.0,4.8
2006-06-15,26.0,4.4
2006-06-15,28.0,4.4
2006-06-15,20.0,4.9
2006-06-15,11.0,9.1
2006-06-15,16.0,5.4
2006-06-15,9.0,11.1
2006-06-15,1.0,19.5
2006-06-15,1.0,19.5
2006-06-15,2.0,19.1
2006-06-15,2.5,18.5
2006-06-15,3.0,16.2
2006-06-15,10.0,10.1
2006-06-15,5.0,13.5
2006-06-15,5.5,13.3
2006-06-15,6.0,13.0
2006-06-15,7.0,12.0
2006-06-15,8.0,11.5
2006-06-15,4.0,14.5
2006-06-28,14.0,6.5
2006-06-28,14.5,6.4
2006-06-28,15.0,6.1
2006-06-28,16.0,5.9
2006-06-28,18.0,5.7
2006-06-28,20.0,5.5
2006-06-28,26.0,5.3
2006-06-28,24.0,5.4
2006-06-28,27.0,5.3
2006-06-28,28.0,5.3
2006-06-28,13.5,7.0
2006-06-28,30.0,5.3
2006-06-28,22.0,5.5
2006-06-28,29.0,5.3
2006-06-28,13.0,7.4
2006-06-28,11.0,9.4
2006-06-28,12.0,8.2
2006-06-28,0.5,17.7
2006-06-28,1.0,17.7
2006-06-28,2.0,17.7
2006-06-28,3.0,17.6
2006-06-28,4.0,17.6
2006-06-28,3.0,17.6
2006-06-28,6.0,17.4
2006-06-28,6.5,14.0
2006-06-28,7.0,13.3
2006-06-28,8.0,12.7
2006-06-28,9.0,11.9
2006-06-28,10.0,11.3
2006-06-28,5.0,17.5
2006-07-11,22.0,5.5
2006-07-11,16.0,6.2
2006-07-11,17.0,5.9
2006-07-11,18.0,5.8
2006-07-11,20.0,5.6
2006-07-11,30.0,5.2
2006-07-11,15.0,6.5
2006-07-11,25.0,5.3
2006-07-11,26.0,5.2
2006-07-11,27.0,5.2
2006-07-11,28.0,5.2
2006-07-11,29.0,5.2
2006-07-11,24.0,5.4
2006-07-11,14.0,7.2
2006-07-11,6.0,16.9
2006-07-11,12.0,8.6
2006-07-11,13.0,8.8
2006-07-11,1.0,21.5
2006-07-11,2.0,21.6
2006-07-11,3.0,21.6
2006-07-11,4.0,21.5
2006-07-11,0.0,21.6
2006-07-11,7.0,15.1
2006-07-11,8.0,13.1
2006-07-11,9.0,11.8
2006-07-11,10.0,10.4
2006-07-11,11.0,9.7
2006-07-11,5.0,18.4
2006-07-25,20.0,5.7
2006-07-25,21.0,5.6
2006-07-25,22.0,5.5
2006-07-25,24.0,5.4
2006-07-25,29.0,5.2
2006-07-25,28.0,5.3
2006-07-25,30.0,5.2
2006-07-25,31.0,5.2
2006-07-25,18.0,5.9
2006-07-25,26.0,5.3
2006-07-25,14.0,6.7
2006-07-25,16.0,6.2
2006-07-25,2.0,22.5
2006-07-25,10.0,10.1
2006-07-25,9.0,10.9
2006-07-25,8.0,12.3
2006-07-25,7.0,14.0
2006-07-25,6.0,17.4
2006-07-25,5.0,20.1
2006-07-25,4.0,22.2
2006-07-25,1.0,22.6
2006-07-25,0.0,22.7
2006-07-25,12.0,8.1
2006-08-09,20.0,5.4
2006-08-09,18.0,5.5
2006-08-09,15.0,6.4
2006-08-09,16.0,6.0
2006-08-09,21.0,5.3
2006-08-09,17.0,5.7
2006-08-09,22.0,5.3
2006-08-09,28.0,5.1
2006-08-09,24.0,5.3
2006-08-09,25.0,5.2
2006-08-09,26.0,5.2
2006-08-09,27.0,5.2
2006-08-09,29.0,5.1
2006-08-09,30.0,5.1
2006-08-09,23.0,5.3
2006-08-09,14.0,6.7
2006-08-09,19.0,5.5
2006-08-09,12.5,7.6
2006-08-09,1.0,21.6
2006-08-09,2.0,21.6
2006-08-09,3.0,21.6
2006-08-09,4.0,21.6
2006-08-09,5.0,21.6
2006-08-09,5.5,21.2
2006-08-09,6.0,19.1
2006-08-09,0.5,21.7
2006-08-09,8.0,13.7
2006-08-09,7.0,15.0
2006-08-09,12.0,8.0
2006-08-09,11.0,9.3
2006-08-09,13.0,7.3
2006-08-09,9.0,12.3
2006-08-09,10.0,10.3
2006-08-22,3.0,20.2
2006-08-22,21.0,5.6
2006-08-22,22.0,5.5
2006-08-22,23.0,5.4
2006-08-22,24.0,5.3
2006-08-22,25.0,5.3
2006-08-22,26.0,5.3
2006-08-22,28.0,5.3
2006-08-22,29.0,5.3
2006-08-22,0.5,20.5
2006-08-22,1.0,20.5
2006-08-22,2.0,20.4
2006-08-22,2.0,20.4
2006-08-22,20.0,5.6
2006-08-22,27.0,5.3
2006-08-22,30.0,5.3
2006-08-22,18.0,6.0
2006-08-22,17.0,6.2
2006-08-22,19.0,5.9
2006-08-22,5.0,19.7
2006-08-22,6.0,19.3
2006-08-22,6.5,18.9
2006-08-22,7.0,17.2
2006-08-22,8.0,13.2
2006-08-22,9.0,11.8
2006-08-22,4.0,20.0
2006-08-22,11.0,9.1
2006-08-22,12.0,8.1
2006-08-22,13.0,7.3
2006-08-22,14.0,7.1
2006-08-22,15.0,6.9
2006-08-22,16.0,6.4
2006-08-22,10.0,10.4
2006-09-05,18.0,5.8
2006-09-05,19.0,5.8
2006-09-05,20.0,5.7
2006-09-05,21.0,5.7
2006-09-05,22.0,5.6
2006-09-05,23.0,5.5
2006-09-05,26.0,5.5
2006-09-05,25.0,5.5
2006-09-05,27.0,5.5
2006-09-05,28.0,5.5
2006-09-05,29.0,5.5
2006-09-05,17.0,6.1
2006-09-05,24.0,5.5
2006-09-05,16.0,6.3
2006-09-05,0.5,17.2
2006-09-05,14.0,7.3
2006-09-05,15.0,6.6
2006-09-05,2.0,17.2
2006-09-05,4.0,17.2
2006-09-05,6.0,17.2
2006-09-05,8.0,17.2
2006-09-05,8.5,17.2
2006-09-05,2.0,17.2
2006-09-05,10.0,13.0
2006-09-05,11.0,10.2
2006-09-05,12.0,8.9
2006-09-05,13.0,7.9
2006-09-05,13.5,7.5
2006-09-05,9.0,15.5
2006-09-19,17.0,6.2
2006-09-19,19.0,6.0
2006-09-19,21.0,5.9
2006-09-19,22.0,5.8
2006-09-19,25.0,5.6
2006-09-19,27.0,5.5
2006-09-19,29.0,5.5
2006-09-19,30.0,5.4
2006-09-19,15.0,6.8
2006-09-19,23.0,5.7
2006-09-19,13.0,8.1
2006-09-19,10.5,11.7
2006-09-19,11.0,9.9
2006-09-19,10.0,14.8
2006-09-19,9.5,15.9
2006-09-19,8.5,16.8
2006-09-19,6.5,17.3
2006-09-19,4.5,17.3
2006-09-19,3.0,17.3
2006-09-19,2.5,17.3
2006-09-19,0.5,17.3
2006-09-19,12.0,8.9
2006-10-11,17.0,6.0
2006-10-11,19.0,5.7
2006-10-11,21.0,5.6
2006-10-11,29.0,5.4
2006-10-11,25.0,5.5
2006-10-11,27.0,5.4
2006-10-11,28.0,5.4
2006-10-11,21.5,5.6
2006-10-11,15.0,6.4
2006-10-11,11.0,10.2
2006-10-11,12.0,8.4
2006-10-11,10.0,13.0
2006-10-11,9.0,14.9
2006-10-11,8.0,15.2
2006-10-11,6.0,15.3
2006-10-11,4.0,15.3
2006-10-11,2.0,15.3
2006-10-11,0.0,15.3
2006-10-11,13.0,7.6
2006-11-07,19.0,6.0
2006-11-07,20.0,5.8
2006-11-07,21.0,5.7
2006-11-07,30.0,5.5
2006-11-07,25.0,5.6
2006-11-07,29.0,5.5
2006-11-07,17.0,6.6
2006-11-07,24.0,5.6
2006-11-07,16.0,9.3
2006-11-07,18.0,6.2
2006-11-07,10.0,10.1
2006-11-07,8.0,10.1
2006-11-07,6.0,10.1
2006-11-07,4.0,10.1
2006-11-07,4.0,10.1
2006-11-07,2.0,10.1
2006-11-07,1.0,10.1
2006-11-07,0.5,10.1
2006-11-07,15.0,10.0
2006-12-06,30.0,7.8
2006-12-06,29.0,7.8
2006-12-06,25.0,7.8
2006-12-06,20.0,7.8
2006-12-06,15.0,7.8
2006-12-06,3.0,7.8
2006-12-06,9.0,7.8
2006-12-06,1.0,7.8
2006-12-06,0.5,7.9
2006-12-06,10.0,7.8
2007-01-11,20.0,6.0
2007-01-11,29.0,6.0
2007-01-11,28.0,6.0
2007-01-11,15.0,6.0
2007-01-11,25.0,6.0
2007-01-11,5.0,6.0
2007-01-11,10.0,6.0
2007-01-11,3.0,6.0
2007-01-11,1.0,6.0
2007-02-13,29.0,3.5
2007-02-13,25.0,3.5
2007-02-13,20.0,3.5
2007-02-13,15.0,3.4
2007-02-13,30.0,3.5
2007-02-13,5.0,3.4
2007-02-13,3.0,3.4
2007-02-13,2.5,3.4
2007-02-13,0.5,3.4
2007-02-13,10.0,3.4
2007-03-22,30.0,4.2
2007-03-22,25.0,4.2
2007-03-22,20.0,4.2
2007-03-22,15.0,4.3
2007-03-22,5.0,4.3
2007-03-22,2.0,4.3
2007-03-22,0.0,4.3
2007-03-22,31.0,4.2
2007-03-22,3.0,4.3
2007-04-12,15.0,6.8
2007-04-12,29.0,6.3
2007-04-12,25.0,6.7
2007-04-12,20.0,6.8
2007-04-12,10.0,6.8
2007-04-12,8.0,6.8
2007-04-12,3.0,7.0
2007-04-12,2.0,7.3
2007-04-12,2.0,7.3
2007-04-12,1.0,7.4
2007-04-12,0.5,7.4
2007-04-12,6.0,6.9
2007-04-24,8.0,7.6
2007-04-24,30.0,6.7
2007-04-24,25.0,6.8
2007-04-24,20.0,6.8
2007-04-24,15.0,7.2
2007-04-24,10.0,7.5
2007-04-24,9.0,7.6
2007-04-24,7.0,8.0
2007-04-24,5.0,8.5
2007-04-24,4.0,8.9
2007-04-24,3.0,9.0
2007-04-24,2.5,9.0
2007-04-24,2.0,9.1
2007-04-24,1.0,10.0
2007-04-24,0.5,10.2
2007-04-24,6.0,8.1
2007-05-08,19.0,7.2
2007-05-08,18.5,7.2
2007-05-08,21.0,7.1
2007-05-08,17.0,7.3
2007-05-08,25.0,6.9
2007-05-08,27.0,6.9
2007-05-08,28.5,6.8
2007-05-08,23.0,7.0
2007-05-08,15.0,7.5
2007-05-08,1.0,13.6
2007-05-08,11.0,7.8
2007-05-08,9.0,8.3
2007-05-08,8.0,8.8
2007-05-08,7.0,11.1
2007-05-08,6.0,13.1
2007-05-08,5.0,13.5
2007-05-08,3.0,13.5
2007-05-08,3.0,13.5
2007-05-08,13.0,7.6
2007-05-23,20.0,7.1
2007-05-23,21.0,7.1
2007-05-23,22.0,7.0
2007-05-23,29.0,6.9
2007-05-23,26.0,6.9
2007-05-23,28.0,6.9
2007-05-23,16.0,7.3
2007-05-23,24.0,7.0
2007-05-23,14.0,7.4
2007-05-23,18.0,7.2
2007-05-23,12.0,9.6
2007-05-23,11.0,10.3
2007-05-23,10.0,11.2
2007-05-23,8.0,12.4
2007-05-23,6.0,12.8
2007-05-23,4.0,13.5
2007-05-23,2.0,13.7
2007-05-23,0.5,14.1
2007-05-23,13.0,7.9
2007-06-06,13.0,8.7
2007-06-06,14.0,7.9
2007-06-06,15.0,7.4
2007-06-06,16.0,7.3
2007-06-06,18.0,7.1
2007-06-06,20.0,7.1
2007-06-06,27.0,6.9
2007-06-06,23.0,7.0
2007-06-06,25.0,7.0
2007-06-06,29.0,6.9
2007-06-06,30.0,6.9
2007-06-06,12.0,9.3
2007-06-06,21.0,7.0
2007-06-06,10.0,10.7
2007-06-06,11.0,9.8
2007-06-06,9.0,11.8
2007-06-06,0.5,17.9
2007-06-06,1.0,17.7
2007-06-06,1.0,17.7
2007-06-06,3.0,17.2
2007-06-06,3.5,17.1
2007-06-06,4.0,16.7
2007-06-06,2.0,17.3
2007-06-06,5.0,15.5
2007-06-06,6.0,15.0
2007-06-06,7.0,13.8
2007-06-06,8.0,12.0
2007-06-06,8.5,11.8
2007-06-06,9.5,10.9
2007-06-06,4.5,16.2
2007-06-20,17.0,7.3
2007-06-20,30.0,6.8
2007-06-20,29.0,6.8
2007-06-20,27.0,6.9
2007-06-20,25.0,6.9
2007-06-20,23.0,7.0
2007-06-20,21.0,7.1
2007-06-20,19.0,7.1
2007-06-20,15.0,7.7
2007-06-20,8.0,12.8
2007-06-20,11.0,9.6
2007-06-20,9.0,11.2
2007-06-20,7.0,14.7
2007-06-20,6.0,16.8
2007-06-20,5.0,18.2
2007-06-20,4.0,18.6
2007-06-20,2.0,19.6
2007-06-20,0.0,19.6
2007-06-20,13.0,8.6
2007-07-03,14.0,8.3
2007-07-03,16.0,7.8
2007-07-03,18.0,7.6
2007-07-03,20.0,7.4
2007-07-03,28.0,6.9
2007-07-03,24.0,7.2
2007-07-03,30.0,6.9
2007-07-03,12.0,10.0
2007-07-03,22.0,7.2
2007-07-03,11.0,10.4
2007-07-03,26.0,7.0
2007-07-03,9.0,11.6
2007-07-03,8.0,15.7
2007-07-03,7.0,17.4
2007-07-03,6.0,17.5
2007-07-03,5.0,17.5
2007-07-03,4.0,17.6
2007-07-03,3.0,17.8
2007-07-03,2.0,18.0
2007-07-03,1.0,18.1
2007-07-03,0.0,18.2
2007-07-03,10.0,11.0
2007-07-17,16.0,7.3
2007-07-17,18.0,6.8
2007-07-17,20.0,6.8
2007-07-17,21.0,6.8
2007-07-17,30.0,6.8
2007-07-17,24.0,7.0
2007-07-17,26.0,6.9
2007-07-17,14.0,7.8
2007-07-17,22.0,6.8
2007-07-17,13.0,8.1
2007-07-17,28.0,6.8
2007-07-17,11.0,9.5
2007-07-17,0.0,19.6
2007-07-17,1.0,19.2
2007-07-17,2.0,19.0
2007-07-17,3.0,19.0
2007-07-17,12.0,8.3
2007-07-17,6.0,18.9
2007-07-17,8.0,18.7
2007-07-17,9.0,16.4
2007-07-17,10.0,14.0
2007-07-17,4.0,18.9
2007-07-31,14.0,8.2
2007-07-31,26.0,6.9
2007-07-31,24.0,7.0
2007-07-31,22.0,7.1
2007-07-31,21.0,7.1
2007-07-31,20.0,7.1
2007-07-31,18.0,7.2
2007-07-31,16.0,7.6
2007-07-31,15.0,7.9
2007-07-31,28.0,6.9
2007-07-31,12.0,10.5
2007-07-31,11.0,17.0
2007-07-31,10.0,17.5
2007-07-31,8.0,17.5
2007-07-31,6.0,17.4
2007-07-31,4.0,17.4
2007-07-31,2.0,17.4
2007-07-31,2.0,17.4
2007-07-31,1.0,17.1
2007-07-31,0.0,17.5
2007-07-31,13.0,9.1
2007-08-15,9.0,17.1
2007-08-15,10.0,16.7
2007-08-15,11.0,11.6
2007-08-15,7.0,17.8
2007-08-15,13.0,9.0
2007-08-15,15.0,8.0
2007-08-15,17.0,7.7
2007-08-15,12.0,9.7
2007-08-15,6.0,18.2
2007-08-15,5.0,19.3
2007-08-15,3.0,20.1
2007-08-15,2.0,20.1
2007-08-15,1.0,20.1
2007-08-15,0.5,20.1
2007-08-15,30.0,7.1
2007-08-15,27.0,7.1
2007-08-15,25.0,7.1
2007-08-15,23.0,7.1
2007-08-15,21.0,7.3
2007-08-15,19.0,7.4
2007-08-30,15.0,7.9
2007-08-30,16.0,7.5
2007-08-30,17.0,7.3
2007-08-30,18.0,7.2
2007-08-30,20.0,7.1
2007-08-30,29.0,6.9
2007-08-30,24.0,6.9
2007-08-30,26.0,6.9
2007-08-30,28.0,6.9
2007-08-30,14.5,8.0
2007-08-30,22.0,6.9
2007-08-30,14.0,8.3
2007-08-30,13.5,8.9
2007-08-30,13.0,9.5
2007-08-30,0.5,16.8
2007-08-30,3.0,16.8
2007-08-30,4.0,16.8
2007-08-30,6.0,16.9
2007-08-30,8.0,16.9
2007-08-30,2.0,16.8
2007-08-30,11.0,15.8
2007-08-30,11.5,13.7
2007-08-30,12.0,11.7
2007-08-30,12.5,10.4
2007-08-30,10.0,16.8
2007-09-18,16.0,8.2
2007-09-18,30.0,6.9
2007-09-18,28.0,6.9
2007-09-18,26.0,7.0
2007-09-18,23.0,7.0
2007-09-18,22.0,7.0
2007-09-18,20.0,7.2
2007-09-18,18.0,7.4
2007-09-18,17.0,7.6
2007-09-18,15.0,11.1
2007-09-18,24.0,7.0
2007-09-18,13.0,13.7
2007-09-18,14.0,13.2
2007-09-18,2.0,14.3
2007-09-18,4.0,14.3
2007-09-18,6.0,14.3
2007-09-18,0.5,14.4
2007-09-18,10.0,14.3
2007-09-18,12.0,14.2
2007-09-18,12.5,13.9
2007-09-18,8.0,14.3
2007-10-04,29.0,6.9
2007-10-04,17.0,8.9
2007-10-04,26.0,7.0
2007-10-04,25.0,7.1
2007-10-04,24.0,7.1
2007-10-04,22.0,7.3
2007-10-04,20.0,7.4
2007-10-04,19.0,7.5
2007-10-04,18.0,7.8
2007-10-04,16.0,12.7
2007-10-04,28.0,6.9
2007-10-04,14.0,13.3
2007-10-04,0.5,13.3
2007-10-04,2.0,13.3
2007-10-04,4.0,13.3
2007-10-04,5.0,13.3
2007-10-04,15.0,13.2
2007-10-04,8.0,13.3
2007-10-04,10.0,13.3
2007-10-04,12.0,13.3
2007-10-04,6.0,13.3
2007-10-24,16.0,10.5
2007-10-24,28.0,6.5
2007-10-24,26.0,6.6
2007-10-24,24.0,6.6
2007-10-24,22.0,6.7
2007-10-24,20.0,6.9
2007-10-24,19.0,7.3
2007-10-24,18.0,9.4
2007-10-24,17.0,10.4
2007-10-24,30.0,6.5
2007-10-24,14.0,10.5
2007-10-24,10.0,10.5
2007-10-24,8.0,10.6
2007-10-24,6.0,10.5
2007-10-24,5.0,10.6
2007-10-24,4.0,10.6
2007-10-24,2.0,10.6
2007-10-24,1.0,10.6
2007-10-24,0.0,10.5
2007-10-24,12.0,10.5
2007-11-14,18.0,7.4
2007-11-14,20.0,7.4
2007-11-14,22.0,7.4
2007-11-14,16.0,7.4
2007-11-14,26.0,7.4
2007-11-14,28.0,7.3
2007-11-14,30.0,7.3
2007-11-14,24.0,7.4
2007-11-14,14.0,7.4
2007-11-14,8.0,7.4
2007-11-14,10.0,7.4
2007-11-14,0.0,7.4
2007-11-14,1.0,7.4
2007-11-14,2.0,7.4
2007-11-14,12.0,7.4
2007-11-14,4.0,7.4
2007-11-14,6.0,7.4
2007-11-14,3.0,7.4
2007-12-11,0.0,5.9
2007-12-11,4.0,5.9
2007-12-11,5.0,5.9
2007-12-11,10.0,5.9
2007-12-11,15.0,5.9
2007-12-11,20.0,5.9
2007-12-11,25.0,5.9
2007-12-11,30.0,5.9
2008-01-16,28.0,3.7
2008-01-16,25.0,3.7
2008-01-16,20.0,3.7
2008-01-16,15.0,3.7
2008-01-16,1.0,3.7
2008-01-16,5.0,3.7
2008-01-16,4.0,3.7
2008-01-16,10.0,3.7
2008-02-20,31.0,3.8
2008-02-20,30.0,3.8
2008-02-20,28.0,3.7
2008-02-20,25.0,3.7
2008-02-20,20.0,3.7
2008-02-20,4.0,3.7
2008-02-20,10.0,3.7
2008-02-20,15.0,3.7
2008-02-20,1.0,4.0
2008-02-20,2.0,3.8
2008-02-20,3.0,3.7
2008-03-12,20.0,4.5
2008-03-12,28.0,4.5
2008-03-12,25.0,4.5
2008-03-12,15.0,4.5
2008-03-12,10.0,4.5
2008-03-12,3.5,4.5
2008-03-12,2.0,4.5
2008-03-12,0.5,4.5
2008-03-12,5.0,4.5
2008-04-08,29.0,4.2
2008-04-08,28.0,4.2
2008-04-08,25.0,4.2
2008-04-08,20.0,4.4
2008-04-08,16.0,4.4
2008-04-08,14.0,4.7
2008-04-08,9.0,4.9
2008-04-08,7.0,5.1
2008-04-08,5.0,5.4
2008-04-08,2.0,5.5
2008-04-08,1.0,5.5
2008-04-08,0.0,5.6
2008-04-08,8.0,5.0
2008-04-22,29.0,4.8
2008-04-22,28.0,4.8
2008-04-22,26.0,5.0
2008-04-22,24.0,5.2
2008-04-22,22.0,5.4
2008-04-22,18.0,5.6
2008-04-22,16.0,5.9
2008-04-22,20.0,5.5
2008-04-22,12.0,6.1
2008-04-22,10.0,6.3
2008-04-22,9.0,6.6
2008-04-22,7.0,6.7
2008-04-22,3.0,6.9
2008-04-22,1.0,6.9
2008-04-22,0.0,6.9
2008-04-22,14.0,6.0
2008-05-06,13.0,6.0
2008-05-06,15.0,5.6
2008-05-06,17.0,5.4
2008-05-06,19.0,5.1
2008-05-06,20.0,5.1
2008-05-06,25.0,5.1
2008-05-06,23.0,5.1
2008-05-06,29.0,5.1
2008-05-06,27.0,5.1
2008-05-06,11.0,6.4
2008-05-06,21.0,5.1
2008-05-06,10.0,6.9
2008-05-06,1.0,12.9
2008-05-06,8.0,8.4
2008-05-06,7.0,8.8
2008-05-06,6.0,9.2
2008-05-06,5.0,9.7
2008-05-06,4.0,10.4
2008-05-06,3.0,10.9
2008-05-06,2.5,11.2
2008-05-06,2.0,12.3
2008-05-06,1.0,12.9
2008-05-06,0.0,13.2
2008-05-06,9.0,7.5
2008-05-20,21.0,5.4
2008-05-20,18.0,5.5
2008-05-20,19.0,5.5
2008-05-20,23.0,5.4
2008-05-20,17.0,5.6
2008-05-20,27.0,5.3
2008-05-20,29.0,5.3
2008-05-20,30.0,5.3
2008-05-20,25.0,5.4
2008-05-20,15.0,5.7
2008-05-20,7.0,8.7
2008-05-20,11.0,6.5
2008-05-20,9.0,7.0
2008-05-20,13.0,6.1
2008-05-20,6.0,9.3
2008-05-20,5.0,10.5
2008-05-20,4.0,14.7
2008-05-20,3.0,15.2
2008-05-20,2.0,15.3
2008-05-20,0.5,15.4
2008-06-03,13.0,6.2
2008-06-03,15.0,6.0
2008-06-03,17.0,5.7
2008-06-03,19.0,5.6
2008-06-03,21.0,5.5
2008-06-03,28.0,5.3
2008-06-03,25.0,5.4
2008-06-03,26.0,5.4
2008-06-03,27.0,5.4
2008-06-03,12.0,6.3
2008-06-03,28.5,5.2
2008-06-03,23.0,5.4
2008-06-03,11.0,6.9
2008-06-03,10.0,7.5
2008-06-03,9.0,8.5
2008-06-03,0.0,17.5
2008-06-03,1.0,17.3
2008-06-03,2.0,17.3
2008-06-03,2.0,17.2
2008-06-03,3.0,17.2
2008-06-03,0.25,17.3
2008-06-03,5.0,17.0
2008-06-03,6.0,13.5
2008-06-03,7.0,10.2
2008-06-03,8.0,9.1
2008-06-03,4.0,17.1
2008-06-17,14.0,6.1
2008-06-17,29.0,5.5
2008-06-17,28.0,5.5
2008-06-17,26.0,5.5
2008-06-17,22.0,5.8
2008-06-17,20.0,5.8
2008-06-17,18.0,5.8
2008-06-17,16.0,5.8
2008-06-17,12.0,6.5
2008-06-17,24.0,5.5
2008-06-17,9.0,8.2
2008-06-17,10.0,7.5
2008-06-17,1.0,16.8
2008-06-17,2.0,16.8
2008-06-17,3.0,16.7
2008-06-17,0.5,16.8
2008-06-17,5.0,16.2
2008-06-17,7.0,15.8
2008-06-17,8.0,11.0
2008-06-17,4.0,16.5
2008-07-02,31.0,5.4
2008-07-02,17.0,5.7
2008-07-02,27.0,5.4
2008-07-02,25.0,5.5
2008-07-02,23.0,5.5
2008-07-02,22.0,5.5
2008-07-02,21.0,5.0
2008-07-02,19.0,5.6
2008-07-02,15.0,5.7
2008-07-02,29.0,5.4
2008-07-02,12.0,7.2
2008-07-02,0.0,16.2
2008-07-02,2.0,16.5
2008-07-02,4.0,16.5
2008-07-02,6.0,16.0
2008-07-02,14.0,6.2
2008-07-02,8.0,15.3
2008-07-02,9.0,14.4
2008-07-02,10.0,10.2
2008-07-02,7.0,15.7
2008-07-15,14.0,6.3
2008-07-15,28.0,5.6
2008-07-15,26.0,5.6
2008-07-15,24.0,5.6
2008-07-15,22.0,5.7
2008-07-15,20.0,5.7
2008-07-15,18.0,5.8
2008-07-15,16.0,5.9
2008-07-15,30.0,5.6
2008-07-15,11.0,8.6
2008-07-15,10.0,10.2
2008-07-15,9.0,14.5
2008-07-15,8.0,15.6
2008-07-15,7.0,18.4
2008-07-15,5.0,18.5
2008-07-15,3.0,18.5
2008-07-15,3.0,18.5
2008-07-15,1.0,18.6
2008-07-15,12.0,7.4
2008-08-07,19.0,6.3
2008-08-07,20.0,6.1
2008-08-07,21.0,6.1
2008-08-07,17.0,6.4
2008-08-07,25.0,5.9
2008-08-07,27.0,5.9
2008-08-07,29.0,5.9
2008-08-07,23.0,5.9
2008-08-07,15.0,6.9
2008-08-07,11.0,10.6
2008-08-07,12.0,8.7
2008-08-07,13.0,7.8
2008-08-07,10.0,12.7
2008-08-07,9.0,15.9
2008-08-07,8.0,17.6
2008-08-07,7.0,19.7
2008-08-07,5.0,19.8
2008-08-07,3.0,19.9
2008-08-07,1.0,19.9
2008-08-21,15.0,6.0
2008-08-21,17.0,6.0
2008-08-21,19.0,5.8
2008-08-21,21.0,5.7
2008-08-21,27.0,5.3
2008-08-21,23.0,5.6
2008-08-21,25.0,5.3
2008-08-21,14.0,6.4
2008-08-21,22.0,5.7
2008-08-21,13.0,7.5
2008-08-21,12.0,9.0
2008-08-21,11.0,11.1
2008-08-21,1.0,18.4
2008-08-21,2.0,18.4
2008-08-21,3.0,18.4
2008-08-21,5.0,18.3
2008-08-21,0.0,18.4
2008-08-21,8.0,18.1
2008-08-21,9.0,17.2
2008-08-21,10.0,15.2
2008-08-21,7.0,18.4
2008-09-03,15.0,6.7
2008-09-03,29.0,5.5
2008-09-03,30.0,5.5
2008-09-03,25.0,5.6
2008-09-03,23.0,5.6
2008-09-03,22.0,5.8
2008-09-03,21.0,5.8
2008-09-03,19.0,6.0
2008-09-03,17.0,6.1
2008-09-03,14.0,7.5
2008-09-03,27.0,5.6
2008-09-03,12.0,9.3
2008-09-03,13.0,8.2
2008-09-03,1.0,17.8
2008-09-03,3.0,17.8
2008-09-03,4.0,17.8
2008-09-03,0.0,17.8
2008-09-03,7.0,17.7
2008-09-03,9.0,17.9
2008-09-03,10.0,17.0
2008-09-03,11.0,11.0
2008-09-03,5.0,17.7
2008-09-18,16.0,6.2
2008-09-18,29.0,5.4
2008-09-18,27.0,5.4
2008-09-18,23.0,5.4
2008-09-18,22.0,5.5
2008-09-18,21.0,5.5
2008-09-18,19.0,5.7
2008-09-18,17.0,5.9
2008-09-18,15.0,6.4
2008-09-18,25.0,5.4
2008-09-18,13.0,8.4
2008-09-18,12.0,11.1
2008-09-18,11.0,14.0
2008-09-18,9.0,14.9
2008-09-18,7.0,15.0
2008-09-18,5.0,15.2
2008-09-18,3.0,15.2
2008-09-18,1.0,15.2
2008-09-18,0.0,15.2
2008-09-18,14.0,7.0
2008-10-01,15.0,6.9
2008-10-01,16.0,6.4
2008-10-01,17.0,6.0
2008-10-01,18.0,5.9
2008-10-01,28.0,5.4
2008-10-01,22.0,5.8
2008-10-01,24.0,5.7
2008-10-01,26.0,5.5
2008-10-01,20.0,5.9
2008-10-01,14.0,7.5
2008-10-01,12.0,13.5
2008-10-01,11.0,14.0
2008-10-01,9.0,14.0
2008-10-01,7.0,14.0
2008-10-01,5.0,14.1
2008-10-01,5.0,14.0
2008-10-01,3.0,14.1
2008-10-01,1.0,14.1
2008-10-01,0.0,14.1
2008-10-01,13.0,9.8
2008-10-29,20.0,5.8
2008-10-29,28.0,5.5
2008-10-29,30.0,5.5
2008-10-29,24.5,5.6
2008-10-29,24.0,5.6
2008-10-29,22.0,5.7
2008-10-29,19.0,6.0
2008-10-29,26.0,5.5
2008-10-29,17.0,8.1
2008-10-29,15.0,9.8
2008-10-29,10.0,9.9
2008-10-29,6.0,9.8
2008-10-29,5.0,9.9
2008-10-29,2.0,9.9
2008-10-29,0.0,9.9
2008-10-29,18.0,6.2
2008-11-15,25.0,6.1
2008-11-15,20.0,6.1
2008-11-15,15.0,6.1
2008-11-15,28.0,5.9
2008-11-15,5.0,6.2
2008-11-15,0.0,6.2
2008-11-15,10.0,6.2
2008-11-18,30.0,6.1
2008-11-18,27.0,6.2
2008-11-18,25.0,7.0
2008-11-18,22.0,7.7
2008-11-18,20.0,7.7
2008-11-18,15.0,7.7
2008-11-18,10.0,7.7
2008-11-18,5.0,7.7
2008-11-18,0.0,7.7
2008-11-18,17.0,7.8
2008-11-25,20.0,6.1
2008-11-25,28.0,5.9
2008-11-25,25.0,6.1
2008-11-25,15.0,6.1
2008-11-25,5.0,6.2
2008-11-25,3.0,6.2
2008-11-25,0.0,6.2
2008-11-25,10.0,6.2
2008-12-09,0.0,5.4
2008-12-09,1.0,5.4
2008-12-09,5.0,5.4
2008-12-09,10.0,5.4
2008-12-09,15.0,5.3
2008-12-09,20.0,5.3
2008-12-09,25.0,5.3
2008-12-09,30.0,5.3
2009-01-21,4.0,2.5
2009-01-21,30.0,2.7
2009-01-21,20.0,2.7
2009-01-21,0.0,2.5
2009-01-21,8.0,2.5
2009-01-21,10.0,2.6
2009-02-12,25.0,1.7
2009-02-12,1.0,1.2
2009-02-12,5.0,1.4
2009-02-12,10.0,1.5
2009-02-12,15.0,1.6
2009-02-12,20.0,1.7
2009-02-12,30.0,1.7
2009-03-18,20.0,3.0
2009-03-18,10.0,3.1
2009-03-18,30.0,3.0
2009-03-18,0.0,3.1
2009-03-18,2.0,3.1
2009-04-02,0.0,4.2
2009-04-02,5.0,4.0
2009-04-02,10.0,4.0
2009-04-02,15.0,4.0
2009-04-02,20.0,4.0
2009-04-02,25.0,4.0
2009-04-02,30.0,4.0
2009-04-23,16.0,5.3
2009-04-23,18.0,5.2
2009-04-23,20.0,5.1
2009-04-23,22.0,4.8
2009-04-23,29.0,4.6
2009-04-23,26.0,4.7
2009-04-23,28.0,4.7
2009-04-23,14.0,5.5
2009-04-23,24.0,4.8
2009-04-23,12.0,6.0
2009-04-23,30.0,4.5
2009-04-23,8.0,6.9
2009-04-23,10.0,6.3
2009-04-23,0.0,9.5
2009-04-23,2.0,9.5
2009-04-23,3.0,9.4
2009-04-23,1.0,9.6
2009-04-23,4.5,7.8
2009-04-23,5.0,7.6
2009-04-23,6.0,7.4
2009-04-23,7.0,7.1
2009-04-23,4.0,9.3
2009-05-06,16.0,5.5
2009-05-06,30.0,4.8
2009-05-06,28.0,4.8
2009-05-06,25.0,5.0
2009-05-06,22.0,5.2
2009-05-06,20.0,5.3
2009-05-06,14.0,5.8
2009-05-06,18.0,5.5
2009-05-06,10.0,6.7
2009-05-06,9.0,7.9
2009-05-06,8.0,10.5
2009-05-06,7.0,11.5
2009-05-06,5.0,11.6
2009-05-06,0.0,11.7
2009-05-06,12.0,6.0
2009-05-19,18.0,5.8
2009-05-19,18.5,5.8
2009-05-19,20.0,5.7
2009-05-19,21.0,5.6
2009-05-19,22.0,5.6
2009-05-19,22.5,5.5
2009-05-19,26.0,5.5
2009-05-19,25.0,5.5
2009-05-19,30.0,5.4
2009-05-19,27.0,5.5
2009-05-19,27.5,5.5
2009-05-19,29.0,5.5
2009-05-19,16.5,6.0
2009-05-19,24.0,5.5
2009-05-19,16.0,6.1
2009-05-19,4.0,12.2
2009-05-19,14.0,6.6
2009-05-19,15.0,6.2
2009-05-19,1.0,13.0
2009-05-19,2.0,12.8
2009-05-19,3.0,12.5
2009-05-19,4.5,12.1
2009-05-19,6.0,12.1
2009-05-19,0.0,13.1
2009-05-19,7.5,11.6
2009-05-19,8.5,11.1
2009-05-19,9.5,10.3
2009-05-19,10.5,9.0
2009-05-19,12.0,7.5
2009-05-19,13.0,7.2
2009-05-19,7.0,12.0
2009-06-17,18.5,5.9
2009-06-17,20.0,5.9
2009-06-17,21.0,5.8
2009-06-17,22.0,5.7
2009-06-17,23.0,5.7
2009-06-17,27.0,5.6
2009-06-17,24.0,5.7
2009-06-17,26.0,5.6
2009-06-17,0.25,15.7
2009-06-17,1.0,15.6
2009-06-17,17.5,6.0
2009-06-17,23.5,5.7
2009-06-17,17.0,6.2
2009-06-17,14.5,6.5
2009-06-17,2.0,15.5
2009-06-17,16.0,6.3
2009-06-17,3.0,15.2
2009-06-17,3.5,15.1
2009-06-17,4.5,15.0
2009-06-17,7.0,14.9
2009-06-17,6.0,14.9
2009-06-17,10.0,14.6
2009-06-17,10.5,13.1
2009-06-17,12.0,9.2
2009-06-17,13.0,7.5
2009-06-17,14.0,6.7
2009-06-17,9.0,14.8
2009-07-01,19.5,5.9
2009-07-01,16.0,6.5
2009-07-01,17.0,6.4
2009-07-01,18.0,6.2
2009-07-01,29.5,5.6
2009-07-01,14.5,7.0
2009-07-01,24.0,5.7
2009-07-01,24.5,5.7
2009-07-01,27.0,5.7
2009-07-01,28.0,5.7
2009-07-01,29.0,5.6
2009-07-01,22.0,5.8
2009-07-01,14.0,7.7
2009-07-01,6.0,17.5
2009-07-01,12.0,11.5
2009-07-01,13.0,9.0
2009-07-01,0.25,22.8
2009-07-01,0.75,21.5
2009-07-01,2.0,20.1
2009-07-01,4.0,19.5
2009-07-01,2.5,19.9
2009-07-01,7.0,16.3
2009-07-01,8.0,15.6
2009-07-01,9.0,14.8
2009-07-01,10.0,14.0
2009-07-01,11.0,13.1
2009-07-01,5.0,18.4
2009-07-23,18.5,6.2
2009-07-23,20.5,6.0
2009-07-23,20.0,6.0
2009-07-23,19.5,6.0
2009-07-23,18.0,6.3
2009-07-23,15.0,7.2
2009-07-23,17.0,6.5
2009-07-23,16.5,6.5
2009-07-23,16.0,6.9
2009-07-23,15.5,6.9
2009-07-23,21.5,5.9
2009-07-23,17.5,6.3
2009-07-23,22.0,5.9
2009-07-23,25.5,5.7
2009-07-23,23.5,5.8
2009-07-23,24.0,5.8
2009-07-23,24.5,5.8
2009-07-23,25.0,5.8
2009-07-23,26.0,5.7
2009-07-23,26.5,5.7
2009-07-23,27.5,5.7
2009-07-23,28.0,5.7
2009-07-23,28.5,5.7
2009-07-23,29.5,5.6
2009-07-23,30.0,5.6
2009-07-23,14.5,7.2
2009-07-23,22.5,5.8
2009-07-23,14.0,8.2
2009-07-23,4.5,19.4
2009-07-23,13.0,9.1
2009-07-23,0.0,19.7
2009-07-23,0.0,19.7
2009-07-23,0.75,19.7
2009-07-23,1.0,19.7
2009-07-23,1.5,19.7
2009-07-23,1.5,19.7
2009-07-23,2.5,19.6
2009-07-23,3.5,19.5
2009-07-23,4.0,19.5
2009-07-23,13.5,8.2
2009-07-23,5.0,19.4
2009-07-23,5.5,19.4
2009-07-23,6.0,19.4
2009-07-23,3.0,19.6
2009-07-23,7.0,18.7
2009-07-23,6.5,18.7
2009-07-23,12.0,10.2
2009-07-23,11.5,10.2
2009-07-23,11.0,12.7
2009-07-23,10.5,12.7
2009-07-23,10.0,12.2
2009-07-23,12.5,9.1
2009-07-23,9.0,15.2
2009-07-23,8.5,15.2
2009-07-23,8.0,17.2
2009-07-23,7.5,17.0
2009-07-23,9.5,14.2
2009-08-11,15.0,7.5
2009-08-11,16.0,7.0
2009-08-11,17.0,6.5
2009-08-11,19.0,6.2
2009-08-11,20.0,6.1
2009-08-11,22.0,6.0
2009-08-11,25.0,5.8
2009-08-11,24.0,5.8
2009-08-11,26.0,5.8
2009-08-11,28.0,5.7
2009-08-11,29.5,5.7
2009-08-11,23.0,5.9
2009-08-11,14.0,8.4
2009-08-11,21.0,6.0
2009-08-11,12.0,11.0
2009-08-11,0.0,21.0
2009-08-11,0.0,21.0
2009-08-11,1.0,21.0
2009-08-11,3.0,20.9
2009-08-11,4.5,19.8
2009-08-11,5.5,18.8
2009-08-11,4.0,20.8
2009-08-11,7.0,18.3
2009-08-11,9.0,17.2
2009-08-11,9.0,16.4
2009-08-11,10.0,13.9
2009-08-11,11.0,12.7
2009-08-11,13.0,9.6
2009-08-27,21.5,6.0
2009-08-27,17.5,6.3
2009-08-27,18.5,6.2
2009-08-27,20.0,6.1
2009-08-27,20.5,6.0
2009-08-27,22.5,5.9
2009-08-27,30.0,5.8
2009-08-27,24.5,5.8
2009-08-27,25.5,5.8
2009-08-27,26.5,5.8
2009-08-27,27.5,5.8
2009-08-27,29.0,5.8
2009-08-27,17.0,6.5
2009-08-27,30.0,5.8
2009-08-27,24.0,5.8
2009-08-27,16.0,6.9
2009-08-27,11.5,10.9
2009-08-27,13.5,8.4
2009-08-27,0.0,19.0
2009-08-27,1.0,19.0
2009-08-27,1.5,19.0
2009-08-27,14.5,7.4
2009-08-27,4.0,18.9
2009-08-27,4.5,18.9
2009-08-27,5.0,18.9
2009-08-27,3.0,18.9
2009-08-27,6.5,18.5
2009-08-27,7.5,18.4
2009-08-27,8.5,17.6
2009-08-27,10.0,17.1
2009-08-27,10.5,15.8
2009-08-27,12.5,9.3
2009-08-27,5.5,18.8
2009-09-10,16.0,6.8
2009-09-10,30.0,5.6
2009-09-10,25.0,5.7
2009-09-10,22.0,5.8
2009-09-10,20.0,6.0
2009-09-10,18.0,6.2
2009-09-10,17.0,6.4
2009-09-10,15.0,7.2
2009-09-10,28.0,5.6
2009-09-10,13.0,10.6
2009-09-10,14.0,8.3
2009-09-10,2.0,16.8
2009-09-10,5.0,16.8
2009-09-10,0.0,16.9
2009-09-10,10.0,16.5
2009-09-10,11.0,16.4
2009-09-10,12.0,14.9
2009-09-10,8.0,16.7
2009-09-23,17.0,6.6
2009-09-23,29.0,5.3
2009-09-23,26.0,5.4
2009-09-23,24.0,5.5
2009-09-23,21.0,5.7
2009-09-23,20.0,5.8
2009-09-23,19.0,6.0
2009-09-23,18.0,6.3
2009-09-23,16.0,6.9
2009-09-23,22.0,5.6
2009-09-23,14.0,8.7
2009-09-23,15.0,7.8
2009-09-23,2.0,15.5
2009-09-23,4.0,15.4
2009-09-23,6.0,15.4
2009-09-23,0.0,15.5
2009-09-23,10.0,15.4
2009-09-23,12.0,15.4
2009-09-23,13.0,12.3
2009-09-23,8.0,15.4
2009-10-08,29.0,5.8
2009-10-08,17.0,9.0
2009-10-08,27.0,5.8
2009-10-08,25.0,5.8
2009-10-08,23.0,6.0
2009-10-08,21.0,6.2
2009-10-08,19.0,6.4
2009-10-08,18.0,7.0
2009-10-08,16.0,11.2
2009-10-08,12.0,12.4
2009-10-08,14.0,12.3
2009-10-08,10.0,12.4
2009-10-08,8.0,12.4
2009-10-08,6.0,12.5
2009-10-08,4.0,12.5
2009-10-08,2.0,12.5
2009-10-08,0.0,12.5
2009-10-08,15.0,12.2
2009-10-22,19.0,7.1
2009-10-22,30.0,5.5
2009-10-22,22.0,5.7
2009-10-22,20.0,5.9
2009-10-22,18.0,8.7
2009-10-22,25.0,5.5
2009-10-22,15.0,9.7
2009-10-22,10.0,9.7
2009-10-22,5.0,9.7
2009-10-22,1.0,9.7
2009-10-22,17.0,9.6
2009-11-18,30.0,5.4
2009-11-18,29.0,5.5
2009-11-18,28.0,5.5
2009-11-18,26.0,5.6
2009-11-18,25.0,6.4
2009-11-18,24.0,7.3
2009-11-18,27.0,5.5
2009-11-18,20.0,7.5
2009-11-18,15.0,7.5
2009-11-18,10.0,7.5
2009-11-18,5.0,7.5
2009-11-18,3.0,7.5
2009-11-18,0.0,7.5
2009-11-18,23.0,7.5
2009-12-16,30.0,5.5
2009-12-16,25.0,5.7
2009-12-16,20.0,5.8
2009-12-16,15.0,5.8
2009-12-16,5.0,5.7
2009-12-16,1.0,5.6
2009-12-16,0.0,5.5
2009-12-16,10.0,5.8
2010-01-21,30.0,2.6
2010-01-21,29.0,2.4
2010-01-21,27.0,2.2
2010-01-21,25.0,1.8
2010-01-21,22.0,1.6
2010-01-21,15.0,1.2
2010-01-21,10.0,1.1
2010-01-21,5.0,1.0
2010-01-21,0.0,1.0
2010-01-21,20.0,1.4
2010-02-17,0.0,1.0
2010-03-25,29.5,3.0
2010-03-25,29.5,2.5
2010-03-25,29.0,2.4
2010-03-25,28.0,2.1
2010-03-25,27.5,2.1
2010-03-25,22.0,2.0
2010-03-25,24.5,2.0
2010-03-25,15.0,2.0
2010-03-25,9.5,2.0
2010-03-25,5.0,2.0
2010-03-25,2.5,2.1
2010-03-25,1.0,2.2
2010-03-25,0.25,2.2
2010-03-25,19.0,2.0
2010-04-08,20.0,3.8
2010-04-08,30.0,3.8
2010-04-08,29.5,3.8
2010-04-08,29.0,3.8
2010-04-08,28.0,3.8
2010-04-08,26.0,3.8
2010-04-08,24.0,3.8
2010-04-08,22.0,3.8
2010-04-08,18.0,3.8
2010-04-08,14.0,3.8
2010-04-08,12.0,3.8
2010-04-08,10.0,3.8
2010-04-08,8.0,3.9
2010-04-08,6.0,3.9
2010-04-08,4.0,4.0
2010-04-08,1.0,4.1
2010-04-08,0.25,4.3
2010-04-08,16.0,3.8
2010-04-20,15.0,5.8
2010-04-20,18.0,5.6
2010-04-20,19.0,5.6
2010-04-20,19.5,5.6
2010-04-20,21.0,5.6
2010-04-20,21.0,5.6
2010-04-20,22.0,5.6
2010-04-20,22.0,5.6
2010-04-20,27.0,5.4
2010-04-20,24.0,5.6
2010-04-20,25.0,5.5
2010-04-20,16.5,5.6
2010-04-20,28.0,5.4
2010-04-20,28.5,5.4
2010-04-20,28.5,5.4
2010-04-20,30.0,5.3
2010-04-20,23.0,5.6
2010-04-20,16.0,5.7
2010-04-20,13.5,5.8
2010-04-20,8.0,5.9
2010-04-20,14.5,5.8
2010-04-20,12.5,5.8
2010-04-20,12.0,5.9
2010-04-20,10.5,5.9
2010-04-20,10.0,5.9
2010-04-20,8.5,5.9
2010-04-20,8.0,5.9
2010-04-20,15.0,5.8
2010-04-20,7.0,5.9
2010-04-20,6.0,5.9
2010-04-20,5.0,5.9
2010-04-20,3.5,5.9
2010-04-20,3.0,5.9
2010-04-20,0.75,5.9
2010-04-20,0.0,5.9
2010-05-06,19.0,6.1
2010-05-06,24.0,6.0
2010-05-06,10.0,6.9
2010-05-06,29.0,5.8
2010-05-06,16.0,6.4
2010-05-06,28.0,5.9
2010-05-06,14.0,6.5
2010-05-06,2.0,7.9
2010-05-06,0.0,7.9
2010-05-06,1.0,7.9
2010-05-06,4.0,7.9
2010-05-06,12.0,6.7
2010-05-06,8.0,7.7
2010-05-06,6.0,7.9
2010-05-25,27.0,6.6
2010-05-25,25.5,6.6
2010-05-25,25.0,6.7
2010-05-25,23.5,6.7
2010-05-25,14.0,8.0
2010-05-25,21.5,6.8
2010-05-25,20.5,6.8
2010-05-25,20.0,6.9
2010-05-25,18.5,7.1
2010-05-25,17.5,7.2
2010-05-25,16.5,7.3
2010-05-25,16.0,7.5
2010-05-25,15.0,7.7
2010-05-25,22.5,6.7
2010-05-25,12.5,8.1
2010-05-25,27.5,6.5
2010-05-25,10.0,10.2
2010-05-25,8.5,10.3
2010-05-25,8.0,10.6
2010-05-25,6.5,10.9
2010-05-25,5.5,11.3
2010-05-25,4.5,11.8
2010-05-25,4.0,12.1
2010-05-25,3.0,12.1
2010-05-25,1.5,12.2
2010-05-25,0.75,12.2
2010-05-25,0.25,12.2
2010-05-25,12.0,8.3
2010-05-25,11.0,8.7
2010-06-09,19.0,7.0
2010-06-09,15.5,7.4
2010-06-09,20.0,6.9
2010-06-09,17.5,7.1
2010-06-09,21.0,6.8
2010-06-09,17.0,7.3
2010-06-09,22.5,6.8
2010-06-09,23.5,6.7
2010-06-09,25.0,6.7
2010-06-09,26.0,6.7
2010-06-09,27.0,6.7
2010-06-09,14.5,7.5
2010-06-09,22.0,6.8
2010-06-09,13.5,7.7
2010-06-09,13.0,7.9
2010-06-09,12.0,8.3
2010-06-09,0.0,16.1
2010-06-09,1.0,16.1
2010-06-09,1.5,16.0
2010-06-09,3.5,14.7
2010-06-09,4.5,13.5
2010-06-09,2.5,16.0
2010-06-09,6.5,12.3
2010-06-09,8.0,11.7
2010-06-09,8.5,11.1
2010-06-09,10.0,9.9
2010-06-09,11.0,9.0
2010-06-09,5.5,12.8
2010-06-22,22.0,6.8
2010-06-22,16.5,7.3
2010-06-22,17.5,7.2
2010-06-22,18.5,7.1
2010-06-22,19.5,7.0
2010-06-22,21.0,6.9
2010-06-22,22.0,6.8
2010-06-22,27.5,6.7
2010-06-22,24.0,6.8
2010-06-22,24.5,6.7
2010-06-22,25.5,6.7
2010-06-22,26.5,6.7
2010-06-22,16.0,7.4
2010-06-22,29.0,6.7
2010-06-22,23.0,6.8
2010-06-22,14.5,7.7
2010-06-22,13.0,8.1
2010-06-22,2.0,15.4
2010-06-22,0.0,15.4
2010-06-22,0.75,15.4
2010-06-22,14.0,7.9
2010-06-22,3.0,15.4
2010-06-22,3.5,15.3
2010-06-22,5.5,15.3
2010-06-22,5.5,14.6
2010-06-22,4.5,15.3
2010-06-22,8.0,14.1
2010-06-22,8.5,13.7
2010-06-22,9.0,13.4
2010-06-22,9.5,12.4
2010-06-22,10.5,10.0
2010-06-22,12.0,8.8
2010-06-22,6.5,14.5
2010-07-12,18.0,7.2
2010-07-12,14.5,7.6
2010-07-12,16.0,7.4
2010-07-12,17.0,7.3
2010-07-12,20.0,7.0
2010-07-12,14.0,7.9
2010-07-12,24.0,6.8
2010-07-12,26.0,6.8
2010-07-12,28.0,6.7
2010-07-12,30.0,6.7
2010-07-12,22.0,6.8
2010-07-12,13.0,8.4
2010-07-12,2.0,22.7
2010-07-12,10.5,10.7
2010-07-12,12.0,9.3
2010-07-12,0.25,23.2
2010-07-12,3.0,21.6
2010-07-12,4.0,19.8
2010-07-12,5.0,17.4
2010-07-12,1.0,23.1
2010-07-12,7.0,14.9
2010-07-12,7.5,13.8
2010-07-12,9.0,12.9
2010-07-12,10.0,12.1
2010-07-12,5.5,16.0
2010-07-22,30.0,6.6
2010-07-22,13.5,8.0
2010-07-22,28.0,6.7
2010-07-22,26.0,6.7
2010-07-22,24.0,6.8
2010-07-22,22.0,6.9
2010-07-22,20.0,7.0
2010-07-22,18.0,7.1
2010-07-22,16.0,7.4
2010-07-22,11.5,9.0
2010-07-22,8.0,13.7
2010-07-22,10.0,11.0
2010-07-22,9.0,12.5
2010-07-22,6.5,15.0
2010-07-22,6.0,16.8
2010-07-22,5.0,20.8
2010-07-22,4.0,21.3
2010-07-22,2.5,22.5
2010-07-22,0.75,22.8
2010-07-22,0.25,22.8
2010-07-22,11.0,10.0
2010-08-12,21.5,6.8
2010-08-12,18.0,7.1
2010-08-12,19.0,7.0
2010-08-12,19.5,7.0
2010-08-12,21.0,7.0
2010-08-12,23.0,6.8
2010-08-12,16.5,7.3
2010-08-12,24.5,6.7
2010-08-12,26.0,6.7
2010-08-12,27.0,6.7
2010-08-12,28.0,6.7
2010-08-12,29.0,6.7
2010-08-12,30.0,6.6
2010-08-12,24.0,6.7
2010-08-12,15.5,7.5
2010-08-12,0.0,19.9
2010-08-12,13.5,7.9
2010-08-12,0.75,19.9
2010-08-12,2.0,19.7
2010-08-12,2.5,19.5
2010-08-12,4.0,19.5
2010-08-12,5.0,19.4
2010-08-12,5.5,19.1
2010-08-12,15.0,7.7
2010-08-12,8.0,14.2
2010-08-12,9.0,12.4
2010-08-12,10.0,11.5
2010-08-12,11.0,10.3
2010-08-12,12.0,9.4
2010-08-12,13.0,8.4
2010-08-12,7.0,17.5
2010-08-24,17.0,7.4
2010-08-24,18.0,7.3
2010-08-24,18.5,7.1
2010-08-24,19.5,7.1
2010-08-24,20.5,7.0
2010-08-24,22.0,7.0
2010-08-24,25.5,6.7
2010-08-24,24.0,6.8
2010-08-24,24.5,6.8
2010-08-24,26.5,6.7
2010-08-24,27.5,6.7
2010-08-24,28.5,6.7
2010-08-24,16.0,7.5
2010-08-24,23.0,6.9
2010-08-24,15.0,7.9
2010-08-24,29.5,6.7
2010-08-24,12.5,8.8
2010-08-24,0.0,18.0
2010-08-24,0.75,18.0
2010-08-24,2.0,18.0
2010-08-24,3.0,18.0
2010-08-24,4.0,18.0
2010-08-24,4.5,18.0
2010-08-24,13.5,8.4
2010-08-24,7.0,18.0
2010-08-24,7.5,16.9
2010-08-24,8.5,13.3
2010-08-24,10.0,11.4
2010-08-24,11.0,10.4
2010-08-24,11.5,9.3
2010-08-24,5.5,18.0
2010-09-08,16.5,7.4
2010-09-08,17.5,7.3
2010-09-08,19.0,7.3
2010-09-08,19.5,7.1
2010-09-08,20.5,7.0
2010-09-08,22.0,6.9
2010-09-08,25.5,6.7
2010-09-08,23.5,6.8
2010-09-08,25.0,6.8
2010-09-08,26.5,6.7
2010-09-08,27.5,6.7
2010-09-08,28.5,6.7
2010-09-08,16.0,7.5
2010-09-08,22.5,6.8
2010-09-08,29.5,6.7
2010-09-08,15.0,7.7
2010-09-08,12.5,8.9
2010-09-08,14.0,8.2
2010-09-08,0.0,15.8
2010-09-08,1.0,15.8
2010-09-08,1.5,15.8
2010-09-08,3.5,15.8
2010-09-08,5.0,15.8
2010-09-08,2.5,15.8
2010-09-08,6.5,15.8
2010-09-08,7.5,15.8
2010-09-08,9.0,15.2
2010-09-08,9.5,14.3
2010-09-08,10.5,11.1
2010-09-08,12.0,9.5
2010-09-08,6.0,15.8
2010-09-28,22.0,6.9
2010-09-28,17.5,7.3
2010-09-28,19.0,7.2
2010-09-28,20.0,7.1
2010-09-28,21.0,6.9
2010-09-28,23.0,6.9
2010-09-28,17.0,7.4
2010-09-28,25.0,6.8
2010-09-28,26.0,6.7
2010-09-28,27.0,6.7
2010-09-28,27.5,6.7
2010-09-28,29.0,6.7
2010-09-28,30.0,6.6
2010-09-28,24.0,6.8
2010-09-28,14.5,8.2
2010-09-28,16.0,7.7
2010-09-28,13.5,12.9
2010-09-28,14.0,11.3
2010-09-28,0.75,13.6
2010-09-28,2.0,13.6
2010-09-28,3.0,13.6
2010-09-28,3.5,13.6
2010-09-28,5.0,13.6
2010-09-28,6.0,13.6
2010-09-28,0.0,13.6
2010-09-28,8.0,13.5
2010-09-28,8.5,13.5
2010-09-28,9.5,13.4
2010-09-28,11.0,13.4
2010-09-28,12.0,13.3
2010-09-28,12.5,13.3
2010-09-28,6.5,13.5
2010-10-06,17.0,7.5
2010-10-06,18.0,7.4
2010-10-06,18.5,7.2
2010-10-06,20.0,7.1
2010-10-06,21.0,7.0
2010-10-06,22.0,6.9
2010-10-06,23.0,6.8
2010-10-06,26.0,6.7
2010-10-06,25.0,6.7
2010-10-06,27.0,6.7
2010-10-06,28.0,6.7
2010-10-06,29.0,6.7
2010-10-06,30.0,6.6
2010-10-06,15.5,7.9
2010-10-06,24.0,6.8
2010-10-06,15.5,8.8
2010-10-06,30.0,6.6
2010-10-06,14.0,11.5
2010-10-06,15.0,10.8
2010-10-06,0.25,12.6
2010-10-06,1.0,12.6
2010-10-06,2.0,12.6
2010-10-06,2.5,12.6
2010-10-06,4.5,12.6
2010-10-06,6.0,12.5
2010-10-06,4.0,12.5
2010-10-06,8.0,12.6
2010-10-06,8.5,12.5
2010-10-06,10.0,12.5
2010-10-06,11.0,12.5
2010-10-06,12.0,12.5
2010-10-06,13.0,12.5
2010-10-06,14.0,12.4
2010-10-06,6.5,12.5
2010-10-19,22.0,6.9
2010-10-19,16.5,8.6
2010-10-19,17.5,7.4
2010-10-19,19.0,7.2
2010-10-19,20.0,7.1
2010-10-19,21.0,7.0
2010-10-19,23.0,6.8
2010-10-19,30.0,6.6
2010-10-19,24.5,6.7
2010-10-19,26.0,6.7
2010-10-19,27.0,6.7
2010-10-19,28.0,6.7
2010-10-19,29.0,6.7
2010-10-19,30.0,6.6
2010-10-19,24.0,6.8
2010-10-19,16.0,11.0
2010-10-19,14.0,11.1
2010-10-19,13.0,11.1
2010-10-19,15.0,11.1
2010-10-19,0.0,11.2
2010-10-19,1.0,11.2
2010-10-19,2.0,11.2
2010-10-19,4.0,11.1
2010-10-19,5.0,11.1
2010-10-19,3.0,11.2
2010-10-19,7.0,11.1
2010-10-19,8.0,11.1
2010-10-19,9.0,11.1
2010-10-19,10.0,11.1
2010-10-19,11.0,11.1
2010-10-19,12.0,11.1
2010-10-19,6.0,11.1
2010-11-18,22.0,7.3
2010-11-18,18.0,7.2
2010-11-18,19.0,7.2
2010-11-18,30.0,7.2
2010-11-18,21.0,7.3
2010-11-18,23.0,7.3
2010-11-18,17.0,7.2
2010-11-18,24.5,7.3
2010-11-18,26.0,7.2
2010-11-18,27.0,7.2
2010-11-18,28.0,7.2
2010-11-18,29.0,7.2
2010-11-18,30.0,7.2
2010-11-18,24.0,7.3
2010-11-18,16.0,7.2
2010-11-18,20.0,7.2
2010-11-18,13.5,7.2
2010-11-18,0.0,7.2
2010-11-18,1.0,7.3
2010-11-18,2.0,7.3
2010-11-18,2.5,7.2
2010-11-18,3.5,7.3
2010-11-18,4.5,7.3
2010-11-18,15.0,7.2
2010-11-18,6.0,7.3
2010-11-18,8.0,7.3
2010-11-18,9.0,7.3
2010-11-18,10.0,7.3
2010-11-18,11.0,7.2
2010-11-18,11.5,7.2
2010-11-18,13.0,7.2
2010-11-18,7.0,7.3
2010-12-15,0.0,2.2
2011-01-19,0.0,1.8
2011-02-23,0.0,1.5
2011-03-08,0.0,2.0
2011-03-23,16.5,2.9
2011-03-23,18.0,2.9
2011-03-23,19.0,2.9
2011-03-23,20.0,2.9
2011-03-23,21.0,2.9
2011-03-23,22.0,2.9
2011-03-23,23.0,2.9
2011-03-23,24.0,2.9
2011-03-23,25.0,2.9
2011-03-23,26.0,2.9
2011-03-23,30.0,3.0
2011-03-23,27.5,3.0
2011-03-23,29.0,3.0
2011-03-23,15.5,2.9
2011-03-23,14.5,2.9
2011-03-23,26.5,3.0
2011-03-23,12.5,2.9
2011-03-23,0.0,3.0
2011-03-23,1.0,2.9
2011-03-23,1.5,2.9
2011-03-23,2.5,2.9
2011-03-23,4.0,2.9
2011-03-23,5.0,2.9
2011-03-23,5.5,2.9
2011-03-23,13.5,2.9
2011-03-23,8.0,2.9
2011-03-23,8.0,2.9
2011-03-23,8.5,2.9
2011-03-23,9.5,2.9
2011-03-23,10.5,2.9
2011-03-23,11.5,2.9
2011-03-23,6.5,2.9
2011-04-07,16.0,5.3
2011-04-07,16.5,5.2
2011-04-07,18.0,5.2
2011-04-07,18.5,5.2
2011-04-07,19.5,5.2
2011-04-07,20.5,5.2
2011-04-07,24.5,5.3
2011-04-07,23.0,5.3
2011-04-07,24.0,5.3
2011-04-07,26.0,5.1
2011-04-07,26.5,5.1
2011-04-07,27.5,5.0
2011-04-07,14.5,5.3
2011-04-07,22.0,5.2
2011-04-07,29.0,5.0
2011-04-07,13.5,5.3
2011-04-07,12.0,5.3
2011-04-07,12.5,5.3
2011-04-07,0.0,5.3
2011-04-07,0.75,5.3
2011-04-07,1.5,5.3
2011-04-07,4.0,5.3
2011-04-07,4.5,5.3
2011-04-07,2.5,5.3
2011-04-07,7.0,5.3
2011-04-07,7.5,5.3
2011-04-07,8.5,5.3
2011-04-07,10.0,5.3
2011-04-07,11.0,5.3
2011-04-07,5.5,5.3
2011-04-28,19.5,5.9
2011-04-28,15.5,6.2
2011-04-28,16.5,6.1
2011-04-28,17.5,6.0
2011-04-28,18.5,5.9
2011-04-28,21.0,5.9
2011-04-28,28.0,5.8
2011-04-28,22.5,5.8
2011-04-28,23.5,5.8
2011-04-28,25.0,5.8
2011-04-28,26.0,5.8
2011-04-28,27.0,5.8
2011-04-28,29.0,5.7
2011-04-28,22.0,5.8
2011-04-28,13.5,6.4
2011-04-28,15.0,6.3
2011-04-28,11.5,6.6
2011-04-28,0.0,12.6
2011-04-28,0.75,12.6
2011-04-28,2.0,12.5
2011-04-28,2.5,12.5
2011-04-28,3.5,12.4
2011-04-28,4.0,10.9
2011-04-28,5.0,8.8
2011-04-28,13.0,6.5
2011-04-28,5.5,7.7
2011-04-28,7.0,7.5
2011-04-28,7.5,7.2
2011-04-28,8.5,7.0
2011-04-28,9.5,6.9
2011-04-28,11.0,6.7
2011-04-28,5.0,7.8
2011-05-11,19.0,6.0
2011-05-11,20.0,6.0
2011-05-11,21.0,6.0
2011-05-11,22.0,5.9
2011-05-11,23.0,5.9
2011-05-11,24.0,5.9
2011-05-11,27.5,5.8
2011-05-11,25.5,5.9
2011-05-11,26.5,5.8
2011-05-11,29.0,5.8
2011-05-11,29.0,5.8
2011-05-11,29.5,5.7
2011-05-11,18.0,6.1
2011-05-11,25.0,5.9
2011-05-11,16.5,6.2
2011-05-11,15.5,6.2
2011-05-11,4.0,12.7
2011-05-11,15.0,6.3
2011-05-11,0.0,14.3
2011-05-11,1.0,13.9
2011-05-11,2.0,13.4
2011-05-11,3.0,13.2
2011-05-11,4.5,12.4
2011-05-11,7.0,11.3
2011-05-11,6.0,12.0
2011-05-11,8.5,8.0
2011-05-11,10.0,7.3
2011-05-11,11.0,6.7
2011-05-11,11.5,6.5
2011-05-11,13.0,6.4
2011-05-11,14.0,6.4
2011-05-11,7.5,9.2
2011-05-25,18.5,6.0
2011-05-25,19.5,6.0
2011-05-25,18.0,6.1
2011-05-25,15.0,6.3
2011-05-25,15.5,6.3
2011-05-25,21.0,6.0
2011-05-25,16.5,6.1
2011-05-25,21.5,6.0
2011-05-25,28.0,5.9
2011-05-25,24.0,5.9
2011-05-25,25.0,5.9
2011-05-25,26.0,5.9
2011-05-25,27.0,5.9
2011-05-25,29.0,5.9
2011-05-25,27.0,5.9
2011-05-25,22.5,6.0
2011-05-25,13.5,6.7
2011-05-25,1.5,13.5
2011-05-25,12.5,7.1
2011-05-25,12.5,7.1
2011-05-25,0.0,13.6
2011-05-25,0.75,13.5
2011-05-25,2.5,13.5
2011-05-25,4.0,13.5
2011-05-25,4.5,13.5
2011-05-25,6.0,13.5
2011-05-25,2.5,13.5
2011-05-25,7.5,13.4
2011-05-25,8.5,13.5
2011-05-25,9.5,13.3
2011-05-25,11.0,13.1
2011-05-25,11.5,9.1
2011-05-25,11.5,7.9
2011-05-25,6.5,13.5
2011-06-08,19.0,6.1
2011-06-08,13.0,7.0
2011-06-08,13.5,6.7
2011-06-08,14.0,6.6
2011-06-08,15.0,6.4
2011-06-08,16.0,6.3
2011-06-08,17.0,6.1
2011-06-08,18.0,6.1
2011-06-08,20.0,6.0
2011-06-08,28.0,5.9
2011-06-08,22.0,5.9
2011-06-08,23.0,5.9
2011-06-08,24.0,5.9
2011-06-08,25.0,5.9
2011-06-08,26.0,5.9
2011-06-08,27.0,5.9
2011-06-08,29.5,5.8
2011-06-08,12.5,7.3
2011-06-08,21.0,6.0
2011-06-08,12.0,8.2
2011-06-08,29.0,5.8
2011-06-08,11.0,9.7
2011-06-08,0.75,19.1
2011-06-08,2.0,19.2
2011-06-08,2.5,19.0
2011-06-08,3.0,16.3
2011-06-08,3.5,15.5
2011-06-08,4.0,15.1
2011-06-08,4.5,15.0
2011-06-08,5.0,14.7
2011-06-08,5.0,14.4
2011-06-08,11.0,8.8
2011-06-08,6.0,13.9
2011-06-08,10.5,11.0
2011-06-08,10.0,11.8
2011-06-08,9.5,12.3
2011-06-08,9.0,12.6
2011-06-08,6.0,14.2
2011-06-08,8.0,13.0
2011-06-08,7.0,13.3
2011-06-08,7.0,13.5
2011-06-08,8.0,13.0
2011-06-21,19.0,6.2
2011-06-21,13.5,7.6
2011-06-21,14.0,7.2
2011-06-21,15.0,6.9
2011-06-21,16.0,6.8
2011-06-21,17.0,6.5
2011-06-21,18.0,6.3
2011-06-21,19.5,6.2
2011-06-21,25.0,5.9
2011-06-21,22.0,6.0
2011-06-21,23.0,6.0
2011-06-21,24.0,5.9
2011-06-21,13.0,7.8
2011-06-21,26.0,5.9
2011-06-21,27.0,5.9
2011-06-21,27.5,5.8
2011-06-21,28.5,5.8
2011-06-21,21.0,6.1
2011-06-21,12.5,8.1
2011-06-21,14.0,7.4
2011-06-21,11.5,8.9
2011-06-21,0.0,17.3
2011-06-21,12.0,8.5
2011-06-21,1.5,17.2
2011-06-21,2.5,17.2
2011-06-21,4.0,17.2
2011-06-21,4.5,17.1
2011-06-21,6.0,17.1
2011-06-21,6.5,17.0
2011-06-21,7.0,15.1
2011-06-21,1.0,17.3
2011-06-21,8.0,13.2
2011-06-21,8.5,12.8
2011-06-21,9.0,12.4
2011-06-21,9.5,12.0
2011-06-21,10.0,11.6
2011-06-21,10.5,11.0
2011-06-21,11.0,9.8
2011-06-21,7.5,14.7
2011-07-07,12.5,7.5
2011-07-07,13.5,6.8
2011-07-07,15.0,6.4
2011-07-07,16.0,6.3
2011-07-07,16.5,6.2
2011-07-07,18.0,6.1
2011-07-07,19.0,6.1
2011-07-07,23.0,5.9
2011-07-07,20.5,6.0
2011-07-07,21.5,5.9
2011-07-07,24.0,5.9
2011-07-07,25.0,5.9
2011-07-07,26.0,5.9
2011-07-07,12.0,8.4
2011-07-07,19.5,6.0
2011-07-07,11.5,9.0
2011-07-07,8.5,15.1
2011-07-07,10.5,11.0
2011-07-07,0.0,20.4
2011-07-07,1.5,19.3
2011-07-07,3.0,19.2
2011-07-07,4.0,18.4
2011-07-07,5.0,17.5
2011-07-07,6.0,17.3
2011-07-07,1.0,19.7
2011-07-07,7.5,16.2
2011-07-07,6.5,16.8
2011-07-07,10.0,11.3
2011-07-07,9.5,12.4
2011-07-07,11.0,10.1
2011-07-07,8.0,15.7
2011-07-07,9.0,14.0
2011-07-18,16.0,6.8
2011-07-18,29.0,5.8
2011-07-18,26.0,5.8
2011-07-18,25.0,5.9
2011-07-18,23.0,6.0
2011-07-18,22.0,6.0
2011-07-18,21.0,6.1
2011-07-18,20.0,6.2
2011-07-18,19.0,6.1
2011-07-18,18.0,6.5
2011-07-18,17.0,6.6
2011-07-18,24.0,5.9
2011-07-18,15.0,7.2
2011-07-18,13.0,8.0
2011-07-18,14.0,7.6
2011-07-18,0.0,18.8
2011-07-18,6.0,18.2
2011-07-18,7.0,17.3
2011-07-18,5.0,18.6
2011-07-18,9.0,14.1
2011-07-18,10.0,12.0
2011-07-18,11.0,9.7
2011-07-18,12.0,8.5
2011-07-18,8.0,16.6
2011-08-10,20.0,6.3
2011-08-10,16.0,7.2
2011-08-10,17.0,6.9
2011-08-10,18.0,6.5
2011-08-10,19.0,6.4
2011-08-10,21.0,6.2
2011-08-10,27.0,5.9
2011-08-10,23.0,6.0
2011-08-10,24.0,6.0
2011-08-10,25.0,5.9
2011-08-10,26.0,5.9
2011-08-10,28.0,5.9
2011-08-10,15.0,7.4
2011-08-10,22.0,6.1
2011-08-10,14.0,8.0
2011-08-10,0.0,18.5
2011-08-10,12.0,9.9
2011-08-10,13.0,9.0
2011-08-10,1.0,18.6
2011-08-10,2.0,18.6
2011-08-10,3.0,18.6
2011-08-10,5.0,18.6
2011-08-10,6.0,18.6
2011-08-10,4.0,18.6
2011-08-10,8.0,18.6
2011-08-10,8.5,16.6
2011-08-10,9.0,15.0
2011-08-10,10.0,13.7
2011-08-10,11.0,11.3
2011-08-10,7.0,18.6
2011-08-25,22.0,6.1
2011-08-25,18.0,6.3
2011-08-25,19.0,6.2
2011-08-25,20.0,6.2
2011-08-25,21.0,6.1
2011-08-25,23.0,6.0
2011-08-25,30.0,5.8
2011-08-25,25.0,5.9
2011-08-25,26.0,5.9
2011-08-25,27.0,5.9
2011-08-25,28.0,5.8
2011-08-25,29.0,5.8
2011-08-25,17.0,6.4
2011-08-25,24.0,6.0
2011-08-25,15.0,6.9
2011-08-25,16.0,6.6
2011-08-25,4.0,18.2
2011-08-25,0.0,18.3
2011-08-25,1.0,18.9
2011-08-25,2.0,18.9
2011-08-25,3.0,18.3
2011-08-25,5.0,18.0
2011-08-25,14.0,7.5
2011-08-25,6.0,17.9
2011-08-25,8.0,17.7
2011-08-25,9.0,17.1
2011-08-25,10.0,14.9
2011-08-25,11.0,11.5
2011-08-25,12.0,9.9
2011-08-25,13.0,8.7
2011-08-25,7.0,17.8
2011-09-05,19.0,6.3
2011-09-05,18.0,6.4
2011-09-05,15.0,7.0
2011-09-05,16.0,6.6
2011-09-05,20.0,6.2
2011-09-05,17.0,6.5
2011-09-05,20.5,6.1
2011-09-05,29.0,5.9
2011-09-05,23.0,6.0
2011-09-05,24.0,6.0
2011-09-05,25.0,5.9
2011-09-05,26.0,5.9
2011-09-05,27.0,5.9
2011-09-05,28.0,5.9
2011-09-05,22.0,6.1
2011-09-05,14.0,7.5
2011-09-05,0.0,18.2
2011-09-05,12.0,9.2
2011-09-05,13.0,8.2
2011-09-05,1.0,17.9
2011-09-05,1.5,17.7
2011-09-05,3.0,17.5
2011-09-05,5.0,17.1
2011-09-05,6.0,16.9
2011-09-05,4.0,17.2
2011-09-05,8.0,16.8
2011-09-05,9.0,16.6
2011-09-05,10.0,16.1
2011-09-05,10.5,13.2
2011-09-05,11.0,11.5
2011-09-05,11.5,10.0
2011-09-05,7.0,16.8
2011-09-22,15.5,6.9
2011-09-22,13.5,8.8
2011-09-22,14.0,8.1
2011-09-22,14.5,7.5
2011-09-22,15.5,7.2
2011-09-22,17.0,6.6
2011-09-22,13.5,9.4
2011-09-22,19.0,6.4
2011-09-22,19.5,6.3
2011-09-22,21.0,6.1
2011-09-22,22.0,6.1
2011-09-22,22.5,6.0
2011-09-22,18.0,6.5
2011-09-22,12.5,11.7
2011-09-22,5.5,14.7
2011-09-22,12.0,14.6
2011-09-22,0.25,14.7
2011-09-22,0.75,14.7
2011-09-22,2.0,14.7
2011-09-22,2.5,14.7
2011-09-22,3.5,14.7
2011-09-22,4.5,14.7
2011-09-22,12.0,14.6
2011-09-22,6.5,14.7
2011-09-22,8.0,14.7
2011-09-22,9.0,14.7
2011-09-22,9.5,14.7
2011-09-22,11.0,14.7
2011-10-27,18.0,8.0
2011-10-27,23.0,6.0
2011-10-27,23.5,6.0
2011-10-27,24.0,6.0
2011-10-27,27.0,6.0
2011-10-27,28.0,5.9
2011-10-27,29.0,5.9
2011-10-27,19.5,6.5
2011-10-27,19.0,6.7
2011-10-27,17.5,8.9
2011-10-27,20.5,6.3
2011-10-27,21.0,6.3
2011-10-27,21.0,6.2
2011-10-27,22.0,6.1
2011-10-27,22.0,6.1
2011-10-27,30.0,5.9
2011-10-27,17.0,9.7
2011-10-27,25.0,6.0
2011-10-27,15.0,9.8
2011-10-27,16.0,9.8
2011-10-27,0.25,10.0
2011-10-27,0.75,10.0
2011-10-27,2.0,10.0
2011-10-27,3.0,10.0
2011-10-27,5.0,9.9
2011-10-27,5.5,9.9
2011-10-27,7.0,9.9
2011-10-27,4.0,9.9
2011-10-27,9.0,9.9
2011-10-27,10.0,9.9
2011-10-27,11.0,9.9
2011-10-27,11.5,9.9
2011-10-27,12.5,9.8
2011-10-27,14.0,9.8
2011-10-27,8.0,9.9
2011-11-16,22.5,6.1
2011-11-16,20.0,7.6
2011-11-16,21.0,6.4
2011-11-16,21.5,6.3
2011-11-16,22.0,6.2
2011-11-16,22.0,6.2
2011-11-16,22.5,6.2
2011-11-16,23.0,6.1
2011-11-16,29.0,5.9
2011-11-16,24.0,6.0
2011-11-16,25.0,6.0
2011-11-16,26.0,6.0
2011-11-16,27.0,5.9
2011-11-16,27.0,5.9
2011-11-16,28.0,5.9
2011-11-16,19.0,8.3
2011-11-16,23.5,6.1
2011-11-16,18.0,8.4
2011-11-16,4.0,8.5
2011-11-16,16.0,8.4
2011-11-16,17.0,8.4
2011-11-16,2.0,8.5
2011-11-16,3.0,8.5
2011-11-16,5.0,8.5
2011-11-16,5.5,8.5
2011-11-16,7.0,8.5
2011-11-16,8.0,8.5
2011-11-16,1.0,8.5
2011-11-16,10.0,8.5
2011-11-16,8.5,8.5
2011-11-16,15.0,8.5
2011-11-16,14.0,8.5
2011-11-16,0.0,8.5
2011-11-16,12.0,8.5
2011-11-16,11.0,8.5
2011-11-16,13.0,8.5
2011-12-14,28.0,5.5
2011-12-14,17.0,5.5
2011-12-14,18.0,5.5
2011-12-14,19.0,5.5
2011-12-14,19.0,5.5
2011-12-14,20.0,5.5
2011-12-14,22.0,5.5
2011-12-14,22.5,5.5
2011-12-14,24.0,5.5
2011-12-14,26.0,5.5
2011-12-14,27.0,5.5
2011-12-14,16.0,5.5
2011-12-14,21.0,5.5
2011-12-14,25.0,5.5
2011-12-14,15.0,5.5
2011-12-14,14.0,5.5
2011-12-14,16.0,5.5
2011-12-14,0.0,5.5
2011-12-14,1.0,5.5
2011-12-14,4.0,5.5
2011-12-14,5.0,5.6
2011-12-14,6.0,5.5
2011-12-14,1.5,5.5
2011-12-14,8.0,5.6
2011-12-14,9.5,5.5
2011-12-14,11.0,5.5
2011-12-14,11.5,5.5
2011-12-14,13.0,5.5
2011-12-14,7.0,5.6
2012-01-17,21.0,3.9
2012-01-17,16.0,3.9
2012-01-17,17.0,3.9
2012-01-17,18.0,3.9
2012-01-17,19.0,3.9
2012-01-17,20.0,3.9
2012-01-17,21.5,3.9
2012-01-17,28.5,3.9
2012-01-17,24.0,3.9
2012-01-17,25.0,3.9
2012-01-17,26.0,3.9
2012-01-17,27.0,3.9
2012-01-17,28.0,3.9
2012-01-17,15.0,3.9
2012-01-17,29.0,3.9
2012-01-17,23.0,3.9
2012-01-17,14.0,4.0
2012-01-17,30.0,4.0
2012-01-17,13.0,4.0
2012-01-17,0.25,4.0
2012-01-17,0.75,4.0
2012-01-17,2.0,4.0
2012-01-17,2.5,4.0
2012-01-17,3.0,4.0
2012-01-17,4.0,4.0
2012-01-17,5.0,4.0
2012-01-17,14.0,4.0
2012-01-17,7.0,4.0
2012-01-17,8.0,4.0
2012-01-17,9.0,4.0
2012-01-17,10.0,4.0
2012-01-17,11.0,4.0
2012-01-17,12.0,4.0
2012-01-17,12.0,4.0
2012-01-17,6.0,3.9
2012-02-13,16.0,2.7
2012-02-13,17.0,2.6
2012-02-13,18.0,2.7
2012-02-13,19.0,2.7
2012-02-13,20.0,2.7
2012-02-13,20.0,2.8
2012-02-13,22.0,2.7
2012-02-13,26.0,2.7
2012-02-13,24.0,2.8
2012-02-13,25.0,2.8
2012-02-13,27.0,2.8
2012-02-13,28.0,2.8
2012-02-13,29.0,3.1
2012-02-13,15.0,2.6
2012-02-13,23.0,2.7
2012-02-13,29.0,3.2
2012-02-13,13.0,2.6
2012-02-13,12.0,2.5
2012-02-13,14.0,2.6
2012-02-13,0.25,2.3
2012-02-13,1.0,2.3
2012-02-13,2.0,2.3
2012-02-13,3.0,2.3
2012-02-13,5.0,2.3
2012-02-13,6.0,2.3
2012-02-13,4.0,2.3
2012-02-13,8.0,2.4
2012-02-13,9.0,2.4
2012-02-13,10.0,2.5
2012-02-13,10.0,2.5
2012-02-13,11.0,2.5
2012-02-13,12.0,2.5
2012-02-13,7.0,2.3
2012-03-08,21.0,3.4
2012-03-08,16.0,3.4
2012-03-08,17.0,3.4
2012-03-08,17.5,3.4
2012-03-08,20.0,3.4
2012-03-08,21.5,3.4
2012-03-08,15.0,3.5
2012-03-08,24.0,3.4
2012-03-08,30.0,3.4
2012-03-08,26.0,3.4
2012-03-08,27.0,3.4
2012-03-08,28.0,3.4
2012-03-08,28.5,3.4
2012-03-08,23.0,3.4
2012-03-08,14.0,3.5
2012-03-08,25.0,3.4
2012-03-08,12.0,3.4
2012-03-08,12.5,3.5
2012-03-08,0.0,3.5
2012-03-08,0.5,3.5
2012-03-08,0.75,3.5
2012-03-08,2.0,3.5
2012-03-08,3.0,3.5
2012-03-08,4.0,3.5
2012-03-08,19.0,3.4
2012-03-08,5.5,3.4
2012-03-08,6.5,3.4
2012-03-08,8.0,3.5
2012-03-08,11.0,3.4
2012-03-08,9.0,3.5
2012-03-08,10.0,3.4
2012-03-08,5.0,3.5
2012-03-29,17.0,6.2
2012-03-29,19.0,6.2
2012-03-29,20.0,6.1
2012-03-29,21.0,6.1
2012-03-29,22.0,6.1
2012-03-29,23.0,6.1
2012-03-29,26.0,6.0
2012-03-29,25.0,6.1
2012-03-29,16.0,6.2
2012-03-29,27.0,6.0
2012-03-29,28.0,5.9
2012-03-29,29.0,5.9
2012-03-29,23.5,6.1
2012-03-29,15.0,6.2
2012-03-29,17.5,6.2
2012-03-29,13.0,6.2
2012-03-29,14.0,6.2
2012-03-29,1.5,6.3
2012-03-29,2.0,6.3
2012-03-29,2.5,6.3
2012-03-29,4.0,6.3
2012-03-29,4.5,6.3
2012-03-29,5.5,6.3
2012-03-29,0.25,6.3
2012-03-29,7.5,6.3
2012-03-29,9.0,6.3
2012-03-29,10.0,6.2
2012-03-29,11.0,6.2
2012-03-29,12.0,6.2
2012-03-29,7.0,6.3
2012-04-10,16.5,6.1
2012-04-10,18.0,6.1
2012-04-10,19.0,6.1
2012-04-10,20.5,6.1
2012-04-10,20.5,6.1
2012-04-10,21.5,6.1
2012-04-10,25.0,6.1
2012-04-10,24.0,6.1
2012-04-10,26.0,6.1
2012-04-10,27.0,6.1
2012-04-10,28.0,6.1
2012-04-10,29.0,6.1
2012-04-10,16.0,6.1
2012-04-10,23.0,6.1
2012-04-10,15.0,6.2
2012-04-10,20.0,6.1
2012-04-10,13.0,6.2
2012-04-10,14.0,6.1
2012-04-10,0.75,6.2
2012-04-10,2.0,6.2
2012-04-10,3.0,6.2
2012-04-10,4.0,6.2
2012-04-10,5.0,6.2
2012-04-10,6.0,6.2
2012-04-10,0.0,6.3
2012-04-10,8.0,6.1
2012-04-10,9.0,6.2
2012-04-10,10.0,6.1
2012-04-10,10.5,6.1
2012-04-10,12.0,6.2
2012-04-10,7.0,6.1
2012-04-30,16.0,7.3
2012-04-30,17.0,7.2
2012-04-30,18.0,7.1
2012-04-30,19.0,7.0
2012-04-30,19.5,6.9
2012-04-30,20.5,6.9
2012-04-30,24.0,6.8
2012-04-30,22.5,6.8
2012-04-30,25.0,6.7
2012-04-30,25.5,6.7
2012-04-30,27.0,6.7
2012-04-30,28.0,6.6
2012-04-30,29.0,6.6
2012-04-30,21.5,6.8
2012-04-30,14.0,7.6
2012-04-30,14.5,7.4
2012-04-30,11.5,7.8
2012-04-30,13.0,7.7
2012-04-30,29.5,6.6
2012-04-30,0.0,9.8
2012-04-30,1.0,9.2
2012-04-30,2.5,8.6
2012-04-30,3.5,8.4
2012-04-30,2.0,8.8
2012-04-30,5.5,8.4
2012-04-30,7.0,8.4
2012-04-30,8.0,8.3
2012-04-30,9.0,8.2
2012-04-30,9.5,8.1
2012-04-30,10.5,7.9
2012-04-30,4.5,8.4
2012-05-08,22.0,6.9
2012-05-08,18.0,7.2
2012-05-08,18.5,7.0
2012-05-08,19.0,7.0
2012-05-08,20.0,7.0
2012-05-08,21.0,6.9
2012-05-08,23.0,6.8
2012-05-08,29.0,6.7
2012-05-08,29.5,6.7
2012-05-08,25.0,6.8
2012-05-08,26.0,6.7
2012-05-08,27.0,6.7
2012-05-08,27.5,6.7
2012-05-08,29.0,6.7
2012-05-08,17.0,7.3
2012-05-08,24.0,6.8
2012-05-08,16.0,7.4
2012-05-08,5.5,10.5
2012-05-08,14.0,7.7
2012-05-08,15.0,7.5
2012-05-08,0.75,10.8
2012-05-08,2.0,10.7
2012-05-08,3.0,10.7
2012-05-08,4.0,10.7
2012-05-08,5.0,10.6
2012-05-08,6.0,9.5
2012-05-08,0.0,10.8
2012-05-08,7.0,9.2
2012-05-08,8.0,8.9
2012-05-08,8.5,8.8
2012-05-08,10.0,8.7
2012-05-08,11.0,8.5
2012-05-08,12.0,8.2
2012-05-08,13.0,8.0
2012-05-08,6.5,9.3
2012-05-09,14.5,7.7
2012-05-09,15.5,7.4
2012-05-09,17.0,7.4
2012-05-09,18.0,7.2
2012-05-09,19.0,7.2
2012-05-09,19.5,7.2
2012-05-09,26.0,6.8
2012-05-09,22.0,7.0
2012-05-09,24.0,6.9
2012-05-09,28.0,6.7
2012-05-09,29.0,6.7
2012-05-09,13.5,8.0
2012-05-09,21.0,7.0
2012-05-09,13.0,8.1
2012-05-09,10.5,8.6
2012-05-09,2.0,10.9
2012-05-09,10.0,8.8
2012-05-09,8.5,9.0
2012-05-09,7.5,9.3
2012-05-09,7.0,9.8
2012-05-09,6.0,10.2
2012-05-09,5.0,10.3
2012-05-09,3.5,10.5
2012-05-09,3.5,10.6
2012-05-09,2.5,10.7
2012-05-09,1.5,11.6
2012-05-09,1.0,11.7
2012-05-09,0.0,11.8
2012-05-09,11.5,8.4
2012-05-22,19.5,7.5
2012-05-22,18.5,7.6
2012-05-22,16.0,8.6
2012-05-22,16.5,8.0
2012-05-22,21.0,7.2
2012-05-22,18.0,7.6
2012-05-22,21.5,7.2
2012-05-22,29.0,6.9
2012-05-22,24.0,7.0
2012-05-22,25.0,7.0
2012-05-22,25.5,7.0
2012-05-22,27.0,7.0
2012-05-22,27.5,6.9
2012-05-22,30.0,6.9
2012-05-22,23.0,7.1
2012-05-22,14.5,9.0
2012-05-22,0.75,13.3
2012-05-22,12.5,9.5
2012-05-22,14.0,9.3
2012-05-22,0.0,13.3
2012-05-22,1.5,13.2
2012-05-22,3.0,13.1
2012-05-22,5.0,12.2
2012-05-22,5.0,11.4
2012-05-22,5.5,10.4
2012-05-22,3.5,12.9
2012-05-22,6.5,10.2
2012-05-22,7.5,10.1
2012-05-22,9.0,10.0
2012-05-22,10.0,10.0
2012-05-22,11.0,9.8
2012-05-22,12.0,9.7
2012-05-22,6.5,10.3
2012-06-07,20.0,7.6
2012-06-07,16.0,8.5
2012-06-07,17.0,8.3
2012-06-07,17.5,7.8
2012-06-07,29.5,7.0
2012-06-07,19.0,7.7
2012-06-07,21.0,7.4
2012-06-07,29.0,7.0
2012-06-07,23.0,7.2
2012-06-07,24.0,7.2
2012-06-07,25.0,7.1
2012-06-07,26.0,7.1
2012-06-07,27.0,7.1
2012-06-07,28.0,7.0
2012-06-07,22.0,7.3
2012-06-07,15.0,8.7
2012-06-07,13.0,9.3
2012-06-07,11.5,9.6
2012-06-07,13.5,9.0
2012-06-07,0.25,13.6
2012-06-07,1.0,13.6
2012-06-07,1.5,13.6
2012-06-07,3.0,13.4
2012-06-07,4.0,13.4
2012-06-07,9.5,12.1
2012-06-07,6.0,13.2
2012-06-07,7.0,13.1
2012-06-07,8.0,13.0
2012-06-07,9.0,12.8
2012-06-07,10.0,10.5
2012-06-07,5.0,13.3
2012-06-07,11.0,9.9
2012-06-20,15.5,8.3
2012-06-20,16.5,8.1
2012-06-20,18.0,7.8
2012-06-20,20.0,7.5
2012-06-20,21.0,7.4
2012-06-20,21.5,7.3
2012-06-20,22.5,7.3
2012-06-20,26.0,7.1
2012-06-20,24.5,7.1
2012-06-20,15.0,8.8
2012-06-20,26.5,7.1
2012-06-20,27.5,7.1
2012-06-20,28.5,7.1
2012-06-20,29.5,7.1
2012-06-20,23.5,7.2
2012-06-20,13.5,9.2
2012-06-20,19.0,7.7
2012-06-20,12.0,9.7
2012-06-20,12.5,9.5
2012-06-20,0.25,15.3
2012-06-20,1.0,15.3
2012-06-20,2.0,15.1
2012-06-20,2.5,15.1
2012-06-20,4.5,15.0
2012-06-20,6.0,14.4
2012-06-20,7.0,14.1
2012-06-20,3.5,15.0
2012-06-20,9.0,13.3
2012-06-20,10.0,12.9
2012-06-20,10.5,12.3
2012-06-20,11.0,10.8
2012-06-20,11.5,10.2
2012-06-20,11.5,10.0
2012-06-20,8.0,13.9
2012-07-05,20.0,7.6
2012-07-05,14.0,9.5
2012-07-05,15.0,8.9
2012-07-05,16.0,8.4
2012-07-05,17.0,8.1
2012-07-05,18.0,7.8
2012-07-05,19.0,7.7
2012-07-05,21.0,7.5
2012-07-05,29.0,7.2
2012-07-05,23.0,7.3
2012-07-05,30.0,7.2
2012-07-05,24.0,7.3
2012-07-05,25.0,7.3
2012-07-05,26.0,7.3
2012-07-05,27.0,7.2
2012-07-05,28.0,7.2
2012-07-05,13.5,9.7
2012-07-05,22.0,7.4
2012-07-05,13.0,10.0
2012-07-05,5.0,17.1
2012-07-05,12.0,11.3
2012-07-05,12.5,10.7
2012-07-05,1.0,18.5
2012-07-05,2.0,18.5
2012-07-05,3.0,18.3
2012-07-05,4.0,18.2
2012-07-05,4.5,17.3
2012-07-05,6.0,16.6
2012-07-05,7.0,16.1
2012-07-05,0.0,18.5
2012-07-05,8.5,14.9
2012-07-05,9.0,14.5
2012-07-05,9.5,13.8
2012-07-05,10.0,13.5
2012-07-05,10.5,13.0
2012-07-05,11.0,12.5
2012-07-05,11.5,12.0
2012-07-05,8.0,15.3
2012-07-17,15.0,8.9
2012-07-17,16.0,8.3
2012-07-17,17.0,8.2
2012-07-17,29.5,7.3
2012-07-17,18.5,7.9
2012-07-17,20.0,7.8
2012-07-17,20.5,7.7
2012-07-17,25.0,7.3
2012-07-17,22.5,7.4
2012-07-17,23.5,7.4
2012-07-17,25.5,7.3
2012-07-17,27.0,7.3
2012-07-17,28.0,7.3
2012-07-17,28.5,7.3
2012-07-17,22.0,7.6
2012-07-17,12.5,10.0
2012-07-17,18.0,8.0
2012-07-17,11.0,11.5
2012-07-17,11.5,11.0
2012-07-17,0.0,17.7
2012-07-17,1.5,17.7
2012-07-17,2.0,17.7
2012-07-17,3.0,17.7
2012-07-17,4.5,17.7
2012-07-17,6.0,17.7
2012-07-17,14.0,9.2
2012-07-17,7.5,16.9
2012-07-17,8.5,16.5
2012-07-17,8.5,15.6
2012-07-17,9.5,14.8
2012-07-17,10.0,13.8
2012-07-17,10.5,13.0
2012-07-17,7.0,17.7
2012-07-17,11.0,12.0
2012-08-06,15.5,8.4
2012-08-06,17.0,8.2
2012-08-06,19.0,7.7
2012-08-06,20.0,7.6
2012-08-06,20.5,7.6
2012-08-06,22.0,7.5
2012-08-06,23.0,7.4
2012-08-06,27.0,7.3
2012-08-06,25.0,7.3
2012-08-06,26.0,7.3
2012-08-06,15.0,8.7
2012-08-06,28.0,7.3
2012-08-06,29.0,7.3
2012-08-06,29.5,7.3
2012-08-06,23.5,7.4
2012-08-06,13.5,9.3
2012-08-06,18.0,8.0
2012-08-06,12.5,10.3
2012-08-06,12.5,9.9
2012-08-06,0.25,20.0
2012-08-06,1.0,19.8
2012-08-06,2.0,19.6
2012-08-06,3.0,19.4
2012-08-06,5.0,18.6
2012-08-06,6.0,18.5
2012-08-06,6.5,18.0
2012-08-06,4.0,18.7
2012-08-06,8.5,16.5
2012-08-06,9.5,14.9
2012-08-06,10.0,13.4
2012-08-06,11.0,12.3
2012-08-06,11.5,11.5
2012-08-06,11.5,10.8
2012-08-06,7.5,17.5
2012-08-22,22.0,7.6
2012-08-22,16.0,8.4
2012-08-22,17.0,8.1
2012-08-22,18.0,7.9
2012-08-22,18.5,7.8
2012-08-22,20.0,7.7
2012-08-22,20.5,7.7
2012-08-22,23.0,7.5
2012-08-22,28.5,7.4
2012-08-22,24.5,7.4
2012-08-22,29.5,7.3
2012-08-22,26.0,7.4
2012-08-22,27.0,7.4
2012-08-22,28.0,7.4
2012-08-22,29.5,7.3
2012-08-22,14.5,9.2
2012-08-22,24.0,7.4
2012-08-22,13.5,10.0
2012-08-22,5.0,20.0
2012-08-22,12.5,10.6
2012-08-22,13.5,10.2
2012-08-22,0.0,20.2
2012-08-22,1.5,20.2
2012-08-22,3.0,20.1
2012-08-22,3.5,20.1
2012-08-22,6.0,19.8
2012-08-22,6.0,18.5
2012-08-22,6.5,18.3
2012-08-22,0.75,20.2
2012-08-22,9.0,16.9
2012-08-22,10.0,16.0
2012-08-22,10.0,15.4
2012-08-22,10.5,14.7
2012-08-22,11.0,13.5
2012-08-22,11.5,12.4
2012-08-22,12.5,10.9
2012-08-22,7.5,17.6
2012-08-30,10.5,14.0
2012-08-30,11.5,13.0
2012-08-30,11.5,12.0
2012-08-30,12.5,11.0
2012-08-30,12.5,11.2
2012-08-30,13.5,9.9
2012-08-30,14.5,9.1
2012-08-30,19.0,8.0
2012-08-30,17.0,8.4
2012-08-30,17.5,8.2
2012-08-30,20.0,7.9
2012-08-30,21.0,7.7
2012-08-30,22.0,7.6
2012-08-30,23.0,7.5
2012-08-30,24.0,7.4
2012-08-30,16.0,8.6
2012-08-30,10.5,14.3
2012-08-30,9.5,17.5
2012-08-30,8.5,17.6
2012-08-30,25.0,7.4
2012-08-30,26.0,7.4
2012-08-30,27.0,7.4
2012-08-30,27.5,7.4
2012-08-30,28.5,7.4
2012-08-30,30.0,7.3
2012-08-30,0.25,18.4
2012-08-30,10.0,16.3
2012-08-30,2.0,18.4
2012-08-30,2.5,18.2
2012-08-30,3.5,18.2
2012-08-30,5.0,18.1
2012-08-30,6.0,18.1
2012-08-30,6.5,18.0
2012-08-30,7.5,18.0
2012-08-30,1.0,18.4
2012-09-12,14.5,8.9
2012-09-12,16.0,8.4
2012-09-12,17.0,8.2
2012-09-12,18.0,7.9
2012-09-12,18.5,7.8
2012-09-12,20.0,7.7
2012-09-12,20.5,7.5
2012-09-12,25.0,7.4
2012-09-12,22.5,7.4
2012-09-12,23.5,7.4
2012-09-12,25.5,7.4
2012-09-12,26.5,7.4
2012-09-12,28.0,7.4
2012-09-12,0.0,16.6
2012-09-12,14.5,8.9
2012-09-12,21.5,7.5
2012-09-12,14.0,9.2
2012-09-12,28.5,7.4
2012-09-12,13.0,10.8
2012-09-12,2.0,16.7
2012-09-12,3.0,16.7
2012-09-12,4.0,16.7
2012-09-12,4.5,16.7
2012-09-12,5.5,16.7
2012-09-12,6.5,16.7
2012-09-12,7.5,16.7
2012-09-12,1.0,16.7
2012-09-12,10.0,16.6
2012-09-12,9.0,16.7
2012-09-12,12.5,11.4
2012-09-12,12.0,12.6
2012-09-12,13.5,9.6
2012-09-12,11.0,13.9
2012-09-12,11.0,16.2
2012-09-12,12.0,12.9
2012-09-24,15.5,8.6
2012-09-24,17.0,8.4
2012-09-24,18.0,8.0
2012-09-24,18.5,7.9
2012-09-24,20.0,7.8
2012-09-24,21.0,7.7
2012-09-24,22.0,7.6
2012-09-24,22.5,7.5
2012-09-24,25.0,7.4
2012-09-24,27.0,7.4
2012-09-24,27.5,7.3
2012-09-24,29.0,7.3
2012-09-24,15.0,8.9
2012-09-24,29.5,7.3
2012-09-24,24.0,7.4
2012-09-24,26.0,7.4
2012-09-24,14.0,10.0
2012-09-24,13.0,11.8
2012-09-24,14.0,9.3
2012-09-24,0.0,14.4
2012-09-24,1.0,14.4
2012-09-24,2.0,14.4
2012-09-24,4.0,14.4
2012-09-24,4.5,14.4
2012-09-24,6.0,14.4
2012-09-24,3.0,14.4
2012-09-24,8.0,14.4
2012-09-24,8.5,14.4
2012-09-24,10.0,14.4
2012-09-24,11.0,14.4
2012-09-24,12.0,14.3
2012-09-24,12.5,13.9
2012-09-24,7.0,14.4
2012-10-24,22.0,7.6
2012-10-24,18.0,10.3
2012-10-24,18.5,9.8
2012-10-24,19.5,8.3
2012-10-24,20.0,7.9
2012-10-24,21.0,7.7
2012-10-24,23.0,7.5
2012-10-24,17.0,10.7
2012-10-24,25.0,7.4
2012-10-24,26.0,7.3
2012-10-24,27.0,7.3
2012-10-24,28.0,7.3
2012-10-24,29.0,7.3
2012-10-24,30.0,7.2
2012-10-24,24.0,7.4
2012-10-24,16.0,10.8
2012-10-24,19.0,9.1
2012-10-24,14.0,10.9
2012-10-24,0.0,11.0
2012-10-24,2.0,11.0
2012-10-24,3.0,11.0
2012-10-24,4.0,11.0
2012-10-24,5.0,11.0
2012-10-24,6.0,10.9
2012-10-24,7.0,11.0
2012-10-24,1.0,11.0
2012-10-24,8.5,11.0
2012-10-24,10.0,10.9
2012-10-24,11.0,10.9
2012-10-24,15.0,10.8
2012-10-24,12.0,10.9
2012-10-24,12.5,10.9
2012-10-24,14.0,10.9
2012-10-24,8.0,11.0
2012-11-13,16.5,8.2
2012-11-13,18.0,8.2
2012-11-13,19.0,8.1
2012-11-13,20.0,8.2
2012-11-13,20.5,8.1
2012-11-13,22.0,8.1
2012-11-13,25.5,8.1
2012-11-13,23.5,8.1
2012-11-13,25.0,8.1
2012-11-13,26.5,8.1
2012-11-13,28.0,8.1
2012-11-13,29.0,8.1
2012-11-13,15.5,8.2
2012-11-13,23.0,8.1
2012-11-13,14.5,8.2
2012-11-13,7.5,8.2
2012-11-13,13.0,8.2
2012-11-13,0.0,8.2
2012-11-13,0.75,8.2
2012-11-13,1.5,8.2
2012-11-13,3.0,8.2
2012-11-13,13.5,8.2
2012-11-13,5.0,8.2
2012-11-13,3.5,8.2
2012-11-13,6.5,8.2
2012-11-13,9.0,8.2
2012-11-13,9.5,8.2
2012-11-13,10.5,8.2
2012-11-13,11.5,8.2
2012-11-13,6.0,8.2
2012-12-13,20.0,4.2
2012-12-13,28.0,4.1
2012-12-13,30.0,4.1
2012-12-13,24.0,4.2
2012-12-13,15.0,4.2
2012-12-13,26.0,4.2
2012-12-13,5.0,4.2
2012-12-13,2.0,4.1
2012-12-13,1.0,4.1
2012-12-13,0.0,3.7
2012-12-13,10.0,4.2
2013-01-31,14.0,2.4
2013-01-31,16.0,2.4
2013-01-31,18.0,2.4
2013-01-31,20.0,2.4
2013-01-31,21.0,2.3
2013-01-31,24.0,2.3
2013-01-31,13.0,2.4
2013-01-31,25.0,2.3
2013-01-31,26.0,2.3
2013-01-31,28.0,2.3
2013-01-31,23.0,2.4
2013-01-31,12.0,2.4
2013-01-31,27.0,2.3
2013-01-31,10.0,2.4
2013-01-31,9.0,2.4
2013-01-31,8.0,2.4
2013-01-31,7.0,2.4
2013-01-31,6.0,2.4
2013-01-31,5.0,2.4
2013-01-31,4.0,2.4
2013-01-31,3.0,2.5
2013-01-31,2.0,2.5
2013-01-31,1.0,2.6
2013-01-31,0.0,3.1
2013-01-31,11.0,2.4
2013-02-21,18.0,1.7
2013-02-21,20.0,1.7
2013-02-21,22.0,1.7
2013-02-21,24.0,1.7
2013-02-21,30.0,2.1
2013-02-21,26.0,1.8
2013-02-21,27.0,1.9
2013-02-21,28.0,2.0
2013-02-21,29.0,2.0
2013-02-21,17.0,1.7
2013-02-21,25.0,1.8
2013-02-21,16.0,1.6
2013-02-21,7.0,1.6
2013-02-21,12.0,1.6
2013-02-21,10.0,1.6
2013-02-21,8.0,1.6
2013-02-21,6.0,1.6
2013-02-21,5.0,1.6
2013-02-21,4.0,1.6
2013-02-21,3.0,1.6
2013-02-21,2.0,1.5
2013-02-21,1.0,1.5
2013-02-21,0.0,1.2
2013-02-21,14.0,1.6
2013-03-06,20.0,1.8
2013-03-06,30.0,1.9
2013-03-06,25.0,1.8
2013-03-06,15.0,1.8
2013-03-06,10.0,1.8
2013-03-06,5.0,1.8
2013-03-06,2.0,1.8
2013-03-06,1.0,1.9
2013-03-06,0.0,1.9
2013-03-19,0.0,1.5
2013-04-04,0.0,2.4
2013-04-23,16.0,5.3
2013-04-23,17.0,5.3
2013-04-23,19.0,5.3
2013-04-23,19.5,5.3
2013-04-23,21.0,5.3
2013-04-23,22.0,5.3
2013-04-23,24.5,5.3
2013-04-23,24.0,5.3
2013-04-23,15.5,5.3
2013-04-23,26.0,5.3
2013-04-23,27.0,5.3
2013-04-23,27.5,5.3
2013-04-23,29.0,5.3
2013-04-23,23.0,5.3
2013-04-23,15.0,5.3
2013-04-23,18.0,5.3
2013-04-23,13.5,5.3
2013-04-23,14.5,5.3
2013-04-23,1.0,5.3
2013-04-23,2.0,5.3
2013-04-23,2.5,5.3
2013-04-23,4.0,5.3
2013-04-23,4.5,5.3
2013-04-23,5.5,5.3
2013-04-23,0.0,5.3
2013-04-23,7.5,5.3
2013-04-23,8.5,5.3
2013-04-23,10.0,5.3
2013-04-23,11.0,5.3
2013-04-23,12.0,5.3
2013-04-23,12.5,5.3
2013-04-23,7.0,5.3
2013-05-01,16.5,6.3
2013-05-01,18.0,6.2
2013-05-01,20.0,6.1
2013-05-01,21.0,6.0
2013-05-01,22.0,5.9
2013-05-01,23.0,5.8
2013-05-01,27.0,5.7
2013-05-01,25.0,5.7
2013-05-01,26.0,5.7
2013-05-01,28.0,5.7
2013-05-01,29.0,5.7
2013-05-01,30.0,5.6
2013-05-01,16.0,6.3
2013-05-01,24.0,5.7
2013-05-01,15.0,6.3
2013-05-01,18.5,6.2
2013-05-01,13.0,6.3
2013-05-01,1.0,7.4
2013-05-01,2.0,7.0
2013-05-01,3.0,6.6
2013-05-01,3.5,6.5
2013-05-01,5.0,6.5
2013-05-01,6.0,6.5
2013-05-01,0.0,7.6
2013-05-01,8.0,6.4
2013-05-01,7.0,6.5
2013-05-01,12.0,6.3
2013-05-01,10.5,6.4
2013-05-01,14.0,6.3
2013-05-01,10.0,6.4
2013-05-01,9.0,6.4
2013-05-23,14.0,6.5
2013-05-23,25.0,6.0
2013-05-23,24.0,6.0
2013-05-23,24.0,6.0
2013-05-23,22.0,6.1
2013-05-23,21.0,6.2
2013-05-23,20.0,6.2
2013-05-23,19.0,6.2
2013-05-23,18.0,6.3
2013-05-23,17.0,6.3
2013-05-23,16.0,6.4
2013-05-23,15.0,6.5
2013-05-23,26.0,5.9
2013-05-23,23.0,6.0
2013-05-23,13.0,6.7
2013-05-23,11.0,7.1
2013-05-23,12.0,6.8
2013-05-23,0.25,13.1
2013-05-23,1.0,13.1
2013-05-23,2.0,13.0
2013-05-23,3.5,12.9
2013-05-23,5.0,12.8
2013-05-23,2.5,13.0
2013-05-23,7.0,11.9
2013-05-23,7.5,11.1
2013-05-23,7.5,11.1
2013-05-23,8.0,10.7
2013-05-23,8.5,9.8
2013-05-23,10.0,7.5
2013-05-23,6.0,12.8
2013-06-06,22.0,6.1
2013-06-06,17.0,6.4
2013-06-06,18.0,6.3
2013-06-06,19.0,6.2
2013-06-06,20.0,6.1
2013-06-06,21.0,6.1
2013-06-06,23.0,6.0
2013-06-06,30.0,5.9
2013-06-06,25.0,6.0
2013-06-06,26.0,6.0
2013-06-06,27.0,6.0
2013-06-06,28.0,6.0
2013-06-06,29.0,6.0
2013-06-06,16.0,6.5
2013-06-06,24.0,6.0
2013-06-06,15.0,6.5
2013-06-06,7.0,14.6
2013-06-06,13.0,6.7
2013-06-06,1.0,16.9
2013-06-06,2.0,16.8
2013-06-06,3.0,16.7
2013-06-06,4.0,16.5
2013-06-06,5.0,16.1
2013-06-06,5.5,15.3
2013-06-06,14.0,6.6
2013-06-06,0.0,17.3
2013-06-06,8.0,13.3
2013-06-06,8.5,11.8
2013-06-06,9.0,9.5
2013-06-06,10.0,8.4
2013-06-06,11.0,7.3
2013-06-06,12.0,7.0
2013-06-06,7.5,13.9
2013-06-20,17.0,6.7
2013-06-20,18.0,6.6
2013-06-20,19.0,6.4
2013-06-20,20.0,6.3
2013-06-20,21.0,6.2
2013-06-20,22.0,6.2
2013-06-20,23.0,6.1
2013-06-20,26.0,6.0
2013-06-20,25.0,6.0
2013-06-20,27.0,5.9
2013-06-20,28.0,5.9
2013-06-20,29.0,5.9
2013-06-20,30.0,5.9
2013-06-20,16.0,6.9
2013-06-20,24.0,6.0
2013-06-20,15.0,7.1
2013-06-20,31.0,5.9
2013-06-20,13.0,8.2
2013-06-20,0.0,19.8
2013-06-20,1.0,19.3
2013-06-20,2.0,18.9
2013-06-20,3.0,18.3
2013-06-20,4.0,17.7
2013-06-20,5.0,17.0
2013-06-20,6.0,16.8
2013-06-20,14.0,7.8
2013-06-20,8.0,15.9
2013-06-20,8.5,14.0
2013-06-20,9.0,13.7
2013-06-20,10.0,12.0
2013-06-20,11.0,10.1
2013-06-20,12.0,9.5
2013-06-20,7.0,16.6
2013-07-04,17.0,6.4
2013-07-04,18.0,6.3
2013-07-04,18.5,6.3
2013-07-04,20.0,6.2
2013-07-04,21.0,6.1
2013-07-04,22.0,6.1
2013-07-04,26.0,6.0
2013-07-04,24.0,6.0
2013-07-04,25.0,6.0
2013-07-04,27.0,6.0
2013-07-04,28.0,6.0
2013-07-04,29.0,5.9
2013-07-04,16.0,6.4
2013-07-04,23.0,6.0
2013-07-04,30.0,5.9
2013-07-04,14.5,6.6
2013-07-04,12.5,7.2
2013-07-04,14.0,6.8
2013-07-04,0.0,16.6
2013-07-04,0.75,16.6
2013-07-04,1.5,16.6
2013-07-04,4.0,16.5
2013-07-04,4.5,16.3
2013-07-04,6.0,16.2
2013-07-04,3.0,16.5
2013-07-04,8.0,16.0
2013-07-04,8.5,15.5
2013-07-04,9.0,14.9
2013-07-04,10.0,11.5
2013-07-04,11.0,9.0
2013-07-04,12.0,7.7
2013-07-04,7.0,16.2
2013-07-17,19.0,6.3
2013-07-17,15.0,6.6
2013-07-17,30.0,5.9
2013-07-17,16.0,6.5
2013-07-17,16.5,6.4
2013-07-17,18.0,6.3
2013-07-17,20.0,6.2
2013-07-17,30.0,5.9
2013-07-17,22.0,6.1
2013-07-17,23.0,6.0
2013-07-17,24.0,6.0
2013-07-17,25.0,6.0
2013-07-17,26.0,6.0
2013-07-17,27.5,6.0
2013-07-17,14.0,6.8
2013-07-17,21.0,6.1
2013-07-17,12.5,7.3
2013-07-17,11.0,9.1
2013-07-17,11.5,7.8
2013-07-17,12.5,7.5
2013-07-17,0.0,19.0
2013-07-17,1.0,19.0
2013-07-17,1.5,18.9
2013-07-17,3.5,18.8
2013-07-17,5.5,18.6
2013-07-17,6.5,17.4
2013-07-17,3.0,18.8
2013-07-17,8.5,15.7
2013-07-17,9.0,14.5
2013-07-17,9.5,12.3
2013-07-17,10.0,11.1
2013-07-17,10.5,9.9
2013-07-17,11.5,8.5
2013-07-17,8.0,16.5
2013-08-07,22.0,6.1
2013-08-07,17.0,6.5
2013-08-07,18.0,6.4
2013-08-07,19.0,6.3
2013-08-07,20.0,6.3
2013-08-07,21.0,6.2
2013-08-07,23.0,6.1
2013-08-07,30.0,6.0
2013-08-07,25.0,6.0
2013-08-07,26.0,6.0
2013-08-07,27.0,6.0
2013-08-07,27.0,6.0
2013-08-07,28.0,6.0
2013-08-07,29.0,6.0
2013-08-07,16.0,6.7
2013-08-07,24.0,6.0
2013-08-07,14.0,7.5
2013-08-07,15.0,7.0
2013-08-07,4.0,21.2
2013-08-07,14.0,7.6
2013-08-07,0.0,21.7
2013-08-07,0.75,21.6
2013-08-07,2.0,21.3
2013-08-07,3.0,21.3
2013-08-07,5.0,21.2
2013-08-07,6.0,21.0
2013-08-07,6.5,19.7
2013-08-07,7.5,17.0
2013-08-07,8.0,15.8
2013-08-07,9.0,13.6
2013-08-07,10.0,11.6
2013-08-07,11.0,10.2
2013-08-07,12.0,8.8
2013-08-07,12.5,7.9
2013-08-07,7.0,18.9
2013-08-22,17.0,6.4
2013-08-22,18.0,6.3
2013-08-22,16.0,6.5
2013-08-22,13.5,7.2
2013-08-22,14.0,7.0
2013-08-22,18.5,6.2
2013-08-22,14.5,6.7
2013-08-22,20.0,6.2
2013-08-22,29.0,6.0
2013-08-22,22.0,6.1
2013-08-22,23.0,6.1
2013-08-22,24.0,6.0
2013-08-22,24.5,6.0
2013-08-22,26.0,6.0
2013-08-22,27.0,6.0
2013-08-22,28.0,6.0
2013-08-22,20.5,6.1
2013-08-22,13.0,7.4
2013-08-22,0.0,19.9
2013-08-22,11.5,8.5
2013-08-22,12.0,8.1
2013-08-22,0.75,19.5
2013-08-22,1.5,18.7
2013-08-22,3.0,18.6
2013-08-22,3.5,18.6
2013-08-22,6.0,18.2
2013-08-22,6.5,18.1
2013-08-22,5.0,18.3
2013-08-22,8.0,17.5
2013-08-22,9.0,16.7
2013-08-22,9.5,14.2
2013-08-22,9.5,13.2
2013-08-22,10.5,11.4
2013-08-22,11.0,9.8
2013-08-22,11.5,9.0
2013-08-22,8.0,18.0
2013-09-04,20.0,6.3
2013-09-04,15.0,6.8
2013-09-04,16.0,6.6
2013-09-04,17.0,6.4
2013-09-04,18.0,6.3
2013-09-04,19.0,6.4
2013-09-04,21.0,6.2
2013-09-04,14.0,7.1
2013-09-04,23.0,6.1
2013-09-04,24.0,6.1
2013-09-04,25.0,6.0
2013-09-04,25.5,6.0
2013-09-04,27.0,6.0
2013-09-04,28.0,6.0
2013-09-04,29.0,6.0
2013-09-04,22.0,6.1
2013-09-04,13.5,7.3
2013-09-04,12.0,8.5
2013-09-04,12.0,8.0
2013-09-04,13.0,7.6
2013-09-04,0.75,17.4
2013-09-04,2.0,17.3
2013-09-04,2.5,17.3
2013-09-04,4.0,17.3
2013-09-04,4.5,17.3
2013-09-04,6.0,17.2
2013-09-04,7.0,17.2
2013-09-04,0.25,17.4
2013-09-04,9.0,17.1
2013-09-04,9.5,16.4
2013-09-04,10.0,15.2
2013-09-04,10.0,12.5
2013-09-04,10.5,10.6
2013-09-04,11.0,9.5
2013-09-04,7.5,17.2
2013-09-19,15.0,6.9
2013-09-19,15.5,6.7
2013-09-19,17.0,6.5
2013-09-19,18.0,6.4
2013-09-19,19.0,6.3
2013-09-19,20.0,6.3
2013-09-19,21.0,6.2
2013-09-19,23.5,6.1
2013-09-19,23.0,6.1
2013-09-19,25.0,6.1
2013-09-19,25.5,6.0
2013-09-19,27.0,6.0
2013-09-19,29.0,6.0
2013-09-19,13.5,7.4
2013-09-19,22.0,6.1
2013-09-19,13.0,7.7
2013-09-19,27.5,6.0
2013-09-19,12.5,8.5
2013-09-19,13.0,8.0
2013-09-19,0.0,15.9
2013-09-19,1.0,15.9
2013-09-19,1.5,15.9
2013-09-19,2.5,15.8
2013-09-19,5.0,15.8
2013-09-19,6.0,15.8
2013-09-19,4.0,15.8
2013-09-19,8.0,15.8
2013-09-19,9.0,15.7
2013-09-19,10.0,15.6
2013-09-19,10.5,15.5
2013-09-19,11.0,13.2
2013-09-19,11.5,10.0
2013-09-19,11.5,9.2
2013-09-19,7.0,15.8
2013-10-09,20.0,6.3
2013-10-09,15.0,7.1
2013-10-09,16.0,6.8
2013-10-09,16.5,6.6
2013-10-09,18.0,6.4
2013-10-09,19.0,6.4
2013-10-09,21.0,6.2
2013-10-09,30.0,6.0
2013-10-09,22.5,6.1
2013-10-09,23.5,6.1
2013-10-09,24.5,6.1
2013-10-09,26.0,6.0
2013-10-09,26.5,6.0
2013-10-09,28.0,6.0
2013-10-09,29.0,6.0
2013-10-09,22.0,6.1
2013-10-09,14.0,7.3
2013-10-09,13.0,8.1
2013-10-09,12.5,9.5
2013-10-09,13.5,7.5
2013-10-09,0.0,13.1
2013-10-09,1.0,13.1
2013-10-09,2.0,13.1
2013-10-09,2.5,13.1
2013-10-09,4.5,13.1
2013-10-09,6.0,13.1
2013-10-09,4.0,13.1
2013-10-09,8.0,13.1
2013-10-09,9.0,13.1
2013-10-09,10.0,13.0
2013-10-09,11.0,12.7
2013-10-09,12.0,12.6
2013-10-09,12.5,11.3
2013-10-09,7.0,13.1
2013-11-07,18.5,7.7
2013-11-07,16.0,9.6
2013-11-07,17.0,9.5
2013-11-07,27.0,6.4
2013-11-07,18.0,8.0
2013-11-07,19.0,7.2
2013-11-07,15.0,9.8
2013-11-07,20.5,6.7
2013-11-07,22.0,6.6
2013-11-07,23.0,6.5
2013-11-07,23.5,6.5
2013-11-07,25.0,6.4
2013-11-07,25.5,6.4
2013-11-07,20.0,7.0
2013-11-07,14.0,9.8
2013-11-07,17.5,9.1
2013-11-07,13.0,9.9
2013-11-07,13.0,9.9
2013-11-07,0.0,9.9
2013-11-07,2.0,9.9
2013-11-07,3.0,9.9
2013-11-07,3.0,9.9
2013-11-07,4.0,9.9
2013-11-07,5.0,9.9
2013-11-07,0.75,9.9
2013-11-07,7.0,9.9
2013-11-07,8.0,9.9
2013-11-07,9.0,9.9
2013-11-07,9.5,9.9
2013-11-07,11.0,9.9
2013-11-07,12.0,9.9
2013-11-07,6.0,9.9
2013-12-12,30.0,5.3
2013-12-12,29.0,5.3
2013-12-12,25.0,5.4
2013-12-12,20.0,5.4
2013-12-12,5.0,5.4
2013-12-12,10.0,5.4
2013-12-12,0.0,5.4
2013-12-12,15.0,5.4
2014-01-21,25.0,3.8
2014-01-21,29.0,3.8
2014-01-21,20.0,3.8
2014-01-21,15.0,3.7
2014-01-21,5.0,3.7
2014-01-21,1.0,3.6
2014-01-21,0.0,3.6
2014-01-21,10.0,3.7
2014-02-20,28.0,2.5
2014-02-20,25.0,2.5
2014-02-20,20.0,2.5
2014-02-20,10.0,2.6
2014-02-20,5.0,2.6
2014-02-20,6.0,2.6
2014-02-20,3.0,2.7
2014-02-20,2.0,2.7
2014-02-20,1.0,2.8
2014-02-20,0.0,3.1
2014-02-20,4.0,2.7
2014-03-25,22.0,5.3
2014-03-25,18.0,5.3
2014-03-25,19.0,5.3
2014-03-25,19.5,5.3
2014-03-25,20.5,5.3
2014-03-25,23.0,5.3
2014-03-25,17.0,5.3
2014-03-25,24.5,5.2
2014-03-25,25.5,5.1
2014-03-25,27.0,5.1
2014-03-25,28.0,5.1
2014-03-25,29.0,5.1
2014-03-25,24.0,5.3
2014-03-25,16.0,5.3
2014-03-25,13.5,5.3
2014-03-25,12.0,5.3
2014-03-25,1.0,5.7
2014-03-25,2.0,5.7
2014-03-25,3.0,5.7
2014-03-25,4.0,5.7
2014-03-25,5.0,5.7
2014-03-25,6.0,5.7
2014-03-25,0.0,5.7
2014-03-25,8.0,5.5
2014-03-25,9.0,5.3
2014-03-25,10.0,5.3
2014-03-25,10.0,5.3
2014-03-25,11.0,5.3
2014-03-25,7.0,5.4
2014-04-10,16.0,6.3
2014-04-10,17.0,6.3
2014-04-10,18.0,6.3
2014-04-10,19.0,6.2
2014-04-10,20.0,6.1
2014-04-10,21.0,6.1
2014-04-10,24.0,6.0
2014-04-10,23.0,6.1
2014-04-10,25.0,5.9
2014-04-10,26.0,5.9
2014-04-10,27.0,5.9
2014-04-10,15.0,6.3
2014-04-10,22.0,6.1
2014-04-10,14.0,6.3
2014-04-10,13.0,6.3
2014-04-10,12.0,6.4
2014-04-10,0.0,7.4
2014-04-10,1.0,7.2
2014-04-10,1.5,6.8
2014-04-10,2.0,6.6
2014-04-10,4.0,6.5
2014-04-10,5.0,6.5
2014-04-10,3.0,6.5
2014-04-10,7.0,6.4
2014-04-10,8.0,6.4
2014-04-10,9.0,6.4
2014-04-10,10.0,6.4
2014-04-10,11.0,6.4
2014-04-10,6.0,6.5
2014-04-29,20.0,7.0
2014-04-29,16.0,7.2
2014-04-29,16.5,7.1
2014-04-29,18.0,7.1
2014-04-29,19.0,7.1
2014-04-29,20.5,7.0
2014-04-29,27.0,6.9
2014-04-29,21.5,7.0
2014-04-29,23.0,7.0
2014-04-29,23.5,7.0
2014-04-29,25.0,6.9
2014-04-29,25.5,6.9
2014-04-29,15.0,7.3
2014-04-29,28.0,6.9
2014-04-29,13.5,7.4
2014-04-29,3.5,10.0
2014-04-29,11.5,7.6
2014-04-29,0.0,12.7
2014-04-29,0.75,12.5
2014-04-29,1.5,11.6
2014-04-29,2.0,11.4
2014-04-29,2.5,10.6
2014-04-29,3.0,10.3
2014-04-29,12.5,7.5
2014-04-29,5.5,9.7
2014-04-29,7.0,9.5
2014-04-29,7.5,9.2
2014-04-29,8.5,8.9
2014-04-29,10.0,8.4
2014-04-29,11.0,8.0
2014-04-29,4.5,9.9
2014-05-15,16.5,7.3
2014-05-15,18.0,7.3
2014-05-15,18.5,7.2
2014-05-15,19.5,7.2
2014-05-15,21.0,7.1
2014-05-15,21.5,7.1
2014-05-15,26.0,7.0
2014-05-15,23.5,7.0
2014-05-15,25.0,7.0
2014-05-15,27.0,6.9
2014-05-15,27.5,6.9
2014-05-15,29.0,6.9
2014-05-15,16.0,7.4
2014-05-15,22.5,7.0
2014-05-15,14.5,7.4
2014-05-15,14.0,7.6
2014-05-15,0.0,12.2
2014-05-15,13.0,7.9
2014-05-15,0.75,12.2
2014-05-15,2.0,12.0
2014-05-15,2.5,12.0
2014-05-15,4.5,12.0
2014-05-15,6.0,11.8
2014-05-15,6.5,11.7
2014-05-15,3.5,12.0
2014-05-15,8.0,10.1
2014-05-15,9.0,9.9
2014-05-15,9.0,9.4
2014-05-15,9.5,9.2
2014-05-15,10.5,8.5
2014-05-15,11.5,8.0
2014-05-15,7.5,11.0
2014-05-26,20.0,7.1
2014-05-26,15.0,7.4
2014-05-26,16.0,7.3
2014-05-26,16.5,7.3
2014-05-26,17.5,7.2
2014-05-26,19.0,7.2
2014-05-26,20.5,7.1
2014-05-26,14.0,7.5
2014-05-26,23.0,7.0
2014-05-26,24.0,7.0
2014-05-26,24.5,7.0
2014-05-26,26.0,7.0
2014-05-26,28.0,6.9
2014-05-26,27.0,6.9
2014-05-26,22.0,7.0
2014-05-26,12.5,7.8
2014-05-26,1.0,18.1
2014-05-26,11.0,8.5
2014-05-26,12.0,8.0
2014-05-26,0.0,19.5
2014-05-26,1.5,17.7
2014-05-26,3.5,16.8
2014-05-26,4.0,15.6
2014-05-26,4.0,14.5
2014-05-26,3.0,17.3
2014-05-26,5.0,12.7
2014-05-26,5.5,12.3
2014-05-26,6.5,11.7
2014-05-26,7.5,10.9
2014-05-26,8.5,10.4
2014-05-26,9.5,9.6
2014-05-26,4.5,13.1
2014-06-12,19.0,7.1
2014-06-12,13.5,7.4
2014-06-12,14.5,7.3
2014-06-12,15.5,7.2
2014-06-12,16.5,7.2
2014-06-12,17.5,7.2
2014-06-12,17.5,7.1
2014-06-12,19.5,7.1
2014-06-12,27.5,6.9
2014-06-12,21.5,7.0
2014-06-12,23.0,7.0
2014-06-12,24.0,7.0
2014-06-12,30.0,6.9
2014-06-12,25.5,7.0
2014-06-12,26.5,6.9
2014-06-12,29.0,6.9
2014-06-12,13.0,7.8
2014-06-12,20.5,7.0
2014-06-12,12.0,8.0
2014-06-12,24.5,7.0
2014-06-12,10.0,8.8
2014-06-12,10.5,8.6
2014-06-12,0.0,20.0
2014-06-12,2.0,20.0
2014-06-12,2.5,19.8
2014-06-12,3.5,19.7
2014-06-12,4.0,19.1
2014-06-12,4.0,18.2
2014-06-12,4.5,17.6
2014-06-12,5.0,17.1
2014-06-12,0.75,20.0
2014-06-12,6.5,14.5
2014-06-12,6.5,13.5
2014-06-12,7.5,12.9
2014-06-12,7.5,11.3
2014-06-12,8.5,10.6
2014-06-12,8.5,10.2
2014-06-12,9.5,9.6
2014-06-12,10.0,9.2
2014-06-12,6.0,16.4
2014-06-27,15.0,7.7
2014-06-27,16.0,7.5
2014-06-27,17.0,7.4
2014-06-27,18.0,7.3
2014-06-27,19.0,7.2
2014-06-27,20.0,7.2
2014-06-27,21.0,7.1
2014-06-27,25.0,7.0
2014-06-27,23.0,7.0
2014-06-27,24.0,7.0
2014-06-27,26.0,7.0
2014-06-27,28.0,7.0
2014-06-27,29.0,7.0
2014-06-27,14.0,7.9
2014-06-27,22.0,7.0
2014-06-27,13.0,8.1
2014-06-27,27.0,7.0
2014-06-27,11.0,8.8
2014-06-27,0.0,18.9
2014-06-27,1.0,18.8
2014-06-27,2.0,18.3
2014-06-27,3.0,18.0
2014-06-27,4.0,17.4
2014-06-27,5.0,17.4
2014-06-27,6.0,17.2
2014-06-27,12.0,8.4
2014-06-27,7.0,16.5
2014-06-27,7.5,15.8
2014-06-27,8.0,15.3
2014-06-27,8.5,11.7
2014-06-27,9.0,10.6
2014-06-27,10.0,9.3
2014-06-27,6.5,16.8
2014-07-09,11.5,8.4
2014-07-09,13.0,7.9
2014-07-09,14.0,7.6
2014-07-09,14.5,7.5
2014-07-09,16.0,7.4
2014-07-09,17.0,7.3
2014-07-09,17.5,7.3
2014-07-09,22.0,7.1
2014-07-09,20.0,7.1
2014-07-09,21.0,7.1
2014-07-09,23.0,7.0
2014-07-09,24.0,7.0
2014-07-09,25.0,7.0
2014-07-09,11.0,8.8
2014-07-09,26.5,6.9
2014-07-09,19.0,7.2
2014-07-09,26.0,7.0
2014-07-09,10.0,9.5
2014-07-09,9.5,9.9
2014-07-09,10.5,9.2
2014-07-09,1.0,20.1
2014-07-09,1.5,20.0
2014-07-09,3.0,19.8
2014-07-09,3.5,19.8
2014-07-09,4.0,18.6
2014-07-09,4.5,18.4
2014-07-09,0.0,20.1
2014-07-09,5.5,17.9
2014-07-09,6.0,17.7
2014-07-09,7.0,17.2
2014-07-09,7.5,15.4
2014-07-09,8.0,14.4
2014-07-09,8.5,13.0
2014-07-09,9.0,11.2
2014-07-09,5.0,18.0
2014-07-23,16.0,7.5
2014-07-23,17.0,7.4
2014-07-23,18.0,7.4
2014-07-23,19.0,7.3
2014-07-23,20.0,7.2
2014-07-23,21.0,7.1
2014-07-23,25.5,7.1
2014-07-23,23.0,7.1
2014-07-23,25.0,7.1
2014-07-23,28.0,7.0
2014-07-23,28.5,7.0
2014-07-23,15.0,7.7
2014-07-23,22.0,7.1
2014-07-23,14.0,7.8
2014-07-23,11.0,9.4
2014-07-23,12.0,8.5
2014-07-23,0.0,23.0
2014-07-23,1.0,23.0
2014-07-23,2.0,23.0
2014-07-23,4.0,21.8
2014-07-23,5.5,19.3
2014-07-23,3.0,22.9
2014-07-23,7.5,16.4
2014-07-23,8.0,15.4
2014-07-23,8.5,14.2
2014-07-23,9.5,12.1
2014-07-23,13.0,8.1
2014-07-23,6.0,18.8
2014-08-13,13.0,8.6
2014-08-13,10.0,10.7
2014-08-13,10.5,10.0
2014-08-13,11.0,9.3
2014-08-13,12.0,8.8
2014-08-13,14.0,8.1
2014-08-13,21.0,7.2
2014-08-13,15.5,7.7
2014-08-13,17.0,7.5
2014-08-13,17.5,7.4
2014-08-13,19.0,7.3
2014-08-13,20.0,7.3
2014-08-13,9.0,13.2
2014-08-13,15.0,7.8
2014-08-13,8.5,14.3
2014-08-13,9.5,11.8
2014-08-13,7.5,19.6
2014-08-13,8.0,16.0
2014-08-13,22.0,7.1
2014-08-13,23.0,7.1
2014-08-13,24.0,7.1
2014-08-13,25.0,7.0
2014-08-13,0.0,20.2
2014-08-13,1.0,20.2
2014-08-13,25.5,7.0
2014-08-13,3.0,20.2
2014-08-13,3.5,20.2
2014-08-13,5.0,20.1
2014-08-13,6.0,20.0
2014-08-13,7.0,20.0
2014-08-13,2.0,20.2
2014-08-26,21.0,7.2
2014-08-26,16.0,7.5
2014-08-26,17.0,7.4
2014-08-26,18.0,7.4
2014-08-26,19.0,7.3
2014-08-26,20.0,7.2
2014-08-26,22.0,7.1
2014-08-26,29.0,7.0
2014-08-26,24.0,7.1
2014-08-26,25.0,7.0
2014-08-26,26.0,7.0
2014-08-26,29.5,6.9
2014-08-26,27.0,7.0
2014-08-26,28.0,7.0
2014-08-26,15.0,7.6
2014-08-26,23.0,7.1
2014-08-26,14.0,7.9
2014-08-26,3.0,16.4
2014-08-26,12.5,8.8
2014-08-26,13.0,8.5
2014-08-26,0.0,17.0
2014-08-26,1.0,16.8
2014-08-26,2.0,16.4
2014-08-26,5.0,16.3
2014-08-26,6.0,16.3
2014-08-26,7.0,16.3
2014-08-26,4.0,16.4
2014-08-26,9.0,16.1
2014-08-26,10.0,15.7
2014-08-26,10.5,13.8
2014-08-26,11.0,10.5
2014-08-26,11.5,9.9
2014-08-26,12.0,9.1
2014-08-26,8.0,16.3
2014-09-10,20.0,7.3
2014-09-10,13.5,7.8
2014-09-10,15.0,7.6
2014-09-10,15.5,7.6
2014-09-10,17.0,7.5
2014-09-10,18.0,7.4
2014-09-10,19.0,7.4
2014-09-10,21.0,7.2
2014-09-10,29.5,7.0
2014-09-10,24.0,7.1
2014-09-10,25.0,7.0
2014-09-10,25.5,7.0
2014-09-10,27.0,7.0
2014-09-10,28.0,7.0
2014-09-10,29.0,7.0
2014-09-10,13.0,8.1
2014-09-10,21.5,7.2
2014-09-10,13.0,8.4
2014-09-10,23.0,7.1
2014-09-10,12.0,9.3
2014-09-10,1.0,16.9
2014-09-10,2.0,16.9
2014-09-10,2.5,16.9
2014-09-10,3.5,16.9
2014-09-10,4.5,16.9
2014-09-10,6.0,16.9
2014-09-10,12.0,8.9
2014-09-10,7.0,16.9
2014-09-10,0.0,16.9
2014-09-10,8.5,16.2
2014-09-10,9.0,15.9
2014-09-10,9.0,15.1
2014-09-10,10.0,14.6
2014-09-10,10.0,13.7
2014-09-10,11.0,11.8
2014-09-10,11.5,10.3
2014-09-10,8.0,16.4
2014-09-23,15.0,7.8
2014-09-23,15.5,7.6
2014-09-23,17.0,7.5
2014-09-23,18.0,7.4
2014-09-23,18.5,7.3
2014-09-23,20.0,7.2
2014-09-23,21.0,7.2
2014-09-23,25.0,7.0
2014-09-23,22.5,7.1
2014-09-23,24.0,7.0
2014-09-23,26.0,7.0
2014-09-23,27.0,7.0
2014-09-23,28.0,7.0
2014-09-23,29.0,7.0
2014-09-23,13.5,8.3
2014-09-23,21.5,7.2
2014-09-23,13.0,8.5
2014-09-23,11.5,9.8
2014-09-23,12.0,9.2
2014-09-23,0.0,16.1
2014-09-23,13.0,8.7
2014-09-23,1.5,16.0
2014-09-23,3.0,15.9
2014-09-23,3.5,15.9
2014-09-23,5.0,15.9
2014-09-23,6.0,15.9
2014-09-23,7.0,15.9
2014-09-23,0.75,16.1
2014-09-23,9.0,15.8
2014-09-23,9.5,15.8
2014-09-23,10.0,15.4
2014-09-23,10.0,14.0
2014-09-23,10.5,12.6
2014-09-23,11.5,10.8
2014-09-23,7.5,15.9
2014-10-13,15.0,8.0
2014-10-13,15.5,7.7
2014-10-13,17.0,7.5
2014-10-13,18.0,7.4
2014-10-13,18.5,7.3
2014-10-13,21.0,7.2
2014-10-13,26.0,7.0
2014-10-13,24.0,7.0
2014-10-13,25.0,7.0
2014-10-13,27.0,7.0
2014-10-13,28.0,7.0
2014-10-13,29.5,6.9
2014-10-13,13.5,9.0
2014-10-13,22.0,7.1
2014-10-13,12.5,11.2
2014-10-13,4.0,13.6
2014-10-13,12.0,12.2
2014-10-13,12.0,11.8
2014-10-13,1.0,13.6
2014-10-13,2.0,13.6
2014-10-13,3.0,13.6
2014-10-13,4.5,13.6
2014-10-13,6.0,13.6
2014-10-13,0.0,13.6
2014-10-13,8.0,13.6
2014-10-13,9.0,13.6
2014-10-13,10.0,13.6
2014-10-13,11.0,13.5
2014-10-13,11.5,13.1
2014-10-13,7.0,13.6
2014-11-18,20.5,7.7
2014-11-18,21.0,7.4
2014-11-18,22.0,7.2
2014-11-18,23.0,7.1
2014-11-18,24.0,7.1
2014-11-18,26.0,7.0
2014-11-18,27.0,7.0
2014-11-18,28.0,6.9
2014-11-18,29.0,6.9
2014-11-18,20.0,7.9
2014-11-18,30.0,6.9
2014-11-18,25.0,7.0
2014-11-18,19.5,8.5
2014-11-18,8.0,9.9
2014-11-18,18.5,9.8
2014-11-18,0.0,9.9
2014-11-18,1.0,9.9
2014-11-18,2.0,9.9
2014-11-18,19.0,9.3
2014-11-18,4.0,9.9
2014-11-18,3.0,9.9
2014-11-18,6.0,9.9
2014-11-18,7.0,9.9
2014-11-18,9.0,9.9
2014-11-18,10.0,9.9
2014-11-18,18.0,9.9
2014-11-18,5.0,9.9
2014-12-09,7.0,6.7
2014-12-09,10.0,6.7
2014-12-09,9.0,6.7
2014-12-09,8.0,6.7
2014-12-09,6.0,6.7
2014-12-09,0.0,6.7
2014-12-09,4.0,6.7
2014-12-09,3.0,6.7
2014-12-09,2.0,6.7
2014-12-09,1.0,6.7
2014-12-09,5.0,6.7
2016-02-25,18.0,3.0
2016-02-25,20.0,3.1
2016-02-25,20.5,3.1
2016-02-25,21.5,3.1
2016-02-25,23.0,3.1
2016-02-25,24.0,3.1
2016-02-25,26.0,3.1
2016-02-25,17.0,3.0
2016-02-25,27.0,3.1
2016-02-25,28.0,3.1
2016-02-25,28.5,3.1
2016-02-25,30.0,3.1
2016-02-25,25.0,3.1
2016-02-25,16.0,3.0
2016-02-25,19.0,3.1
2016-02-25,14.0,3.0
2016-02-25,0.0,3.0
2016-02-25,15.0,3.0
2016-02-25,1.5,3.0
2016-02-25,4.0,3.0
2016-02-25,4.5,3.0
2016-02-25,5.5,3.0
2016-02-25,7.0,3.0
2016-02-25,1.0,3.0
2016-02-25,9.0,3.0
2016-02-25,10.0,3.0
2016-02-25,10.5,3.0
2016-02-25,12.0,3.0
2016-02-25,13.0,3.0
2016-02-25,8.0,3.0
2016-03-18,0.0,3.7
2016-03-18,5.0,3.6
2016-03-18,10.0,3.5
2016-04-01,13.0,4.8
2016-04-01,21.0,4.7
2016-04-01,15.0,4.8
2016-04-01,16.0,4.8
2016-04-01,20.0,4.7
2016-04-01,18.0,4.7
2016-04-01,19.0,4.7
2016-04-01,12.0,4.8
2016-04-01,17.0,4.8
2016-04-01,11.0,4.8
2016-04-01,14.0,4.8
2016-04-01,9.0,4.8
2016-04-01,10.0,4.8
2016-04-01,0.0,5.4
2016-04-01,2.0,5.3
2016-04-01,3.0,5.2
2016-04-01,1.0,5.4
2016-04-01,5.0,5.0
2016-04-01,6.0,4.8
2016-04-01,7.0,4.8
2016-04-01,8.0,4.8
2016-04-01,4.0,5.1
2016-04-08,22.0,5.7
2016-04-08,18.0,5.7
2016-04-08,18.5,5.7
2016-04-08,19.5,5.7
2016-04-08,21.0,5.7
2016-04-08,23.0,5.7
2016-04-08,27.5,5.2
2016-04-08,24.5,5.6
2016-04-08,26.0,5.6
2016-04-08,27.0,5.4
2016-04-08,16.0,5.7
2016-04-08,28.5,5.1
2016-04-08,29.5,5.1
2016-04-08,24.0,5.7
2016-04-08,15.0,5.7
2016-04-08,16.5,5.7
2016-04-08,13.0,5.7
2016-04-08,14.0,5.7
2016-04-08,0.0,5.9
2016-04-08,1.0,5.8
2016-04-08,2.0,5.8
2016-04-08,4.0,5.8
2016-04-08,5.0,5.8
2016-04-08,3.0,5.8
2016-04-08,6.5,5.7
2016-04-08,7.5,5.7
2016-04-08,8.5,5.7
2016-04-08,9.5,5.7
2016-04-08,10.5,5.7
2016-04-08,12.0,5.7
2016-04-08,6.0,5.7
2016-04-21,20.5,6.5
2016-04-21,17.0,6.7
2016-04-21,17.5,6.6
2016-04-21,18.5,6.6
2016-04-21,19.5,6.5
2016-04-21,21.5,6.5
2016-04-21,15.5,6.7
2016-04-21,23.5,6.5
2016-04-21,25.0,6.5
2016-04-21,25.5,6.4
2016-04-21,27.0,6.4
2016-04-21,28.0,6.3
2016-04-21,28.5,6.3
2016-04-21,22.5,6.5
2016-04-21,14.0,6.8
2016-04-21,14.5,6.8
2016-04-21,13.0,6.8
2016-04-21,0.0,6.8
2016-04-21,1.0,6.8
2016-04-21,1.5,6.8
2016-04-21,4.0,6.8
2016-04-21,4.0,6.8
2016-04-21,5.0,6.8
2016-04-21,3.0,6.8
2016-04-21,7.0,6.8
2016-04-21,8.0,6.8
2016-04-21,9.0,6.8
2016-04-21,10.0,6.8
2016-04-21,11.0,6.8
2016-04-21,12.0,6.8
2016-04-21,5.5,6.8
2016-05-11,19.5,6.7
2016-05-11,14.0,6.9
2016-05-11,15.0,6.8
2016-05-11,16.0,6.7
2016-05-11,16.5,6.7
2016-05-11,18.0,6.7
2016-05-11,19.0,6.7
2016-05-11,21.0,6.7
2016-05-11,28.0,6.6
2016-05-11,23.0,6.6
2016-05-11,24.0,6.6
2016-05-11,24.5,6.6
2016-05-11,25.5,6.6
2016-05-11,26.5,6.6
2016-05-11,13.0,6.9
2016-05-11,28.5,6.6
2016-05-11,21.5,6.6
2016-05-11,11.0,7.1
2016-05-11,12.0,7.0
2016-05-11,0.0,14.6
2016-05-11,9.5,7.3
2016-05-11,0.25,14.5
2016-05-11,1.0,14.3
2016-05-11,1.5,13.9
2016-05-11,1.5,13.4
2016-05-11,3.0,12.4
2016-05-11,3.5,11.9
2016-05-11,4.0,11.3
2016-05-11,2.5,13.1
2016-05-11,5.5,9.6
2016-05-11,6.0,9.2
2016-05-11,6.5,9.0
2016-05-11,6.5,8.6
2016-05-11,8.0,8.5
2016-05-11,8.5,7.8
2016-05-11,8.5,7.6
2016-05-11,5.0,10.4
2016-05-26,22.0,6.7
2016-05-26,16.0,6.8
2016-05-26,17.0,6.8
2016-05-26,18.0,6.8
2016-05-26,19.0,6.7
2016-05-26,20.0,6.7
2016-05-26,21.0,6.7
2016-05-26,23.0,6.6
2016-05-26,15.0,6.8
2016-05-26,25.0,6.6
2016-05-26,26.0,6.6
2016-05-26,27.0,6.6
2016-05-26,28.0,6.6
2016-05-26,29.0,6.5
2016-05-26,30.0,6.5
2016-05-26,31.0,6.5
2016-05-26,24.0,6.6
2016-05-26,14.0,6.9
2016-05-26,1.0,15.0
2016-05-26,12.5,7.0
2016-05-26,13.0,6.9
2016-05-26,2.0,14.8
2016-05-26,3.0,14.8
2016-05-26,4.0,14.7
2016-05-26,4.5,14.6
2016-05-26,5.0,13.3
2016-05-26,6.0,11.9
2016-05-26,7.0,10.1
2016-05-26,0.0,15.1
2016-05-26,8.5,8.3
2016-05-26,9.0,8.0
2016-05-26,9.5,7.7
2016-05-26,10.0,7.6
2016-05-26,10.5,7.4
2016-05-26,11.0,7.2
2016-05-26,12.0,7.0
2016-05-26,8.0,8.7
2016-06-08,25.0,6.5
2016-06-08,26.0,6.5
2016-06-08,28.0,6.5
2016-06-08,29.0,6.5
2016-06-08,30.0,6.5
2016-06-08,0.0,21.7
2016-06-08,1.0,21.7
2016-06-08,2.0,21.7
2016-06-08,4.5,16.4
2016-06-08,3.5,18.6
2016-06-08,4.0,17.6
2016-06-08,5.0,15.6
2016-06-08,5.5,14.3
2016-06-08,6.0,12.5
2016-06-08,6.5,10.6
2016-06-08,24.0,6.6
2016-06-08,3.0,21.5
2016-06-08,23.0,6.6
2016-06-08,27.0,6.5
2016-06-08,21.0,6.6
2016-06-08,22.0,6.6
2016-06-08,7.5,9.3
2016-06-08,8.0,8.8
2016-06-08,8.5,8.3
2016-06-08,9.0,7.95
2016-06-08,10.0,7.5
2016-06-08,11.0,7.3
2016-06-08,12.0,7.1
2016-06-08,7.0,9.7
2016-06-08,14.0,6.8
2016-06-08,15.0,6.8
2016-06-08,16.0,6.8
2016-06-08,17.0,6.7
2016-06-08,18.0,6.7
2016-06-08,19.0,6.7
2016-06-08,20.0,6.6
2016-06-08,13.0,6.9
2016-06-22,14.0,6.9
2016-06-22,14.5,6.8
2016-06-22,15.5,6.8
2016-06-22,16.5,6.7
2016-06-22,18.0,6.7
2016-06-22,18.5,6.7
2016-06-22,20.0,6.7
2016-06-22,20.5,6.7
2016-06-22,25.0,6.6
2016-06-22,23.0,6.6
2016-06-22,23.5,6.6
2016-06-22,26.0,6.6
2016-06-22,27.5,6.5
2016-06-22,28.5,6.5
2016-06-22,13.0,7.0
2016-06-22,29.5,6.5
2016-06-22,21.5,6.6
2016-06-22,11.5,7.1
2016-06-22,27.0,6.6
2016-06-22,10.0,7.6
2016-06-22,10.5,7.3
2016-06-22,0.0,17.8
2016-06-22,0.75,17.8
2016-06-22,1.5,17.7
2016-06-22,3.5,17.7
2016-06-22,5.0,17.7
2016-06-22,5.0,17.4
2016-06-22,5.5,16.6
2016-06-22,2.5,17.7
2016-06-22,6.5,13.8
2016-06-22,7.5,11.7
2016-06-22,7.5,10.5
2016-06-22,8.5,9.5
2016-06-22,8.5,8.6
2016-06-22,9.5,8.1
2016-06-22,6.5,15.2
2016-06-22,10.0,7.8
2016-07-13,16.0,6.9
2016-07-13,18.0,6.7
2016-07-13,20.0,6.6
2016-07-13,28.0,6.5
2016-07-13,26.0,6.5
2016-07-13,30.0,6.5
2016-07-13,14.0,7.1
2016-07-13,22.0,6.6
2016-07-13,12.0,7.5
2016-07-13,24.0,6.5
2016-07-13,10.0,9.4
2016-07-13,0.0,17.4
2016-07-13,1.0,17.4
2016-07-13,3.0,17.4
2016-07-13,11.0,8.2
2016-07-13,7.0,17.6
2016-07-13,8.0,15.6
2016-07-13,9.0,11.4
2016-07-13,5.0,17.4
2016-07-27,5.0,17.6
2016-07-27,20.0,6.7
2016-07-27,3.0,10.4
2016-07-27,2.0,21.1
2016-07-27,0.0,21.1
2016-07-27,29.0,6.5
2016-07-27,27.0,6.6
2016-07-27,25.0,6.6
2016-07-27,23.0,6.6
2016-07-27,22.0,6.7
2016-07-27,4.0,18.1
2016-07-27,18.0,6.8
2016-07-27,14.0,7.1
2016-07-27,16.0,7.0
2016-07-27,8.0,16.0
2016-07-27,9.0,15.0
2016-07-27,9.5,10.3
2016-07-27,6.0,17.2
2016-07-27,10.5,8.2
2016-07-27,11.0,7.9
2016-07-27,12.0,7.4
2016-07-27,10.0,9.1
2016-08-10,15.0,6.9
2016-08-10,16.0,6.8
2016-08-10,17.0,6.8
2016-08-10,18.0,6.7
2016-08-10,18.5,6.7
2016-08-10,20.0,6.7
2016-08-10,21.0,6.6
2016-08-10,21.5,6.6
2016-08-10,7.0,17.0
2016-08-10,24.0,6.5
2016-08-10,25.0,6.5
2016-08-10,25.5,6.5
2016-08-10,26.5,6.5
2016-08-10,27.5,6.5
2016-08-10,29.0,6.5
2016-08-10,29.5,6.5
2016-08-10,14.0,7.0
2016-08-10,23.0,6.6
2016-08-10,13.0,7.1
2016-08-10,3.0,17.0
2016-08-10,11.0,7.6
2016-08-10,0.75,17.0
2016-08-10,1.5,17.0
2016-08-10,3.0,17.0
2016-08-10,12.0,7.3
2016-08-10,4.0,17.0
2016-08-10,5.0,17.0
2016-08-10,6.0,17.0
2016-08-10,7.5,17.0
2016-08-10,0.0,17.0
2016-08-10,9.0,14.8
2016-08-10,9.0,10.1
2016-08-10,10.0,8.8
2016-08-10,10.0,8.8
2016-08-10,10.0,8.4
2016-08-10,10.5,7.9
2016-08-10,11.0,7.8
2016-08-10,8.0,17.0
2016-08-30,13.0,7.2
2016-08-30,14.0,7.0
2016-08-30,15.0,6.9
2016-08-30,16.0,6.8
2016-08-30,17.0,6.8
2016-08-30,17.5,6.8
2016-08-30,19.0,6.7
2016-08-30,23.0,6.6
2016-08-30,21.0,6.7
2016-08-30,22.0,6.7
2016-08-30,24.0,6.6
2016-08-30,25.0,6.5
2016-08-30,28.0,6.5
2016-08-30,29.0,6.5
2016-08-30,11.5,7.6
2016-08-30,20.0,6.7
2016-08-30,11.5,8.0
2016-08-30,26.0,6.5
2016-08-30,10.5,9.1
2016-08-30,0.25,18.4
2016-08-30,2.0,18.4
2016-08-30,3.0,18.4
2016-08-30,4.0,18.3
2016-08-30,5.0,18.3
2016-08-30,6.0,18.2
2016-08-30,6.5,18.1
2016-08-30,1.0,18.4
2016-08-30,7.5,16.5
2016-08-30,7.0,16.8
2016-08-30,10.0,10.6
2016-08-30,9.5,11.9
2016-08-30,10.5,8.5
2016-08-30,8.5,15.1
2016-08-30,8.0,16.0
2016-08-30,9.0,14.3
2016-09-08,28.0,6.5
2016-09-08,12.5,7.9
2016-09-08,13.0,7.4
2016-09-08,14.0,7.1
2016-09-08,14.5,7.0
2016-09-08,15.0,7.0
2016-09-08,16.0,6.8
2016-09-08,18.0,6.7
2016-09-08,19.0,6.7
2016-09-08,21.0,6.7
2016-09-08,22.0,6.6
2016-09-08,25.0,6.5
2016-09-08,12.0,8.1
2016-09-08,17.0,6.8
2016-09-08,20.0,6.7
2016-09-08,11.5,8.8
2016-09-08,10.5,10.5
2016-09-08,11.0,9.3
2016-09-08,0.0,18.3
2016-09-08,1.0,18.2
2016-09-08,3.0,18.1
2016-09-08,4.0,18.1
2016-09-08,5.0,17.9
2016-09-08,2.0,18.2
2016-09-08,7.0,17.3
2016-09-08,8.0,16.6
2016-09-08,8.5,15.2
2016-09-08,9.0,14.3
2016-09-08,9.5,13.1
2016-09-08,10.0,11.3
2016-09-08,6.0,17.7
2016-09-22,18.0,6.8
2016-09-22,13.5,7.4
2016-09-22,14.0,7.2
2016-09-22,15.0,7.0
2016-09-22,28.0,6.5
2016-09-22,16.0,6.9
2016-09-22,17.0,6.8
2016-09-22,19.0,6.8
2016-09-22,26.0,6.5
2016-09-22,21.0,6.1
2016-09-22,22.0,6.6
2016-09-22,23.0,6.6
2016-09-22,24.0,6.6
2016-09-22,25.0,6.6
2016-09-22,27.0,6.5
2016-09-22,13.0,7.6
2016-09-22,20.0,6.7
2016-09-22,12.5,8.0
2016-09-22,9.5,12.9
2016-09-22,11.5,9.2
2016-09-22,12.0,8.6
2016-09-22,1.0,18.0
2016-09-22,2.0,18.0
2016-09-22,3.0,18.0
2016-09-22,4.0,18.0
2016-09-22,5.0,18.0
2016-09-22,6.0,18.0
2016-09-22,0.0,18.1
2016-09-22,7.5,17.5
2016-09-22,7.0,18.0
2016-09-22,10.5,11.3
2016-09-22,10.0,11.7
2016-09-22,11.0,10.0
2016-09-22,8.5,15.2
2016-09-22,8.0,17.0
2016-09-22,9.0,13.6
2016-10-06,13.0,7.6
2016-10-06,13.0,7.5
2016-10-06,14.0,7.3
2016-10-06,15.0,7.1
2016-10-06,15.5,7.0
2016-10-06,16.5,6.9
2016-10-06,19.0,6.8
2016-10-06,20.0,6.8
2016-10-06,23.5,6.6
2016-10-06,26.0,6.6
2016-10-06,27.0,6.5
2016-10-06,28.0,6.5
2016-10-06,12.5,7.8
2016-10-06,18.0,6.8
2016-10-06,12.0,8.1
2016-10-06,23.0,6.6
2016-10-06,11.0,11.1
2016-10-06,11.0,10.3
2016-10-06,28.5,6.5
2016-10-06,29.5,6.5
2016-10-06,0.0,14.5
2016-10-06,2.0,14.5
2016-10-06,3.0,14.5
2016-10-06,4.0,14.5
2016-10-06,1.0,14.5
2016-10-06,6.0,14.5
2016-10-06,7.0,14.5
2016-10-06,8.0,14.5
2016-10-06,9.0,14.5
2016-10-06,10.0,14.4
2016-10-06,10.5,13.2
2016-10-06,5.0,14.5
2016-10-25,21.0,6.7
2016-10-25,17.0,7.3
2016-10-25,17.5,7.1
2016-10-25,18.0,7.0
2016-10-25,19.0,6.9
2016-10-25,19.5,6.8
2016-10-25,21.5,6.7
2016-10-25,27.5,6.5
2016-10-25,24.0,6.6
2016-10-25,25.0,6.6
2016-10-25,26.0,6.5
2016-10-25,26.5,6.5
2016-10-25,27.5,6.5
2016-10-25,16.5,7.5
2016-10-25,29.0,6.5
2016-10-25,23.0,6.6
2016-10-25,15.5,8.2
2016-10-25,11.5,10.2
2016-10-25,15.0,9.6
2016-10-25,0.0,10.2
2016-10-25,0.75,10.2
2016-10-25,1.5,10.2
2016-10-25,2.5,10.2
2016-10-25,15.5,9.0
2016-10-25,5.0,10.2
2016-10-25,6.0,10.2
2016-10-25,3.5,10.2
2016-10-25,7.5,10.2
2016-10-25,9.0,10.2
2016-10-25,9.5,10.2
2016-10-25,10.5,10.2
2016-10-25,13.0,10.2
2016-10-25,13.5,10.0
2016-10-25,14.0,9.9
2016-10-25,6.5,10.2
2016-11-17,21.0,6.9
2016-11-17,16.0,6.9
2016-11-17,17.0,6.9
2016-11-17,18.0,6.9
2016-11-17,19.0,6.9
2016-11-17,22.0,6.9
2016-11-17,15.0,6.9
2016-11-17,24.0,6.9
2016-11-17,25.0,6.9
2016-11-17,26.0,6.9
2016-11-17,27.0,6.9
2016-11-17,28.0,6.9
2016-11-17,23.0,6.9
2016-11-17,14.0,6.9
2016-11-17,20.0,6.9
2016-11-17,12.0,6.9
2016-11-17,1.0,6.9
2016-11-17,2.0,6.9
2016-11-17,3.0,6.9
2016-11-17,4.0,6.9
2016-11-17,5.0,6.9
2016-11-17,6.0,6.9
2016-11-17,0.0,6.9
2016-11-17,13.0,6.9
2016-11-17,8.0,6.9
2016-11-17,9.0,6.9
2016-11-17,10.0,6.9
2016-11-17,11.0,6.9
2016-11-17,7.0,6.9
2016-12-15,25.0,5.5
2016-12-15,26.0,5.5
2016-12-15,27.0,5.5
2016-12-15,28.0,5.5
2016-12-15,29.0,5.5
2016-12-15,0.0,5.5
2016-12-15,3.0,5.5
2016-12-15,2.0,5.5
2016-12-15,4.0,5.5
2016-12-15,5.0,5.5
2016-12-15,6.0,5.5
2016-12-15,24.0,5.5
2016-12-15,1.0,5.5
2016-12-15,23.0,5.5
2016-12-15,22.0,5.5
2016-12-15,7.0,5.5
2016-12-15,21.0,5.5
2016-12-15,8.0,5.5
2016-12-15,9.0,5.5
2016-12-15,10.0,5.5
2016-12-15,12.0,5.5
2016-12-15,13.0,5.5
2016-12-15,11.0,5.5
2016-12-15,15.0,5.5
2016-12-15,16.0,5.5
2016-12-15,17.0,5.5
2016-12-15,18.0,5.5
2016-12-15,19.0,5.5
2016-12-15,20.0,5.5
2016-12-15,14.0,5.5
2018-01-19,22.0,3.4
2018-01-19,18.0,3.3
2018-01-19,19.0,3.3
2018-01-19,20.0,3.4
2018-01-19,21.0,3.4
2018-01-19,23.0,3.4
2018-01-19,17.0,3.3
2018-01-19,25.0,3.4
2018-01-19,26.0,3.5
2018-01-19,27.0,3.5
2018-01-19,28.0,3.6
2018-01-19,29.0,3.6
2018-01-19,29.5,3.7
2018-01-19,24.0,3.4
2018-01-19,16.0,3.3
2018-01-19,0.0,3.3
2018-01-19,14.0,3.3
2018-01-19,15.0,3.3
2018-01-19,1.0,3.3
2018-01-19,2.0,3.3
2018-01-19,3.0,3.3
2018-01-19,5.0,3.3
2018-01-19,6.0,3.3
2018-01-19,4.0,3.3
2018-01-19,8.0,3.3
2018-01-19,9.0,3.3
2018-01-19,10.0,3.3
2018-01-19,11.0,3.3
2018-01-19,12.0,3.3
2018-01-19,13.0,3.3
2018-01-19,7.0,3.3
2018-02-06,21.0,3.1
2018-02-06,17.0,3.2
2018-02-06,17.5,3.2
2018-02-06,19.0,3.2
2018-02-06,20.0,3.1
2018-02-06,22.0,3.1
2018-02-06,16.0,3.2
2018-02-06,24.0,3.1
2018-02-06,25.0,3.2
2018-02-06,26.0,3.2
2018-02-06,28.0,3.2
2018-02-06,29.0,3.3
2018-02-06,29.5,3.3
2018-02-06,23.0,3.1
2018-02-06,15.0,3.1
2018-02-06,27.0,3.2
2018-02-06,13.0,3.1
2018-02-06,0.0,2.9
2018-02-06,2.0,2.9
2018-02-06,14.0,3.1
2018-02-06,3.0,3.0
2018-02-06,4.0,3.0
2018-02-06,5.0,3.0
2018-02-06,1.0,2.9
2018-02-06,7.0,3.0
2018-02-06,8.0,3.0
2018-02-06,9.0,3.1
2018-02-06,10.0,3.1
2018-02-06,11.0,3.1
2018-02-06,12.0,3.1
2018-02-06,6.0,3.0
2018-03-15,15.0,2.0
2018-03-15,16.0,2.0
2018-03-15,17.0,2.0
2018-03-15,18.0,2.0
2018-03-15,19.0,2.0
2018-03-15,22.0,2.0
2018-03-15,21.0,2.0
2018-03-15,23.0,2.0
2018-03-15,24.0,2.0
2018-03-15,14.0,2.0
2018-03-15,20.0,2.0
2018-03-15,13.0,2.0
2018-03-15,12.0,2.0
2018-03-15,11.0,2.0
2018-03-15,0.0,1.95
2018-03-15,1.0,2.0
2018-03-15,2.0,2.0
2018-03-15,4.0,2.0
2018-03-15,5.0,2.0
2018-03-15,3.0,2.0
2018-03-15,7.0,2.0
2018-03-15,8.0,2.0
2018-03-15,9.0,2.0
2018-03-15,10.0,2.0
2018-03-15,6.0,2.0
2018-04-10,21.0,3.6
2018-04-10,29.5,3.6
2018-04-10,18.0,3.6
2018-04-10,19.0,3.6
2018-04-10,19.5,3.6
2018-04-10,21.0,3.6
2018-04-10,28.0,3.6
2018-04-10,24.0,3.6
2018-04-10,25.0,3.6
2018-04-10,25.5,3.6
2018-04-10,27.0,3.6
2018-04-10,16.0,3.6
2018-04-10,28.5,3.6
2018-04-10,23.0,3.6
2018-04-10,14.5,3.6
2018-04-10,16.5,3.6
2018-04-10,13.0,3.6
2018-04-10,0.0,3.7
2018-04-10,1.0,3.6
2018-04-10,1.5,3.6
2018-04-10,3.0,3.6
2018-04-10,3.5,3.6
2018-04-10,4.5,3.6
2018-04-10,14.0,3.6
2018-04-10,7.0,3.6
2018-04-10,8.0,3.6
2018-04-10,8.5,3.6
2018-04-10,10.0,3.6
2018-04-10,11.0,3.6
2018-04-10,11.5,3.6
2018-04-10,6.0,3.6
2018-04-24,17.0,6.3
2018-04-24,18.0,6.0
2018-04-24,19.0,5.9
2018-04-24,19.5,6.1
2018-04-24,21.0,5.6
2018-04-24,22.0,5.5
2018-04-24,26.0,5.2
2018-04-24,23.5,5.4
2018-04-24,25.0,5.3
2018-04-24,27.0,5.2
2018-04-24,28.0,5.2
2018-04-24,29.0,5.1
2018-04-24,16.0,6.9
2018-04-24,22.5,5.4
2018-04-24,30.0,5.0
2018-04-24,14.5,7.2
2018-04-24,13.0,7.3
2018-04-24,15.0,6.9
2018-04-24,1.0,7.4
2018-04-24,2.0,7.4
2018-04-24,3.0,7.4
2018-04-24,3.5,7.4
2018-04-24,5.0,7.4
2018-04-24,0.0,7.4
2018-04-24,7.0,7.4
2018-04-24,8.0,7.4
2018-04-24,9.0,7.3
2018-04-24,9.5,7.3
2018-04-24,11.0,7.3
2018-04-24,12.0,7.3
2018-04-24,6.0,7.4
2018-05-09,14.0,6.6
2018-05-09,15.0,6.3
2018-05-09,17.0,5.9
2018-05-09,18.0,5.9
2018-05-09,19.0,5.8
2018-05-09,23.0,5.5
2018-05-09,21.0,5.6
2018-05-09,22.0,5.6
2018-05-09,24.0,5.5
2018-05-09,25.0,5.4
2018-05-09,13.0,6.9
2018-05-09,20.0,5.7
2018-05-09,12.0,7.3
2018-05-09,16.0,6.1
2018-05-09,10.0,7.8
2018-05-09,0.0,15.7
2018-05-09,1.0,15.6
2018-05-09,2.0,15.4
2018-05-09,3.0,10.9
2018-05-09,3.5,9.6
2018-05-09,4.0,9.1
2018-05-09,2.5,11.7
2018-05-09,6.0,8.7
2018-05-09,11.0,7.6
2018-05-09,7.0,8.4
2018-05-09,8.0,8.3
2018-05-09,9.0,8.1
2018-05-09,5.0,8.8
2018-05-25,5.0,11.0
2018-05-25,2.0,20.3
2018-05-25,3.0,19.9
2018-05-25,3.5,15.7
2018-05-25,4.0,13.4
2018-05-25,4.5,11.6
2018-05-25,5.5,10.3
2018-05-25,10.5,7.3
2018-05-25,6.5,9.2
2018-05-25,7.0,8.9
2018-05-25,8.0,8.6
2018-05-25,9.0,8.2
2018-05-25,10.0,7.8
2018-05-25,1.0,20.5
2018-05-25,12.0,6.9
2018-05-25,6.0,9.7
2018-05-25,30.0,5.4
2018-05-25,0.0,20.6
2018-05-25,13.0,6.6
2018-05-25,28.5,5.4
2018-05-25,14.0,6.4
2018-05-25,15.0,6.2
2018-05-25,16.0,6.1
2018-05-25,16.5,5.9
2018-05-25,19.0,5.7
2018-05-25,20.0,5.7
2018-05-25,18.0,5.8
2018-05-25,21.5,5.6
2018-05-25,23.0,5.5
2018-05-25,23.5,5.4
2018-05-25,25.0,5.5
2018-05-25,26.0,5.4
2018-05-25,27.0,5.5
2018-05-25,28.0,5.4
2018-05-25,21.0,5.6
2018-06-08,1.0,22.7
2018-06-08,25.0,5.5
2018-06-08,26.0,5.5
2018-06-08,27.0,5.5
2018-06-08,27.5,6.2
2018-06-08,0.0,24.1
2018-06-08,2.0,22.3
2018-06-08,24.0,5.5
2018-06-08,3.0,21.6
2018-06-08,4.0,19.9
2018-06-08,4.5,15.9
2018-06-08,5.0,12.9
2018-06-08,5.0,10.8
2018-06-08,6.0,9.9
2018-06-08,6.0,9.3
2018-06-08,3.0,22.0
2018-06-08,23.0,5.5
2018-06-08,7.0,9.0
2018-06-08,21.0,5.6
2018-06-08,22.0,5.6
2018-06-08,7.5,8.7
2018-06-08,8.0,8.4
2018-06-08,9.0,8.2
2018-06-08,11.0,7.4
2018-06-08,12.0,7.1
2018-06-08,13.0,6.9
2018-06-08,10.0,7.8
2018-06-08,15.0,6.3
2018-06-08,16.0,6.0
2018-06-08,17.0,5.9
2018-06-08,18.0,5.9
2018-06-08,19.0,5.7
2018-06-08,20.0,5.7
2018-06-08,14.0,6.6
2018-06-22,19.0,5.8
2018-06-22,14.0,6.7
2018-06-22,15.0,6.5
2018-06-22,16.0,6.1
2018-06-22,16.5,6.1
2018-06-22,18.0,6.0
2018-06-22,27.5,5.5
2018-06-22,13.0,7.0
2018-06-22,21.5,5.7
2018-06-22,22.5,5.6
2018-06-22,24.0,5.5
2018-06-22,24.5,5.5
2018-06-22,26.0,5.5
2018-06-22,27.0,5.5
2018-06-22,20.5,5.7
2018-06-22,12.0,7.3
2018-06-22,19.5,5.8
2018-06-22,10.0,7.9
2018-06-22,10.5,7.6
2018-06-22,0.0,16.6
2018-06-22,1.0,16.6
2018-06-22,2.0,16.6
2018-06-22,4.0,16.6
2018-06-22,5.0,16.6
2018-06-22,6.0,16.0
2018-06-22,3.0,16.6
2018-06-22,7.0,11.9
2018-06-22,7.5,10.7
2018-06-22,7.5,9.5
2018-06-22,8.5,8.7
2018-06-22,8.5,8.5
2018-06-22,9.0,8.3
2018-06-22,6.0,14.7
2018-07-05,19.5,5.9
2018-07-05,14.0,6.7
2018-07-05,14.5,6.5
2018-07-05,15.5,6.3
2018-07-05,17.0,6.1
2018-07-05,17.5,6.0
2018-07-05,19.0,5.9
2018-07-05,20.5,5.8
2018-07-05,27.5,5.6
2018-07-05,22.0,5.8
2018-07-05,23.0,5.7
2018-07-05,23.5,5.6
2018-07-05,25.0,5.6
2018-07-05,25.5,5.6
2018-07-05,26.5,5.6
2018-07-05,13.0,7.0
2018-07-05,29.0,5.6
2018-07-05,20.5,5.8
2018-07-05,10.5,7.4
2018-07-05,11.5,7.2
2018-07-05,10.0,7.8
2018-07-05,10.5,7.4
2018-07-05,0.75,21.3
2018-07-05,1.5,21.3
2018-07-05,2.5,21.2
2018-07-05,3.0,20.2
2018-07-05,3.5,17.1
2018-07-05,4.0,16.5
2018-07-05,4.5,16.3
2018-07-05,5.0,15.9
2018-07-05,0.0,21.3
2018-07-05,6.0,14.6
2018-07-05,7.0,12.7
2018-07-05,7.0,10.8
2018-07-05,7.5,10.8
2018-07-05,8.0,9.7
2018-07-05,8.5,9.0
2018-07-05,9.0,8.5
2018-07-05,9.5,8.2
2018-07-05,6.0,15.1
2018-07-16,17.5,6.1
2018-07-16,17.0,6.3
2018-07-16,15.5,6.4
2018-07-16,12.0,7.2
2018-07-16,13.5,6.8
2018-07-16,13.0,6.9
2018-07-16,18.5,6.0
2018-07-16,14.5,6.6
2018-07-16,19.5,6.0
2018-07-16,24.0,5.7
2018-07-16,21.5,5.7
2018-07-16,23.0,5.7
2018-07-16,25.0,5.7
2018-07-16,25.5,5.6
2018-07-16,26.5,5.6
2018-07-16,29.0,5.6
2018-07-16,28.0,5.6
2018-07-16,11.0,7.4
2018-07-16,20.5,5.8
2018-07-16,10.0,7.6
2018-07-16,0.0,16.6
2018-07-16,9.5,8.1
2018-07-16,9.5,7.8
2018-07-16,0.0,18.1
2018-07-16,0.0,16.6
2018-07-16,0.0,17.0
2018-07-16,0.0,21.4
2018-07-16,0.75,20.9
2018-07-16,1.5,20.7
2018-07-16,2.5,20.6
2018-07-16,3.5,20.0
2018-07-16,1.5,20.7
2018-07-16,5.0,19.4
2018-07-16,5.0,19.7
2018-07-16,8.5,9.2
2018-07-16,7.5,10.6
2018-07-16,7.5,12.7
2018-07-16,8.5,8.5
2018-07-16,6.5,17.1
2018-07-16,5.5,18.7
2018-07-16,7.0,15.6
2018-08-07,7.0,15.6
2018-08-07,3.0,21.9
2018-08-07,4.0,21.8
2018-08-07,5.0,21.8
2018-08-07,5.5,21.7
2018-08-07,5.5,19.9
2018-08-07,11.5,7.0
2018-08-07,7.5,14.1
2018-08-07,2.0,21.9
2018-08-07,8.0,10.9
2018-08-07,8.0,10.8
2018-08-07,9.0,9.6
2018-08-07,9.0,8.5
2018-08-07,9.5,8.0
2018-08-07,10.5,7.6
2018-08-07,10.5,7.3
2018-08-07,11.0,7.1
2018-08-07,8.0,12.3
2018-08-07,0.75,22.3
2018-08-07,6.0,18.3
2018-08-07,29.0,5.7
2018-08-07,0.0,22.6
2018-08-07,13.5,6.5
2018-08-07,15.0,6.3
2018-08-07,16.0,6.2
2018-08-07,17.0,6.1
2018-08-07,18.0,6.0
2018-08-07,18.5,5.9
2018-08-07,20.0,5.8
2018-08-07,12.5,6.7
2018-08-07,22.0,5.8
2018-08-07,22.5,5.7
2018-08-07,24.0,5.7
2018-08-07,24.5,5.7
2018-08-07,25.5,5.7
2018-08-07,26.5,5.7
2018-08-07,27.0,5.7
2018-08-07,28.0,5.7
2018-08-07,21.0,5.8
2018-08-24,15.0,6.5
2018-08-24,16.0,6.4
2018-08-24,17.0,6.2
2018-08-24,18.0,6.1
2018-08-24,19.0,6.0
2018-08-24,20.0,5.9
2018-08-24,21.0,5.9
2018-08-24,25.0,5.8
2018-08-24,23.0,5.8
2018-08-24,24.0,5.8
2018-08-24,26.0,5.8
2018-08-24,27.0,5.7
2018-08-24,28.0,5.7
2018-08-24,14.0,6.7
2018-08-24,22.0,5.8
2018-08-24,13.0,7.1
2018-08-24,29.0,5.7
2018-08-24,11.0,7.8
2018-08-24,0.0,19.3
2018-08-24,1.0,19.4
2018-08-24,2.0,19.4
2018-08-24,3.0,19.4
2018-08-24,4.0,19.4
2018-08-24,5.0,19.4
2018-08-24,6.0,19.3
2018-08-24,12.0,7.4
2018-08-24,7.5,18.1
2018-08-24,8.0,16.8
2018-08-24,8.5,14.2
2018-08-24,9.0,11.5
2018-08-24,9.5,10.2
2018-08-24,10.0,8.9
2018-08-24,10.5,8.1
2018-08-24,7.0,18.7
2018-09-06,13.0,7.1
2018-09-06,13.5,6.8
2018-09-06,14.5,6.6
2018-09-06,15.5,6.4
2018-09-06,16.5,6.2
2018-09-06,17.5,6.1
2018-09-06,19.0,6.0
2018-09-06,19.5,6.0
2018-09-06,23.5,5.8
2018-09-06,22.0,5.8
2018-09-06,22.5,5.8
2018-09-06,25.0,5.8
2018-09-06,26.0,5.7
2018-09-06,27.0,5.7
2018-09-06,11.5,7.4
2018-09-06,28.5,5.7
2018-09-06,21.0,5.9
2018-09-06,27.5,5.7
2018-09-06,11.0,7.5
2018-09-06,10.5,7.7
2018-09-06,11.5,7.5
2018-09-06,0.0,18.9
2018-09-06,0.75,18.9
2018-09-06,2.0,18.8
2018-09-06,3.0,18.8
2018-09-06,4.0,18.7
2018-09-06,4.5,18.2
2018-09-06,6.0,17.9
2018-09-06,29.5,5.7
2018-09-06,7.0,17.2
2018-09-06,8.0,16.4
2018-09-06,8.5,14.3
2018-09-06,9.0,11.1
2018-09-06,9.5,9.6
2018-09-06,9.5,8.5
2018-09-06,10.0,8.1
2018-09-06,7.0,17.4
2018-09-18,11.0,8.4
2018-09-18,11.5,8.0
2018-09-18,11.5,7.6
2018-09-18,12.0,7.4
2018-09-18,12.5,7.2
2018-09-18,14.0,6.8
2018-09-18,15.0,6.6
2018-09-18,19.0,6.0
2018-09-18,16.5,6.3
2018-09-18,17.5,6.1
2018-09-18,20.0,6.0
2018-09-18,21.0,5.9
2018-09-18,22.0,5.9
2018-09-18,10.5,9.0
2018-09-18,15.5,6.3
2018-09-18,9.5,9.9
2018-09-18,8.0,15.8
2018-09-18,8.5,14.8
2018-09-18,23.0,5.8
2018-09-18,24.0,5.8
2018-09-18,24.5,5.8
2018-09-18,25.5,5.8
2018-09-18,0.0,16.6
2018-09-18,0.75,16.6
2018-09-18,2.0,16.3
2018-09-18,27.0,5.7
2018-09-18,3.5,16.3
2018-09-18,4.5,16.3
2018-09-18,5.5,16.3
2018-09-18,6.5,16.3
2018-09-18,7.5,16.2
2018-09-18,9.0,12.0
2018-09-18,2.5,16.3
2018-10-04,21.0,6.0
2018-10-04,16.0,6.44
2018-10-04,17.0,6.19
2018-10-04,18.0,6.11
2018-10-04,19.0,6.06
2018-10-04,20.0,6.03
2018-10-04,22.0,5.95
2018-10-04,30.0,5.75
2018-10-04,24.0,5.82
2018-10-04,25.0,5.79
2018-10-04,26.0,5.77
2018-10-04,27.0,5.76
2018-10-04,28.0,5.76
2018-10-04,29.0,5.76
2018-10-04,15.5,6.51
2018-10-04,23.0,5.87
2018-10-04,14.5,6.67
2018-10-04,15.0,6.57
2018-10-04,4.0,12.11
2018-10-04,14.0,7.7
2018-10-04,0.0,12.26
2018-10-04,1.0,12.19
2018-10-04,2.0,12.17
2018-10-04,3.0,12.15
2018-10-04,5.0,12.1
2018-10-04,6.0,12.04
2018-10-04,7.0,12.02
2018-10-04,9.0,12.0
2018-10-04,10.0,11.99
2018-10-04,11.0,11.96
2018-10-04,12.0,11.76
2018-10-04,12.5,11.23
2018-10-04,13.0,9.85
2018-10-04,13.5,8.93
2018-10-04,8.0,12.01
2018-10-25,19.0,6.1
2018-10-25,19.5,6.1
2018-10-25,18.0,6.2
2018-10-25,16.0,6.8
2018-10-25,16.5,6.6
2018-10-25,21.0,6.0
2018-10-25,17.0,6.2
2018-10-25,21.5,6.0
2018-10-25,29.5,5.8
2018-10-25,24.0,5.8
2018-10-25,24.5,5.8
2018-10-25,25.5,5.8
2018-10-25,26.5,5.8
2018-10-25,28.0,5.8
2018-10-25,29.0,5.8
2018-10-25,29.0,5.8
2018-10-25,23.0,5.9
2018-10-25,15.0,9.8
2018-10-25,0.25,11.1
2018-10-25,14.5,11.0
2018-10-25,15.0,10.7
2018-10-25,1.0,11.1
2018-10-25,2.0,11.1
2018-10-25,3.0,11.1
2018-10-25,4.0,11.1
2018-10-25,5.5,11.1
2018-10-25,7.0,11.1
2018-10-25,4.5,11.1
2018-10-25,8.5,11.1
2018-10-25,9.5,11.1
2018-10-25,10.0,11.1
2018-10-25,11.0,11.1
2018-10-25,12.0,11.0
2018-10-25,13.0,11.0
2018-10-25,14.5,11.0
2018-10-25,8.0,11.1
2018-11-15,21.0,6.2
2018-11-15,18.0,8.4
2018-11-15,18.5,7.8
2018-11-15,19.0,7.4
2018-11-15,19.5,6.9
2018-11-15,20.0,6.6
2018-11-15,29.5,5.8
2018-11-15,17.0,8.9
2018-11-15,24.0,5.9
2018-11-15,25.0,5.9
2018-11-15,26.0,5.9
2018-11-15,27.0,5.9
2018-11-15,28.0,5.9
2018-11-15,29.0,5.8
2018-11-15,23.0,6.0
2018-11-15,16.0,9.0
2018-11-15,22.0,6.1
2018-11-15,14.0,9.0
2018-11-15,0.0,9.2
2018-11-15,1.0,9.2
2018-11-15,2.0,9.1
2018-11-15,3.0,9.1
2018-11-15,4.0,9.0
2018-11-15,5.0,9.0
2018-11-15,5.5,9.0
2018-11-15,15.0,9.0
2018-11-15,8.0,9.0
2018-11-15,9.0,9.0
2018-11-15,10.0,9.0
2018-11-15,11.0,9.0
2018-11-15,12.0,9.0
2018-11-15,13.0,9.0
2018-11-15,7.0,9.0
2018-12-17,25.0,5.4
2018-12-17,26.0,5.4
2018-12-17,27.0,5.4
2018-12-17,28.0,5.4
2018-12-17,29.0,5.4
2018-12-17,30.0,5.4
2018-12-17,3.0,5.4
2018-12-17,1.0,5.4
2018-12-17,2.0,5.4
2018-12-17,4.0,5.4
2018-12-17,5.0,5.4
2018-12-17,6.0,5.4
2018-12-17,24.0,5.4
2018-12-17,0.0,5.4
2018-12-17,23.0,5.4
2018-12-17,21.0,5.4
2018-12-17,7.0,5.4
2018-12-17,22.0,5.4
2018-12-17,8.0,5.4
2018-12-17,9.0,5.4
2018-12-17,10.0,5.4
2018-12-17,12.0,5.4
2018-12-17,13.0,5.4
2018-12-17,11.0,5.4
2018-12-17,15.0,5.4
2018-12-17,16.0,5.4
2018-12-17,16.5,5.4
2018-12-17,18.0,5.4
2018-12-17,19.0,5.4
2018-12-17,20.0,5.4
2018-12-17,14.0,5.4
2020-01-24,20.5,5.2
2020-01-24,16.5,5.2
2020-01-24,18.0,5.2
2020-01-24,19.0,5.2
2020-01-24,20.0,5.2
2020-01-24,22.0,5.2
2020-01-24,16.0,5.2
2020-01-24,24.0,5.2
2020-01-24,25.0,5.2
2020-01-24,26.0,5.2
2020-01-24,27.0,5.2
2020-01-24,28.0,5.2
2020-01-24,22.5,5.2
2020-01-24,15.0,5.2
2020-01-24,13.5,5.2
2020-01-24,13.0,5.2
2020-01-24,0.0,5.3
2020-01-24,0.75,5.2
2020-01-24,2.0,5.2
2020-01-24,3.0,5.2
2020-01-24,5.0,5.2
2020-01-24,5.5,5.2
2020-01-24,4.0,5.2
2020-01-24,8.0,5.2
2020-01-24,9.0,5.2
2020-01-24,9.5,5.2
2020-01-24,11.0,5.2
2020-01-24,12.0,5.2
2020-01-24,7.0,5.2
2020-02-12,22.0,4.8
2020-02-12,18.0,4.8
2020-02-12,19.0,4.8
2020-02-12,20.0,4.8
2020-02-12,21.0,4.8
2020-02-12,23.0,4.8
2020-02-12,30.0,4.8
2020-02-12,25.0,4.8
2020-02-12,26.0,4.8
2020-02-12,27.0,4.8
2020-02-12,28.0,4.8
2020-02-12,29.0,4.8
2020-02-12,17.0,4.8
2020-02-12,24.0,4.8
2020-02-12,15.0,4.78
2020-02-12,16.0,4.8
2020-02-12,4.0,4.76
2020-02-12,0.0,3.91
2020-02-12,1.0,4.75
2020-02-12,2.0,4.76
2020-02-12,3.0,4.77
2020-02-12,5.0,4.76
2020-02-12,14.0,4.78
2020-02-12,6.0,4.77
2020-02-12,8.0,4.78
2020-02-12,9.0,4.78
2020-02-12,10.0,4.78
2020-02-12,11.0,4.78
2020-02-12,12.0,4.78
2020-02-12,13.0,4.78
2020-02-12,7.0,4.77
2020-03-11,20.5,4.9
2020-03-11,20.0,4.9
2020-03-11,17.0,4.9
2020-03-11,18.0,4.9
2020-03-11,22.0,4.9
2020-03-11,19.0,4.9
2020-03-11,23.0,4.9
2020-03-11,27.5,4.9
2020-03-11,25.0,4.9
2020-03-11,29.5,4.9
2020-03-11,26.0,4.9
2020-03-11,26.0,4.9
2020-03-11,26.5,4.9
2020-03-11,27.0,4.9
2020-03-11,23.5,4.9
2020-03-11,16.0,4.9
2020-03-11,4.0,4.9
2020-03-11,14.0,4.9
2020-03-11,15.0,4.9
2020-03-11,0.0,5.0
2020-03-11,0.0,5.0
2020-03-11,1.0,5.0
2020-03-11,3.0,4.9
2020-03-11,5.0,4.9
2020-03-11,2.0,5.0
2020-03-11,8.5,4.9
2020-03-11,10.0,4.9
2020-03-11,10.5,4.9
2020-03-11,12.0,4.9
2020-03-11,13.0,4.9
2020-03-11,13.5,4.9
2020-03-11,7.5,4.9
2020-05-19,22.0,6.9
2020-05-19,17.0,7.1
2020-05-19,18.0,7.0
2020-05-19,19.0,7.0
2020-05-19,19.5,6.9
2020-05-19,21.0,6.9
2020-05-19,22.5,6.9
2020-05-19,29.5,6.7
2020-05-19,25.0,6.8
2020-05-19,26.0,6.8
2020-05-19,26.5,6.8
2020-05-19,27.5,6.8
2020-05-19,29.0,6.8
2020-05-19,16.0,7.1
2020-05-19,23.5,6.8
2020-05-19,15.0,7.4
2020-05-19,15.5,7.2
2020-05-19,13.5,9.2
2020-05-19,14.5,8.0
2020-05-19,0.0,10.9
2020-05-19,0.75,10.9
2020-05-19,2.0,10.9
2020-05-19,3.0,10.8
2020-05-19,4.5,10.8
2020-05-19,6.0,10.8
2020-05-19,7.0,10.8
2020-05-19,4.0,10.8
2020-05-19,9.0,10.8
2020-05-19,11.0,10.7
2020-05-19,11.5,10.7
2020-05-19,12.5,10.6
2020-05-19,13.0,10.2
2020-05-19,13.0,9.7
2020-05-19,7.5,10.8
2020-05-29,21.0,7.0
2020-05-29,14.5,7.6
2020-05-29,16.0,7.4
2020-05-29,16.5,7.3
2020-05-29,17.5,7.0
2020-05-29,18.5,7.0
2020-05-29,19.5,7.0
2020-05-29,22.0,6.9
2020-05-29,29.0,6.8
2020-05-29,23.5,6.9
2020-05-29,25.0,6.9
2020-05-29,26.0,6.8
2020-05-29,27.0,6.8
2020-05-29,28.0,6.8
2020-05-29,29.0,6.8
2020-05-29,14.5,7.9
2020-05-29,22.5,6.9
2020-05-29,13.5,8.1
2020-05-29,1.0,15.1
2020-05-29,12.5,9.4
2020-05-29,13.5,8.6
2020-05-29,0.25,16.1
2020-05-29,2.0,14.7
2020-05-29,3.0,14.2
2020-05-29,3.5,13.8
2020-05-29,6.0,12.7
2020-05-29,7.0,12.4
2020-05-29,5.0,13.2
2020-05-29,8.5,11.8
2020-05-29,9.5,11.6
2020-05-29,10.0,11.5
2020-05-29,11.0,11.0
2020-05-29,11.5,10.3
2020-05-29,12.0,10.1
2020-05-29,12.5,9.8
2020-05-29,7.5,12.2
2020-06-10,19.5,7.1
2020-06-10,14.5,8.1
2020-06-10,15.5,7.6
2020-06-10,16.5,7.4
2020-06-10,18.0,7.2
2020-06-10,18.5,7.1
2020-06-10,20.5,7.0
2020-06-10,13.5,8.8
2020-06-10,22.5,7.0
2020-06-10,28.5,6.9
2020-06-10,24.0,6.9
2020-06-10,25.0,6.9
2020-06-10,25.5,6.9
2020-06-10,26.5,6.9
2020-06-10,27.5,6.9
2020-06-10,22.0,7.0
2020-06-10,13.0,9.7
2020-06-10,5.0,15.7
2020-06-10,11.0,10.5
2020-06-10,11.5,10.1
2020-06-10,0.0,16.7
2020-06-10,1.0,16.6
2020-06-10,2.5,16.3
2020-06-10,3.5,16.1
2020-06-10,5.0,15.4
2020-06-10,6.0,14.3
2020-06-10,2.0,16.4
2020-06-10,7.0,12.3
2020-06-10,7.5,12.1
2020-06-10,7.5,11.9
2020-06-10,8.0,11.9
2020-06-10,9.0,11.6
2020-06-10,9.5,11.1
2020-06-10,6.5,13.2
2020-06-25,16.5,7.6
2020-06-25,15.5,7.8
2020-06-25,15.5,7.8
2020-06-25,14.5,8.2
2020-06-25,12.5,9.1
2020-06-25,13.0,8.8
2020-06-25,12.0,9.3
2020-06-25,17.5,7.4
2020-06-25,13.5,8.5
2020-06-25,19.0,7.3
2020-06-25,27.5,6.9
2020-06-25,20.5,7.1
2020-06-25,21.5,7.0
2020-06-25,22.5,7.0
2020-06-25,24.0,7.0
2020-06-25,24.5,7.0
2020-06-25,26.0,7.0
2020-06-25,12.0,9.7
2020-06-25,29.0,6.9
2020-06-25,30.0,6.9
2020-06-25,19.5,7.1
2020-06-25,11.5,10.1
2020-06-25,26.5,6.9
2020-06-25,10.5,10.8
2020-06-25,0.0,22.3
2020-06-25,1.0,22.2
2020-06-25,11.0,10.6
2020-06-25,2.0,21.7
2020-06-25,2.0,20.6
2020-06-25,2.5,20.5
2020-06-25,3.0,19.7
2020-06-25,4.0,19.5
2020-06-25,4.5,18.7
2020-06-25,5.0,18.3
2020-06-25,1.5,21.7
2020-06-25,6.0,16.6
2020-06-25,5.0,17.2
2020-06-25,10.0,11.2
2020-06-25,9.0,11.8
2020-06-25,8.5,12.1
2020-06-25,9.0,11.5
2020-06-25,7.0,13.6
2020-06-25,7.0,14.4
2020-06-25,6.0,14.9
2020-06-25,7.5,13.0
2020-07-08,15.0,8.1
2020-07-08,20.0,7.1
2020-07-08,16.0,7.7
2020-07-08,17.0,7.5
2020-07-08,18.0,7.3
2020-07-08,19.0,7.2
2020-07-08,21.0,7.1
2020-07-08,26.0,7.0
2020-07-08,23.0,7.1
2020-07-08,24.0,7.0
2020-07-08,25.0,7.0
2020-07-08,27.0,7.0
2020-07-08,28.0,7.0
2020-07-08,29.0,7.0
2020-07-08,30.0,6.9
2020-07-08,22.0,7.1
2020-07-08,14.0,8.9
2020-07-08,11.5,10.3
2020-07-08,12.0,9.9
2020-07-08,13.0,9.4
2020-07-08,0.0,16.8
2020-07-08,1.0,16.8
2020-07-08,2.0,16.8
2020-07-08,4.0,16.8
2020-07-08,5.0,16.8
2020-07-08,6.0,16.8
2020-07-08,3.0,16.8
2020-07-08,8.0,16.8
2020-07-08,8.5,16.7
2020-07-08,9.0,15.1
2020-07-08,9.5,12.6
2020-07-08,10.0,11.8
2020-07-08,10.5,11.2
2020-07-08,11.0,10.6
2020-07-08,7.0,16.8
2020-07-20,20.0,7.2
2020-07-20,14.5,8.2
2020-07-20,14.5,8.0
2020-07-20,16.0,7.8
2020-07-20,16.5,7.5
2020-07-20,18.0,7.4
2020-07-20,19.0,7.3
2020-07-20,21.0,7.2
2020-07-20,28.5,7.0
2020-07-20,22.5,7.1
2020-07-20,22.5,7.1
2020-07-20,23.5,7.0
2020-07-20,25.0,7.0
2020-07-20,26.0,7.0
2020-07-20,26.5,7.0
2020-07-20,28.0,7.0
2020-07-20,13.5,8.5
2020-07-20,21.5,7.1
2020-07-20,13.5,8.7
2020-07-20,12.0,9.9
2020-07-20,0.0,18.2
2020-07-20,13.0,9.2
2020-07-20,1.0,18.2
2020-07-20,1.5,18.2
2020-07-20,3.0,18.2
2020-07-20,3.5,18.2
2020-07-20,5.5,16.6
2020-07-20,6.0,16.5
2020-07-20,6.0,16.3
2020-07-20,5.0,18.1
2020-07-20,7.5,16.1
2020-07-20,8.0,16.0
2020-07-20,9.0,15.4
2020-07-20,9.5,14.9
2020-07-20,10.0,12.9
2020-07-20,10.0,11.1
2020-07-20,11.0,10.7
2020-07-20,7.0,16.3
2020-07-20,11.5,10.3
2020-08-12,15.0,8.2
2020-08-12,14.5,8.3
2020-08-12,14.0,8.7
2020-08-12,12.5,9.8
2020-08-12,12.5,9.4
2020-08-12,16.0,7.7
2020-08-12,13.0,8.9
2020-08-12,16.5,7.5
2020-08-12,25.5,7.1
2020-08-12,18.5,7.3
2020-08-12,20.0,7.2
2020-08-12,21.5,7.1
2020-08-12,23.0,7.1
2020-08-12,24.0,7.1
2020-08-12,25.0,7.1
2020-08-12,26.5,7.1
2020-08-12,12.0,10.7
2020-08-12,18.0,7.4
2020-08-12,11.5,11.6
2020-08-12,21.0,7.2
2020-08-12,11.0,13.0
2020-08-12,11.0,11.7
2020-08-12,1.0,22.0
2020-08-12,1.5,21.8
2020-08-12,2.5,21.2
2020-08-12,2.5,19.2
2020-08-12,3.5,18.8
2020-08-12,4.0,18.4
2020-08-12,4.5,18.2
2020-08-12,0.0,22.1
2020-08-12,6.0,17.7
2020-08-12,7.0,17.2
2020-08-12,7.5,16.8
2020-08-12,8.5,16.4
2020-08-12,9.0,15.9
2020-08-12,9.5,15.5
2020-08-12,10.0,14.9
2020-08-12,5.0,18.1
2020-08-12,10.0,14.4
2020-08-26,18.0,7.5
2020-08-26,17.0,7.6
2020-08-26,14.0,8.8
2020-08-26,14.5,8.5
2020-08-26,18.5,7.4
2020-08-26,12.5,9.3
2020-08-26,15.5,8.0
2020-08-26,20.0,7.4
2020-08-26,23.5,7.2
2020-08-26,21.5,7.2
2020-08-26,23.0,7.2
2020-08-26,25.0,7.1
2020-08-26,26.0,7.1
2020-08-26,27.0,7.1
2020-08-26,28.0,7.1
2020-08-26,12.5,9.4
2020-08-26,28.5,7.1
2020-08-26,20.5,7.3
2020-08-26,11.5,10.3
2020-08-26,8.5,16.1
2020-08-26,11.0,12.3
2020-08-26,0.0,19.5
2020-08-26,1.0,19.5
2020-08-26,1.5,19.5
2020-08-26,3.0,19.5
2020-08-26,11.0,11.4
2020-08-26,4.5,19.5
2020-08-26,5.5,19.5
2020-08-26,6.0,19.1
2020-08-26,3.5,19.5
2020-08-26,6.5,17.5
2020-08-26,7.5,17.1
2020-08-26,8.0,16.9
2020-08-26,8.0,16.5
2020-08-26,9.5,15.4
2020-08-26,9.5,15.0
2020-08-26,10.5,14.0
2020-08-26,6.5,17.6
2020-09-08,21.0,7.3
2020-09-08,14.5,8.2
2020-09-08,15.5,7.9
2020-09-08,17.0,7.6
2020-09-08,18.0,7.5
2020-09-08,19.0,7.4
2020-09-08,20.0,7.4
2020-09-08,22.0,7.3
2020-09-08,14.0,8.5
2020-09-08,24.0,7.2
2020-09-08,24.5,7.1
2020-09-08,26.0,7.1
2020-09-08,27.0,7.1
2020-09-08,28.0,7.1
2020-09-08,29.0,7.1
2020-09-08,29.5,7.1
2020-09-08,23.0,7.3
2020-09-08,13.5,8.8
2020-09-08,3.5,17.3
2020-09-08,12.5,10.1
2020-09-08,0.75,17.3
2020-09-08,1.5,17.3
2020-09-08,2.5,17.3
2020-09-08,13.0,9.3
2020-09-08,4.5,17.3
2020-09-08,6.0,17.3
2020-09-08,7.0,17.3
2020-09-08,8.0,17.3
2020-09-08,0.0,17.3
2020-09-08,9.0,16.7
2020-09-08,9.5,15.0
2020-09-08,10.5,13.9
2020-09-08,11.0,12.7
2020-09-08,11.0,11.9
2020-09-08,12.0,11.0
2020-09-08,12.5,10.5
2020-09-08,9.0,17.3
2020-09-22,15.0,8.5
2020-09-22,15.5,7.9
2020-09-22,16.5,7.7
2020-09-22,18.0,7.6
2020-09-22,19.0,7.5
2020-09-22,20.0,7.4
2020-09-22,21.0,7.3
2020-09-22,21.5,7.3
2020-09-22,25.5,7.1
2020-09-22,23.5,7.2
2020-09-22,25.0,7.2
2020-09-22,26.5,7.1
2020-09-22,27.0,7.1
2020-09-22,28.5,7.1
2020-09-22,29.5,7.2
2020-09-22,14.5,8.7
2020-09-22,23.0,7.2
2020-09-22,13.5,9.1
2020-09-22,28.0,7.1
2020-09-22,12.5,10.2
2020-09-22,0.0,16.3
2020-09-22,1.5,15.9
2020-09-22,3.0,15.9
2020-09-22,3.5,15.9
2020-09-22,5.0,15.9
2020-09-22,6.0,15.9
2020-09-22,6.5,15.9
2020-09-22,0.75,16.0
2020-09-22,9.0,15.8
2020-09-22,8.0,15.8
2020-09-22,12.0,11.0
2020-09-22,12.0,12.1
2020-09-22,13.5,9.5
2020-09-22,11.0,14.3
2020-09-22,10.5,15.5
2020-09-22,9.5,15.8
2020-09-22,11.5,13.2
2020-10-08,15.0,8.47
2020-10-08,16.0,7.96
2020-10-08,17.0,7.82
2020-10-08,18.0,7.68
2020-10-08,19.0,7.54
2020-10-08,20.0,7.43
2020-10-08,21.0,7.34
2020-10-08,23.0,7.17
2020-10-08,24.0,7.11
2020-10-08,26.0,7.08
2020-10-08,27.0,7.07
2020-10-08,28.0,7.06
2020-10-08,14.5,8.9
2020-10-08,29.0,7.1
2020-10-08,22.0,7.24
2020-10-08,25.0,7.09
2020-10-08,13.5,10.84
2020-10-08,13.0,12.38
2020-10-08,14.0,9.28
2020-10-08,0.0,14.59
2020-10-08,1.0,14.59
2020-10-08,2.0,14.6
2020-10-08,4.0,14.59
2020-10-08,5.0,14.57
2020-10-08,6.0,14.58
2020-10-08,3.0,14.6
2020-10-08,8.0,14.56
2020-10-08,9.0,14.55
2020-10-08,10.0,14.56
2020-10-08,11.0,14.55
2020-10-08,12.0,14.53
2020-10-08,12.5,14.43
2020-10-08,7.0,14.57
2020-10-22,17.0,7.88
2020-10-22,15.0,10.0
2020-10-22,27.0,7.08
2020-10-22,15.5,8.81
2020-10-22,16.0,8.13
2020-10-22,16.5,8.08
2020-10-22,18.0,7.72
2020-10-22,26.0,7.09
2020-10-22,20.0,7.5
2020-10-22,21.0,7.36
2020-10-22,22.0,7.28
2020-10-22,23.0,7.2
2020-10-22,24.0,7.11
2020-10-22,25.0,7.09
2020-10-22,14.5,11.67
2020-10-22,19.0,7.61
2020-10-22,14.0,12.03
2020-10-22,10.0,12.05
2020-10-22,12.0,12.05
2020-10-22,13.0,12.04
2020-10-22,0.0,12.2
2020-10-22,1.0,12.12
2020-10-22,2.0,12.1
2020-10-22,4.0,12.08
2020-10-22,5.0,12.08
2020-10-22,6.0,12.09
2020-10-22,3.0,12.09
2020-10-22,8.0,12.06
2020-10-22,28.0,7.07
2020-10-22,29.0,7.05
2020-10-22,29.0,7.15
2020-10-22,9.0,12.08
2020-10-22,11.0,12.05
2020-10-22,7.0,12.06
2020-11-17,21.0,7.43
2020-11-17,18.5,9.9
2020-11-17,19.0,9.5
2020-11-17,19.5,8.8
2020-11-17,20.0,8.4
2020-11-17,20.5,7.6
2020-11-17,21.5,7.35
2020-11-17,29.0,7.3
2020-11-17,23.0,7.3
2020-11-17,24.0,7.3
2020-11-17,25.0,7.3
2020-11-17,26.0,7.3
2020-11-17,27.0,7.3
2020-11-17,18.0,9.95
2020-11-17,30.0,7.3
2020-11-17,22.0,7.3
2020-11-17,17.0,10.0
2020-11-17,28.0,7.3
2020-11-17,15.0,10.0
2020-11-17,16.0,10.0
2020-11-17,0.0,9.97
2020-11-17,1.0,9.97
2020-11-17,2.0,9.97
2020-11-17,3.0,9.97
2020-11-17,5.0,9.98
2020-11-17,6.0,9.98
2020-11-17,4.0,9.97
2020-11-17,8.0,9.99
2020-11-17,9.0,10.0
2020-11-17,10.0,10.0
2020-11-17,11.0,10.0
2020-11-17,12.0,10.0
2020-11-17,13.0,10.0
2020-11-17,14.0,10.0
2020-11-17,7.0,9.99
2020-12-09,22.0,7.37
2020-12-09,17.0,7.37
2020-12-09,18.0,7.37
2020-12-09,19.0,7.37
2020-12-09,20.0,7.37
2020-12-09,21.0,7.37
2020-12-09,23.0,7.37
2020-12-09,31.0,7.36
2020-12-09,25.0,7.37
2020-12-09,26.0,7.37
2020-12-09,27.0,7.37
2020-12-09,28.0,7.38
2020-12-09,29.0,7.35
2020-12-09,30.0,7.36
2020-12-09,24.0,7.37
2020-12-09,16.0,7.36
2020-12-09,14.0,7.36
2020-12-09,13.0,7.35
2020-12-09,15.0,7.37
2020-12-09,0.0,7.4
2020-12-09,1.0,7.3
2020-12-09,2.0,7.3
2020-12-09,4.0,7.38
2020-12-09,5.0,7.35
2020-12-09,3.0,7.3
2020-12-09,7.0,7.37
2020-12-09,8.0,7.35
2020-12-09,9.0,7.35
2020-12-09,10.0,7.36
2020-12-09,11.0,7.36
2020-12-09,12.0,7.36
2020-12-09,6.0,7.34
2022-01-24,22.0,3.6691
2022-01-24,18.0,3.6649
2022-01-24,19.0,3.6683
2022-01-24,20.0,3.6691
2022-01-24,21.0,3.668
2022-01-24,23.0,3.6691
2022-01-24,16.5,3.6662
2022-01-24,25.0,3.6691
2022-01-24,26.0,3.6691
2022-01-24,27.0,3.6691
2022-01-24,28.0,3.6691
2022-01-24,29.0,3.6615
2022-01-24,24.0,3.6691
2022-01-24,16.0,3.3362
2022-01-24,8.5,3.6709
2022-01-24,14.0,3.6694
2022-01-24,0.0,3.673
2022-01-24,0.75,3.6681
2022-01-24,2.0,3.6684
2022-01-24,3.0,3.611
2022-01-24,5.0,3.6683
2022-01-24,6.0,3.6694
2022-01-24,4.0,3.6711
2022-01-24,8.0,3.668
2022-01-24,15.0,3.6665
2022-01-24,10.0,3.6687
2022-01-24,11.0,3.6687
2022-01-24,12.5,3.6705
2022-01-24,6.5,3.6734
2022-02-15,2.0,3.636
2022-02-15,29.0,3.6693
2022-02-15,30.0,3.6948
2022-02-15,0.0,3.6097
2022-02-15,0.75,3.6194
2022-02-15,3.0,3.6426
2022-02-15,9.5,3.6515
2022-02-15,4.5,3.6467
2022-02-15,5.5,3.6383
2022-02-15,7.0,3.6456
2022-02-15,7.5,3.6441
2022-02-15,9.0,3.6471
2022-02-15,27.5,3.669
2022-02-15,4.0,3.6447
2022-02-15,27.0,3.6681
2022-02-15,19.5,3.6623
2022-02-15,24.5,3.6663
2022-02-15,11.0,3.6559
2022-02-15,12.0,3.644
2022-02-15,13.0,3.6562
2022-02-15,13.5,3.6585
2022-02-15,15.0,3.6579
2022-02-15,16.0,3.6575
2022-02-15,26.0,3.669
2022-02-15,17.0,3.6632
2022-02-15,19.0,3.6622
2022-02-15,21.0,3.6608
2022-02-15,21.5,3.666
2022-02-15,23.0,3.6654
2022-02-15,23.5,3.6652
2022-02-15,17.5,3.6624
2022-03-16,4.0,3.9
2022-03-16,2.0,3.89
2022-03-16,3.0,3.99
2022-03-16,0.0,3.94
2022-03-16,1.0,3.88
2022-04-07,21.5,5.3846
2022-04-07,18.5,5.385
2022-04-07,20.0,5.3854
2022-04-07,20.5,5.3766
2022-04-07,22.5,5.3794
2022-04-07,24.0,5.3748
2022-04-07,24.5,5.375
2022-04-07,25.5,5.3699
2022-04-07,27.0,5.369
2022-04-07,28.0,5.3717
2022-04-07,29.0,5.3714
2022-04-07,30.0,5.3723
2022-04-07,30.0,5.3832
2022-04-07,16.5,5.389
2022-04-07,15.5,5.3815
2022-04-07,18.0,5.3903
2022-04-07,14.0,5.3806
2022-04-07,0.0,5.4285
2022-04-07,1.0,5.4169
2022-04-07,1.5,5.3501
2022-04-07,2.5,5.3791
2022-04-07,14.5,5.3825
2022-04-07,5.0,5.3693
2022-04-07,6.0,5.3603
2022-04-07,4.0,5.353
2022-04-07,7.5,5.3531
2022-04-07,9.0,5.3787
2022-04-07,10.0,5.384
2022-04-07,11.0,5.3825
2022-04-07,11.5,5.3819
2022-04-07,13.0,5.3814
2022-04-07,6.5,5.3749
2022-04-26,23.0,5.7637
2022-04-26,18.0,5.9996
2022-04-26,18.5,5.9713
2022-04-26,20.0,5.8768
2022-04-26,21.0,5.8223
2022-04-26,21.5,5.803
2022-04-26,24.0,5.7426
2022-04-26,16.0,6.0781
2022-04-26,26.0,5.6954
2022-04-26,27.0,5.6942
2022-04-26,28.0,5.6874
2022-04-26,29.0,5.6923
2022-04-26,29.5,5.6904
2022-04-26,30.0,5.6985
2022-04-26,24.5,5.6978
2022-04-26,15.0,6.1356
2022-04-26,16.5,6.0382
2022-04-26,13.0,6.3068
2022-04-26,0.5,9.9491
2022-04-26,1.0,9.7865
2022-04-26,2.0,9.2037
2022-04-26,3.0,8.9504
2022-04-26,3.5,8.9356
2022-04-26,4.5,8.9175
2022-04-26,6.0,8.9076
2022-04-26,0.0,10.0133
2022-04-26,8.0,7.9849
2022-04-26,9.0,7.4502
2022-04-26,10.0,6.935
2022-04-26,11.0,6.6817
2022-04-26,11.5,6.4076
2022-04-26,14.0,6.2653
2022-04-26,7.0,8.2443
2022-05-10,16.0,6.043
2022-05-10,17.0,5.9596
2022-05-10,17.5,5.903
2022-05-10,19.0,5.8949
2022-05-10,19.5,5.8541
2022-05-10,20.5,5.8264
2022-05-10,25.0,5.8126
2022-05-10,22.5,5.8145
2022-05-10,23.5,5.813
2022-05-10,25.5,5.7943
2022-05-10,27.0,5.8
2022-05-10,28.0,5.8
2022-05-10,14.5,6.1189
2022-05-10,21.5,5.8112
2022-05-10,13.5,6.1612
2022-05-10,13.0,6.1953
2022-05-10,4.0,11.8623
2022-05-10,11.5,6.3444
2022-05-10,0.0,12.7312
2022-05-10,1.0,12.7303
2022-05-10,2.0,12.762
2022-05-10,2.5,12.7386
2022-05-10,5.0,11.7464
2022-05-10,6.5,10.3578
2022-05-10,6.0,10.9942
2022-05-10,7.5,8.6577
2022-05-10,8.0,7.4207
2022-05-10,8.5,7.364
2022-05-10,9.0,7.1073
2022-05-10,9.5,6.8104
2022-05-10,11.0,6.5379
2022-05-10,7.5,9.5078
2022-05-25,18.5,5.9273
2022-05-25,20.0,5.8954
2022-05-25,17.5,5.9679
2022-05-25,14.5,6.0525
2022-05-25,16.0,6.0314
2022-05-25,20.5,5.9007
2022-05-25,17.0,6.01
2022-05-25,22.0,5.8957
2022-05-25,29.5,5.8425
2022-05-25,23.5,5.852
2022-05-25,25.0,5.8445
2022-05-25,25.5,5.8454
2022-05-25,26.5,5.8361
2022-05-25,28.0,5.826
2022-05-25,30.0,5.8371
2022-05-25,29.0,5.8227
2022-05-25,23.0,5.8486
2022-05-25,14.0,6.1531
2022-05-25,2.0,15.0694
2022-05-25,12.0,6.3681
2022-05-25,13.0,6.2081
2022-05-25,0.0,15.1937
2022-05-25,1.0,15.1609
2022-05-25,3.0,15.0233
2022-05-25,5.0,14.9733
2022-05-25,5.0,14.9534
2022-05-25,5.5,14.8352
2022-05-25,4.0,14.9927
2022-05-25,7.0,13.0545
2022-05-25,7.5,11.2976
2022-05-25,8.0,10.4011
2022-05-25,8.5,10.1128
2022-05-25,9.0,9.6933
2022-05-25,10.0,8.3555
2022-05-25,11.0,7.628
2022-05-25,6.0,13.4557
2022-06-08,18.0,6.172
2022-06-08,14.0,6.922
2022-06-08,14.0,6.882
2022-06-08,14.0,6.559
2022-06-08,15.0,6.5241
2022-06-08,16.0,6.304
2022-06-08,16.5,6.2227
2022-06-08,28.0,5.9078
2022-06-08,26.5,5.9083
2022-06-08,21.0,5.994
2022-06-08,22.0,5.9442
2022-06-08,23.0,5.9392
2022-06-08,24.0,5.9292
2022-06-08,25.0,5.9219
2022-06-08,25.5,5.9151
2022-06-08,13.5,7.3408
2022-06-08,20.0,6.0279
2022-06-08,13.0,8.0623
2022-06-08,19.0,6.1169
2022-06-08,10.5,8.6964
2022-06-08,12.0,8.5045
2022-06-08,0.75,15.3765
2022-06-08,1.5,15.3778
2022-06-08,2.5,15.374
2022-06-08,4.0,15.372
2022-06-08,5.0,15.0966
2022-06-08,5.5,14.7282
2022-06-08,5.5,14.7137
2022-06-08,0.0,15.3683
2022-06-08,7.0,14.0504
2022-06-08,7.0,13.7939
2022-06-08,8.0,13.5326
2022-06-08,8.5,13.3806
2022-06-08,9.0,12.798
2022-06-08,9.0,11.8551
2022-06-08,10.0,9.3393
2022-06-08,10.0,8.9199
2022-06-08,6.5,14.1559
2022-06-21,14.0,6.6754
2022-06-21,15.0,6.3773
2022-06-21,16.0,6.1959
2022-06-21,17.0,6.1073
2022-06-21,18.0,6.0652
2022-06-21,18.5,6.0464
2022-06-21,20.0,6.0087
2022-06-21,23.5,5.9567
2022-06-21,22.0,5.9481
2022-06-21,22.5,5.946
2022-06-21,24.5,5.9558
2022-06-21,26.0,5.9395
2022-06-21,27.0,5.9279
2022-06-21,12.5,7.0402
2022-06-21,20.5,5.9745
2022-06-21,12.0,7.5558
2022-06-21,10.5,8.1074
2022-06-21,3.5,17.356
2022-06-21,11.5,7.6822
2022-06-21,0.0,17.4647
2022-06-21,1.0,17.4754
2022-06-21,2.0,17.4491
2022-06-21,2.5,17.4416
2022-06-21,5.0,17.2605
2022-06-21,7.0,17.1456
2022-06-21,5.5,17.1741
2022-06-21,7.5,14.6602
2022-06-21,8.0,13.3915
2022-06-21,9.0,12.1794
2022-06-21,9.0,11.0198
2022-06-21,9.5,9.1517
2022-06-21,10.5,8.4977
2022-06-21,7.0,16.8557
2022-07-08,18.0,6.3
2022-07-08,19.0,6.2
2022-07-08,17.0,6.4
2022-07-08,14.0,7.2
2022-07-08,15.0,6.8
2022-07-08,20.0,6.2
2022-07-08,16.0,6.6
2022-07-08,21.0,6.2
2022-07-08,30.0,5.9
2022-07-08,23.0,6.1
2022-07-08,24.0,6.1
2022-07-08,25.0,6.0
2022-07-08,26.0,5.9
2022-07-08,27.0,5.9
2022-07-08,28.0,5.9
2022-07-08,29.0,5.9
2022-07-08,22.0,6.1
2022-07-08,13.0,7.3697
2022-07-08,0.75,19.3068
2022-07-08,11.5,8.7589
2022-07-08,11.5,8.2843
2022-07-08,0.0,19.3219
2022-07-08,2.0,19.3058
2022-07-08,2.5,19.2985
2022-07-08,4.5,19.285
2022-07-08,5.5,19.2383
2022-07-08,7.0,19.1475
2022-07-08,4.0,19.2808
2022-07-08,7.5,17.7366
2022-07-08,8.0,13.7034
2022-07-08,9.0,12.1705
2022-07-08,9.5,11.6505
2022-07-08,9.5,10.1074
2022-07-08,10.5,9.4189
2022-07-08,11.0,9.1498
2022-07-08,7.5,19.1274
2022-07-28,18.5,6.2674
2022-07-28,13.0,7.1727
2022-07-28,30.0,6.026
2022-07-28,15.0,6.6798
2022-07-28,15.5,6.5761
2022-07-28,17.0,6.3785
2022-07-28,18.0,6.3316
2022-07-28,20.0,6.1675
2022-07-28,28.5,6.0329
2022-07-28,21.5,6.1102
2022-07-28,23.0,6.1032
2022-07-28,23.5,6.0822
2022-07-28,25.0,6.0674
2022-07-28,25.5,6.0624
2022-07-28,27.0,6.0447
2022-07-28,28.0,6.0353
2022-07-28,12.5,7.6433
2022-07-28,21.0,6.1286
2022-07-28,12.5,8.0817
2022-07-28,14.0,6.8632
2022-07-28,11.0,8.9305
2022-07-28,11.5,8.3808
2022-07-28,0.25,17.9448
2022-07-28,0.75,17.9339
2022-07-28,1.5,17.9434
2022-07-28,2.5,17.9494
2022-07-28,4.5,17.9351
2022-07-28,5.5,17.9608
2022-07-28,6.0,17.9419
2022-07-28,3.5,17.9392
2022-07-28,7.0,17.9263
2022-07-28,8.0,17.7022
2022-07-28,8.0,17.5563
2022-07-28,8.5,17.2475
2022-07-28,9.5,16.6901
2022-07-28,9.5,15.3101
2022-07-28,10.0,12.6247
2022-07-28,6.5,17.9327
2022-07-28,10.5,9.7808
2022-08-10,18.0,6.3591
2022-08-10,17.0,6.4484
2022-08-10,15.5,6.5032
2022-08-10,13.0,7.3233
2022-08-10,13.5,7.0413
2022-08-10,19.0,6.2747
2022-08-10,15.0,6.658
2022-08-10,19.5,6.2016
2022-08-10,29.5,6.063
2022-08-10,21.5,6.1215
2022-08-10,22.5,6.1323
2022-08-10,24.0,6.1189
2022-08-10,25.0,6.0918
2022-08-10,25.5,6.084
2022-08-10,26.5,6.0926
2022-08-10,27.5,6.0722
2022-08-10,12.5,7.8365
2022-08-10,20.5,6.1533
2022-08-10,12.5,8.444
2022-08-10,28.5,6.0722
2022-08-10,11.0,10.6126
2022-08-10,0.25,19.4319
2022-08-10,0.75,19.4059
2022-08-10,2.0,19.3694
2022-08-10,3.0,18.9617
2022-08-10,4.0,18.7979
2022-08-10,5.0,18.717
2022-08-10,6.0,18.6151
2022-08-10,6.5,18.3785
2022-08-10,11.5,9.0223
2022-08-10,7.5,18.1174
2022-08-10,7.5,18.1225
2022-08-10,7.5,18.1256
2022-08-10,8.5,17.3257
2022-08-10,9.0,16.9845
2022-08-10,10.0,14.9538
2022-08-10,10.0,13.6143
2022-08-10,10.5,12.4963
2022-08-10,7.5,18.1199
2022-08-22,16.5,6.6456
2022-08-22,16.0,6.9193
2022-08-22,12.5,8.6154
2022-08-22,13.5,8.0417
2022-08-22,13.0,8.4877
2022-08-22,18.0,6.5111
2022-08-22,14.5,7.2979
2022-08-22,18.5,6.3863
2022-08-22,23.5,6.1706
2022-08-22,20.5,6.2367
2022-08-22,22.0,6.2083
2022-08-22,22.5,6.1627
2022-08-22,25.0,6.1302
2022-08-22,26.0,6.1103
2022-08-22,27.0,6.0891
2022-08-22,28.0,6.0923
2022-08-22,12.5,9.0135
2022-08-22,20.0,6.3875
2022-08-22,28.5,6.0826
2022-08-22,11.5,9.8156
2022-08-22,11.0,11.7043
2022-08-22,11.0,10.3586
2022-08-22,0.0,21.2715
2022-08-22,0.75,21.2999
2022-08-22,1.5,21.298
2022-08-22,2.5,21.1991
2022-08-22,4.0,19.5883
2022-08-22,4.5,19.3254
2022-08-22,5.0,19.0767
2022-08-22,4.0,20.7496
2022-08-22,6.5,18.5416
2022-08-22,7.5,17.9778
2022-08-22,8.5,17.4052
2022-08-22,9.0,16.4232
2022-08-22,9.0,15.7691
2022-08-22,9.5,15.1379
2022-08-22,10.0,13.5433
2022-08-22,6.0,18.8915
2022-09-07,22.0,6.0887
2022-09-07,16.0,6.5059
2022-09-07,17.0,6.3303
2022-09-07,18.0,6.2913
2022-09-07,18.5,6.2149
2022-09-07,19.5,6.1499
2022-09-07,20.5,6.125
2022-09-07,23.0,6.0668
2022-09-07,14.5,6.7096
2022-09-07,25.0,6.0463
2022-09-07,25.5,6.0482
2022-09-07,27.0,6.0258
2022-09-07,28.0,6.0269
2022-09-07,28.5,6.0342
2022-09-07,30.5,6.0689
2022-09-07,30.0,6.0356
2022-09-07,24.0,6.0553
2022-09-07,14.0,7.0051
2022-09-07,1.0,18.6403
2022-09-07,12.5,8.5717
2022-09-07,0.0,18.5957
2022-09-07,2.0,18.6415
2022-09-07,3.0,18.6295
2022-09-07,4.0,18.6232
2022-09-07,5.0,18.6159
2022-09-07,5.5,18.6009
2022-09-07,6.5,18.4045
2022-09-07,7.5,18.1318
2022-09-07,12.5,7.9084
2022-09-07,8.0,16.8308
2022-09-07,9.0,15.7346
2022-09-07,9.5,15.2872
2022-09-07,9.5,14.7039
2022-09-07,11.0,11.7648
2022-09-07,11.0,10.1989
2022-09-07,12.0,8.9841
2022-09-07,7.5,17.3294
2022-09-20,16.0,6.572
2022-09-20,17.0,6.4597
2022-09-20,17.5,6.4249
2022-09-20,18.0,6.3841
2022-09-20,19.0,6.2758
2022-09-20,20.0,6.231
2022-09-20,20.5,6.1979
2022-09-20,25.0,6.0925
2022-09-20,23.0,6.1184
2022-09-20,24.0,6.1035
2022-09-20,26.0,6.0764
2022-09-20,27.0,6.0574
2022-09-20,28.0,6.0466
2022-09-20,29.5,6.0431
2022-09-20,15.0,6.821
2022-09-20,22.0,6.1712
2022-09-20,14.0,7.0632
2022-09-20,29.0,6.0395
2022-09-20,13.5,7.9395
2022-09-20,1.0,15.9471
2022-09-20,2.0,15.9104
2022-09-20,3.0,15.8882
2022-09-20,4.0,15.8754
2022-09-20,4.5,15.8618
2022-09-20,6.0,15.832
2022-09-20,6.5,15.8148
2022-09-20,0.0,16.0665
2022-09-20,9.0,15.7655
2022-09-20,8.0,15.7897
2022-09-20,13.0,8.396
2022-09-20,12.0,9.402
2022-09-20,14.0,7.7561
2022-09-20,11.5,11.5951
2022-09-20,10.5,15.1583
2022-09-20,10.0,15.7019
2022-09-20,12.0,10.2378
2022-10-07,14.5,7.7759
2022-10-07,16.0,6.9102
2022-10-07,16.5,6.6694
2022-10-07,18.0,6.3807
2022-10-07,18.5,6.2927
2022-10-07,20.0,6.2256
2022-10-07,21.0,6.1868
2022-10-07,23.0,6.0733
2022-10-07,24.0,6.0367
2022-10-07,25.0,6.0157
2022-10-07,27.0,5.9989
2022-10-07,28.0,5.9893
2022-10-07,29.0,5.9917
2022-10-07,14.5,8.6266
2022-10-07,30.0,6.0873
2022-10-07,22.0,6.1072
2022-10-07,26.0,6.0043
2022-10-07,13.5,8.642
2022-10-07,12.5,12.4495
2022-10-07,13.0,11.7479
2022-10-07,0.0,13.8426
2022-10-07,0.75,13.6836
2022-10-07,2.0,13.6737
2022-10-07,4.0,13.6691
2022-10-07,5.0,13.6647
2022-10-07,5.5,13.6778
2022-10-07,3.0,13.6545
2022-10-07,8.0,13.6811
2022-10-07,8.5,13.6764
2022-10-07,10.0,13.6714
2022-10-07,10.5,13.6441
2022-10-07,12.0,13.306
2022-10-07,12.5,12.8185
2022-10-07,7.0,13.6826
2022-10-27,22.0,6.1804
2022-10-27,16.5,6.7024
2022-10-27,17.0,6.61
2022-10-27,17.5,6.4718
2022-10-27,18.5,6.3407
2022-10-27,19.5,6.3325
2022-10-27,21.0,6.265
2022-10-27,23.0,6.1131
2022-10-27,30.0,6.0424
2022-10-27,24.5,6.076
2022-10-27,26.0,6.0547
2022-10-27,27.0,6.0473
2022-10-27,28.0,6.0487
2022-10-27,28.5,6.044
2022-10-27,29.5,6.0308
2022-10-27,16.0,6.8745
2022-10-27,23.5,6.0951
2022-10-27,15.0,7.407
2022-10-27,8.0,12.129
2022-10-27,14.5,10.7867
2022-10-27,0.0,12.2129
2022-10-27,1.0,12.1981
2022-10-27,3.0,12.1495
2022-10-27,3.5,12.1447
2022-10-27,5.0,12.1351
2022-10-27,6.0,12.1309
2022-10-27,6.5,12.1251
2022-10-27,2.0,12.1616
2022-10-27,9.0,12.1293
2022-10-27,9.5,12.134
2022-10-27,10.5,12.1355
2022-10-27,12.0,12.0525
2022-10-27,12.5,11.9026
2022-10-27,13.5,11.805
2022-10-27,13.5,11.5186
2022-10-27,15.0,8.7187
2022-11-22,15.0,8.5982
2022-11-22,15.5,8.5959
2022-11-22,17.0,8.5857
2022-11-22,18.0,8.5461
2022-11-22,18.5,8.5257
2022-11-22,23.0,7.1549
2022-11-22,20.5,8.3717
2022-11-22,21.5,8.3644
2022-11-22,23.5,6.6907
2022-11-22,14.0,8.6007
2022-11-22,19.5,8.5035
2022-11-22,13.0,8.6004
2022-11-22,11.0,8.6079
2022-11-22,2.0,8.5983
2022-11-22,10.0,8.6101
2022-11-22,9.0,8.6117
2022-11-22,8.0,8.6145
2022-11-22,7.0,8.6104
2022-11-22,5.5,8.6104
2022-11-22,5.0,8.6142
2022-11-22,3.5,8.6077
2022-11-22,3.0,8.6041
2022-11-22,1.0,8.5968
2022-11-22,0.0,8.5849
2022-11-22,12.0,8.6057
2022-12-13,19.5,5.9144
2022-12-13,19.0,5.9117
2022-12-13,16.0,5.9339
2022-12-13,17.0,5.9267
2022-12-13,21.0,5.8821
2022-12-13,18.0,5.9179
2022-12-13,22.0,5.8735
2022-12-13,28.0,5.8229
2022-12-13,24.0,5.8514
2022-12-13,25.0,5.849
2022-12-13,25.5,5.8503
2022-12-13,27.0,5.8244
2022-12-13,29.5,5.8487
2022-12-13,22.5,5.8653
2022-12-13,15.0,5.9591
2022-12-13,0.0,5.9875
2022-12-13,13.0,5.9925
2022-12-13,14.0,5.9743
2022-12-13,0.75,6.0212
2022-12-13,2.0,6.0291
2022-12-13,3.0,6.0041
2022-12-13,5.0,6.0167
2022-12-13,6.0,6.007
2022-12-13,4.0,6.008
2022-12-13,8.0,6.0052
2022-12-13,9.0,6.0011
2022-12-13,10.0,6.0011
2022-12-13,10.5,5.9949
2022-12-13,11.5,5.9991
2022-12-13,7.0,5.9959
2024-01-30,22.0,3.0818
2024-01-30,16.5,3.0857
2024-01-30,17.5,3.0871
2024-01-30,19.5,3.0924
2024-01-30,21.0,3.0866
2024-01-30,23.0,3.0878
2024-01-30,15.5,3.0828
2024-01-30,24.5,3.0885
2024-01-30,26.0,3.0901
2024-01-30,27.0,3.0993
2024-01-30,28.0,3.1037
2024-01-30,29.0,3.1134
2024-01-30,24.0,3.0869
2024-01-30,15.0,3.078
2024-01-30,19.0,3.0875
2024-01-30,13.0,3.0827
2024-01-30,1.0,3.0946
2024-01-30,1.5,3.1134
2024-01-30,3.0,3.0958
2024-01-30,4.0,3.0942
2024-01-30,4.5,3.0943
2024-01-30,6.0,3.0911
2024-01-30,0.0,3.113
2024-01-30,8.0,3.0966
2024-01-30,9.0,3.0872
2024-01-30,13.5,3.0775
2024-01-30,10.0,3.0842
2024-01-30,11.0,3.0735
2024-01-30,12.0,3.0805
2024-01-30,7.0,3.0998
2024-02-13,18.0,3.0
2024-02-13,19.0,3.0
2024-02-13,20.0,3.0
2024-02-13,21.0,3.0
2024-02-13,22.0,3.0
2024-02-13,23.0,3.0
2024-02-13,27.0,3.0
2024-02-13,25.0,3.0
2024-02-13,26.0,3.0
2024-02-13,28.0,3.0
2024-02-13,29.0,3.0
2024-02-13,30.0,3.0
2024-02-13,17.0,3.0
2024-02-13,24.0,3.0
2024-02-13,15.0,3.0
2024-02-13,16.0,3.0
2024-02-13,3.0,3.0
2024-02-13,14.0,3.0
2024-02-13,0.0,3.0
2024-02-13,1.0,3.0
2024-02-13,2.0,3.0
2024-02-13,4.0,3.0
2024-02-13,5.0,3.0
2024-02-13,6.0,3.0
2024-02-13,8.0,3.0
2024-02-13,9.0,3.0
2024-02-13,10.0,3.0
2024-02-13,11.0,3.0
2024-02-13,12.0,3.0
2024-02-13,13.0,3.0
2024-02-13,7.0,3.0
2024-03-14,1.0,4.5315
2024-03-14,1.5,4.5174
2024-03-14,0.0,4.5448
2024-03-14,29.0,4.4683
2024-03-14,30.0,4.469
2024-03-14,3.0,4.5163
2024-03-14,30.0,4.4685
2024-03-14,3.5,4.5162
2024-03-14,11.5,4.4788
2024-03-14,5.5,4.4909
2024-03-14,7.0,4.4919
2024-03-14,8.0,4.481
2024-03-14,9.0,4.4862
2024-03-14,9.5,4.4891
2024-03-14,11.0,4.4811
2024-03-14,4.5,4.4959
2024-03-14,28.0,4.4704
2024-03-14,12.5,4.4735
2024-03-14,26.0,4.4665
2024-03-14,26.5,4.4672
2024-03-14,30.0,4.4768
2024-03-14,31.0,4.4772
2024-03-14,14.0,4.4632
2024-03-14,16.0,4.4564
2024-03-14,16.5,4.4793
2024-03-14,18.0,4.481
2024-03-14,15.0,4.4712
2024-03-14,20.0,4.4699
2024-03-14,21.0,4.4684
2024-03-14,22.0,4.4645
2024-03-14,23.0,4.4678
2024-03-14,24.0,4.4668
2024-03-14,25.0,4.4642
2024-03-14,19.0,4.4789
2024-04-10,18.0,7.0589
2024-04-10,13.0,7.1946
2024-04-10,14.0,7.1631
2024-04-10,28.0,6.0843
2024-04-10,16.0,7.0595
2024-04-10,17.0,7.0631
2024-04-10,19.0,7.024
2024-04-10,27.0,6.1281
2024-04-10,21.0,6.9613
2024-04-10,22.0,6.8719
2024-04-10,23.0,6.8539
2024-04-10,24.0,6.7444
2024-04-10,25.0,6.4453
2024-04-10,26.0,6.3481
2024-04-10,12.0,7.2233
2024-04-10,19.5,7.0223
2024-04-10,10.5,7.3057
2024-04-10,15.0,7.0886
2024-04-10,9.0,7.4106
2024-04-10,10.0,7.4354
2024-04-10,30.0,5.9867
2024-04-10,30.0,6.0441
2024-04-10,31.0,6.0297
2024-04-10,31.0,6.0487
2024-04-10,0.25,7.554
2024-04-10,0.5,7.5679
2024-04-10,29.0,6.0058
2024-04-10,2.0,7.531
2024-04-10,2.5,7.5097
2024-04-10,4.0,7.4861
2024-04-10,4.5,7.4877
2024-04-10,5.5,7.4866
2024-04-10,6.5,7.4909
2024-04-10,8.0,7.4557
2024-04-10,0.75,7.5483
2024-04-29,16.5,7.7435
2024-04-29,17.5,7.6881
2024-04-29,19.0,7.6597
2024-04-29,20.0,7.646
2024-04-29,21.0,7.6241
2024-04-29,22.0,7.6177
2024-04-29,26.0,7.5639
2024-04-29,24.0,7.5991
2024-04-29,25.0,7.5839
2024-04-29,26.5,7.5196
2024-04-29,28.0,7.5107
2024-04-29,16.0,7.8168
2024-04-29,23.0,7.6112
2024-04-29,13.5,7.8385
2024-04-29,14.5,7.8296
2024-04-29,1.5,9.145
2024-04-29,0.0,9.1367
2024-04-29,0.75,9.1578
2024-04-29,3.0,9.0561
2024-04-29,4.0,9.0235
2024-04-29,5.5,8.8938
2024-04-29,5.0,8.9748
2024-04-29,7.5,8.4471
2024-04-29,9.0,8.2932
2024-04-29,9.5,8.1249
2024-04-29,10.5,7.9653
2024-04-29,12.0,7.9054
2024-04-29,7.0,8.6716
2024-04-29,13.0,7.8566
2024-05-16,16.5,7.8315
2024-05-16,19.0,7.7406
2024-05-16,17.5,7.7875
2024-05-16,13.5,8.2445
2024-05-16,16.0,7.9581
2024-05-16,15.0,8.0437
2024-05-16,19.5,7.6997
2024-05-16,16.5,7.8537
2024-05-16,21.0,7.685
2024-05-16,28.0,7.553
2024-05-16,23.0,7.6412
2024-05-16,24.0,7.6334
2024-05-16,30.0,7.5349
2024-05-16,25.0,7.6239
2024-05-16,26.0,7.6091
2024-05-16,27.0,7.5678
2024-05-16,29.0,7.5439
2024-05-16,30.0,7.5307
2024-05-16,21.5,7.667
2024-05-16,13.0,8.3299
2024-05-16,5.0,13.1411
2024-05-16,11.5,8.6125
2024-05-16,12.0,8.4894
2024-05-16,1.0,15.0963
2024-05-16,1.5,15.0564
2024-05-16,3.0,14.9409
2024-05-16,4.0,13.9392
2024-05-16,4.5,13.4082
2024-05-16,5.0,12.6601
2024-05-16,6.0,11.747
2024-05-16,6.0,12.2239
2024-05-16,0.0,15.1274
2024-05-16,8.0,10.5552
2024-05-16,8.0,10.513
2024-05-16,8.0,10.2953
2024-05-16,9.0,9.6817
2024-05-16,9.5,9.6294
2024-05-16,10.0,9.404
2024-05-16,10.5,9.2081
2024-05-16,10.5,8.9564
2024-05-16,7.0,10.9504
2024-05-23,19.5,7.7987
2024-05-23,18.0,7.8613
2024-05-23,13.5,8.3923
2024-05-23,15.5,7.9907
2024-05-23,15.0,8.0924
2024-05-23,21.0,7.7484
2024-05-23,16.5,7.8677
2024-05-23,21.5,7.7225
2024-05-23,25.5,7.6507
2024-05-23,24.0,7.6866
2024-05-23,24.5,7.6765
2024-05-23,27.0,7.6081
2024-05-23,30.5,7.5455
2024-05-23,29.0,7.5584
2024-05-23,30.0,7.5562
2024-05-23,13.0,8.6121
2024-05-23,22.5,7.7118
2024-05-23,11.5,9.0564
2024-05-23,27.5,7.5953
2024-05-23,10.0,9.9524
2024-05-23,0.0,17.5364
2024-05-23,0.75,17.5457
2024-05-23,2.0,17.4999
2024-05-23,3.0,17.428
2024-05-23,4.0,16.9824
2024-05-23,5.0,16.4581
2024-05-23,5.5,15.8078
2024-05-23,6.0,15.5491
2024-05-23,11.0,9.5341
2024-05-23,7.0,15.2403
2024-05-23,7.5,13.5652
2024-05-23,7.5,13.0096
2024-05-23,8.0,11.9506
2024-05-23,8.0,11.241
2024-05-23,8.5,10.5673
2024-05-23,9.5,10.2582
2024-05-23,6.5,15.3703
2024-06-07,13.0,8.3352
2024-06-07,14.0,8.1702
2024-06-07,15.5,7.9022
2024-06-07,17.0,7.8466
2024-06-07,17.5,7.8545
2024-06-07,19.0,7.7699
2024-06-07,20.0,7.7684
2024-06-07,23.5,7.6196
2024-06-07,22.0,7.7185
2024-06-07,22.5,7.6587
2024-06-07,11.5,8.7123
2024-06-07,25.0,7.6162
2024-06-07,25.5,7.5862
2024-06-07,27.0,7.5729
2024-06-07,20.5,7.7847
2024-06-07,10.5,9.4532
2024-06-07,14.5,7.9756
2024-06-07,9.5,9.9484
2024-06-07,10.5,9.4296
2024-06-07,0.0,17.6514
2024-06-07,0.75,17.6545
2024-06-07,2.0,17.6492
2024-06-07,3.0,17.6479
2024-06-07,4.0,17.6456
2024-06-07,4.5,17.6071
2024-06-07,5.5,17.5373
2024-06-07,28.0,7.5701
2024-06-07,6.5,16.1524
2024-06-07,7.0,15.0955
2024-06-07,7.5,12.5115
2024-06-07,8.5,11.7125
2024-06-07,8.5,11.1778
2024-06-07,9.0,10.6889
2024-06-07,6.0,17.1016
2024-06-27,16.0,8.04
2024-06-27,17.0,7.96
2024-06-27,18.0,7.93
2024-06-27,18.5,7.89
2024-06-27,19.5,7.88
2024-06-27,21.0,7.86
2024-06-27,22.0,7.84
2024-06-27,26.0,7.72
2024-06-27,24.0,7.78
2024-06-27,24.5,7.75
2024-06-27,27.0,7.7
2024-06-27,28.0,7.69
2024-06-27,29.0,7.68
2024-06-27,30.0,7.68
2024-06-27,15.0,8.12
2024-06-27,23.0,7.79
2024-06-27,14.0,8.3
2024-06-27,4.0,17.36
2024-06-27,12.0,9.04
2024-06-27,13.0,8.7
2024-06-27,1.0,21.03
2024-06-27,1.5,18.46
2024-06-27,3.0,17.71
2024-06-27,4.5,17.05
2024-06-27,5.5,16.48
2024-06-27,7.0,15.63
2024-06-27,0.0,20.99
2024-06-27,8.5,14.23
2024-06-27,8.5,13.6
2024-06-27,9.5,12.49
2024-06-27,10.0,11.46
2024-06-27,10.5,10.83
2024-06-27,11.0,9.7
2024-06-27,11.5,9.25
2024-06-27,8.0,15.05
2024-07-09,15.5,8.11
2024-07-09,17.0,7.98
2024-07-09,18.0,7.91
2024-07-09,30.0,7.68
2024-07-09,19.5,7.76
2024-07-09,20.5,7.79
2024-07-09,21.5,7.76
2024-07-09,25.5,7.73
2024-07-09,24.0,7.73
2024-07-09,24.5,7.76
2024-07-09,26.5,7.74
2024-07-09,28.0,7.74
2024-07-09,29.0,7.7
2024-07-09,15.0,8.27
2024-07-09,22.5,7.78
2024-07-09,12.5,8.88
2024-07-09,19.0,7.86
2024-07-09,11.0,9.2
2024-07-09,12.0,9.16
2024-07-09,0.0,17.43
2024-07-09,0.75,17.33
2024-07-09,1.5,17.22
2024-07-09,3.0,17.18
2024-07-09,3.5,17.12
2024-07-09,4.5,17.1
2024-07-09,6.0,17.08
2024-07-09,13.5,8.58
2024-07-09,7.5,15.84
2024-07-09,8.5,15.24
2024-07-09,9.0,14.62
2024-07-09,9.0,14.08
2024-07-09,10.0,13.31
2024-07-09,10.5,11.87
2024-07-09,11.0,9.68
2024-07-09,7.0,16.7
2024-07-17,15.0,8.3
2024-07-17,16.0,8.1
2024-07-17,16.5,8.06
2024-07-17,17.5,7.95
2024-07-17,18.0,7.98
2024-07-17,18.5,7.87
2024-07-17,20.0,7.81
2024-07-17,24.0,7.64
2024-07-17,22.0,7.76
2024-07-17,22.5,7.68
2024-07-17,14.0,8.44
2024-07-17,25.0,7.61
2024-07-17,25.5,7.61
2024-07-17,27.0,7.58
2024-07-17,27.5,7.58
2024-07-17,20.5,7.77
2024-07-17,12.5,8.7
2024-07-17,28.5,7.59
2024-07-17,12.0,9.5
2024-07-17,12.5,9.06
2024-07-17,0.0,19.64
2024-07-17,0.75,19.12
2024-07-17,2.0,18.6
2024-07-17,3.0,18.47
2024-07-17,4.5,18.16
2024-07-17,5.5,17.6
2024-07-17,7.0,17.19
2024-07-17,3.5,18.39
2024-07-17,8.5,15.6
2024-07-17,8.5,14.92
2024-07-17,9.5,13.83
2024-07-17,9.5,12.3
2024-07-17,10.5,11.47
2024-07-17,10.5,10.64
2024-07-17,11.0,9.79
2024-07-17,8.0,16.12
2024-08-09,18.5,7.84
2024-08-09,13.5,9.23
2024-08-09,14.0,8.88
2024-08-09,15.0,8.46
2024-08-09,15.5,8.16
2024-08-09,16.5,8.04
2024-08-09,18.0,7.89
2024-08-09,20.0,7.77
2024-08-09,29.0,7.57
2024-08-09,21.5,7.61
2024-08-09,22.5,7.59
2024-08-09,24.0,7.59
2024-08-09,25.0,7.6
2024-08-09,26.0,7.6
2024-08-09,27.0,7.6
2024-08-09,28.0,7.61
2024-08-09,29.5,7.6
2024-08-09,21.0,7.7
2024-08-09,13.0,9.69
2024-08-09,12.0,10.64
2024-08-09,11.0,11.19
2024-08-09,12.0,10.05
2024-08-09,0.75,20.5
2024-08-09,2.0,20.61
2024-08-09,2.5,20.63
2024-08-09,5.0,19.69
2024-08-09,6.0,19.06
2024-08-09,6.5,18.36
2024-08-09,0.0,20.38
2024-08-09,8.0,15.72
2024-08-09,7.0,17.42
2024-08-09,11.0,11.73
2024-08-09,10.5,12.16
2024-08-09,9.5,12.88
2024-08-09,4.0,20.55
2024-08-09,9.0,13.98
2024-08-09,8.5,14.68
2024-08-09,9.5,13.24
2024-08-23,27.0,7.6156
2024-08-23,13.0,9.0119
2024-08-23,13.5,8.7167
2024-08-23,14.5,8.3636
2024-08-23,16.0,8.1809
2024-08-23,16.5,8.0157
2024-08-23,17.5,7.9514
2024-08-23,19.5,7.8605
2024-08-23,21.0,7.8186
2024-08-23,22.0,7.7814
2024-08-23,24.0,7.6589
2024-08-23,24.5,7.6518
2024-08-23,25.5,7.6452
2024-08-23,12.0,9.3676
2024-08-23,18.5,7.8805
2024-08-23,22.5,7.7014
2024-08-23,11.5,9.7296
2024-08-23,10.5,10.6675
2024-08-23,0.0,19.3335
2024-08-23,0.75,19.34
2024-08-23,2.0,19.3348
2024-08-23,2.5,19.3311
2024-08-23,3.5,19.3279
2024-08-23,4.5,19.3245
2024-08-23,5.5,19.3099
2024-08-23,11.5,9.9914
2024-08-23,7.0,18.8657
2024-08-23,8.0,17.8357
2024-08-23,8.5,16.648
2024-08-23,9.0,15.5089
2024-08-23,9.0,14.4477
2024-08-23,10.0,13.0294
2024-08-23,10.0,11.8135
2024-08-23,7.0,19.2665
2024-09-04,21.0,7.8093
2024-09-04,21.5,7.7618
2024-09-04,23.0,7.7104
2024-09-04,24.0,7.6598
2024-09-04,25.0,7.6551
2024-09-04,25.5,7.6062
2024-09-04,27.0,7.5933
2024-09-04,0.0,19.6229
2024-09-04,29.0,7.5871
2024-09-04,30.0,7.5847
2024-09-04,1.0,19.449
2024-09-04,2.0,19.2771
2024-09-04,3.0,19.1862
2024-09-04,3.5,18.8752
2024-09-04,19.5,7.8928
2024-09-04,28.0,7.5941
2024-09-04,19.0,7.9427
2024-09-04,4.5,18.6891
2024-09-04,16.5,8.1229
2024-09-04,6.0,18.6059
2024-09-04,7.0,18.4178
2024-09-04,7.5,18.0015
2024-09-04,8.5,17.4128
2024-09-04,9.0,15.4117
2024-09-04,10.0,14.4688
2024-09-04,10.0,12.8014
2024-09-04,17.5,8.0829
2024-09-04,11.0,11.6712
2024-09-04,12.0,10.8788
2024-09-04,12.0,10.6705
2024-09-04,13.0,9.2248
2024-09-04,14.0,8.8294
2024-09-04,15.0,8.459
2024-09-04,16.0,8.1954
2024-09-04,11.0,12.1921
2024-09-18,15.0,8.3479
2024-09-18,15.5,8.1123
2024-09-18,17.0,8.0317
2024-09-18,17.5,7.9805
2024-09-18,19.0,7.9476
2024-09-18,19.5,7.8956
2024-09-18,20.5,7.7892
2024-09-18,25.0,7.6396
2024-09-18,23.0,7.6808
2024-09-18,24.0,7.6388
2024-09-18,26.0,7.6023
2024-09-18,26.5,7.598
2024-09-18,27.5,7.5875
2024-09-18,29.0,7.5642
2024-09-18,14.0,8.8821
2024-09-18,22.0,7.7137
2024-09-18,30.0,7.5497
2024-09-18,12.5,9.8026
2024-09-18,12.0,10.3372
2024-09-18,12.5,9.3162
2024-09-18,0.0,17.9057
2024-09-18,1.0,17.8224
2024-09-18,1.5,17.6103
2024-09-18,2.5,17.4478
2024-09-18,5.0,17.3698
2024-09-18,5.5,17.3622
2024-09-18,4.0,17.3915
2024-09-18,7.5,17.1837
2024-09-18,9.0,16.6173
2024-09-18,9.5,15.9924
2024-09-18,10.0,15.3655
2024-09-18,10.5,13.6329
2024-09-18,10.5,12.2957
2024-09-18,11.5,11.3886
2024-09-18,6.5,17.2896
2024-10-04,21.0,7.6818
2024-10-04,16.0,8.131
2024-10-04,17.0,8.0861
2024-10-04,29.5,7.4739
2024-10-04,19.0,7.8582
2024-10-04,20.0,7.7512
2024-10-04,21.5,7.6168
2024-10-04,15.0,8.4807
2024-10-04,23.5,7.587
2024-10-04,24.5,7.5268
2024-10-04,26.0,7.519
2024-10-04,27.0,7.5296
2024-10-04,28.0,7.5503
2024-10-04,28.5,7.4987
2024-10-04,22.5,7.6141
2024-10-04,14.0,9.4174
2024-10-04,17.5,7.9643
2024-10-04,13.0,11.738
2024-10-04,0.0,13.9721
2024-10-04,1.0,13.8772
2024-10-04,2.0,13.8515
2024-10-04,3.0,13.8344
2024-10-04,3.5,13.8402
2024-10-04,4.5,13.8237
2024-10-04,6.0,13.8146
2024-10-04,13.5,9.9766
2024-10-04,8.0,13.8093
2024-10-04,9.0,13.79
2024-10-04,9.5,13.7514
2024-10-04,11.0,13.6452
2024-10-04,11.5,13.3592
2024-10-04,12.5,11.8197
2024-10-04,6.5,13.8069
2024-10-29,16.5,8.8749
2024-10-29,18.0,8.2971
2024-10-29,18.5,8.0436
2024-10-29,20.0,7.9368
2024-10-29,21.0,7.8655
2024-10-29,22.0,7.7717
2024-10-29,22.5,7.7354
2024-10-29,25.5,7.6495
2024-10-29,25.0,7.6566
2024-10-29,26.5,7.6409
2024-10-29,28.0,7.6237
2024-10-29,29.0,7.5775
2024-10-29,30.0,7.5465
2024-10-29,15.5,9.2704
2024-10-29,24.0,7.7062
2024-10-29,15.5,9.6326
2024-10-29,14.5,10.9748
2024-10-29,0.0,11.6285
2024-10-29,15.0,10.318
2024-10-29,0.75,11.5463
2024-10-29,2.0,11.5668
2024-10-29,3.0,11.5697
2024-10-29,3.5,11.5602
2024-10-29,5.5,11.5453
2024-10-29,6.5,11.583
2024-10-29,4.5,11.564
2024-10-29,8.5,11.5564
2024-10-29,9.5,11.5509
2024-10-29,10.5,11.5398
2024-10-29,12.0,11.5189
2024-10-29,13.0,11.4327
2024-10-29,14.0,11.3047
2024-10-29,8.0,11.5635
2024-11-13,21.0,7.8329
2024-11-13,18.0,9.9805
2024-11-13,19.0,9.7179
2024-11-13,19.0,8.5832
2024-11-13,20.0,8.166
2024-11-13,21.5,7.7723
2024-11-13,16.5,10.0393
2024-11-13,22.5,7.7278
2024-11-13,24.0,7.6866
2024-11-13,24.5,7.6655
2024-11-13,25.5,7.6224
2024-11-13,26.5,7.6179
2024-11-13,27.5,7.5787
2024-11-13,28.5,7.5674
2024-11-13,15.5,10.0426
2024-11-13,5.5,10.1104
2024-11-13,14.0,10.0652
2024-11-13,0.0,10.0796
2024-11-13,1.0,10.0839
2024-11-13,1.5,10.11
2024-11-13,2.5,10.0985
2024-11-13,15.0,10.0512
2024-11-13,4.5,10.1118
2024-11-13,4.0,10.1076
2024-11-13,8.0,10.1166
2024-11-13,9.0,10.1211
2024-11-13,10.0,10.1232
2024-11-13,10.5,10.1237
2024-11-13,12.0,10.1116
2024-11-13,12.5,10.0931
2024-11-13,7.0,10.1265
2024-12-11,16.5,6.6957
2024-12-11,17.5,6.6914
2024-12-11,19.0,6.6887
2024-12-11,19.5,6.6913
2024-12-11,21.0,6.6828
2024-12-11,27.5,6.6375
2024-12-11,22.5,6.6726
2024-12-11,24.0,6.6701
2024-12-11,25.0,6.6649
2024-12-11,26.0,6.6568
2024-12-11,27.0,6.6528
2024-12-11,16.0,6.6925
2024-12-11,21.5,6.6801
2024-12-11,15.0,6.7048
2024-12-11,7.0,6.7356
2024-12-11,13.0,6.7142
2024-12-11,12.0,6.7168
2024-12-11,11.0,6.7193
2024-12-11,10.0,6.7214
2024-12-11,8.5,6.7249
2024-12-11,8.0,6.7305
2024-12-11,5.5,6.7395
2024-12-11,5.0,6.7425
2024-12-11,3.5,6.7461
2024-12-11,3.0,6.7469
2024-12-11,1.5,6.7511
2024-12-11,0.75,6.7501
2024-12-11,0.0,6.7473
2024-12-11,28.5,6.6088
2024-12-11,14.0,6.708
2024-12-11,30.0,6.5098
