datetime,oc,discharge
1989-01-01,10.5,48384.000205993674
1989-01-02,10.5,47088.00144195561
1989-01-03,10.5,46569.597816467314
1989-01-04,10.5,44063.999176025405
1989-01-05,10.5,43027.19964981078
1989-01-06,10.5,42163.20047378537
1989-01-07,10.5,41904.00123596194
1989-01-08,10.5,41471.99907302857
1989-01-09,10.5,41039.99948501591
1989-01-10,10.5,40176.00030899051
1989-01-11,10.5,39660.36472320561
1989-01-12,10.5,38447.99938201908
1989-01-13,10.5,37584.000205993674
1989-01-14,10.5,37152.00061798092
1989-01-15,10.5,36979.20026779179
1989-01-16,10.5,40607.99989700316
1989-01-17,10.5,44927.99835205081
1989-01-18,10.5,45791.997528076216
1989-01-19,10.5,44927.99835205081
1989-01-20,10.5,41039.99948501591
1989-01-21,10.5,37411.19985580445
1989-01-22,10.5,35596.800041198716
1989-01-23,10.5,35510.40115356441
1989-01-24,10.5,33263.999176025405
1989-01-25,10.5,32745.60070037845
1989-01-26,10.5,31449.59936141967
1989-01-27,10.5,31017.59977340702
1989-01-28,10.5,30844.799423217795
1989-01-29,10.5,30067.199134826693
1989-01-30,10.5,29980.80024719239
1989-01-31,10.5,29980.80024719239
1989-02-01,10.5,29721.60100936886
1989-02-02,10.5,29116.80107116698
1989-02-03,10.5,28684.79890823361
1989-02-04,10.5,28771.20037078853
1989-02-05,10.5,29376.00030899051
1989-02-06,10.5,31104.001235961943
1989-02-07,10.5,33695.99876403806
1989-02-08,10.5,36287.9988670349
1989-02-09,10.5,35855.999279022246
1989-02-10,10.5,34992.00010299684
1989-02-11,10.5,33436.79952621463
1989-02-12,10.5,32831.99958801265
1989-02-13,10.5,31449.59936141967
1989-02-14,10.5,35164.800453186064
1989-02-15,10.5,36806.39991760257
1989-02-16,10.5,42336.000823974595
1989-02-17,10.5,51840.00205993654
1989-02-18,10.5,63072.00164794919
1989-02-19,10.5,60479.99897003174
1989-02-20,10.5,60047.99938201907
1989-02-21,10.5,67391.99752807622
1989-02-22,10.5,73440.00205993654
1989-02-23,10.5,79488.00144195561
1989-02-24,10.5,78624.0022659302
1989-02-25,10.5,77759.99794006346
1989-02-26,10.5,79920.00102996826
1989-02-27,10.5,83808.00247192378
1989-02-28,10.5,82079.99897003174
1989-03-01,10.5,80352.00061798093
1989-03-02,10.5,78624.0022659302
1989-03-03,10.5,77759.99794006346
1989-03-04,10.5,70847.99938201907
1989-03-05,10.5,65318.39847564696
1989-03-06,10.5,56937.59822845457
1989-03-07,10.5,49247.99938201907
1989-03-08,10.5,48656.159019470244
1989-03-09,10.5,44063.999176025405
1989-03-10,10.5,42768.00041198735
1989-03-11,10.5,42163.20047378537
1989-03-12,10.5,41904.00123596194
1989-03-13,10.5,41471.99907302857
1989-03-14,10.5,42336.000823974595
1989-03-15,10.5,46656.00185394286
1989-03-16,10.5,51840.00205993654
1989-03-17,10.5,57024.002265930205
1989-03-18,10.5,61343.99814605714
1989-03-19,10.5,64800.0
1989-03-20,10.5,63072.00164794919
1989-03-21,10.5,60479.99897003174
1989-03-22,10.5,54431.99958801265
1989-03-23,10.5,54000.0
1989-03-24,10.5,58752.00061798093
1989-03-25,10.5,69120.00102996826
1989-03-26,10.5,82079.99897003174
1989-03-27,10.5,95040.00205993668
1989-03-28,10.5,103680.00411987343
1989-03-29,10.5,99359.9979400633
1989-03-30,10.5,98692.4755096439
1989-03-31,10.5,95050.53863525405
1989-04-01,10.5,89200.83389282206
1989-04-02,10.5,83023.48594665527
1989-04-03,10.5,77042.18730926511
1989-04-04,10.5,71068.23234558103
1989-04-05,10.5,67265.51227569579
1989-04-06,10.5,61295.35789489743
1989-04-07,10.5,58710.26630401616
1989-04-08,10.5,55895.79048156734
1989-04-09,10.5,52846.81663513185
1989-04-10,10.5,50364.026641845674
1989-04-11,10.5,48780.836677551284
1989-04-12,10.5,47037.800788879395
1989-04-13,10.5,45408.64334106441
1989-04-14,10.5,43204.233169555635
1989-04-15,10.5,41424.04890060422
1989-04-16,10.5,39341.80841445924
1989-04-17,10.5,37361.086750030554
1989-04-18,10.5,35951.90477371217
1989-04-19,10.5,34419.08283233642
1989-04-20,10.5,34643.80903244017
1989-04-21,10.5,34870.0904846191
1989-04-22,10.5,33635.606575012185
1989-04-23,10.5,32024.50447082518
1989-04-24,10.5,30699.043464660655
1989-04-25,10.5,29728.512096405037
1989-04-26,10.5,30652.733516693093
1989-04-27,10.5,32537.634658813466
1989-04-28,10.5,32674.234199523893
1989-04-29,10.5,32507.654857635483
1989-04-30,10.5,32312.218379974358
1989-05-01,10.5,30914.870738983143
1989-05-02,10.5,30043.18027496335
1989-05-03,10.5,29138.48705291745
1989-05-04,10.5,27989.194393157966
1989-05-05,10.5,26685.15930175784
1989-05-06,10.5,25125.72555541991
1989-05-07,10.5,24147.850513458212
1989-05-08,10.5,23282.98616409298
1989-05-09,10.5,22684.752273559592
1989-05-10,10.5,21818.592739105257
1989-05-11,10.5,21149.856233596827
1989-05-12,10.5,21095.423698425293
1989-05-13,10.5,22419.33202743526
1989-05-14,10.5,21861.014556884777
1989-05-15,10.5,21186.403369903528
1989-05-16,10.5,20563.631772994973
1989-05-17,10.5,20095.51634788513
1989-05-18,10.5,19464.797258377053
1989-05-19,10.5,18959.184551239
1989-05-20,10.5,18514.655399322488
1989-05-21,10.5,17889.465951919556
1989-05-22,10.5,17289.504289627053
1989-05-23,10.5,16611.177492141695
1989-05-24,10.5,16109.625434875516
1989-05-25,10.5,15491.779661178574
1989-05-26,10.5,14905.900239944485
1989-05-27,10.5,14152.406358718856
1989-05-28,10.5,13646.27480506897
1989-05-29,10.5,12835.411691665679
1989-05-30,10.5,13358.649730682333
1989-05-31,10.5,15166.828536987341
1989-06-01,10.5,15418.857908248934
1989-06-02,10.5,15601.766109466524
1989-06-03,10.5,15574.550485610995
1989-06-04,10.5,15373.670625686651
1989-06-05,10.5,16142.889547348012
1989-06-06,10.5,17394.04864311218
1989-06-07,10.5,17665.948677062996
1989-06-08,10.5,17621.885347366293
1989-06-09,10.5,17459.797954559355
1989-06-10,10.5,18283.53567123409
1989-06-11,10.5,18067.79465675352
1989-06-12,10.5,17473.53644371031
1989-06-13,10.5,16996.694612503044
1989-06-14,10.5,16373.664236068733
1989-06-15,10.5,15794.005823135365
1989-06-16,10.5,15002.582073211697
1989-06-17,10.5,13784.342050552346
1989-06-18,10.5,13276.051425933842
1989-06-19,10.5,12602.47664451603
1989-06-20,10.5,11637.647438049302
1989-06-21,10.5,11100.758457183842
1989-06-22,10.5,10874.563264846829
1989-06-23,10.5,10280.56318759918
1989-06-24,10.5,9348.653054237357
1989-06-25,10.5,8687.952232360876
1989-06-26,10.5,8115.638136863711
1989-06-27,10.5,7961.932754516604
1989-06-28,10.5,7752.9309511184665
1989-06-29,10.5,7618.4061527252225
1989-06-30,10.5,7460.208177566532
1989-07-01,10.5,7293.628835678103
1989-07-02,10.5,7917.1774148941
1989-07-03,10.5,7928.409862518313
1989-07-04,10.5,7790.947079658512
1989-07-05,10.5,7570.713472366335
1989-07-06,10.5,7287.6672506332425
1989-07-07,10.5,7193.059515953067
1989-07-08,10.5,7044.019246101381
1989-07-09,10.5,6718.204879760739
1989-07-10,10.5,6260.284852981569
1989-07-11,10.5,5615.049648284907
1989-07-12,10.5,5439.052534103395
1989-07-13,10.5,5685.465359687809
1989-07-14,10.5,5692.204570770267
1989-07-15,10.5,5350.752067565914
1989-07-16,10.5,4901.817548274989
1989-07-17,10.5,4489.343905448912
1989-07-18,10.5,4527.360033988956
1989-07-19,10.5,4271.616017818454
1989-07-20,10.5,3860.179102420808
1989-07-21,10.5,3767.9905056953403
1989-07-22,10.5,3683.664107322693
1989-07-23,10.5,3599.423968791966
1989-07-24,10.5,3579.811120033266
1989-07-25,10.5,3400.271880626675
1989-07-26,10.5,3313.6129260063126
1989-07-27,10.5,3371.5872645378104
1989-07-28,10.5,3429.561603069309
1989-07-29,10.5,3481.1424136161822
1989-07-30,10.5,3637.0944142341577
1989-07-31,10.5,4454.17917966843
1989-08-01,10.5,4274.035155773161
1989-08-02,10.5,4511.116790771486
1989-08-03,10.5,4534.963130950926
1989-08-04,10.5,4334.51521396637
1989-08-05,10.5,4280.947208404543
1989-08-06,10.5,4312.22412586212
1989-08-07,10.5,4430.24625778198
1989-08-08,10.5,4655.404722690585
1989-08-09,10.5,4721.327841281886
1989-08-10,10.5,5057.942390441896
1989-08-11,10.5,5218.214464187623
1989-08-12,10.5,5435.769510269168
1989-08-13,10.5,5301.936078071592
1989-08-14,10.5,5366.64962768555
1989-08-15,10.5,5505.753278732296
1989-08-16,10.5,5558.976244926453
1989-08-17,10.5,5919.696235656735
1989-08-18,10.5,5790.441656112669
1989-08-19,10.5,5723.82717132568
1989-08-20,10.5,5653.152036666873
1989-08-21,10.5,5526.4897584915125
1989-08-22,10.5,5387.472045421604
1989-08-23,10.5,5103.302514553068
1989-08-24,10.5,4884.105634689333
1989-08-25,10.5,4750.704145431522
1989-08-26,10.5,4667.4144744873065
1989-08-27,10.5,5098.809599876406
1989-08-28,10.5,5785.430216789249
1989-08-29,10.5,5650.214695930479
1989-08-30,10.5,5596.905469894413
1989-08-31,10.5,5951.14567279816
1989-09-01,10.5,7103.376317024228
1989-09-02,10.5,7705.324530601499
1989-09-03,10.5,8082.028985023501
1989-09-04,10.5,7996.320176124578
1989-09-05,10.5,7769.261097908022
1989-09-06,10.5,7508.937907218935
1989-09-07,10.5,7276.089763641359
1989-09-08,10.5,7492.435240745539
1989-09-09,10.5,7665.666890144345
1989-09-10,10.5,7669.900703430176
1989-09-11,10.5,7329.744029045105
1989-09-12,10.5,6945.6959009170505
1989-09-13,10.5,6814.022183418278
1989-09-14,10.5,6965.827274322507
1989-09-15,10.5,6994.339370727541
1989-09-16,10.5,7282.051348686218
1989-09-17,10.5,8270.034885406498
1989-09-18,10.5,8742.816066741927
1989-09-19,10.5,8940.067219734192
1989-09-20,10.5,9091.52662754062
1989-09-21,10.5,9008.40947628021
1989-09-22,10.5,8951.040244102463
1989-09-23,10.5,8866.799783706672
1989-09-24,10.5,8666.611289977998
1989-09-25,10.5,8342.179012298582
1989-09-26,10.5,8528.284621238712
1989-09-27,10.5,8410.089325904848
1989-09-28,10.5,8095.67992687225
1989-09-29,10.5,7746.105480194088
1989-09-30,10.5,7443.273568153384
1989-10-01,10.5,7283.087754249578
1989-10-02,10.5,6606.403112411499
1989-10-03,10.5,6360.422229766849
1989-10-04,10.5,6245.251178741452
1989-10-05,10.5,6179.587483406065
1989-10-06,10.5,6453.475356101992
1989-10-07,10.5,7129.900574684145
1989-10-08,10.5,7216.560173034672
1989-10-09,10.5,7079.702496528629
1989-10-10,10.5,6964.531445503232
1989-10-11,10.5,6981.811094284061
1989-10-12,10.5,7039.094710350035
1989-10-13,10.5,7811.424136161802
1989-10-14,10.5,8439.98415470123
1989-10-15,10.5,8423.65465164185
1989-10-16,10.5,10002.182078361484
1989-10-17,10.5,11121.235513687123
1989-10-18,10.5,11391.49403572084
1989-10-19,10.5,11609.82670783994
1989-10-20,10.5,12182.572746276826
1989-10-21,10.5,13903.14245224003
1989-10-22,10.5,15162.162780761711
1989-10-23,10.5,15601.938629150363
1989-10-24,10.5,16550.092649459835
1989-10-25,10.5,16814.909076690645
1989-10-26,10.5,17909.251642227166
1989-10-27,10.5,18000.74887275692
1989-10-28,10.5,17994.44160461428
1989-10-29,10.5,18288.720273971547
1989-10-30,10.5,19445.011568069443
1989-10-31,10.5,19525.882101059
1989-11-01,10.5,19263.917398452795
1989-11-02,10.5,18383.32800865175
1989-11-03,10.5,18081.186819076567
1989-11-04,10.5,17515.266895294157
1989-11-05,10.5,17421.436786651633
1989-11-06,10.5,17926.185607910178
1989-11-07,10.5,17386.186122894265
1989-11-08,10.5,16693.862056732196
1989-11-09,10.5,16477.34341621395
1989-11-10,10.5,16136.150979995771
1989-11-11,10.5,15973.632287979148
1989-11-12,10.5,15590.620565414407
1989-11-13,10.5,15239.49151039122
1989-11-14,10.5,14710.982608795188
1989-11-15,10.5,14132.879447937004
1989-11-16,10.5,13635.3017807007
1989-11-17,10.5,13262.573003768957
1989-11-18,10.5,12787.200164794951
1989-11-19,10.5,12226.982402801521
1989-11-20,10.5,11924.32365417482
1989-11-21,10.5,11502.000617980928
1989-11-22,10.5,11149.401283264167
1989-11-23,10.5,11036.304330825773
1989-11-24,10.5,10992.499780654915
1989-11-25,10.5,10617.782521247886
1989-11-26,10.5,10930.637311935465
1989-11-27,10.5,10736.496019363363
1989-11-28,10.5,10605.167984962425
1989-11-29,10.5,10474.099373817447
1989-11-30,10.5,10384.416174888634
1989-12-01,10.5,10284.27815437318
1989-12-02,10.5,10051.516914367681
1989-12-03,10.5,9836.812949180574
1989-12-04,10.5,9838.281297683723
1989-12-05,10.5,9886.752247810407
1989-12-06,10.5,9572.342205047644
1989-12-07,10.5,9725.097441673295
1989-12-08,10.5,9732.096076011696
1989-12-09,10.5,9831.542086601281
1989-12-10,10.5,9861.177492141695
1989-12-11,10.5,10023.264241218605
1989-12-12,10.5,10230.191946029634
1989-12-13,10.5,10481.184267997767
1989-12-14,10.5,10718.783783912648
1989-12-15,10.5,11099.203205108659
1989-12-16,10.5,11162.015819549539
1989-12-17,10.5,13085.366964340177
1989-12-18,10.5,15087.685775756803
1989-12-19,10.5,19261.065673828107
1989-12-20,10.5,22261.306571960427
1989-12-21,10.5,26806.031227111827
1989-12-22,10.5,31652.812099456794
1989-12-23,10.5,33938.697910308794
1989-12-24,10.5,35062.24393844602
1989-12-25,10.5,35085.83021163945
1989-12-26,10.5,34208.95643234251
1989-12-27,10.5,33258.90340805057
1989-12-28,10.5,31856.45742416382
1989-12-29,10.5,30240.172004699663
1989-12-30,10.5,28774.050807952917
1989-12-31,10.5,27732.497978210427
1990-01-01,10.5,26060.65864562986
1990-01-02,10.5,25130.996417999297
1990-01-03,10.5,24300.172519683838
1990-01-04,10.5,23391.2435531616
1990-01-05,10.5,22887.79249191287
1990-01-06,10.5,22210.588359832785
1990-01-07,10.5,21785.06984710691
1990-01-08,10.5,21659.012031555154
1990-01-09,10.5,21653.223609924346
1990-01-10,10.5,21651.235771179166
1990-01-11,10.5,21997.526550292976
1990-01-12,10.5,21965.298843383825
1990-01-13,10.5,22022.410583496123
1990-01-14,10.5,21833.10756683349
1990-01-15,10.5,22008.585834503163
1990-01-16,10.5,22479.551696777387
1990-01-17,10.5,23320.0521469116
1990-01-18,10.5,24058.683586120613
1990-01-19,10.5,24142.57965087892
1990-01-20,10.5,24622.78947830199
1990-01-21,10.5,24495.696544647195
1990-01-22,10.5,25012.627315521204
1990-01-23,10.5,27275.789451599077
1990-01-24,10.5,32143.046092987017
1990-01-25,10.5,37884.41362380983
1990-01-26,10.5,54848.2767105103
1990-01-27,10.5,77307.69767761229
1990-01-28,10.5,97619.81506347659
1990-01-29,10.5,113493.47991943336
1990-01-30,10.5,122960.68038940408
1990-01-31,10.5,129070.80230712882
1990-02-01,10.5,130838.71192932097
1990-02-02,10.5,130466.76979064976
1990-02-03,10.5,130883.47434997544
1990-02-04,10.5,134001.12648010292
1990-02-05,10.5,134506.8305969239
1990-02-06,10.5,132921.47254943807
1990-02-07,10.5,132261.98387146014
1990-02-08,10.5,162114.0483856205
1990-02-09,10.5,188811.30981445318
1990-02-10,10.5,204775.1792907716
1990-02-11,10.5,211909.48104858425
1990-02-12,10.5,212251.0185241698
1990-02-13,10.5,208046.35848999058
1990-02-14,10.5,202162.3558044437
1990-02-15,10.5,193184.86404418966
1990-02-16,10.5,182964.53018188511
1990-02-17,10.5,172848.55270385725
1990-02-18,10.5,164952.72331237813
1990-02-19,10.5,156556.96792602565
1990-02-20,10.5,150840.1393890385
1990-02-21,10.5,145197.01538085946
1990-02-22,10.5,139621.1071014403
1990-02-23,10.5,133667.97294616734
1990-02-24,10.5,127950.88691711464
1990-02-25,10.5,122183.34274292024
1990-02-26,10.5,122094.34318542498
1990-02-27,10.5,131317.11158752456
1990-02-28,10.5,153181.92672729504
1990-03-01,10.5,177221.69494628918
1990-03-02,10.5,190637.54653930676
1990-03-03,10.5,192398.7098693851
1990-03-04,10.5,190121.82083129865
1990-03-05,10.5,186742.80395507836
1990-03-06,10.5,188300.42495727522
1990-03-07,10.5,188994.56176757836
1990-03-08,10.5,187696.06018066398
1990-03-09,10.5,184810.027313232
1990-03-10,10.5,179234.21173095677
1990-03-11,10.5,173016.9525146486
1990-03-12,10.5,165529.70123290992
1990-03-13,10.5,157945.9419250491
1990-03-14,10.5,150363.04779052705
1990-03-15,10.5,142145.62110900923
1990-03-16,10.5,134538.5330200198
1990-03-17,10.5,127962.37106323199
1990-03-18,10.5,121249.26452636757
1990-03-19,10.5,114670.50704956078
1990-03-20,10.5,109489.87998962411
1990-03-21,10.5,104136.18736267094
1990-03-22,10.5,98759.25865173311
1990-03-23,10.5,93445.48759460429
1990-03-24,10.5,88806.50024414054
1990-03-25,10.5,85183.92162322998
1990-03-26,10.5,81048.38275909427
1990-03-27,10.5,76775.64697265622
1990-03-28,10.5,72340.64483642575
1990-03-29,10.5,67819.07386779788
1990-03-30,10.5,63552.03895568852
1990-03-31,10.5,60104.076004028335
1990-04-01,10.5,57133.64238739016
1990-04-02,10.5,54149.81918334964
1990-04-03,10.5,52108.617782592744
1990-04-04,10.5,49857.46765136721
1990-04-05,10.5,47197.20897674556
1990-04-06,10.5,44160.24971008302
1990-04-07,10.5,42173.04954528806
1990-04-08,10.5,39812.169170379624
1990-04-09,10.5,37475.39520263676
1990-04-10,10.5,35580.72996139531
1990-04-11,10.5,35053.94754409789
1990-04-12,10.5,33703.1699180603
1990-04-13,10.5,32485.96887588501
1990-04-14,10.5,31598.12078475949
1990-04-15,10.5,31690.828227996837
1990-04-16,10.5,33182.956123352094
1990-04-17,10.5,33412.60814666745
1990-04-18,10.5,33178.20539474485
1990-04-19,10.5,32314.118671417215
1990-04-20,10.5,31271.443176269553
1990-04-21,10.5,30356.380748748823
1990-04-22,10.5,29397.253704071074
1990-04-23,10.5,28275.26292800902
1990-04-24,10.5,27120.526885986306
1990-04-25,10.5,25959.48486328126
1990-04-26,10.5,24727.33383178712
1990-04-27,10.5,24331.535053253163
1990-04-28,10.5,23313.22603225704
1990-04-29,10.5,22477.391338348367
1990-04-30,10.5,21768.394660949663
1990-05-01,10.5,21030.278205871557
1990-05-02,10.5,20384.09285545351
1990-05-03,10.5,19864.05158042905
1990-05-04,10.5,18840.03782272341
1990-05-05,10.5,18306.34560585023
1990-05-06,10.5,17535.916471481367
1990-05-07,10.5,16821.820163726814
1990-05-08,10.5,16055.19418716429
1990-05-09,10.5,15471.475124359134
1990-05-10,10.5,15038.784170150717
1990-05-11,10.5,14747.874784469568
1990-05-12,10.5,14697.245407104463
1990-05-13,10.5,14591.837167739828
1990-05-14,10.5,14730.854558944724
1990-05-15,10.5,14308.35900306699
1990-05-16,10.5,14100.392961502097
1990-05-17,10.5,14230.85775375364
1990-05-18,10.5,14185.84299087528
1990-05-19,10.5,13987.987375259378
1990-05-20,10.5,13635.475587844849
1990-05-21,10.5,13043.11637878419
1990-05-22,10.5,12791.347074508663
1990-05-23,10.5,13008.384561538656
1990-05-24,10.5,12640.492773055987
1990-05-25,10.5,11998.886919021646
1990-05-26,10.5,11154.585886001625
1990-05-27,10.5,10636.012959480315
1990-05-28,10.5,10277.19390392306
1990-05-29,10.5,10080.633473396265
1990-05-30,10.5,9911.8081569672
1990-05-31,10.5,9671.529436111468
1990-06-01,10.5,9611.30847930912
1990-06-02,10.5,9815.126323699988
1990-06-03,10.5,9969.955015182537
1990-06-04,10.5,10334.822559356679
1990-06-05,10.5,10344.844794273406
1990-06-06,10.5,10355.472135543801
1990-06-07,10.5,10192.00329780575
1990-06-08,10.5,12317.443227767923
1990-06-09,10.5,14609.893798828107
1990-06-10,10.5,14500.252389907844
1990-06-11,10.5,14135.472393035845
1990-06-12,10.5,13640.65890312191
1990-06-13,10.5,13065.753793716405
1990-06-14,10.5,12343.103599548356
1990-06-15,10.5,11982.815551757836
1990-06-16,10.5,11597.644758224476
1990-06-17,10.5,11084.86089706418
1990-06-18,10.5,10976.169633865346
1990-06-19,10.5,10911.455440521207
1990-06-20,10.5,11160.115528106679
1990-06-21,10.5,10898.323345184315
1990-06-22,10.5,10833.264112472496
1990-06-23,10.5,10572.68149852752
1990-06-24,10.5,10109.83693599697
1990-06-25,10.5,9706.608223915104
1990-06-26,10.5,9316.598510742162
1990-06-27,10.5,9286.099219322236
1990-06-28,10.5,9661.334681510898
1990-06-29,10.5,9295.257568359368
1990-06-30,10.5,9246.787261962883
1990-07-01,10.5,10213.948702812184
1990-07-02,10.5,10384.674954414395
1990-07-03,10.5,10200.98848342893
1990-07-04,10.5,9785.664081573523
1990-07-05,10.5,9718.358230590853
1990-07-06,10.5,10152.345657348604
1990-07-07,10.5,9626.601576805144
1990-07-08,10.5,9433.756756782546
1990-07-09,10.5,9339.753484725983
1990-07-10,10.5,9039.945816993684
1990-07-11,10.5,8393.241620063782
1990-07-12,10.5,7924.521732330326
1990-07-13,10.5,7242.566227912905
1990-07-14,10.5,6836.486434936522
1990-07-15,10.5,6499.2671012878445
1990-07-16,10.5,6023.548579216006
1990-07-17,10.5,5893.775796890257
1990-07-18,10.5,5777.740859985352
1990-07-19,10.5,5701.795506477354
1990-07-20,10.5,5366.476786136628
1990-07-21,10.5,4826.908922195433
1990-07-22,10.5,4387.996959686277
1990-07-23,10.5,4097.952103614812
1990-07-24,10.5,3875.2993583679163
1990-07-25,10.5,3921.263945102693
1990-07-26,10.5,3957.9839229583727
1990-07-27,10.5,4017.3406720161474
1990-07-28,10.5,3951.6766548156784
1990-07-29,10.5,3936.124777793887
1990-07-30,10.5,3843.9358592033373
1990-07-31,10.5,3739.0464663505513
1990-08-01,10.5,3622.7521061897305
1990-08-02,10.5,3578.515291213993
1990-08-03,10.5,3532.0318579673767
1990-08-04,10.5,3373.4878778457614
1990-08-05,10.5,3093.9841032028216
1990-08-06,10.5,2860.6177568435705
1990-08-07,10.5,2670.451176166534
1990-08-08,10.5,2395.9583580493954
1990-08-09,10.5,2190.412741899491
1990-08-10,10.5,2396.0447788238525
1990-08-11,10.5,2654.726457595821
1990-08-12,10.5,2629.583966732026
1990-08-13,10.5,2559.2543542385074
1990-08-14,10.5,2355.0047278404218
1990-08-15,10.5,2289.1680300235766
1990-08-16,10.5,3121.8048334121668
1990-08-17,10.5,3412.5407338142386
1990-08-18,10.5,3429.043078422542
1990-08-19,10.5,3441.8304562568624
1990-08-20,10.5,4825.094246864321
1990-08-21,10.5,7545.830082893372
1990-08-22,10.5,7564.060521125796
1990-08-23,10.5,7303.996753692624
1990-08-24,10.5,6968.332672119144
1990-08-25,10.5,6728.140854835514
1990-08-26,10.5,6392.649292945865
1990-08-27,10.5,6380.985546112061
1990-08-28,10.5,6195.398139953617
1990-08-29,10.5,6009.551954269413
1990-08-30,10.5,5815.151882171628
1990-08-31,10.5,5690.044856071475
1990-09-01,10.5,5955.638265609743
1990-09-02,10.5,6141.052508354191
1990-09-03,10.5,6172.156906127928
1990-09-04,10.5,8115.119934082028
1990-09-05,10.5,10513.238167762762
1990-09-06,10.5,11035.52670478818
1990-09-07,10.5,11752.473449707026
1990-09-08,10.5,11642.745780944842
1990-09-09,10.5,11134.972715377768
1990-09-10,10.5,10756.454229354817
1990-09-11,10.5,10702.713704109148
1990-09-12,10.5,10444.463968276945
1990-09-13,10.5,10020.326256751998
1990-09-14,10.5,9626.169633865346
1990-09-15,10.5,9206.87019824978
1990-09-16,10.5,8836.041712760898
1990-09-17,10.5,8827.48782634732
1990-09-18,10.5,9484.905624389683
1990-09-19,10.5,10840.954113006565
1990-09-20,10.5,11574.317264556903
1990-09-21,10.5,12948.336124420144
1990-09-22,10.5,13321.497488021883
1990-09-23,10.5,13336.617422103867
1990-09-24,10.5,16141.420555114752
1990-09-25,10.5,25446.442222595204
1990-09-26,10.5,27562.463092803977
1990-09-27,10.5,27766.62597656253
1990-09-28,10.5,27304.214000701875
1990-09-29,10.5,27408.670806884777
1990-09-30,10.5,27272.936439514167
1990-10-01,10.5,29644.098472595204
1990-10-02,10.5,29615.75889587401
1990-10-03,10.5,29345.84541320797
1990-10-04,10.5,28666.310977935824
1990-10-05,10.5,28889.56689834591
1990-10-06,10.5,32636.735630035368
1990-10-07,10.5,37170.57609558103
1990-10-08,10.5,39430.71269989016
1990-10-09,10.5,40083.38041305539
1990-10-10,10.5,39897.62048721312
1990-10-11,10.5,40708.31108093266
1990-10-12,10.5,43036.27109527588
1990-10-13,10.5,43522.09682464602
1990-10-14,10.5,43202.765464782686
1990-10-15,10.5,42167.001056671186
1990-10-16,10.5,40835.404014587366
1990-10-17,10.5,39296.966171264634
1990-10-18,10.5,37565.5972480774
1990-10-19,10.5,36278.66992950444
1990-10-20,10.5,33999.09009933467
1990-10-21,10.5,31733.94269943233
1990-10-22,10.5,29965.335273742632
1990-10-23,10.5,28081.469249725298
1990-10-24,10.5,26531.194496154796
1990-10-25,10.5,25169.787597656214
1990-10-26,10.5,23842.426300048828
1990-10-27,10.5,22837.246799468972
1990-10-28,10.5,22002.79741287235
1990-10-29,10.5,25633.669853210427
1990-10-30,10.5,34428.67183685304
1990-10-31,10.5,40434.59444046019
1990-11-01,10.5,45231.262207031265
1990-11-02,10.5,48770.55244445798
1990-11-03,10.5,50225.614356994614
1990-11-04,10.5,49905.072784423784
1990-11-05,10.5,48500.901603698716
1990-11-06,10.5,46525.10318756101
1990-11-07,10.5,44536.26022338865
1990-11-08,10.5,42601.681137085005
1990-11-09,10.5,40802.918815612764
1990-11-10,10.5,38882.76443481441
1990-11-11,10.5,37069.91987228395
1990-11-12,10.5,35346.23966217038
1990-11-13,10.5,34025.44441223149
1990-11-14,10.5,33962.11166381838
1990-11-15,10.5,34942.31958389285
1990-11-16,10.5,36414.74933624263
1990-11-17,10.5,40066.70522689824
1990-11-18,10.5,43071.176719665564
1990-11-19,10.5,45101.0587692261
1990-11-20,10.5,46430.407905578584
1990-11-21,10.5,48170.678329467795
1990-11-22,10.5,47848.751449585005
1990-11-23,10.5,46960.4759216309
1990-11-24,10.5,51475.90827941897
1990-11-25,10.5,55739.75028991698
1990-11-26,10.5,59182.8775405884
1990-11-27,10.5,60503.415298461936
1990-11-28,10.5,59931.44817352295
1990-11-29,10.5,58926.61628723149
1990-11-30,10.5,57246.91314697261
1990-12-01,10.5,54830.82389831545
1990-12-02,10.5,51615.18573760984
1990-12-03,10.5,49479.294204711936
1990-12-04,10.5,47771.50897979732
1990-12-05,10.5,45328.89804840092
1990-12-06,10.5,42803.16352844239
1990-12-07,10.5,41135.03980636594
1990-12-08,10.5,40030.67436218266
1990-12-09,10.5,38390.63014984133
1990-12-10,10.5,36999.93610382084
1990-12-11,10.5,35535.62765121463
1990-12-12,10.5,34961.58771514894
1990-12-13,10.5,34328.79323959355
1990-12-14,10.5,33070.11795043946
1990-12-15,10.5,31912.703990936294
1990-12-16,10.5,31051.382732391343
1990-12-17,10.5,29961.09952926639
1990-12-18,10.5,29053.555870056196
1990-12-19,10.5,28446.25053405761
1990-12-20,10.5,28173.22654724122
1990-12-21,10.5,28054.772472381614
1990-12-22,10.5,27587.952232360883
1990-12-23,10.5,28071.96521759029
1990-12-24,10.5,28513.036251068144
1990-12-25,10.5,29014.329528808557
1990-12-26,10.5,30367.70009994508
1990-12-27,10.5,36064.570426940874
1990-12-28,10.5,42252.27727890012
1990-12-29,10.5,51932.709503173784
1990-12-30,10.5,61601.81980133057
1990-12-31,10.5,69596.58279418947
1991-01-01,10.5,54696.98982238771
1991-01-02,10.5,60761.05670928957
1991-01-03,10.5,68562.80879974368
1991-01-04,10.5,76835.43148040773
1991-01-05,10.5,83404.59995269778
1991-01-06,10.5,89292.40837097183
1991-01-07,10.5,98491.25061035136
1991-01-08,10.5,107381.3804626464
1991-01-09,10.5,120934.34143066395
1991-01-10,10.5,144084.61875915562
1991-01-11,10.5,163544.13871765113
1991-01-12,10.5,172528.1810760502
1991-01-13,10.5,170714.2215728759
1991-01-14,10.5,162750.64086914054
1991-01-15,10.5,153200.68244934076
1991-01-16,10.5,142462.2848510739
1991-01-17,10.5,131735.97908020022
1991-01-18,10.5,121049.1622924802
1991-01-19,10.5,110401.91688537589
1991-01-20,10.5,100310.05096435585
1991-01-21,10.5,94001.55715942387
1991-01-22,10.5,87150.5584716793
1991-01-23,10.5,80472.52750396731
1991-01-24,10.5,75464.78576660153
1991-01-25,10.5,71408.99734497073
1991-01-26,10.5,67956.4510345459
1991-01-27,10.5,65011.59152984615
1991-01-28,10.5,61659.101486206084
1991-01-29,10.5,58642.36049652097
1991-01-30,10.5,55533.339500427275
1991-01-31,10.5,52201.32522583009
1991-02-01,10.5,48858.856773376465
1991-02-02,10.5,45209.57622528079
1991-02-03,10.5,41699.490737914995
1991-02-04,10.5,38540.27423858642
1991-02-05,10.5,35908.877849578814
1991-02-06,10.5,33576.76706314087
1991-02-07,10.5,31301.855564117443
1991-02-08,10.5,32908.72192382811
1991-02-09,10.5,35036.40975952144
1991-02-10,10.5,38575.43992996217
1991-02-11,10.5,36591.005229949995
1991-02-12,10.5,34669.383144378684
1991-02-13,10.5,32368.982505798354
1991-02-14,10.5,30470.16906738279
1991-02-15,10.5,29980.195140838638
1991-02-16,10.5,29336.34138107296
1991-02-17,10.5,28282.34910964965
1991-02-18,10.5,27301.88112258911
1991-02-19,10.5,26068.174839019786
1991-02-20,10.5,25307.854843139685
1991-02-21,10.5,25348.031330108657
1991-02-22,10.5,26351.05047225949
1991-02-23,10.5,34423.83356094357
1991-02-24,10.5,52895.63713073735
1991-02-25,10.5,69053.03764343266
1991-02-26,10.5,80160.88485717775
1991-02-27,10.5,85729.36191558841
1991-02-28,10.5,88520.42655944842
1991-03-01,10.5,101309.87205505384
1991-03-02,10.5,90485.16311645538
1991-03-03,10.5,84895.25756835936
1991-03-04,10.5,80887.07427978513
1991-03-05,10.5,77525.59776306148
1991-03-06,10.5,75851.77059173583
1991-03-07,10.5,75284.29412841793
1991-03-08,10.5,74633.70437622073
1991-03-09,10.5,72329.75807189941
1991-03-10,10.5,69176.41754150388
1991-03-11,10.5,65614.31865692142
1991-03-12,10.5,62394.967460632324
1991-03-13,10.5,59224.349212646484
1991-03-14,10.5,56978.55491638185
1991-03-15,10.5,55568.85280609133
1991-03-16,10.5,53661.227989196734
1991-03-17,10.5,51338.44871520995
1991-03-18,10.5,49334.57336425784
1991-03-19,10.5,49073.64635467529
1991-03-20,10.5,51989.30110931394
1991-03-21,10.5,54560.910415649414
1991-03-22,10.5,56351.28879547119
1991-03-23,10.5,56153.26194763185
1991-03-24,10.5,55168.73073577881
1991-03-25,10.5,52953.438949585005
1991-03-26,10.5,50495.18280029297
1991-03-27,10.5,48278.248214721665
1991-03-28,10.5,46234.2813491821
1991-03-29,10.5,44163.61770629883
1991-03-30,10.5,41699.23324584964
1991-03-31,10.5,39786.33499145504
1991-04-01,10.5,38371.709632873535
1991-04-02,10.5,38563.17043304439
1991-04-03,10.5,38252.82297134402
1991-04-04,10.5,37482.22131729123
1991-04-05,10.5,36471.425914764404
1991-04-06,10.5,35225.45270919801
1991-04-07,10.5,34154.437637329145
1991-04-08,10.5,33362.49504089356
1991-04-09,10.5,35237.63465881346
1991-04-10,10.5,34804.68492507938
1991-04-11,10.5,34244.20709609988
1991-04-12,10.5,33365.34805297856
1991-04-13,10.5,32493.657588958773
1991-04-14,10.5,31955.47084808349
1991-04-15,10.5,30789.24551010129
1991-04-16,10.5,29511.474609375044
1991-04-17,10.5,28883.866024017327
1991-04-18,10.5,28217.636203765913
1991-04-19,10.5,28429.22773361206
1991-04-20,10.5,28134.000205993674
1991-04-21,10.5,28079.99897003173
1991-04-22,10.5,28134.000205993674
1991-04-23,10.5,28565.999794006326
1991-04-24,10.5,29213.999176025405
1991-04-25,10.5,28944.000720977754
1991-04-26,10.5,28673.99969100949
1991-04-27,10.5,29376.00030899051
1991-04-28,10.5,30671.99907302857
1991-04-29,10.5,34776.00030899051
1991-04-30,10.5,40823.99969100949
1991-05-01,10.5,48523.79264831545
1991-05-02,10.5,57011.90528869626
1991-05-03,10.5,66400.30288696288
1991-05-04,10.5,76191.23268127437
1991-05-05,10.5,85943.98155212401
1991-05-06,10.5,93158.12644958535
1991-05-07,10.5,95098.75144958535
1991-05-08,10.5,92832.91397094731
1991-05-09,10.5,88239.45121765113
1991-05-10,10.5,82703.20186614989
1991-05-11,10.5,76921.66042327881
1991-05-12,10.5,71286.4774703979
1991-05-13,10.5,66033.27369689941
1991-05-14,10.5,61403.27281951907
1991-05-15,10.5,56679.694175720244
1991-05-16,10.5,52489.90173339847
1991-05-17,10.5,48166.27006530762
1991-05-18,10.5,44708.97560119626
1991-05-19,10.5,41045.09782791136
1991-05-20,10.5,37776.67121887203
1991-05-21,10.5,35435.491561889685
1991-05-22,10.5,32229.44755554203
1991-05-23,10.5,29944.079303741455
1991-05-24,10.5,27933.982944488525
1991-05-25,10.5,25975.209903717085
1991-05-26,10.5,24420.09687423702
1991-05-27,10.5,22930.646896362297
1991-05-28,10.5,21788.957977294955
1991-05-29,10.5,20697.72462844848
1991-05-30,10.5,20027.17409133911
1991-05-31,10.5,19159.200525283835
1991-06-01,10.5,18403.805065155037
1991-06-02,10.5,17621.020174026467
1991-06-03,10.5,17540.409708023068
1991-06-04,10.5,17171.74029350281
1991-06-05,10.5,16654.63700294496
1991-06-06,10.5,16450.38657188418
1991-06-07,10.5,16092.605209350586
1991-06-08,10.5,15685.402107238762
1991-06-09,10.5,15456.613969802824
1991-06-10,10.5,15836.5151882172
1991-06-11,10.5,15725.059747695905
1991-06-12,10.5,16361.30847930912
1991-06-13,10.5,17930.592584609964
1991-06-14,10.5,18203.529024124127
1991-06-15,10.5,18295.977687835708
1991-06-16,10.5,20023.45976829531
1991-06-17,10.5,21413.203668594375
1991-06-18,10.5,21600.26006698607
1991-06-19,10.5,21436.617422103867
1991-06-20,10.5,21223.98691177366
1991-06-21,10.5,20409.235668182333
1991-06-22,10.5,20160.489320755027
1991-06-23,10.5,19384.185504913345
1991-06-24,10.5,18944.409656524695
1991-06-25,10.5,18268.329477310188
1991-06-26,10.5,18819.129467010527
1991-06-27,10.5,19200.32587051393
1991-06-28,10.5,19136.73563003537
1991-06-29,10.5,19902.240228652932
1991-06-30,10.5,19616.255378723174
1991-07-01,10.5,19609.949398040753
1991-07-02,10.5,19456.070852279634
1991-07-03,10.5,19114.790868759137
1991-07-04,10.5,18584.812974929846
1991-07-05,10.5,18156.355190277063
1991-07-06,10.5,17625.254631042502
1991-07-07,10.5,16933.795738220244
1991-07-08,10.5,15805.238914489708
1991-07-09,10.5,14660.179424285845
1991-07-10,10.5,13489.97712135316
1991-07-11,10.5,12938.485765457146
1991-07-12,10.5,11914.559555053736
1991-07-13,10.5,11061.792182922367
1991-07-14,10.5,10261.987066268957
1991-07-15,10.5,9717.494344711344
1991-07-16,10.5,9776.678252220143
1991-07-17,10.5,9703.49771976474
1991-07-18,10.5,9291.974544525168
1991-07-19,10.5,10200.72970390317
1991-07-20,10.5,12447.475433349637
1991-07-21,10.5,12220.330095291112
1991-07-22,10.5,12043.122768402105
1991-07-23,10.5,12021.78182601931
1991-07-24,10.5,12059.106588363686
1991-07-25,10.5,12387.94584274296
1991-07-26,10.5,12694.14768218993
1991-07-27,10.5,12260.591554641695
1991-07-28,10.5,11661.667585372945
1991-07-29,10.5,11266.991472244263
1991-07-30,10.5,10799.827480316158
1991-07-31,10.5,10089.619302749645
1991-08-01,10.5,9300.873470306427
1991-08-02,10.5,8901.014685630797
1991-08-03,10.5,8306.9277048111
1991-08-04,10.5,7697.980856895445
1991-08-05,10.5,7208.00628662109
1991-08-06,10.5,6924.873805046078
1991-08-07,10.5,6695.913791656498
1991-08-08,10.5,6256.396722793582
1991-08-09,10.5,5861.634993553162
1991-08-10,10.5,5548.694586753842
1991-08-11,10.5,5175.360059738161
1991-08-12,10.5,4623.350501060481
1991-08-13,10.5,4268.332672119144
1991-08-14,10.5,4265.654432773594
1991-08-15,10.5,4237.05607652664
1991-08-16,10.5,4259.606266021732
1991-08-17,10.5,5151.686239242553
1991-08-18,10.5,5981.299281120304
1991-08-19,10.5,6113.923144340515
1991-08-20,10.5,6254.237008094789
1991-08-21,10.5,6125.932574272154
1991-08-22,10.5,6124.204802513125
1991-08-23,10.5,6055.084919929507
1991-08-24,10.5,6206.630587577822
1991-08-25,10.5,6315.408110618594
1991-08-26,10.5,6119.45278644562
1991-08-27,10.5,5965.833663940432
1991-08-28,10.5,5887.123489379883
1991-08-29,10.5,5784.566330909731
1991-08-30,10.5,5749.574446678162
1991-08-31,10.5,5716.742277145386
1991-09-01,10.5,5832.950377464297
1991-09-02,10.5,5758.300852775574
1991-09-03,10.5,5674.579238891604
1991-09-04,10.5,5391.705536842343
1991-09-05,10.5,4995.388877391815
1991-09-06,10.5,4800.643122196195
1991-09-07,10.5,4534.272086620328
1991-09-08,10.5,4407.609486579895
1991-09-09,10.5,4417.632043361663
1991-09-10,10.5,4572.287893295292
1991-09-11,10.5,4334.774315357212
1991-09-12,10.5,4048.8766908645666
1991-09-13,10.5,3905.107283592225
1991-09-14,10.5,3806.7839384078934
1991-09-15,10.5,3847.6511478424113
1991-09-16,10.5,3987.2736454009964
1991-09-17,10.5,5119.632017612459
1991-09-18,10.5,5387.385463714601
1991-09-19,10.5,5586.537551879883
1991-09-20,10.5,5588.006544113161
1991-09-21,10.5,5617.641305923466
1991-09-22,10.5,6474.729394912717
1991-09-23,10.5,7266.066884994509
1991-09-24,10.5,7633.612990379332
1991-09-25,10.5,7795.7853555679285
1991-09-26,10.5,8104.406332969662
1991-09-27,10.5,8868.528199195891
1991-09-28,10.5,9046.425604820257
1991-09-29,10.5,9464.687991142271
1991-09-30,10.5,10162.454152107253
1991-10-01,10.5,10509.436941146841
1991-10-02,10.5,11495.260763168371
1991-10-03,10.5,11643.695926666272
1991-10-04,10.5,12147.32208251955
1991-10-05,10.5,12028.176641464272
1991-10-06,10.5,11790.834617614752
1991-10-07,10.5,11630.131244659384
1991-10-08,10.5,11593.929147720366
1991-10-09,10.5,11392.18540191651
1991-10-10,10.5,11309.155797958418
1991-10-11,10.5,11148.106098175056
1991-10-12,10.5,11275.977945327753
1991-10-13,10.5,11065.333986282327
1991-10-14,10.5,11439.619302749645
1991-10-15,10.5,12028.607940673784
1991-10-16,10.5,12158.121299743672
1991-10-17,10.5,13525.660371780432
1991-10-18,10.5,15201.389122009256
1991-10-19,10.5,15589.670419692977
1991-10-20,10.5,14933.80851745608
1991-10-21,10.5,14386.895370483377
1991-10-22,10.5,13830.739545822133
1991-10-23,10.5,13418.610620498697
1991-10-24,10.5,13177.036714553855
1991-10-25,10.5,12982.63664245608
1991-10-26,10.5,12762.834978103632
1991-10-27,10.5,12336.104965209955
1991-10-28,10.5,12044.851827621436
1991-10-29,10.5,11893.651199340853
1991-10-30,10.5,11624.94664192201
1991-10-31,10.5,11116.397237777739
1991-11-01,10.5,10585.468554496734
1991-11-02,10.5,13064.457321166981
1991-11-03,10.5,14581.986808776828
1991-11-04,10.5,15517.698812484767
1991-11-05,10.5,15556.838893890395
1991-11-06,10.5,15685.228300094612
1991-11-07,10.5,18036.25960350035
1991-11-08,10.5,20006.43825531007
1991-11-09,10.5,21125.923633575418
1991-11-10,10.5,21191.846752166744
1991-11-11,10.5,22290.421199798595
1991-11-12,10.5,22881.57148361206
1991-11-13,10.5,24758.26635360715
1991-11-14,10.5,27562.118053436294
1991-11-15,10.5,28878.76768112179
1991-11-16,10.5,30585.600185394265
1991-11-17,10.5,30988.137531280554
1991-11-18,10.5,30683.663463592507
1991-11-19,10.5,30001.968669891343
1991-11-20,10.5,29171.74987792973
1991-11-21,10.5,27976.31978988643
1991-11-22,10.5,26704.94499206545
1991-11-23,10.5,25835.154819488525
1991-11-24,10.5,25256.101512908903
1991-11-25,10.5,24512.37173080445
1991-11-26,10.5,23788.080024719213
1991-11-27,10.5,23319.10200119017
1991-11-28,10.5,22588.416767120372
1991-11-29,10.5,22078.829669952356
1991-11-30,10.5,21683.63599777224
1991-12-01,10.5,21082.89542198184
1991-12-02,10.5,20495.46203613279
1991-12-03,10.5,19922.88980484006
1991-12-04,10.5,19384.358024597186
1991-12-05,10.5,19004.11176681521
1991-12-06,10.5,18566.23620986942
1991-12-07,10.5,18172.597789764404
1991-12-08,10.5,17775.67634582518
1991-12-09,10.5,17359.143018722498
1991-12-10,10.5,16792.5317287445
1991-12-11,10.5,16186.694097518957
1991-12-12,10.5,15836.082601547203
1991-12-13,10.5,15500.159740448005
1991-12-14,10.5,15457.824182510409
1991-12-15,10.5,15414.105892181382
1991-12-16,10.5,15356.217813491805
1991-12-17,10.5,15267.829799652105
1991-12-18,10.5,16922.0450878143
1991-12-19,10.5,18232.73248672483
1991-12-20,10.5,19938.35477828981
1991-12-21,10.5,21489.494705200224
1991-12-22,10.5,22646.21858596803
1991-12-23,10.5,26976.32617950444
1991-12-24,10.5,33121.35372161862
1991-12-25,10.5,36205.83314895632
1991-12-26,10.5,39312.69121170046
1991-12-27,10.5,41040.51961898805
1991-12-28,10.5,40932.51714706418
1991-12-29,10.5,40623.29235076908
1991-12-30,10.5,39519.79207992552
1991-12-31,10.5,38048.31247329708
1992-01-01,10.5,37432.28073120117
1992-01-02,10.5,37291.968154907256
1992-01-03,10.5,37354.86831665036
1992-01-04,10.5,41528.24563980105
1992-01-05,10.5,43197.839641571074
1992-01-06,10.5,44036.09218597412
1992-01-07,10.5,43750.971221923784
1992-01-08,10.5,43554.93221282962
1992-01-09,10.5,46085.23979187014
1992-01-10,10.5,46721.49238586428
1992-01-11,10.5,46304.61273193361
1992-01-12,10.5,46010.592842102094
1992-01-13,10.5,44829.93507385257
1992-01-14,10.5,43823.892974853516
1992-01-15,10.5,42435.44683456418
1992-01-16,10.5,40999.65047836301
1992-01-17,10.5,39564.63432312014
1992-01-18,10.5,37889.85700607296
1992-01-19,10.5,42117.75312423702
1992-01-20,10.5,46502.81467437741
1992-01-21,10.5,49342.43717193606
1992-01-22,10.5,50460.96725463865
1992-01-23,10.5,49540.63911437986
1992-01-24,10.5,47260.629272460894
1992-01-25,10.5,44444.85054016112
1992-01-26,10.5,42081.81238174438
1992-01-27,10.5,39513.0535125732
1992-01-28,10.5,37346.48694992062
1992-01-29,10.5,35864.81323242189
1992-01-30,10.5,34592.918300628684
1992-01-31,10.5,33417.96398162845
1992-02-01,10.5,32372.438049316395
1992-02-02,10.5,31592.074871063232
1992-02-03,10.5,33671.72241210937
1992-02-04,10.5,35727.60858535762
1992-02-05,10.5,37093.161106109605
1992-02-06,10.5,37412.23754882811
1992-02-07,10.5,37342.858886718735
1992-02-08,10.5,36452.85043716429
1992-02-09,10.5,35781.004714965806
1992-02-10,10.5,35268.73970031734
1992-02-11,10.5,34779.80089187623
1992-02-12,10.5,33843.917655944846
1992-02-13,10.5,33611.4151954651
1992-02-14,10.5,33565.70777893068
1992-02-15,10.5,33707.923221588164
1992-02-16,10.5,35014.98126983642
1992-02-17,10.5,35342.784118652344
1992-02-18,10.5,34498.65560531616
1992-02-19,10.5,33885.474300384536
1992-02-20,10.5,33305.21335601804
1992-02-21,10.5,33025.708293914766
1992-02-22,10.5,33017.32692718502
1992-02-23,10.5,34572.872543335005
1992-02-24,10.5,35099.48244094848
1992-02-25,10.5,35519.73009109496
1992-02-26,10.5,35665.228557586655
1992-02-27,10.5,35052.39486694333
1992-02-28,10.5,34389.27297592166
1992-02-29,10.5,33631.805992126465
1992-03-01,10.5,32583.772087097183
1992-03-02,10.5,32167.40999221803
1992-03-03,10.5,33521.04063034062
1992-03-04,10.5,33999.26519393922
1992-03-05,10.5,33792.076778411836
1992-03-06,10.5,33509.54875946043
1992-03-07,10.5,32802.01978683467
1992-03-08,10.5,31916.247081756563
1992-03-09,10.5,30880.5702209473
1992-03-10,10.5,29563.833045959484
1992-03-11,10.5,29782.858371734652
1992-03-12,10.5,32076.260375976577
1992-03-13,10.5,42338.938808441206
1992-03-14,10.5,53454.81719970703
1992-03-15,10.5,62571.39587402342
1992-03-16,10.5,67134.61360931394
1992-03-17,10.5,69966.20235443115
1992-03-18,10.5,72145.12081146242
1992-03-19,10.5,72904.14562225339
1992-03-20,10.5,74124.63226318361
1992-03-21,10.5,75143.98155212401
1992-03-22,10.5,81081.8206787109
1992-03-23,10.5,95200.61531066871
1992-03-24,10.5,104608.7162017822
1992-03-25,10.5,107728.88145446734
1992-03-26,10.5,107393.9872741698
1992-03-27,10.5,104084.09156799302
1992-03-28,10.5,99506.44912719686
1992-03-29,10.5,93370.3205108642
1992-03-30,10.5,86534.00917053263
1992-03-31,10.5,79784.52415466312
1992-04-01,10.5,73572.19333648677
1992-04-02,10.5,71990.20843505855
1992-04-03,10.5,74618.75438690187
1992-04-04,10.5,75151.23767852786
1992-04-05,10.5,75483.87622833255
1992-04-06,10.5,73454.08172607425
1992-04-07,10.5,71094.50168609615
1992-04-08,10.5,68044.66781616207
1992-04-09,10.5,64023.522377014175
1992-04-10,10.5,60260.45608520505
1992-04-11,10.5,56097.01538085936
1992-04-12,10.5,52742.79499053957
1992-04-13,10.5,49699.87220764158
1992-04-14,10.5,47225.115966796846
1992-04-15,10.5,48063.10844421382
1992-04-16,10.5,52779.42581176756
1992-04-17,10.5,54365.64388275151
1992-04-18,10.5,55329.52423095703
1992-04-19,10.5,54812.76340484615
1992-04-20,10.5,53132.802772522
1992-04-21,10.5,50916.72821044919
1992-04-22,10.5,48609.15641784671
1992-04-23,10.5,46409.066963195786
1992-04-24,10.5,43813.351249694846
1992-04-25,10.5,42838.846778869665
1992-04-26,10.5,42136.848735809355
1992-04-27,10.5,41256.77690505983
1992-04-28,10.5,40399.51629638676
1992-04-29,10.5,41865.72504043582
1992-04-30,10.5,41526.60541534426
1992-05-01,10.5,42150.75845718384
1992-05-02,10.5,46759.853553772
1992-05-03,10.5,48982.406616210894
1992-05-04,10.5,49607.42225646968
1992-05-05,10.5,48891.944503784194
1992-05-06,10.5,47088.8614654541
1992-05-07,10.5,45311.61518096921
1992-05-08,10.5,44248.89392852786
1992-05-09,10.5,43543.787956237815
1992-05-10,10.5,41785.71968078618
1992-05-11,10.5,39717.38891601558
1992-05-12,10.5,38280.99002838138
1992-05-13,10.5,38580.53827285762
1992-05-14,10.5,38259.7340583801
1992-05-15,10.5,37500.88434219357
1992-05-16,10.5,36342.6901817322
1992-05-17,10.5,35476.185607910185
1992-05-18,10.5,34360.15577316287
1992-05-19,10.5,32821.977996826216
1992-05-20,10.5,31129.315280914292
1992-05-21,10.5,29903.557777404796
1992-05-22,10.5,28553.990364074707
1992-05-23,10.5,27222.22080230714
1992-05-24,10.5,25591.938114166274
1992-05-25,10.5,24031.641769409143
1992-05-26,10.5,22527.937030792258
1992-05-27,10.5,21078.317213058443
1992-05-28,10.5,20043.676757812522
1992-05-29,10.5,18894.47035789486
1992-05-30,10.5,17944.50230598453
1992-05-31,10.5,17128.108263015707
1992-06-01,10.5,16147.3827838898
1992-06-02,10.5,15233.443021774254
1992-06-03,10.5,14009.155797958418
1992-06-04,10.5,13272.682142257718
1992-06-05,10.5,12653.021049499528
1992-06-06,10.5,11988.00015449521
1992-06-07,10.5,11341.295957565333
1992-06-08,10.5,10661.414551734902
1992-06-09,10.5,9935.481333732567
1992-06-10,10.5,9261.907196044951
1992-06-11,10.5,8562.153840064999
1992-06-12,10.5,8132.0545434951755
1992-06-13,10.5,7975.583696365353
1992-06-14,10.5,7642.079973220822
1992-06-15,10.5,7578.9216756820715
1992-06-16,10.5,7053.9552211761475
1992-06-17,10.5,6483.023858070375
1992-06-18,10.5,5931.619405746463
1992-06-19,10.5,5819.990158081053
1992-06-20,10.5,5464.713549613956
1992-06-21,10.5,4854.729652404789
1992-06-22,10.5,4325.875067710878
1992-06-23,10.5,4134.153556823734
1992-06-24,10.5,4042.7422642707843
1992-06-25,10.5,4055.09769916534
1992-06-26,10.5,4005.6769251823416
1992-06-27,10.5,3890.4192924499525
1992-06-28,10.5,3782.764756679532
1992-06-29,10.5,3814.127933979039
1992-06-30,10.5,3673.2958674430806
1992-07-01,10.5,3727.123296260832
1992-07-02,10.5,3919.6224331855747
1992-07-03,10.5,3742.4160718917806
1992-07-04,10.5,3703.0175328254686
1992-07-05,10.5,3376.252698898314
1992-07-06,10.5,3108.6720943450937
1992-07-07,10.5,2916.6049003601056
1992-07-08,10.5,2739.743900299074
1992-07-09,10.5,2582.7551722526578
1992-07-10,10.5,2628.8927614688832
1992-07-11,10.5,2575.5840182304346
1992-07-12,10.5,2634.9407672882085
1992-07-13,10.5,2750.1984000205975
1992-07-14,10.5,3156.364774703981
1992-07-15,10.5,2922.307062149051
1992-07-16,10.5,2526.2496650218927
1992-07-17,10.5,2591.6544198989827
1992-07-18,10.5,2658.787268400193
1992-07-19,10.5,2580.4224550724057
1992-07-20,10.5,2580.4224550724057
1992-07-21,10.5,2632.5216293334997
1992-07-22,10.5,2386.368066072465
1992-07-23,10.5,2261.3471388816856
1992-07-24,10.5,2207.606452703473
1992-07-25,10.5,2162.7648532390576
1992-07-26,10.5,2028.2400548458127
1992-07-27,10.5,2197.411215305328
1992-07-28,10.5,2197.843158245083
1992-07-29,10.5,2039.2127573490116
1992-07-30,10.5,2100.902384519574
1992-07-31,10.5,2043.4464097023051
1992-08-01,10.5,2061.0720634460426
1992-08-02,10.5,1957.3056578636179
1992-08-03,10.5,1865.8079445362114
1992-08-04,10.5,1862.5247597694383
1992-08-05,10.5,1951.171231269836
1992-08-06,10.5,2329.084771871564
1992-08-07,10.5,2366.0640120506314
1992-08-08,10.5,2382.307255268093
1992-08-09,10.5,2468.6208486557025
1992-08-10,10.5,2688.3359313011138
1992-08-11,10.5,2879.280138015749
1992-08-12,10.5,3216.3263082504227
1992-08-13,10.5,4442.947053909298
1992-08-14,10.5,4980.096101760866
1992-08-15,10.5,4902.854275703431
1992-08-16,10.5,4840.473604202271
1992-08-17,10.5,5039.884793758395
1992-08-18,10.5,4988.908767700199
1992-08-19,10.5,4895.596861839297
1992-08-20,10.5,4906.483304500584
1992-08-21,10.5,6521.64509296417
1992-08-22,10.5,7121.261072158816
1992-08-23,10.5,7542.80648231506
1992-08-24,10.5,7865.164661407471
1992-08-25,10.5,8345.894622802738
1992-08-26,10.5,8937.388658523543
1992-08-27,10.5,9649.238348007246
1992-08-28,10.5,10700.726509094256
1992-08-29,10.5,11892.095947265587
1992-08-30,10.5,14214.527606964155
1992-08-31,10.5,14903.741168975866
1992-09-01,10.5,14604.451704025287
1992-09-02,10.5,14133.570814132674
1992-09-03,10.5,13995.677375793446
1992-09-04,10.5,13688.351583480808
1992-09-05,10.5,13649.6453762054
1992-09-06,10.5,13324.694252014167
1992-09-07,10.5,12814.329528808561
1992-09-08,10.5,12369.456624984767
1992-09-09,10.5,11869.804859161362
1992-09-10,10.5,11659.507226944013
1992-09-11,10.5,11710.31041145327
1992-09-12,10.5,11622.78757095339
1992-09-13,10.5,11483.078813552824
1992-09-14,10.5,12005.53922653197
1992-09-15,10.5,12014.610671997074
1992-09-16,10.5,11923.113441467318
1992-09-17,10.5,11430.892896652225
1992-09-18,10.5,11162.2745990753
1992-09-19,10.5,10771.574163436886
1992-09-20,10.5,10417.24770069122
1992-09-21,10.5,10141.200113296494
1992-09-22,10.5,9952.329683303857
1992-09-23,10.5,9576.489758491556
1992-09-24,10.5,9402.479839324944
1992-09-25,10.5,9310.723185539233
1992-09-26,10.5,9203.500914573659
1992-09-27,10.5,9096.278643608082
1992-09-28,10.5,8989.05572891231
1992-09-29,10.5,8881.833457946737
1992-09-30,10.5,8774.611186981161
1992-10-01,10.5,8667.388916015587
1992-10-02,10.5,8560.166645050047
1992-10-03,10.5,8529.8398733139
1992-10-04,10.5,8096.3712930679285
1992-10-05,10.5,7745.069074630737
1992-10-06,10.5,7402.83830165863
1992-10-07,10.5,7369.661092758175
1992-10-08,10.5,7277.645015716556
1992-10-09,10.5,7551.878571510317
1992-10-10,10.5,7547.817921638489
1992-10-11,10.5,7670.505809783934
1992-10-12,10.5,7632.403421401979
1992-10-13,10.5,7655.212712287905
1992-10-14,10.5,8222.169685363771
1992-10-15,10.5,9548.841547966033
1992-10-16,10.5,9908.5244894028
1992-10-17,10.5,10125.12938976288
1992-10-18,10.5,10038.729858398467
1992-10-19,10.5,10322.121763229385
1992-10-20,10.5,11039.328575134303
1992-10-21,10.5,11192.602014541582
1992-10-22,10.5,11052.546930313114
1992-10-23,10.5,11288.418674468976
1992-10-24,10.5,11586.326694488525
1992-10-25,10.5,11827.036714553857
1992-10-26,10.5,12050.121402740504
1992-10-27,10.5,11931.753587722818
1992-10-28,10.5,13868.236827850349
1992-10-29,10.5,14968.022775650003
1992-10-30,10.5,15502.406358718856
1992-10-31,10.5,16530.825805664055
1992-11-01,10.5,17045.596218109134
1992-11-02,10.5,18726.076984405507
1992-11-03,10.5,21940.157318115223
1992-11-04,10.5,23942.04483032225
1992-11-05,10.5,24919.574832916274
1992-11-06,10.5,25412.3142242432
1992-11-07,10.5,26471.144771575884
1992-11-08,10.5,26589.773941040046
1992-11-09,10.5,26691.120243072488
1992-11-10,10.5,26885.08901596066
1992-11-11,10.5,27175.565814971902
1992-11-12,10.5,29236.810398101763
1992-11-13,10.5,29867.44194030761
1992-11-14,10.5,29991.59946441651
1992-11-15,10.5,29361.140441894502
1992-11-16,10.5,29311.37237548829
1992-11-17,10.5,30085.862159729037
1992-11-18,10.5,30132.344627380335
1992-11-19,10.5,31112.4675750732
1992-11-20,10.5,34774.10001754765
1992-11-21,10.5,38855.37500381474
1992-11-22,10.5,41868.57547760011
1992-11-23,10.5,44086.89537048338
1992-11-24,10.5,46360.68420410153
1992-11-25,10.5,49386.84425354005
1992-11-26,10.5,55246.23584747317
1992-11-27,10.5,61637.84809112552
1992-11-28,10.5,66575.43354034427
1992-11-29,10.5,69039.64805603032
1992-11-30,10.5,69772.49107360843
1992-12-01,10.5,70102.4568557739
1992-12-02,10.5,71096.31443023677
1992-12-03,10.5,74459.3461990356
1992-12-04,10.5,79468.12820434567
1992-12-05,10.5,82821.05083465573
1992-12-06,10.5,84018.81637573244
1992-12-07,10.5,83633.21170806885
1992-12-08,10.5,80978.57151031499
1992-12-09,10.5,77823.41823577881
1992-12-10,10.5,73921.24958038326
1992-12-11,10.5,70705.00888824461
1992-12-12,10.5,69535.75801849368
1992-12-13,10.5,67858.04271697998
1992-12-14,10.5,69001.19934082027
1992-12-15,10.5,69377.03990936276
1992-12-16,10.5,69256.77051544192
1992-12-17,10.5,67944.35405731206
1992-12-18,10.5,65618.38188171382
1992-12-19,10.5,64265.27137756346
1992-12-20,10.5,62015.3263092041
1992-12-21,10.5,59321.8099594116
1992-12-22,10.5,56317.593383789106
1992-12-23,10.5,53215.488624572725
1992-12-24,10.5,50135.67237854005
1992-12-25,10.5,47571.66938781734
1992-12-26,10.5,45032.20024108888
1992-12-27,10.5,42769.03553009029
1992-12-28,10.5,40608.432483673074
1992-12-29,10.5,38888.98544311522
1992-12-30,10.5,37522.13773727413
1992-12-31,10.5,36094.55022811886
1993-01-01,10.5,35924.94792938232
1993-01-02,10.5,34389.70556259157
1993-01-03,10.5,33200.581455230684
1993-01-04,10.5,31747.592353820837
1993-01-05,10.5,30085.25705337528
1993-01-06,10.5,29090.446758270256
1993-01-07,10.5,28216.51096343993
1993-01-08,10.5,27920.590782165564
1993-01-09,10.5,28157.93151855468
1993-01-10,10.5,29298.930358886762
1993-01-11,10.5,36727.86226272587
1993-01-12,10.5,43392.325973510764
1993-01-13,10.5,47601.73416137693
1993-01-14,10.5,56296.427536010764
1993-01-15,10.5,64429.77790832517
1993-01-16,10.5,71941.39308929439
1993-01-17,10.5,77182.58743286136
1993-01-18,10.5,79335.32924652097
1993-01-19,10.5,80017.45662689205
1993-01-20,10.5,79828.41625213619
1993-01-21,10.5,78725.17604827881
1993-01-22,10.5,78972.53837585446
1993-01-23,10.5,78924.23801422119
1993-01-24,10.5,85475.95367431639
1993-01-25,10.5,96283.90502929728
1993-01-26,10.5,108229.04434204099
1993-01-27,10.5,116811.24458312997
1993-01-28,10.5,119537.9413604732
1993-01-29,10.5,117646.3840484615
1993-01-30,10.5,112560.01968383828
1993-01-31,10.5,106821.67510986308
1993-02-01,10.5,100517.2393798829
1993-02-02,10.5,94253.93028259258
1993-02-03,10.5,89382.61299133266
1993-02-04,10.5,86471.54159545901
1993-02-05,10.5,85056.74114227295
1993-02-06,10.5,84864.67266082764
1993-02-07,10.5,84270.93200683595
1993-02-08,10.5,82986.85512542728
1993-02-09,10.5,81608.86058807376
1993-02-10,10.5,79640.58094024661
1993-02-11,10.5,77100.33416748044
1993-02-12,10.5,74263.04454803465
1993-02-13,10.5,71657.73983001709
1993-02-14,10.5,69244.7610855103
1993-02-15,10.5,66565.58189392085
1993-02-16,10.5,64223.10962677002
1993-02-17,10.5,62967.717361450224
1993-02-18,10.5,61025.876998901396
1993-02-19,10.5,60066.059875488296
1993-02-20,10.5,58990.37647247317
1993-02-21,10.5,60109.08679962155
1993-02-22,10.5,59470.24383544919
1993-02-23,10.5,58014.05925750737
1993-02-24,10.5,56061.764717102094
1993-02-25,10.5,54047.17254638676
1993-02-26,10.5,52136.09218597412
1993-02-27,10.5,50603.27281951907
1993-02-28,10.5,49247.654342651396
1993-03-01,10.5,47542.63458251955
1993-03-02,10.5,45809.36794281007
1993-03-03,10.5,43992.030143737815
1993-03-04,10.5,42575.75941085819
1993-03-05,10.5,40902.452373504675
1993-03-06,10.5,39764.13145065305
1993-03-07,10.5,38679.46672439578
1993-03-08,10.5,37647.33037948607
1993-03-09,10.5,36324.37477111815
1993-03-10,10.5,35476.61819458009
1993-03-11,10.5,34659.53407287599
1993-03-12,10.5,33815.75059890749
1993-03-13,10.5,33357.91683197025
1993-03-14,10.5,33218.81189346312
1993-03-15,10.5,32745.858192443804
1993-03-16,10.5,32633.452606201172
1993-03-17,10.5,33025.19073486324
1993-03-18,10.5,33426.00030899051
1993-03-19,10.5,32869.67067718502
1993-03-20,10.5,32372.870635986306
1993-03-21,10.5,32215.96784591674
1993-03-22,10.5,32193.331718444846
1993-03-23,10.5,32826.21116638185
1993-03-24,10.5,33220.88727951053
1993-03-25,10.5,33232.464122772246
1993-03-26,10.5,32722.44443893431
1993-03-27,10.5,31903.63254547119
1993-03-28,10.5,31146.335506439224
1993-03-29,10.5,30276.027774810776
1993-03-30,10.5,29578.95298004146
1993-03-31,10.5,28696.2058067322
1993-04-01,10.5,28122.94092178348
1993-04-02,10.5,27541.727256774935
1993-04-03,10.5,26679.62837219239
1993-04-04,10.5,26371.093654632557
1993-04-05,10.5,26369.28091049192
1993-04-06,10.5,27299.54824447634
1993-04-07,10.5,28117.23747253419
1993-04-08,10.5,28197.590446472135
1993-04-09,10.5,27660.528945922837
1993-04-10,10.5,27345.77322006229
1993-04-11,10.5,26840.93685150151
1993-04-12,10.5,26052.019786834673
1993-04-13,10.5,25473.65655899051
1993-04-14,10.5,24934.867286682093
1993-04-15,10.5,24265.784454345678
1993-04-16,10.5,23643.96429061886
1993-04-17,10.5,23131.611728668253
1993-04-18,10.5,22913.884162902817
1993-04-19,10.5,22203.50475311277
1993-04-20,10.5,21729.080772399888
1993-04-21,10.5,21608.98647308349
1993-04-22,10.5,21574.77092742917
1993-04-23,10.5,21726.835441589345
1993-04-24,10.5,21788.092803955045
1993-04-25,10.5,21507.897663116495
1993-04-26,10.5,21261.139154434193
1993-04-27,10.5,20864.131450653054
1993-04-28,10.5,20639.66403007506
1993-04-29,10.5,20367.072629928574
1993-04-30,10.5,19825.430345535256
1993-05-01,10.5,19559.5775127411
1993-05-02,10.5,19055.60631752014
1993-05-03,10.5,18215.19341468807
1993-05-04,10.5,17146.85754775997
1993-05-05,10.5,16573.68021011357
1993-05-06,10.5,16064.093112945551
1993-05-07,10.5,15323.903846740744
1993-05-08,10.5,14745.974493026708
1993-05-09,10.5,14280.364465713476
1993-05-10,10.5,13966.732692718502
1993-05-11,10.5,13398.998737335234
1993-05-12,10.5,12908.85100364684
1993-05-13,10.5,12642.566871643088
1993-05-14,10.5,12516.422796249411
1993-05-15,10.5,12298.262643814061
1993-05-16,10.5,12128.831577301045
1993-05-17,10.5,11755.065107345561
1993-05-18,10.5,11435.126066207857
1993-05-19,10.5,11041.747713088993
1993-05-20,10.5,10728.892922401412
1993-05-21,10.5,10702.1085977554
1993-05-22,10.5,10953.7922859192
1993-05-23,10.5,11181.282663345322
1993-05-24,10.5,10807.86252021791
1993-05-25,10.5,10419.148635864278
1993-05-26,10.5,10164.182567596474
1993-05-27,10.5,9894.61412429812
1993-05-28,10.5,9593.769407272357
1993-05-29,10.5,9804.153299331629
1993-05-30,10.5,9680.601525306682
1993-05-31,10.5,10137.398242950461
1993-06-01,10.5,10138.175868988052
1993-06-02,10.5,9662.63051033021
1993-06-03,10.5,9418.118619918845
1993-06-04,10.5,9198.316955566395
1993-06-05,10.5,8733.830237388634
1993-06-06,10.5,8209.036946296686
1993-06-07,10.5,7791.206502914426
1993-06-08,10.5,7621.948599815365
1993-06-09,10.5,7476.797103881839
1993-06-10,10.5,7327.411150932308
1993-06-11,10.5,7070.976090431217
1993-06-12,10.5,7075.986886024473
1993-06-13,10.5,7142.601370811464
1993-06-14,10.5,6885.820627212528
1993-06-15,10.5,6163.2573366165125
1993-06-16,10.5,5954.428696632388
1993-06-17,10.5,5532.105660438536
1993-06-18,10.5,5211.993455886839
1993-06-19,10.5,5122.915041446686
1993-06-20,10.5,4590.86401462555
1993-06-21,10.5,4110.393476486206
1993-06-22,10.5,3661.372697353361
1993-06-23,10.5,3401.136088371276
1993-06-24,10.5,3099.0814805030805
1993-06-25,10.5,2644.617640972141
1993-06-26,10.5,2368.3967292308835
1993-06-27,10.5,2330.2079200744615
1993-06-28,10.5,2283.2928657531734
1993-06-29,10.5,2143.0655837059016
1993-06-30,10.5,2167.430448532107
1993-07-01,10.5,2099.6928155422193
1993-07-02,10.5,1930.3488135337823
1993-07-03,10.5,1955.4911434650412
1993-07-04,10.5,1871.4240074157724
1993-07-05,10.5,1746.3168203830737
1993-07-06,10.5,1520.8992540836352
1993-07-07,10.5,1380.0671875476864
1993-07-08,10.5,1327.8815925121269
1993-07-09,10.5,1616.716879606247
1993-07-10,10.5,2485.3824555873844
1993-07-11,10.5,2912.9758715629614
1993-07-12,10.5,3164.832079410551
1993-07-13,10.5,3326.1408805847186
1993-07-14,10.5,3412.1950507164042
1993-07-15,10.5,3443.644809722903
1993-07-16,10.5,3437.8560662269556
1993-07-17,10.5,3440.1889443397536
1993-07-18,10.5,3334.348762035374
1993-07-19,10.5,3399.83993768692
1993-07-20,10.5,4113.849663734438
1993-07-21,10.5,5012.323164939882
1993-07-22,10.5,5784.825754165646
1993-07-23,10.5,5552.323293685913
1993-07-24,10.5,5602.435111999509
1993-07-25,10.5,5851.872181892399
1993-07-26,10.5,6271.430397033689
1993-07-27,10.5,6502.291345596312
1993-07-28,10.5,6988.5503053665125
1993-07-29,10.5,7635.858964920047
1993-07-30,10.5,8301.830649375914
1993-07-31,10.5,8736.336278915443
1993-08-01,10.5,8778.23989391324
1993-08-02,10.5,8747.913765907268
1993-08-03,10.5,8990.524721145659
1993-08-04,10.5,9067.161440849299
1993-08-05,10.5,9531.820678710903
1993-08-06,10.5,10811.923170089703
1993-08-07,10.5,11033.885192871083
1993-08-08,10.5,10854.432535171536
1993-08-09,10.5,11409.551954269431
1993-08-10,10.5,13520.477056503281
1993-08-11,10.5,13305.513668060306
1993-08-12,10.5,13936.23404502869
1993-08-13,10.5,15003.878545761123
1993-08-14,10.5,14414.19854164122
1993-08-15,10.5,14395.968103408792
1993-08-16,10.5,14113.007497787472
1993-08-17,10.5,12939.609718322728
1993-08-18,10.5,11806.387138366732
1993-08-19,10.5,11035.180377960194
1993-08-20,10.5,10927.007961273186
1993-08-21,10.5,10761.551928520243
1993-08-22,10.5,10296.633911132794
1993-08-23,10.5,9847.180867195095
1993-08-24,10.5,9345.283126831036
1993-08-25,10.5,9316.339087486293
1993-08-26,10.5,10064.303970336892
1993-08-27,10.5,9932.371473312403
1993-08-28,10.5,9618.307113647432
1993-08-29,10.5,9167.903923988304
1993-08-30,10.5,9146.649885177629
1993-08-31,10.5,8993.894648551977
1993-09-01,10.5,8736.249375343326
1993-09-02,10.5,8291.548991203314
1993-09-03,10.5,8114.515471458431
1993-09-04,10.5,8066.303944587705
1993-09-05,10.5,7911.475253105164
1993-09-06,10.5,7322.3997116088885
1993-09-07,10.5,7273.9294052124005
1993-09-08,10.5,7311.427330970761
1993-09-09,10.5,7407.158374786381
1993-09-10,10.5,8176.118516922001
1993-09-11,10.5,10049.35655593875
1993-09-12,10.5,12168.402957916272
1993-09-13,10.5,12697.948265075656
1993-09-14,10.5,16151.960992813114
1993-09-15,10.5,19118.160152435263
1993-09-16,10.5,19246.895885467555
1993-09-17,10.5,19115.482234954812
1993-09-18,10.5,18866.13078117367
1993-09-19,10.5,18733.16187858583
1993-09-20,10.5,18514.310359954812
1993-09-21,10.5,18581.35743141172
1993-09-22,10.5,18596.30355834964
1993-09-23,10.5,18446.22688293455
1993-09-24,10.5,18093.28379631042
1993-09-25,10.5,18647.020483016975
1993-09-26,10.5,22812.10527420046
1993-09-27,10.5,25802.754592895544
1993-09-28,10.5,27469.498157501177
1993-09-29,10.5,28670.111560821544
1993-09-30,10.5,29026.59902572634
1993-10-01,10.5,29075.24185180667
1993-10-02,10.5,29134.338855743437
1993-10-03,10.5,29863.123798370372
1993-10-04,10.5,32074.877643585238
1993-10-05,10.5,33298.4747886658
1993-10-06,10.5,33978.35426330563
1993-10-07,10.5,35172.40419387821
1993-10-08,10.5,35006.859970092744
1993-10-09,10.5,40848.2786178589
1993-10-10,10.5,47820.49942016604
1993-10-11,10.5,53151.37825012203
1993-10-12,10.5,58179.513359069795
1993-10-13,10.5,66416.4579391479
1993-10-14,10.5,74286.71836853032
1993-10-15,10.5,78596.52271270749
1993-10-16,10.5,80309.66377258302
1993-10-17,10.5,80261.62605285645
1993-10-18,10.5,78116.39785766604
1993-10-19,10.5,75062.50591278079
1993-10-20,10.5,71597.00260162354
1993-10-21,10.5,69387.14904785153
1993-10-22,10.5,66826.33895874028
1993-10-23,10.5,63810.890579223655
1993-10-24,10.5,60923.23036193852
1993-10-25,10.5,58275.073814392046
1993-10-26,10.5,55609.54685211183
1993-10-27,10.5,53419.56653594966
1993-10-28,10.5,50859.35897827144
1993-10-29,10.5,48484.051322937
1993-10-30,10.5,46139.93110656734
1993-10-31,10.5,43932.673072814985
1993-11-01,10.5,41934.93118286136
1993-11-02,10.5,40037.93306350704
1993-11-03,10.5,38422.34029769895
1993-11-04,10.5,36435.31265258793
1993-11-05,10.5,34270.386314392046
1993-11-06,10.5,32270.746707916274
1993-11-07,10.5,30405.716228485122
1993-11-08,10.5,29014.674568176237
1993-11-09,10.5,28262.99600601195
1993-11-10,10.5,26882.496070861827
1993-11-11,10.5,26855.10663986206
1993-11-12,10.5,27283.65068435668
1993-11-13,10.5,27587.6071929932
1993-11-14,10.5,28963.526344299302
1993-11-15,10.5,31300.042819976814
1993-11-16,10.5,32662.052249908433
1993-11-17,10.5,33564.50014114379
1993-11-18,10.5,33472.915363311724
1993-11-19,10.5,33143.81732940678
1993-11-20,10.5,32681.405353546135
1993-11-21,10.5,33404.74433898923
1993-11-22,10.5,32327.07824707027
1993-11-23,10.5,33436.10944747927
1993-11-24,10.5,32738.602066040046
1993-11-25,10.5,31226.94597244262
1993-11-26,10.5,29902.17504501346
1993-11-27,10.5,28724.97539520268
1993-11-28,10.5,27705.28364181522
1993-11-29,10.5,26886.644268035845
1993-11-30,10.5,26171.33646011357
1993-12-01,10.5,25773.724937438987
1993-12-02,10.5,25684.733104705847
1993-12-03,10.5,29016.66240692142
1993-12-04,10.5,38230.96446990971
1993-12-05,10.5,46605.631256103516
1993-12-06,10.5,52621.057891845674
1993-12-07,10.5,57525.72555541991
1993-12-08,10.5,62260.44330596921
1993-12-09,10.5,68992.13047027588
1993-12-10,10.5,75306.32514953618
1993-12-11,10.5,83030.74722290036
1993-12-12,10.5,88343.91059875517
1993-12-13,10.5,90998.98338317903
1993-12-14,10.5,90361.87591552704
1993-12-15,10.5,88063.54293823201
1993-12-16,10.5,86099.75910186768
1993-12-17,10.5,83347.48821258548
1993-12-18,10.5,80111.29188537599
1993-12-19,10.5,83641.2454605103
1993-12-20,10.5,94327.63481140156
1993-12-21,10.5,101932.81745910653
1993-12-22,10.5,105787.98866272003
1993-12-23,10.5,107471.23489379865
1993-12-24,10.5,106699.41787719686
1993-12-25,10.5,104653.46832275405
1993-12-26,10.5,105660.71548461934
1993-12-27,10.5,102378.04183959955
1993-12-28,10.5,99781.97593688985
1993-12-29,10.5,96966.62979125991
1993-12-30,10.5,96557.09381103513
1993-12-31,10.5,99842.71316528335
1994-01-01,10.5,102024.65972900362
1994-01-02,10.5,105172.99461364752
1994-01-03,10.5,106001.39808654798
1994-01-04,10.5,107287.97264099077
1994-01-05,10.5,111409.9468231205
1994-01-06,10.5,122195.43457031263
1994-01-07,10.5,134595.99494934076
1994-01-08,10.5,148235.44235229504
1994-01-09,10.5,156680.4405212401
1994-01-10,10.5,158341.2231445315
1994-01-11,10.5,156736.94458007836
1994-01-12,10.5,153569.25659179728
1994-01-13,10.5,156303.13224792498
1994-01-14,10.5,160691.30172729504
1994-01-15,10.5,161702.0919799802
1994-01-16,10.5,158207.0388793946
1994-01-17,10.5,150593.03970336894
1994-01-18,10.5,145992.50106811489
1994-01-19,10.5,147439.78157043445
1994-01-20,10.5,147716.69883727998
1994-01-21,10.5,145667.54608154323
1994-01-22,10.5,142756.90727233852
1994-01-23,10.5,141634.31396484416
1994-01-24,10.5,142059.65995788536
1994-01-25,10.5,141154.96673583967
1994-01-26,10.5,140671.98371887227
1994-01-27,10.5,142131.10885620135
1994-01-28,10.5,147854.15840148943
1994-01-29,10.5,151326.74789428693
1994-01-30,10.5,151959.36470031732
1994-01-31,10.5,151664.3096923829
1994-02-01,10.5,148154.13665771444
1994-02-02,10.5,148538.70620727522
1994-02-03,10.5,153844.79370117205
1994-02-04,10.5,154002.64663696263
1994-02-05,10.5,149464.22538757365
1994-02-06,10.5,142178.19900512657
1994-02-07,10.5,135575.24757385248
1994-02-08,10.5,128123.16970825178
1994-02-09,10.5,121355.71174621556
1994-02-10,10.5,117869.55757141102
1994-02-11,10.5,114443.7080383302
1994-02-12,10.5,110453.4152984615
1994-02-13,10.5,105786.6909027097
1994-02-14,10.5,99783.09860229505
1994-02-15,10.5,93861.85226440406
1994-02-16,10.5,88131.36634826689
1994-02-17,10.5,82888.52920532225
1994-02-18,10.5,77908.9519500732
1994-02-19,10.5,73429.11529541019
1994-02-20,10.5,69514.76211547856
1994-02-21,10.5,65899.87220764157
1994-02-22,10.5,63876.386260986306
1994-02-23,10.5,61120.65467834473
1994-02-24,10.5,58059.5014572144
1994-02-25,10.5,55484.266662597656
1994-02-26,10.5,53982.547187805154
1994-02-27,10.5,54302.91881561277
1994-02-28,10.5,56582.753562927275
1994-03-01,10.5,54166.06178283689
1994-03-02,10.5,52331.61621093748
1994-03-03,10.5,50875.601577758775
1994-03-04,10.5,49542.27676391604
1994-03-05,10.5,48980.76381683348
1994-03-06,10.5,53688.439750671416
1994-03-07,10.5,74922.01824188232
1994-03-08,10.5,106088.48190307613
1994-03-09,10.5,132610.9577178957
1994-03-10,10.5,151342.0429229732
1994-03-11,10.5,159833.43086242635
1994-03-12,10.5,162750.0434875491
1994-03-13,10.5,165217.71354675293
1994-03-14,10.5,168971.95816040045
1994-03-15,10.5,170113.56468200698
1994-03-16,10.5,166777.66227722142
1994-03-17,10.5,163486.42959594732
1994-03-18,10.5,158067.50907897906
1994-03-19,10.5,155279.98237609846
1994-03-20,10.5,151515.27328491217
1994-03-21,10.5,144636.79504394508
1994-03-22,10.5,137766.61834716756
1994-03-23,10.5,138568.4898376464
1994-03-24,10.5,163147.99232482904
1994-03-25,10.5,178064.95056152344
1994-03-26,10.5,185732.0960998536
1994-03-27,10.5,184635.85968017566
1994-03-28,10.5,180203.4530639649
1994-03-29,10.5,173366.35894775408
1994-03-30,10.5,165449.61090087928
1994-03-31,10.5,157808.5647583009
1994-04-01,10.5,152314.30206298828
1994-04-02,10.5,147926.90505981486
1994-04-03,10.5,142169.30007934553
1994-04-04,10.5,137557.6171875
1994-04-05,10.5,134505.7079315187
1994-04-06,10.5,130075.72174072251
1994-04-07,10.5,124747.68562316871
1994-04-08,10.5,119289.71900939933
1994-04-09,10.5,114637.42446899414
1994-04-10,10.5,111221.16394042973
1994-04-11,10.5,106735.18867492636
1994-04-12,10.5,102450.69580078108
1994-04-13,10.5,98190.40718078583
1994-04-14,10.5,94982.45773315449
1994-04-15,10.5,92283.58039855969
1994-04-16,10.5,88863.86947631845
1994-04-17,10.5,85295.54958343501
1994-04-18,10.5,82080.34400939941
1994-04-19,10.5,79279.77790832517
1994-04-20,10.5,76622.02720642085
1994-04-21,10.5,74016.72248840329
1994-04-22,10.5,71167.50583648677
1994-04-23,10.5,68576.63097381593
1994-04-24,10.5,65992.05951690678
1994-04-25,10.5,63377.25334167483
1994-04-26,10.5,60708.270835876465
1994-04-27,10.5,58543.60198974612
1994-04-28,10.5,56378.07312011721
1994-04-29,10.5,54527.215003967314
1994-04-30,10.5,53054.26769256593
1994-05-01,10.5,51246.08631134029
1994-05-02,10.5,48894.7975158691
1994-05-03,10.5,46882.110786437945
1994-05-04,10.5,44858.53214263912
1994-05-05,10.5,43200.952720642046
1994-05-06,10.5,41517.96398162845
1994-05-07,10.5,40156.47468566897
1994-05-08,10.5,38623.39267730714
1994-05-09,10.5,36543.31254959109
1994-05-10,10.5,34719.23618316651
1994-05-11,10.5,33157.64207839965
1994-05-12,10.5,31919.96269226077
1994-05-13,10.5,30581.45198822025
1994-05-14,10.5,29162.24584579472
1994-05-15,10.5,28054.167366027865
1994-05-16,10.5,27986.42892837528
1994-05-17,10.5,27448.2421875
1994-05-18,10.5,27024.884033203158
1994-05-19,10.5,27533.95099639894
1994-05-20,10.5,26986.0027313232
1994-05-21,10.5,26384.053230285608
1994-05-22,10.5,25498.628139495893
1994-05-23,10.5,25022.563934326216
1994-05-24,10.5,24635.058975219683
1994-05-25,10.5,24311.83691024778
1994-05-26,10.5,24079.85200881956
1994-05-27,10.5,23714.64071273805
1994-05-28,10.5,22604.744338989236
1994-05-29,10.5,21481.718444824233
1994-05-30,10.5,20668.867492675767
1994-05-31,10.5,19891.094684600823
1994-06-01,10.5,19419.26364898678
1994-06-02,10.5,19513.18130493162
1994-06-03,10.5,21631.277561187715
1994-06-04,10.5,22554.633808135957
1994-06-05,10.5,22349.26071166991
1994-06-06,10.5,21735.734367370613
1994-06-07,10.5,21089.980316162073
1994-06-08,10.5,20446.041584014874
1994-06-09,10.5,20043.504238128684
1994-06-10,10.5,19706.543684005737
1994-06-11,10.5,19340.380954742403
1994-06-12,10.5,18562.175559997544
1994-06-13,10.5,17780.51462173465
1994-06-14,10.5,17095.449256896958
1994-06-15,10.5,16436.218070983854
1994-06-16,10.5,15897.94507026674
1994-06-17,10.5,14978.735733032205
1994-06-18,10.5,15041.375827789334
1994-06-19,10.5,16001.884317398111
1994-06-20,10.5,15706.396722793563
1994-06-21,10.5,15565.391492843664
1994-06-22,10.5,16665.091180801403
1994-06-23,10.5,16323.466157913226
1994-06-24,10.5,15779.318475723292
1994-06-25,10.5,15656.803750991805
1994-06-26,10.5,15179.270553588874
1994-06-27,10.5,14638.579702377294
1994-06-28,10.5,14346.63391113279
1994-06-29,10.5,14944.262695312522
1994-06-30,10.5,15283.296060562167
1994-07-01,10.5,14828.572797775287
1994-07-02,10.5,14552.352046966524
1994-07-03,10.5,14308.012676238997
1994-07-04,10.5,13873.247623443574
1994-07-05,10.5,13409.106588363686
1994-07-06,10.5,13384.396362304684
1994-07-07,10.5,13074.221420288064
1994-07-08,10.5,12468.642568588279
1994-07-09,10.5,11943.67675781252
1994-07-10,10.5,11521.698760986308
1994-07-11,10.5,11407.477855682333
1994-07-12,10.5,11296.022415161126
1994-07-13,10.5,10791.87870025633
1994-07-14,10.5,10494.575786590618
1994-07-15,10.5,9736.761832237238
1994-07-16,10.5,9472.72303104402
1994-07-17,10.5,8874.576044082662
1994-07-18,10.5,8599.910545349121
1994-07-19,10.5,8563.01772594452
1994-07-20,10.5,8322.99842834473
1994-07-21,10.5,8083.06539058685
1994-07-22,10.5,7843.046092987061
1994-07-23,10.5,7603.113698959354
1994-07-24,10.5,7363.094401359555
1994-07-25,10.5,6978.614330291745
1994-07-26,10.5,6560.092520713806
1994-07-27,10.5,6349.276685714719
1994-07-28,10.5,6363.618993759157
1994-07-29,10.5,7431.696081161499
1994-07-30,10.5,7327.929353713992
1994-07-31,10.5,7282.828974723818
1994-08-01,10.5,7193.750238418582
1994-08-02,10.5,8052.998685836792
1994-08-03,10.5,8553.859376907352
1994-08-04,10.5,8401.276659965515
1994-08-05,10.5,8174.995207786557
1994-08-06,10.5,7606.656146049497
1994-08-07,10.5,7050.326514244076
1994-08-08,10.5,7013.08801174164
1994-08-09,10.5,7165.065622329708
1994-08-10,10.5,7360.934686660763
1994-08-11,10.5,7485.004663467411
1994-08-12,10.5,7519.132661819461
1994-08-13,10.5,9337.507510185245
1994-08-14,10.5,9337.507510185245
1994-08-15,10.5,9482.572746276826
1994-08-16,10.5,9248.774456977862
1994-08-17,10.5,9328.521680831953
1994-08-18,10.5,10950.681781768839
1994-08-19,10.5,11761.891222000117
1994-08-20,10.5,11732.601499557495
1994-08-21,10.5,11698.300981521646
1994-08-22,10.5,11486.01551055912
1994-08-23,10.5,10883.117151260409
1994-08-24,10.5,11387.51964569088
1994-08-25,10.5,12439.957952499411
1994-08-26,10.5,13199.4140625
1994-08-27,10.5,14053.564167022716
1994-08-28,10.5,14907.629299163818
1994-08-29,10.5,15761.693143844612
1994-08-30,10.5,16615.843248367324
1994-08-31,10.5,17469.907093048118
1994-09-01,10.5,18323.97093772891
1994-09-02,10.5,19178.034782409704
1994-09-03,10.5,20032.18617439273
1994-09-04,10.5,20886.250019073523
1994-09-05,10.5,21740.312576293923
1994-09-06,10.5,22594.46525573734
1994-09-07,10.5,23448.52781295774
1994-09-08,10.5,24302.59294509884
1994-09-09,10.5,25156.655502319325
1994-09-10,10.5,26225.33769607541
1994-09-11,10.5,27282.960605621316
1994-09-12,10.5,28332.719707489
1994-09-13,10.5,29382.47880935668
1994-09-14,10.5,31321.123695373535
1994-09-15,10.5,38608.18519592284
1994-09-16,10.5,46789.05830383302
1994-09-17,10.5,53517.717361450224
1994-09-18,10.5,59883.32290649414
1994-09-19,10.5,60290.6135559082
1994-09-20,10.5,63066.99085235597
1994-09-21,10.5,64638.51642608641
1994-09-22,10.5,63471.25339508057
1994-09-23,10.5,61849.26967620854
1994-09-24,10.5,60180.535697937
1994-09-25,10.5,58418.66683959964
1994-09-26,10.5,56517.26303100586
1994-09-27,10.5,54588.20972442624
1994-09-28,10.5,52154.580116272
1994-09-29,10.5,50819.44255828853
1994-09-30,10.5,49447.41153717038
1994-10-01,10.5,48279.803466796846
1994-10-02,10.5,46695.310592651396
1994-10-03,10.5,56825.882720947295
1994-10-04,10.5,64485.32924652097
1994-10-05,10.5,69550.01277923583
1994-10-06,10.5,72306.08425140385
1994-10-07,10.5,72335.20145416264
1994-10-08,10.5,71924.37286376956
1994-10-09,10.5,70455.7462692261
1994-10-10,10.5,68003.02104949954
1994-10-11,10.5,65060.14938354495
1994-10-12,10.5,61643.72406005855
1994-10-13,10.5,58232.99446105959
1994-10-14,10.5,55372.721099853516
1994-10-15,10.5,52436.67812347412
1994-10-16,10.5,49689.50557708736
1994-10-17,10.5,47312.21008300784
1994-10-18,10.5,44946.49143218993
1994-10-19,10.5,42908.312988281265
1994-10-20,10.5,40774.57923889157
1994-10-21,10.5,38787.46662139894
1994-10-22,10.5,36875.08850097658
1994-10-23,10.5,36633.599567413345
1994-10-24,10.5,36364.37873840329
1994-10-25,10.5,35769.60039138794
1994-10-26,10.5,35733.22448730468
1994-10-27,10.5,35624.53451156616
1994-10-28,10.5,35241.4378166199
1994-10-29,10.5,35063.799190521204
1994-10-30,10.5,35019.12946701053
1994-10-31,10.5,35242.64545440678
1994-11-01,10.5,36542.01478958127
1994-11-02,10.5,37494.49081420901
1994-11-03,10.5,38757.13920593266
1994-11-04,10.5,38829.28333282471
1994-11-05,10.5,38641.708087921186
1994-11-06,10.5,38580.105686187715
1994-11-07,10.5,38533.708190917925
1994-11-08,10.5,38051.250457763694
1994-11-09,10.5,37123.92110824589
1994-11-10,10.5,36385.97717285153
1994-11-11,10.5,35691.062736511245
1994-11-12,10.5,35438.514518737815
1994-11-13,10.5,34558.617782592744
1994-11-14,10.5,36880.18684387203
1994-11-15,10.5,41285.72158813478
1994-11-16,10.5,46375.45909881593
1994-11-17,10.5,50631.869888305635
1994-11-18,10.5,54438.7407302856
1994-11-19,10.5,56906.32324218748
1994-11-20,10.5,60108.566665649414
1994-11-21,10.5,65710.22415161136
1994-11-22,10.5,69075.93383789064
1994-11-23,10.5,71303.07025909427
1994-11-24,10.5,72169.65980529788
1994-11-25,10.5,71689.4474029541
1994-11-26,10.5,70166.04709625246
1994-11-27,10.5,68547.68886566159
1994-11-28,10.5,66195.61729431148
1994-11-29,10.5,63946.45500183103
1994-11-30,10.5,61839.07299041745
1994-12-01,10.5,59652.115631103516
1994-12-02,10.5,57531.256484985366
1994-12-03,10.5,55411.6899490356
1994-12-04,10.5,53956.020355224595
1994-12-05,10.5,53771.03805541991
1994-12-06,10.5,53925.52299499509
1994-12-07,10.5,54217.29755401616
1994-12-08,10.5,55008.28742980959
1994-12-09,10.5,58231.43920898442
1994-12-10,10.5,60713.45157623291
1994-12-11,10.5,63155.45997619626
1994-12-12,10.5,65954.30603027342
1994-12-13,10.5,68397.78213500972
1994-12-14,10.5,69122.50385284427
1994-12-15,10.5,68664.5851135254
1994-12-16,10.5,67409.88292694087
1994-12-17,10.5,65990.67935943606
1994-12-18,10.5,64238.65699768068
1994-12-19,10.5,63116.84131622317
1994-12-20,10.5,63859.10339355469
1994-12-21,10.5,63912.32700347903
1994-12-22,10.5,63284.97848510739
1994-12-23,10.5,61544.70806121826
1994-12-24,10.5,59480.610466003396
1994-12-25,10.5,57500.92906951907
1994-12-26,10.5,56016.5748596191
1994-12-27,10.5,56625.26550292973
1994-12-28,10.5,57572.72815704344
1994-12-29,10.5,62425.90255737307
1994-12-30,10.5,70802.89707183841
1994-12-31,10.5,80379.12998199461
1995-01-01,10.5,86684.26094055158
1995-01-02,10.5,90212.45841979978
1995-01-03,10.5,89614.8296356205
1995-01-04,10.5,87416.80526733378
1995-01-05,10.5,83460.83106994626
1995-01-06,10.5,78606.73999786381
1995-01-07,10.5,73823.96392822261
1995-01-08,10.5,69995.3813552856
1995-01-09,10.5,68229.24327850339
1995-01-10,10.5,72294.87819671628
1995-01-11,10.5,76240.39821624754
1995-01-12,10.5,76776.48639678958
1995-01-13,10.5,74455.84430694579
1995-01-14,10.5,71256.78863525388
1995-01-15,10.5,69559.11769866943
1995-01-16,10.5,67457.01942443852
1995-01-17,10.5,65547.9990005493
1995-01-18,10.5,64210.647010803266
1995-01-19,10.5,68107.9387664795
1995-01-20,10.5,73491.9021606445
1995-01-21,10.5,83474.47814941405
1995-01-22,10.5,95241.78314209008
1995-01-23,10.5,109433.03604125991
1995-01-24,10.5,125172.1355438232
1995-01-25,10.5,138144.80209350586
1995-01-26,10.5,143806.84661865223
1995-01-27,10.5,142719.35462951643
1995-01-28,10.5,139212.65258789097
1995-01-29,10.5,135566.42074585002
1995-01-30,10.5,129859.60350036643
1995-01-31,10.5,123249.56588745091
1995-02-01,10.5,128802.70156860317
1995-02-02,10.5,144957.98034667928
1995-02-03,10.5,155016.50619506804
1995-02-04,10.5,158929.72640991217
1995-02-05,10.5,158740.86112976103
1995-02-06,10.5,155137.03308105492
1995-02-07,10.5,152244.6968078617
1995-02-08,10.5,147308.67691040045
1995-02-09,10.5,140051.221847534
1995-02-10,10.5,131765.59066772478
1995-02-11,10.5,124427.10800170858
1995-02-12,10.5,120422.6428985597
1995-02-13,10.5,117979.98046875047
1995-02-14,10.5,116285.74447631848
1995-02-15,10.5,115585.83984375047
1995-02-16,10.5,117052.51464843782
1995-02-17,10.5,121778.33862304685
1995-02-18,10.5,126619.1894531252
1995-02-19,10.5,128654.1389465329
1995-02-20,10.5,130265.94657897906
1995-02-21,10.5,132208.6521148678
1995-02-22,10.5,133550.81405639683
1995-02-23,10.5,134466.47644042975
1995-02-24,10.5,136005.75370788536
1995-02-25,10.5,134698.1678009029
1995-02-26,10.5,131124.80621337928
1995-02-27,10.5,128232.20214843782
1995-02-28,10.5,127621.21467590293
1995-03-01,10.5,130140.74363708535
1995-03-02,10.5,144059.05494689933
1995-03-03,10.5,158620.23124694842
1995-03-04,10.5,168330.92651367205
1995-03-05,10.5,172477.3315429685
1995-03-06,10.5,172830.0132751464
1995-03-07,10.5,169113.4552001955
1995-03-08,10.5,163529.75006103513
1995-03-09,10.5,158579.38270568853
1995-03-10,10.5,152131.4311981205
1995-03-11,10.5,145446.4633941651
1995-03-12,10.5,138360.47744750947
1995-03-13,10.5,131301.67236328108
1995-03-14,10.5,124296.0857391358
1995-03-15,10.5,117788.42697143559
1995-03-16,10.5,112014.47639465338
1995-03-17,10.5,108087.83569335946
1995-03-18,10.5,107073.83193969686
1995-03-19,10.5,105844.65751647906
1995-03-20,10.5,104426.1440277097
1995-03-21,10.5,102262.2528076171
1995-03-22,10.5,98498.70758056664
1995-03-23,10.5,95127.47726440406
1995-03-24,10.5,92140.27061462411
1995-03-25,10.5,92308.41293335
1995-03-26,10.5,90367.32444763221
1995-03-27,10.5,88912.04109191915
1995-03-28,10.5,86301.28269195561
1995-03-29,10.5,83655.17578125
1995-03-30,10.5,80567.65537261966
1995-03-31,10.5,78892.38109588619
1995-04-01,10.5,77854.38938140866
1995-04-02,10.5,75931.03694915773
1995-04-03,10.5,74848.54030609134
1995-04-04,10.5,73364.42298889157
1995-04-05,10.5,71916.47815704344
1995-04-06,10.5,72553.26633453372
1995-04-07,10.5,73782.85789489743
1995-04-08,10.5,75041.87564849849
1995-04-09,10.5,74534.8480224609
1995-04-10,10.5,72973.77662658688
1995-04-11,10.5,70695.23448944087
1995-04-12,10.5,68133.28628540036
1995-04-13,10.5,65570.36476135257
1995-04-14,10.5,62527.68402099612
1995-04-15,10.5,60502.70977020268
1995-04-16,10.5,58825.74119567869
1995-04-17,10.5,56938.74664306639
1995-04-18,10.5,56046.26884460446
1995-04-19,10.5,55550.174331664995
1995-04-20,10.5,54274.9654769897
1995-04-21,10.5,52588.61389160153
1995-04-22,10.5,51390.86380004883
1995-04-23,10.5,49133.296966552705
1995-04-24,10.5,47601.40972137448
1995-04-25,10.5,46148.176002502456
1995-04-26,10.5,44797.964859008775
1995-04-27,10.5,43530.43956756593
1995-04-28,10.5,42185.43491363525
1995-04-29,10.5,40893.6667442322
1995-04-30,10.5,39842.37813949589
1995-05-01,10.5,38706.13002777097
1995-05-02,10.5,37332.37123489379
1995-05-03,10.5,35908.83407592775
1995-05-04,10.5,34700.65298080445
1995-05-05,10.5,33325.17929077144
1995-05-06,10.5,31770.48339843747
1995-05-07,10.5,30683.398246765108
1995-05-08,10.5,31934.52129364016
1995-05-09,10.5,32324.160861968972
1995-05-10,10.5,31913.803482055628
1995-05-11,10.5,30697.24102020268
1995-05-12,10.5,29855.75695037845
1995-05-13,10.5,28625.32339096066
1995-05-14,10.5,27478.348159790046
1995-05-15,10.5,26303.713130950935
1995-05-16,10.5,25469.750404357954
1995-05-17,10.5,25278.426074981726
1995-05-18,10.5,25490.761756896958
1995-05-19,10.5,25413.36479187014
1995-05-20,10.5,25750.69484710691
1995-05-21,10.5,25368.275356292736
1995-05-22,10.5,24661.428737640395
1995-05-23,10.5,24364.849376678456
1995-05-24,10.5,24036.23285293582
1995-05-25,10.5,23269.472980499293
1995-05-26,10.5,22712.739086151156
1995-05-27,10.5,22573.99978637694
1995-05-28,10.5,23597.690391540516
1995-05-29,10.5,24607.97853469848
1995-05-30,10.5,27352.46286392213
1995-05-31,10.5,27366.36743545528
1995-06-01,10.5,27649.328041076693
1995-06-02,10.5,28074.61223602295
1995-06-03,10.5,27778.050899505623
1995-06-04,10.5,27553.651714324944
1995-06-05,10.5,26645.909786224358
1995-06-06,10.5,25654.266643524134
1995-06-07,10.5,25153.14588546756
1995-06-08,10.5,26976.11503601077
1995-06-09,10.5,28008.0402374268
1995-06-10,10.5,27833.48379135129
1995-06-11,10.5,27715.549850463824
1995-06-12,10.5,27480.90763092038
1995-06-13,10.5,27589.53838348385
1995-06-14,10.5,30581.289768218972
1995-06-15,10.5,32488.88883590702
1995-06-16,10.5,32027.182388305628
1995-06-17,10.5,31827.118778228796
1995-06-18,10.5,31314.400577545195
1995-06-19,10.5,29835.10608673092
1995-06-20,10.5,28989.182853698716
1995-06-21,10.5,28869.091129302935
1995-06-22,10.5,28083.045101165804
1995-06-23,10.5,26909.13105010984
1995-06-24,10.5,26036.199474334673
1995-06-25,10.5,25057.796573638883
1995-06-26,10.5,23848.369216918967
1995-06-27,10.5,22963.12694549557
1995-06-28,10.5,21337.499713897672
1995-06-29,10.5,19746.811580657963
1995-06-30,10.5,18282.344770431504
1995-07-01,10.5,17262.190818786643
1995-07-02,10.5,16465.682888031028
1995-07-03,10.5,15808.702182769786
1995-07-04,10.5,15225.88047981264
1995-07-05,10.5,14436.539840698242
1995-07-06,10.5,13905.363321304329
1995-07-07,10.5,13729.713821411126
1995-07-08,10.5,13584.087896347068
1995-07-09,10.5,13511.615467071544
1995-07-10,10.5,14236.133766174344
1995-07-11,10.5,13797.583580017095
1995-07-12,10.5,13347.228670120256
1995-07-13,10.5,12872.759628295902
1995-07-14,10.5,12840.646505355851
1995-07-15,10.5,12698.025512695316
1995-07-16,10.5,12688.968229293801
1995-07-17,10.5,13098.201656341567
1995-07-18,10.5,12774.629402160652
1995-07-19,10.5,12092.459535598726
1995-07-20,10.5,11647.275066375752
1995-07-21,10.5,11426.83353424074
1995-07-22,10.5,10846.660137176477
1995-07-23,10.5,9987.665963172942
1995-07-24,10.5,9551.22849941253
1995-07-25,10.5,9019.425630569443
1995-07-26,10.5,8886.904120445213
1995-07-27,10.5,8729.389786720263
1995-07-28,10.5,8390.031337738033
1995-07-29,10.5,8390.277242660526
1995-07-30,10.5,8342.661809921265
1995-07-31,10.5,8196.158480644228
1995-08-01,10.5,7915.074348449707
1995-08-02,10.5,7637.0324850082425
1995-08-03,10.5,6997.159552574158
1995-08-04,10.5,6709.543490409848
1995-08-05,10.5,6655.949091911312
1995-08-06,10.5,6369.080400466921
1995-08-07,10.5,5840.019822120668
1995-08-08,10.5,5567.65887737274
1995-08-09,10.5,5192.276966571804
1995-08-10,10.5,4725.872898101804
1995-08-11,10.5,4724.79432821274
1995-08-12,10.5,4678.654003143313
1995-08-13,10.5,4526.687979698185
1995-08-14,10.5,4144.511175155643
1995-08-15,10.5,3748.676347732541
1995-08-16,10.5,3654.0264487266513
1995-08-17,10.5,3721.9927668571436
1995-08-18,10.5,3725.5995869636536
1995-08-19,10.5,3682.795393466945
1995-08-20,10.5,3671.2381839752215
1995-08-21,10.5,3742.5850510597193
1995-08-22,10.5,3741.6921973228455
1995-08-23,10.5,4181.6293001174945
1995-08-24,10.5,5145.676374435422
1995-08-25,10.5,6409.171915054321
1995-08-26,10.5,8814.12398815153
1995-08-27,10.5,8382.139849662777
1995-08-28,10.5,8512.333631515503
1995-08-29,10.5,8140.3296947479275
1995-08-30,10.5,7618.356585502623
1995-08-31,10.5,7253.481316566465
1995-09-01,10.5,6819.886565208431
1995-09-02,10.5,6865.273404121395
1995-09-03,10.5,7001.462888717648
1995-09-04,10.5,9024.023795127869
1995-09-05,10.5,9412.416458129866
1995-09-06,10.5,9596.954584121675
1995-09-07,10.5,9913.861012458787
1995-09-08,10.5,10163.99073600772
1995-09-09,10.5,10185.528659820595
1995-09-10,10.5,11207.110404968267
1995-09-11,10.5,11497.7352619171
1995-09-12,10.5,13169.257879257246
1995-09-13,10.5,13497.45597839356
1995-09-14,10.5,14927.009439468384
1995-09-15,10.5,16361.786127090414
1995-09-16,10.5,16371.221923828107
1995-09-17,10.5,17688.808822631847
1995-09-18,10.5,18281.61349296569
1995-09-19,10.5,18526.24640464779
1995-09-20,10.5,18310.22858619694
1995-09-21,10.5,17982.82098770141
1995-09-22,10.5,17969.44298744203
1995-09-23,10.5,17614.35756683349
1995-09-24,10.5,16971.721744537354
1995-09-25,10.5,16427.986049652107
1995-09-26,10.5,16579.94370460514
1995-09-27,10.5,16741.42084121708
1995-09-28,10.5,16665.346097946145
1995-09-29,10.5,16640.20714759825
1995-09-30,10.5,16757.69176483151
1995-10-01,10.5,16477.45027542118
1995-10-02,10.5,16527.43978500364
1995-10-03,10.5,16331.868124008195
1995-10-04,10.5,16415.750026702914
1995-10-05,10.5,16885.38594245913
1995-10-06,10.5,17340.35768508911
1995-10-07,10.5,17432.143306732196
1995-10-08,10.5,17463.42988014217
1995-10-09,10.5,17372.213315963712
1995-10-10,10.5,17239.38603401183
1995-10-11,10.5,17144.420385360758
1995-10-12,10.5,16949.80916976931
1995-10-13,10.5,16747.394657135013
1995-10-14,10.5,16594.450807571426
1995-10-15,10.5,16590.4339313507
1995-10-16,10.5,16215.378713607832
1995-10-17,10.5,15930.538415908792
1995-10-18,10.5,15714.408588409384
1995-10-19,10.5,15319.483995437597
1995-10-20,10.5,14902.227115631136
1995-10-21,10.5,14325.42042732237
1995-10-22,10.5,13925.356292724593
1995-10-23,10.5,13560.993432998697
1995-10-24,10.5,13390.489912033125
1995-10-25,10.5,13430.455255508428
1995-10-26,10.5,13318.249225616495
1995-10-27,10.5,13896.40903472903
1995-10-28,10.5,14363.112115859964
1995-10-29,10.5,14428.880739212058
1995-10-30,10.5,14368.906974792502
1995-10-31,10.5,15174.006128311135
1995-11-01,10.5,16657.02137947084
1995-11-02,10.5,16966.324710845915
1995-11-03,10.5,16913.231134414647
1995-11-04,10.5,16247.20730781557
1995-11-05,10.5,15853.185224533125
1995-11-06,10.5,15727.360439300573
1995-11-07,10.5,15984.907865524254
1995-11-08,10.5,15979.608678817785
1995-11-09,10.5,16308.5367679596
1995-11-10,10.5,18698.188018798828
1995-11-11,10.5,20396.270942687952
1995-11-12,10.5,20920.65610885621
1995-11-13,10.5,21021.540212631255
1995-11-14,10.5,21328.607225418047
1995-11-15,10.5,21729.763126373302
1995-11-16,10.5,23213.607501983613
1995-11-17,10.5,26886.536121368386
1995-11-18,10.5,27536.294174194372
1995-11-19,10.5,27842.066001892046
1995-11-20,10.5,27726.614284515348
1995-11-21,10.5,27293.922042846712
1995-11-22,10.5,26861.9791030884
1995-11-23,10.5,26585.988807678223
1995-11-24,10.5,27684.426784515348
1995-11-25,10.5,28712.13426589965
1995-11-26,10.5,29059.856700897195
1995-11-27,10.5,29208.998680114753
1995-11-28,10.5,28857.1615219116
1995-11-29,10.5,28245.126056671186
1995-11-30,10.5,27524.627208709717
1995-12-01,10.5,26865.39859771732
1995-12-02,10.5,26183.95872116089
1995-12-03,10.5,25427.006721496597
1995-12-04,10.5,24773.455810546842
1995-12-05,10.5,24688.93146514894
1995-12-06,10.5,23485.480499267567
1995-12-07,10.5,22917.805767059355
1995-12-08,10.5,23377.80246734615
1995-12-09,10.5,22807.480716705286
1995-12-10,10.5,22204.084110259966
1995-12-11,10.5,22243.12505722048
1995-12-12,10.5,22416.885852813706
1995-12-13,10.5,23139.14337158207
1995-12-14,10.5,23154.410076141343
1995-12-15,10.5,22902.96134948734
1995-12-16,10.5,22628.613853454568
1995-12-17,10.5,22390.173625946023
1995-12-18,10.5,22010.78481674192
1995-12-19,10.5,21764.843845367443
1995-12-20,10.5,21574.1812705994
1995-12-21,10.5,20901.552772522
1995-12-22,10.5,21163.549661636316
1995-12-23,10.5,24470.629692077637
1995-12-24,10.5,24081.693077087366
1995-12-25,10.5,22940.75345993044
1995-12-26,10.5,22328.334331512422
1995-12-27,10.5,21605.932617187478
1995-12-28,10.5,21129.757690429728
1995-12-29,10.5,20567.571401596033
1995-12-30,10.5,19929.713344573996
1995-12-31,10.5,19872.000360488877
1996-01-01,10.5,18820.20320892331
1996-01-02,10.5,18315.07072448734
1996-01-03,10.5,18012.748003005974
1996-01-04,10.5,17694.595956802346
1996-01-05,10.5,17414.452314376817
1996-01-06,10.5,17135.05411148069
1996-01-07,10.5,16983.334636688276
1996-01-08,10.5,17338.848781585708
1996-01-09,10.5,17725.259399414055
1996-01-10,10.5,17732.162761688276
1996-01-11,10.5,18216.825914382913
1996-01-12,10.5,18700.961208343546
1996-01-13,10.5,19252.086925506566
1996-01-14,10.5,19843.20244789122
1996-01-15,10.5,20659.256601333607
1996-01-16,10.5,21234.61747169496
1996-01-17,10.5,21646.11940383911
1996-01-18,10.5,21824.772548675526
1996-01-19,10.5,21976.958084106438
1996-01-20,10.5,22246.16088867189
1996-01-21,10.5,22435.487079620372
1996-01-22,10.5,22376.65786743162
1996-01-23,10.5,22094.392490386992
1996-01-24,10.5,21673.616981506326
1996-01-25,10.5,21326.87945365903
1996-01-26,10.5,21268.744182586655
1996-01-27,10.5,20811.708641052228
1996-01-28,10.5,20289.264965057377
1996-01-29,10.5,19829.569530487017
1996-01-30,10.5,19435.99419593807
1996-01-31,10.5,19076.714229583726
1996-02-01,10.5,18839.179086685144
1996-02-02,10.5,18617.38443374636
1996-02-03,10.5,18316.66331291196
1996-02-04,10.5,18050.710058212295
1996-02-05,10.5,17839.068317413345
1996-02-06,10.5,17411.164140701287
1996-02-07,10.5,17013.467645645185
1996-02-08,10.5,16597.491788864158
1996-02-09,10.5,16173.941802978556
1996-02-10,10.5,15563.95211219789
1996-02-11,10.5,15511.023330688513
1996-02-12,10.5,16033.015108108542
1996-02-13,10.5,15757.253980636637
1996-02-14,10.5,15572.167396545428
1996-02-15,10.5,15502.514505386314
1996-02-16,10.5,17686.57507896427
1996-02-17,10.5,23767.982769012422
1996-02-18,10.5,29956.704139709484
1996-02-19,10.5,34988.98744583127
1996-02-20,10.5,32624.448108673074
1996-02-21,10.5,30494.14672851558
1996-02-22,10.5,29519.861125946023
1996-02-23,10.5,28994.65456008911
1996-02-24,10.5,28408.785438537587
1996-02-25,10.5,28128.590297698953
1996-02-26,10.5,28654.347896575884
1996-02-27,10.5,31618.099594116167
1996-02-28,10.5,35506.99710845949
1996-02-29,10.5,39595.59774398805
1996-03-01,10.5,42287.65153884884
1996-03-02,10.5,43595.37391662599
1996-03-03,10.5,44180.65853118899
1996-03-04,10.5,43929.13513183595
1996-03-05,10.5,43250.90618133547
1996-03-06,10.5,42500.46100616452
1996-03-07,10.5,42384.6076011658
1996-03-08,10.5,42831.62412643431
1996-03-09,10.5,42959.30671691897
1996-03-10,10.5,42413.11454772951
1996-03-11,10.5,41624.80773925784
1996-03-12,10.5,40709.46464538572
1996-03-13,10.5,39263.996887207024
1996-03-14,10.5,38030.32150268559
1996-03-15,10.5,36519.07482147214
1996-03-16,10.5,34898.618030548125
1996-03-17,10.5,33355.589103698716
1996-03-18,10.5,32208.69112014767
1996-03-19,10.5,31241.883087158196
1996-03-20,10.5,30519.35777664181
1996-03-21,10.5,29948.992252349883
1996-03-22,10.5,29077.55413055421
1996-03-23,10.5,29045.274925231963
1996-03-24,10.5,29772.249698638883
1996-03-25,10.5,30553.086662292502
1996-03-26,10.5,31522.312545776353
1996-03-27,10.5,32532.26852416991
1996-03-28,10.5,33877.63109207155
1996-03-29,10.5,34758.34665298465
1996-03-30,10.5,35364.36967849731
1996-03-31,10.5,35274.18050765994
1996-04-01,10.5,35462.731647491455
1996-04-02,10.5,35250.8079528809
1996-04-03,10.5,34689.82286453244
1996-04-04,10.5,34326.91354751591
1996-04-05,10.5,34217.7600860596
1996-04-06,10.5,34575.54788589474
1996-04-07,10.5,35219.93465423583
1996-04-08,10.5,35733.669948577866
1996-04-09,10.5,35737.94946670528
1996-04-10,10.5,35737.28771209718
1996-04-11,10.5,34892.49744415282
1996-04-12,10.5,33507.70769119262
1996-04-13,10.5,31679.39558029179
1996-04-14,10.5,30515.358924865694
1996-04-15,10.5,29392.930412292502
1996-04-16,10.5,28181.746959686294
1996-04-17,10.5,26752.117538452116
1996-04-18,10.5,25609.831237792976
1996-04-19,10.5,24791.47253036499
1996-04-20,10.5,24253.19309234615
1996-04-21,10.5,23402.006721496597
1996-04-22,10.5,22660.967731475863
1996-04-23,10.5,21985.51712036135
1996-04-24,10.5,21450.22587776183
1996-04-25,10.5,20696.563339233377
1996-04-26,10.5,20478.13024520877
1996-04-27,10.5,20132.938957214392
1996-04-28,10.5,19509.934329986543
1996-04-29,10.5,18832.21392631533
1996-04-30,10.5,18544.233512878443
1996-05-01,10.5,17991.21909141544
1996-05-02,10.5,17427.37069129942
1996-05-03,10.5,17706.31957054135
1996-05-04,10.5,17453.54733467106
1996-05-05,10.5,16477.49791145327
1996-05-06,10.5,15757.118797302228
1996-05-07,10.5,15472.297811508195
1996-05-08,10.5,15132.730150222818
1996-05-09,10.5,14597.294712066632
1996-05-10,10.5,14168.829202651988
1996-05-11,10.5,14142.780017852805
1996-05-12,10.5,14221.658849716165
1996-05-13,10.5,14174.414205551166
1996-05-14,10.5,14058.34321975704
1996-05-15,10.5,13588.158845901511
1996-05-16,10.5,13237.633609771767
1996-05-17,10.5,13651.2044906616
1996-05-18,10.5,15292.742156982433
1996-05-19,10.5,16279.378366470364
1996-05-20,10.5,18724.936294555635
1996-05-21,10.5,21381.649303436294
1996-05-22,10.5,21921.916580200224
1996-05-23,10.5,22067.515468597423
1996-05-24,10.5,22239.396572113008
1996-05-25,10.5,23187.598228454568
1996-05-26,10.5,22859.710407257044
1996-05-27,10.5,22429.078102111827
1996-05-28,10.5,21227.7076721191
1996-05-29,10.5,21002.996921539336
1996-05-30,10.5,20916.598033905037
1996-05-31,10.5,20422.083234787002
1996-06-01,10.5,19871.54331207273
1996-06-02,10.5,19269.39811706545
1996-06-03,10.5,19106.31809234615
1996-06-04,10.5,18154.264354705843
1996-06-05,10.5,17637.117290496837
1996-06-06,10.5,16936.474943161007
1996-06-07,10.5,16583.10699462892
1996-06-08,10.5,15969.024467468267
1996-06-09,10.5,15685.093116760292
1996-06-10,10.5,15507.735157012983
1996-06-11,10.5,14695.713329315211
1996-06-12,10.5,13733.555603027384
1996-06-13,10.5,12242.699718475305
1996-06-14,10.5,11620.549964904798
1996-06-15,10.5,10795.19519805912
1996-06-16,10.5,10507.452964782682
1996-06-17,10.5,9918.576979637128
1996-06-18,10.5,9428.030776977525
1996-06-19,10.5,9230.321931838993
1996-06-20,10.5,8818.194293975866
1996-06-21,10.5,8512.796473503115
1996-06-22,10.5,8284.505295753477
1996-06-23,10.5,7907.504081726077
1996-06-24,10.5,7787.847518920901
1996-06-25,10.5,7605.969929695129
1996-06-26,10.5,7262.97762393952
1996-06-27,10.5,6743.936061859134
1996-06-28,10.5,6300.604891777037
1996-06-29,10.5,6726.069974899296
1996-06-30,10.5,7151.916790008548
1996-07-01,10.5,7013.767147064205
1996-07-02,10.5,6752.647018432623
1996-07-03,10.5,6470.482063293454
1996-07-04,10.5,7572.210788726804
1996-07-05,10.5,8361.534047126768
1996-07-06,10.5,8301.272535324098
1996-07-07,10.5,8045.216631889345
1996-07-08,10.5,8117.152833938596
1996-07-09,10.5,7963.9643669128445
1996-07-10,10.5,7517.371416091921
1996-07-11,10.5,7183.122253417972
1996-07-12,10.5,6894.082260131839
1996-07-13,10.5,6393.402457237247
1996-07-14,10.5,6196.46801948547
1996-07-15,10.5,5682.119894027706
1996-07-16,10.5,5360.420894622799
1996-07-17,10.5,5046.3262796402
1996-07-18,10.5,4931.89455270767
1996-07-19,10.5,4818.909287452694
1996-07-20,10.5,4729.734313488008
1996-07-21,10.5,4646.738505363466
1996-07-22,10.5,4567.954945564274
1996-07-23,10.5,4427.38745212555
1996-07-24,10.5,4314.184927940364
1996-07-25,10.5,4170.589971542355
1996-07-26,10.5,3775.7361888885484
1996-07-27,10.5,3932.261109352108
1996-07-28,10.5,3945.477211475374
1996-07-29,10.5,3873.0083227157606
1996-07-30,10.5,3923.6312627792386
1996-07-31,10.5,3995.1413154602096
1996-08-01,10.5,4179.700362682342
1996-08-02,10.5,4137.840521335598
1996-08-03,10.5,3884.029948711394
1996-08-04,10.5,3728.115928173067
1996-08-05,10.5,3817.5860524177524
1996-08-06,10.5,3824.3394255638163
1996-08-07,10.5,3733.698356151581
1996-08-08,10.5,5812.363243103031
1996-08-09,10.5,6022.936391830444
1996-08-10,10.5,6046.036648750305
1996-08-11,10.5,5914.315938949589
1996-08-12,10.5,5374.041259288783
1996-08-13,10.5,5333.1071019172705
1996-08-14,10.5,4880.2738308906555
1996-08-15,10.5,4845.812058448793
1996-08-16,10.5,4721.627819538115
1996-08-17,10.5,4599.099576473232
1996-08-18,10.5,4506.377649307249
1996-08-19,10.5,4473.460829257963
1996-08-20,10.5,4371.4759469032315
1996-08-21,10.5,4163.325154781345
1996-08-22,10.5,4002.5371313095084
1996-08-23,10.5,3883.6752533912645
1996-08-24,10.5,4713.220703601839
1996-08-25,10.5,5608.02204608917
1996-08-26,10.5,5497.383499145504
1996-08-27,10.5,5526.958394050596
1996-08-28,10.5,5422.631621360784
1996-08-29,10.5,6524.201989173887
1996-08-30,10.5,6586.589097976686
1996-08-31,10.5,6384.95028018952
1996-09-01,10.5,5934.430575370786
1996-09-02,10.5,5803.778457641604
1996-09-03,10.5,5627.261209487915
1996-09-04,10.5,5554.079389572144
1996-09-05,10.5,5338.91097307205
1996-09-06,10.5,4978.09184789658
1996-09-07,10.5,4618.316209316253
1996-09-08,10.5,4468.142652511593
1996-09-09,10.5,4293.838870525363
1996-09-10,10.5,4126.690793037413
1996-09-11,10.5,3930.1042914390523
1996-09-12,10.5,4020.3549385070837
1996-09-13,10.5,4118.598139286042
1996-09-14,10.5,4159.805560112001
1996-09-15,10.5,4208.5253119468725
1996-09-16,10.5,4186.1682415008545
1996-09-17,10.5,4073.7143754959125
1996-09-18,10.5,3839.031279087062
1996-09-19,10.5,3795.694398880001
1996-09-20,10.5,3766.212844848631
1996-09-21,10.5,3561.3544106483487
1996-09-22,10.5,3363.6095166206323
1996-09-23,10.5,3211.8736267089816
1996-09-24,10.5,3233.773648738864
1996-09-25,10.5,3269.7423934936533
1996-09-26,10.5,3421.3804364204443
1996-09-27,10.5,3715.8055543899527
1996-09-28,10.5,4056.424105167389
1996-09-29,10.5,5014.084732532505
1996-09-30,10.5,6099.210047721861
1996-10-01,10.5,6394.510316848758
1996-10-02,10.5,6644.587254524228
1996-10-03,10.5,6605.339026451113
1996-10-04,10.5,6876.211667060855
1996-10-05,10.5,6898.7679719924945
1996-10-06,10.5,6916.033458709719
1996-10-07,10.5,6902.333593368527
1996-10-08,10.5,7021.975994110106
1996-10-09,10.5,7357.158565521242
1996-10-10,10.5,7435.534644126896
1996-10-11,10.5,7387.773084640503
1996-10-12,10.5,7306.433272361757
1996-10-13,10.5,7314.507579803467
1996-10-14,10.5,7590.179228782657
1996-10-15,10.5,7726.853442192074
1996-10-16,10.5,7757.882523536685
1996-10-17,10.5,9137.618994712866
1996-10-18,10.5,9561.071133613583
1996-10-19,10.5,9696.186232566854
1996-10-20,10.5,9818.996429443334
1996-10-21,10.5,10076.699638366732
1996-10-22,10.5,10476.916337013234
1996-10-23,10.5,10540.773725509614
1996-10-24,10.5,10421.923756599417
1996-10-25,10.5,10340.041923522951
1996-10-26,10.5,10200.12009143829
1996-10-27,10.5,10744.829750061015
1996-10-28,10.5,12829.516410827633
1996-10-29,10.5,14800.291156768839
1996-10-30,10.5,15455.505466461138
1996-10-31,10.5,15735.002803802468
1996-11-01,10.5,16198.08812141417
1996-11-02,10.5,16460.251092910774
1996-11-03,10.5,16622.57409095762
1996-11-04,10.5,17147.70212173465
1996-11-05,10.5,18326.751852035493
1996-11-06,10.5,19892.410469055158
1996-11-07,10.5,22237.874794006326
1996-11-08,10.5,23051.953983306907
1996-11-09,10.5,23974.154090881373
1996-11-10,10.5,24644.393062591567
1996-11-11,10.5,25623.908329009966
1996-11-12,10.5,29031.421852111827
1996-11-13,10.5,32742.091083526582
1996-11-14,10.5,34280.304908752456
1996-11-15,10.5,35078.21359634402
1996-11-16,10.5,35075.12626647951
1996-11-17,10.5,34775.142860412634
1996-11-18,10.5,36148.945426940874
1996-11-19,10.5,36903.65209579472
1996-11-20,10.5,36875.487613677986
1996-11-21,10.5,37387.016201019316
1996-11-22,10.5,37959.44166183467
1996-11-23,10.5,39174.296951293916
1996-11-24,10.5,41148.655986785845
1996-11-25,10.5,42172.94654846194
1996-11-26,10.5,42916.364765167215
1996-11-27,10.5,42140.865612029986
1996-11-28,10.5,40552.5515556335
1996-11-29,10.5,38654.08830642704
1996-11-30,10.5,37342.15078353886
1996-12-01,10.5,34895.90921401979
1996-12-02,10.5,35867.76666641231
1996-12-03,10.5,37527.040386199995
1996-12-04,10.5,41087.800312042265
1996-12-05,10.5,46385.17684936522
1996-12-06,10.5,48870.98979949953
1996-12-07,10.5,48654.923057556196
1996-12-08,10.5,47297.76992797856
1996-12-09,10.5,45888.11416625972
1996-12-10,10.5,44355.15060424802
1996-12-11,10.5,42531.96001052857
1996-12-12,10.5,40500.37078857423
1996-12-13,10.5,39366.03841781616
1996-12-14,10.5,38505.30939102177
1996-12-15,10.5,42595.98283767704
1996-12-16,10.5,44095.243263244614
1996-12-17,10.5,45417.011833190874
1996-12-18,10.5,45752.060508728
1996-12-19,10.5,46505.45139312741
1996-12-20,10.5,45089.18838500972
1996-12-21,10.5,43672.93052673338
1996-12-22,10.5,42256.66751861569
1996-12-23,10.5,41412.42828369144
1996-12-24,10.5,38250.64458847049
1996-12-25,10.5,36365.72027206418
1996-12-26,10.5,33092.486286163345
1996-12-27,10.5,29819.254875183135
1996-12-28,10.5,28384.88759994508
1996-12-29,10.5,27001.418781280554
1996-12-30,10.5,26169.678211212173
1996-12-31,10.5,24603.40290069579
1997-01-01,10.5,23328.00092697143
1997-01-02,10.5,22031.99958801266
1997-01-03,10.5,20735.999536514286
1997-01-04,10.5,19439.99948501591
1997-01-05,10.5,18143.99943351745
1997-01-06,10.5,16761.600494384777
1997-01-07,10.5,15465.600442886314
1997-01-08,10.5,14204.551076889005
1997-01-09,10.5,14045.766019821189
1997-01-10,10.5,13850.589609146133
1997-01-11,10.5,13420.767116546609
1997-01-12,10.5,13229.625606536882
1997-01-13,10.5,13392.847251892052
1997-01-14,10.5,14189.637136459365
1997-01-15,10.5,14476.188468933127
1997-01-16,10.5,14517.902183532682
1997-01-17,10.5,14498.02637100222
1997-01-18,10.5,14374.601411819442
1997-01-19,10.5,14358.949756622353
1997-01-20,10.5,14454.139423370372
1997-01-21,10.5,14333.837842941322
1997-01-22,10.5,14206.598138809237
1997-01-23,10.5,14247.61404991148
1997-01-24,10.5,14247.733783721902
1997-01-25,10.5,14164.507198333726
1997-01-26,10.5,13989.411306381253
1997-01-27,10.5,13848.395776748697
1997-01-28,10.5,13676.984596252456
1997-01-29,10.5,13626.49168968198
1997-01-30,10.5,13603.277492523186
1997-01-31,10.5,13787.82849311827
1997-02-01,10.5,13804.015731811487
1997-02-02,10.5,13647.602176666274
1997-02-03,10.5,13580.449533462528
1997-02-04,10.5,14446.994018554684
1997-02-05,10.5,17611.52000427248
1997-02-06,10.5,19111.279964447058
1997-02-07,10.5,21649.644470214866
1997-02-08,10.5,23866.002273559596
1997-02-09,10.5,25467.75741577144
1997-02-10,10.5,26982.804679870613
1997-02-11,10.5,29883.210754394502
1997-02-12,10.5,32699.610042572014
1997-02-13,10.5,38868.14146041873
1997-02-14,10.5,44820.39241790773
1997-02-15,10.5,48455.23281097412
1997-02-16,10.5,49219.99454498291
1997-02-17,10.5,48359.68265533443
1997-02-18,10.5,48538.74778747563
1997-02-19,10.5,50937.13188171382
1997-02-20,10.5,56212.36667633057
1997-02-21,10.5,61920.09544372563
1997-02-22,10.5,66203.24420928958
1997-02-23,10.5,68058.1552505493
1997-02-24,10.5,69494.94552612308
1997-02-25,10.5,72467.09403991698
1997-02-26,10.5,74920.4887390137
1997-02-27,10.5,75237.35847473149
1997-02-28,10.5,73945.57228088383
1997-03-01,10.5,71770.04241943361
1997-03-02,10.5,69972.89714813232
1997-03-03,10.5,68856.70509338383
1997-03-04,10.5,66963.40198516849
1997-03-05,10.5,64583.16593170164
1997-03-06,10.5,62126.712226867676
1997-03-07,10.5,59453.01246643068
1997-03-08,10.5,56762.49847412108
1997-03-09,10.5,54250.28743743899
1997-03-10,10.5,51778.64685058595
1997-03-11,10.5,49580.071449279756
1997-03-12,10.5,47144.50550079344
1997-03-13,10.5,44207.80334472658
1997-03-14,10.5,42361.65218353268
1997-03-15,10.5,41218.86892318724
1997-03-16,10.5,39390.77825546265
1997-03-17,10.5,37159.43956375118
1997-03-18,10.5,35926.75552368162
1997-03-19,10.5,36721.9965934753
1997-03-20,10.5,35259.02194976804
1997-03-21,10.5,33949.46880340574
1997-03-22,10.5,32980.827426910415
1997-03-23,10.5,31568.614768981963
1997-03-24,10.5,30546.65708541873
1997-03-25,10.5,29842.86174774169
1997-03-26,10.5,30050.410652160655
1997-03-27,10.5,32816.52688980105
1997-03-28,10.5,34559.62715148923
1997-03-29,10.5,35235.78329086301
1997-03-30,10.5,34852.54497528079
1997-03-31,10.5,34002.06928253173
1997-04-01,10.5,32997.26829528806
1997-04-02,10.5,32042.850780487017
1997-04-03,10.5,32522.07956314087
1997-04-04,10.5,32676.96361541745
1997-04-05,10.5,33331.750488281265
1997-04-06,10.5,34357.17916488643
1997-04-07,10.5,34343.26944351195
1997-04-08,10.5,34243.506717681856
1997-04-09,10.5,33849.093246459954
1997-04-10,10.5,33075.78020095821
1997-04-11,10.5,32278.474044799772
1997-04-12,10.5,31442.101192474358
1997-04-13,10.5,30392.437362670855
1997-04-14,10.5,29406.191253662073
1997-04-15,10.5,27977.55832672119
1997-04-16,10.5,26808.217334747307
1997-04-17,10.5,25825.61731338501
1997-04-18,10.5,24786.752700805628
1997-04-19,10.5,23942.382144927986
1997-04-20,10.5,23003.385829925526
1997-04-21,10.5,22216.23773574826
1997-04-22,10.5,21327.904272079497
1997-04-23,10.5,20475.926113128684
1997-04-24,10.5,22844.065189361587
1997-04-25,10.5,25836.10754013057
1997-04-26,10.5,26073.749542236306
1997-04-27,10.5,25999.99608993526
1997-04-28,10.5,25801.111793518037
1997-04-29,10.5,27050.83923339847
1997-04-30,10.5,27186.679172515913
1997-05-01,10.5,23460.356998443567
1997-05-02,10.5,21375.083255767804
1997-05-03,10.5,19715.00358581545
1997-05-04,10.5,19866.359996795665
1997-05-05,10.5,24281.70003890994
1997-05-06,10.5,24033.98752212528
1997-05-07,10.5,23312.283611297647
1997-05-08,10.5,23401.3938903809
1997-05-09,10.5,23625.18024444579
1997-05-10,10.5,22139.729118347183
1997-05-11,10.5,21348.24743270877
1997-05-12,10.5,20914.217519760172
1997-05-13,10.5,19977.581119537354
1997-05-14,10.5,18731.591176986665
1997-05-15,10.5,18330.70306777952
1997-05-16,10.5,18424.484252929728
1997-05-17,10.5,16369.088602066044
1997-05-18,10.5,30254.025077819795
1997-05-19,10.5,33047.01833724977
1997-05-20,10.5,40363.67597579954
1997-05-21,10.5,48062.83035278325
1997-05-22,10.5,48347.477531433135
1997-05-23,10.5,45937.48569488524
1997-05-24,10.5,40468.99538040163
1997-05-25,10.5,35036.20119094848
1997-05-26,10.5,32256.108283996597
1997-05-27,10.5,34448.03524017331
1997-05-28,10.5,38179.538154602094
1997-05-29,10.5,37745.223712921186
1997-05-30,10.5,35223.68116378783
1997-05-31,10.5,30886.070251464866
1997-06-01,10.5,27197.133350372358
1997-06-02,10.5,24183.69340896605
1997-06-03,10.5,22060.64043045046
1997-06-04,10.5,20210.859918594375
1997-06-05,10.5,18940.267896652225
1997-06-06,10.5,17233.358144760172
1997-06-07,10.5,15185.310029983499
1997-06-08,10.5,13956.417560577398
1997-06-09,10.5,13828.583049774134
1997-06-10,10.5,12873.84366989134
1997-06-11,10.5,12152.829837799065
1997-06-12,10.5,11883.704280853277
1997-06-13,10.5,12986.83891296383
1997-06-14,10.5,14392.457199096709
1997-06-15,10.5,13182.073259353632
1997-06-16,10.5,11571.101188659706
1997-06-17,10.5,14844.650602340736
1997-06-18,10.5,14358.477258682215
1997-06-19,10.5,13969.229078292854
1997-06-20,10.5,13554.655265808084
1997-06-21,10.5,13894.04010772705
1997-06-22,10.5,14620.640230178811
1997-06-23,10.5,15140.291404724121
1997-06-24,10.5,15070.772409439105
1997-06-25,10.5,14078.963184356675
1997-06-26,10.5,13767.090082168606
1997-06-27,10.5,16590.330934524576
1997-06-28,10.5,20805.77988624577
1997-06-29,10.5,22134.419631957975
1997-06-30,10.5,23025.411701202356
1997-07-01,10.5,23107.95593261721
1997-07-02,10.5,23079.48760986324
1997-07-03,10.5,23372.92556762694
1997-07-04,10.5,23645.282649993907
1997-07-05,10.5,23630.2399635315
1997-07-06,10.5,22493.914604187004
1997-07-07,10.5,21170.4800605774
1997-07-08,10.5,19433.154058456435
1997-07-09,10.5,18428.14707756042
1997-07-10,10.5,17552.765464782682
1997-07-11,10.5,16530.09839057926
1997-07-12,10.5,15792.73381233219
1997-07-13,10.5,14963.091802597068
1997-07-14,10.5,13924.86577033994
1997-07-15,10.5,13154.852485656776
1997-07-16,10.5,12294.781351089463
1997-07-17,10.5,11632.139682769786
1997-07-18,10.5,10833.198451995888
1997-07-19,10.5,10118.331599235495
1997-07-20,10.5,9606.813311576823
1997-07-21,10.5,9193.092441558798
1997-07-22,10.5,8919.158220291109
1997-07-23,10.5,8670.868921279873
1997-07-24,10.5,9103.780031204216
1997-07-25,10.5,10027.609419822711
1997-07-26,10.5,10683.666372299183
1997-07-27,10.5,13034.847021102923
1997-07-28,10.5,14054.343080520614
1997-07-29,10.5,13767.688751220721
1997-07-30,10.5,13532.749128341686
1997-07-31,10.5,14809.224843978911
1997-08-01,10.5,15643.370389938393
1997-08-02,10.5,15562.251377105735
1997-08-03,10.5,15158.605527877768
1997-08-04,10.5,14585.365104675293
1997-08-05,10.5,14083.805322647077
1997-08-06,10.5,13571.369075775168
1997-08-07,10.5,12862.247514724713
1997-08-08,10.5,12191.22834205631
1997-08-09,10.5,11597.419452667218
1997-08-10,10.5,11143.983650207501
1997-08-11,10.5,10623.432540893558
1997-08-12,10.5,10060.139679908774
1997-08-13,10.5,9544.805359840397
1997-08-14,10.5,8760.322952270497
1997-08-15,10.5,8037.838196754461
1997-08-16,10.5,7540.723371505737
1997-08-17,10.5,7208.862447738642
1997-08-18,10.5,7005.159831047061
1997-08-19,10.5,6762.1761560440045
1997-08-20,10.5,6519.725489616394
1997-08-21,10.5,6125.078988075258
1997-08-22,10.5,5603.268098831171
1997-08-23,10.5,5384.391152858736
1997-08-24,10.5,5184.871494770047
1997-08-25,10.5,5350.838971137999
1997-08-26,10.5,6327.445864677426
1997-08-27,10.5,6884.719204902646
1997-08-28,10.5,7235.786461830141
1997-08-29,10.5,7379.521751403806
1997-08-30,10.5,7541.797113418582
1997-08-31,10.5,7796.7709064483615
1997-09-01,10.5,7917.852687835691
1997-09-02,10.5,7978.356242179871
1997-09-03,10.5,8202.982020378115
1997-09-04,10.5,8038.605523109438
1997-09-05,10.5,8026.181530952457
1997-09-06,10.5,7761.790609359743
1997-09-07,10.5,7857.8145503997775
1997-09-08,10.5,7490.411353111264
1997-09-09,10.5,6694.8651552200345
1997-09-10,10.5,5923.990559577939
1997-09-11,10.5,5677.374315261839
1997-09-12,10.5,5793.270206451418
1997-09-13,10.5,6092.344021797178
1997-09-14,10.5,5894.917774200443
1997-09-15,10.5,5915.940070152283
1997-09-16,10.5,6252.549791336054
1997-09-17,10.5,6302.041053771969
1997-09-18,10.5,6276.695466041569
1997-09-19,10.5,6237.288880348208
1997-09-20,10.5,6100.891470909121
1997-09-21,10.5,5876.1697769165
1997-09-22,10.5,5707.768034935
1997-09-23,10.5,5531.974983215328
1997-09-24,10.5,5633.680486679075
1997-09-25,10.5,5666.638827323911
1997-09-26,10.5,5857.371568679812
1997-09-27,10.5,6045.085215568546
1997-09-28,10.5,6137.251925468443
1997-09-29,10.5,6186.388492584227
1997-09-30,10.5,6299.574923515317
1997-10-01,10.5,6451.904654502869
1997-10-02,10.5,6560.700845718384
1997-10-03,10.5,6570.5756664276105
1997-10-04,10.5,6672.282457351686
1997-10-05,10.5,7235.140800476077
1997-10-06,10.5,7532.798409461978
1997-10-07,10.5,8121.654438972471
1997-10-08,10.5,9006.107497215235
1997-10-09,10.5,11695.249700546254
1997-10-10,10.5,16993.371677398703
1997-10-11,10.5,22873.027896881136
1997-10-12,10.5,26107.916164398237
1997-10-13,10.5,27703.05376052857
1997-10-14,10.5,28664.487934112534
1997-10-15,10.5,29665.485763549772
1997-10-16,10.5,29322.14841842647
1997-10-17,10.5,29522.083282470725
1997-10-18,10.5,30254.895401000944
1997-10-19,10.5,30120.57209014894
1997-10-20,10.5,29640.81287384029
1997-10-21,10.5,28654.55904006956
1997-10-22,10.5,27650.146865844734
1997-10-23,10.5,26919.28653717038
1997-10-24,10.5,26441.38898849485
1997-10-25,10.5,25448.14682006838
1997-10-26,10.5,24682.543087005623
1997-10-27,10.5,23827.306365966757
1997-10-28,10.5,22837.08972930912
1997-10-29,10.5,22172.368812561013
1997-10-30,10.5,22067.75493621827
1997-10-31,10.5,21605.39703369144
1997-11-01,10.5,20942.739915847775
1997-11-02,10.5,20667.922496795665
1997-11-03,10.5,20097.403764724713
1997-11-04,10.5,19659.537220001184
1997-11-05,10.5,19037.060451507597
1997-11-06,10.5,19493.49603652952
1997-11-07,10.5,20104.441022872947
1997-11-08,10.5,21020.454883575418
1997-11-09,10.5,21247.02343940737
1997-11-10,10.5,21330.53712844848
1997-11-11,10.5,21576.100873947176
1997-11-12,10.5,21519.023895263694
1997-11-13,10.5,21814.828205108657
1997-11-14,10.5,21742.69437789918
1997-11-15,10.5,23156.86397552493
1997-11-16,10.5,24062.468719482433
1997-11-17,10.5,24293.400478363008
1997-11-18,10.5,24158.448886871316
1997-11-19,10.5,23771.247768402107
1997-11-20,10.5,23386.770915985122
1997-11-21,10.5,22736.42063140867
1997-11-22,10.5,23110.778045654322
1997-11-23,10.5,23473.92168045046
1997-11-24,10.5,23395.584869384777
1997-11-25,10.5,22657.06415176393
1997-11-26,10.5,22088.681316375754
1997-11-27,10.5,21393.018865585353
1997-11-28,10.5,20808.393430709835
1997-11-29,10.5,20827.075767517097
1997-11-30,10.5,21986.871528625517
1997-12-01,10.5,23216.004753112768
1997-12-02,10.5,23568.889904022242
1997-12-03,10.5,23586.78045272823
1997-12-04,10.5,23464.44854736324
1997-12-05,10.5,23151.884078979503
1997-12-06,10.5,23111.223506927512
1997-12-07,10.5,23709.009361267097
1997-12-08,10.5,24059.06724929812
1997-12-09,10.5,24498.27146530152
1997-12-10,10.5,26049.01227951053
1997-12-11,10.5,28979.519176483143
1997-12-12,10.5,30948.24943542482
1997-12-13,10.5,32328.151988983143
1997-12-14,10.5,33074.446392059355
1997-12-15,10.5,32976.712703704805
1997-12-16,10.5,32296.11482620235
1997-12-17,10.5,31785.116672515913
1997-12-18,10.5,30532.049560546842
1997-12-19,10.5,29560.39037704472
1997-12-20,10.5,28893.64814758302
1997-12-21,10.5,27984.09605026242
1997-12-22,10.5,27366.336536407493
1997-12-23,10.5,27020.694637298595
1997-12-24,10.5,26480.57670593266
1997-12-25,10.5,28664.79949951171
1997-12-26,10.5,33195.032501220725
1997-12-27,10.5,37802.08826065059
1997-12-28,10.5,41065.18220901488
1997-12-29,10.5,42566.476821899414
1997-12-30,10.5,43255.65948486324
1997-12-31,10.5,43610.35480499263
1998-01-01,10.5,43180.25550842284
1998-01-02,10.5,42837.48464584355
1998-01-03,10.5,43054.769325256326
1998-01-04,10.5,49394.55871582027
1998-01-05,10.5,53322.157287597656
1998-01-06,10.5,56159.09156799319
1998-01-07,10.5,58935.757255554214
1998-01-08,10.5,62098.867034912066
1998-01-09,10.5,64060.78662872317
1998-01-10,10.5,65627.37350463864
1998-01-11,10.5,66245.89519500737
1998-01-12,10.5,65891.318321228
1998-01-13,10.5,64726.01222991943
1998-01-14,10.5,63152.390670776345
1998-01-15,10.5,61904.821014404326
1998-01-16,10.5,61258.61892700198
1998-01-17,10.5,60971.412277221665
1998-01-18,10.5,60734.092140197776
1998-01-19,10.5,61383.7240219116
1998-01-20,10.5,63204.03327941897
1998-01-21,10.5,63340.102386474595
1998-01-22,10.5,62247.08461761476
1998-01-23,10.5,60319.869804382324
1998-01-24,10.5,58394.00939941405
1998-01-25,10.5,56132.17334747317
1998-01-26,10.5,53672.356796264634
1998-01-27,10.5,51471.9841003418
1998-01-28,10.5,49947.801017761245
1998-01-29,10.5,48076.18904113771
1998-01-30,10.5,45952.2193908691
1998-01-31,10.5,43722.02396392822
1998-02-01,10.5,40844.49348449707
1998-02-02,10.5,38791.102409362764
1998-02-03,10.5,37822.84469604496
1998-02-04,10.5,37419.336605072014
1998-02-05,10.5,38186.1222267151
1998-02-06,10.5,38504.457092285134
1998-02-07,10.5,38731.98738098149
1998-02-08,10.5,38727.09245681767
1998-02-09,10.5,38792.3177719116
1998-02-10,10.5,39499.30086135866
1998-02-11,10.5,41330.07202148442
1998-02-12,10.5,47084.14421081545
1998-02-13,10.5,52352.231025695786
1998-02-14,10.5,56619.09599304202
1998-02-15,10.5,60880.27038574216
1998-02-16,10.5,64612.54062652588
1998-02-17,10.5,67963.12007904051
1998-02-18,10.5,69223.92482757565
1998-02-19,10.5,69401.72824859615
1998-02-20,10.5,68231.77185058595
1998-02-21,10.5,66468.63613128665
1998-02-22,10.5,65412.14103698735
1998-02-23,10.5,63520.8927154541
1998-02-24,10.5,62231.8359375
1998-02-25,10.5,60624.74040985105
1998-02-26,10.5,58443.360328674346
1998-02-27,10.5,56810.44864654543
1998-02-28,10.5,56209.894752502456
1998-03-01,10.5,55172.56736755374
1998-03-02,10.5,55194.1349029541
1998-03-03,10.5,57176.22127532962
1998-03-04,10.5,66747.29404449461
1998-03-05,10.5,80850.2065658569
1998-03-06,10.5,94334.02061462411
1998-03-07,10.5,104491.94869995091
1998-03-08,10.5,110206.60400390631
1998-03-09,10.5,110923.53401184076
1998-03-10,10.5,108795.1251983642
1998-03-11,10.5,105694.56024169909
1998-03-12,10.5,103303.12843322728
1998-03-13,10.5,100181.1195373536
1998-03-14,10.5,97543.66950988761
1998-03-15,10.5,94546.71936035136
1998-03-16,10.5,91012.88795471194
1998-03-17,10.5,87517.33016967794
1998-03-18,10.5,83798.18172454837
1998-03-19,10.5,79786.16180419919
1998-03-20,10.5,76089.77050781253
1998-03-21,10.5,72250.07972717284
1998-03-22,10.5,68799.85599517822
1998-03-23,10.5,65258.876609802224
1998-03-24,10.5,62172.89085388185
1998-03-25,10.5,59190.344810485825
1998-03-26,10.5,56495.592498779275
1998-03-27,10.5,55058.30783843993
1998-03-28,10.5,53417.197608947776
1998-03-29,10.5,51931.47354125972
1998-03-30,10.5,50461.50283813478
1998-03-31,10.5,48980.10978698735
1998-04-01,10.5,47446.358299255386
1998-04-02,10.5,45477.75421142576
1998-04-03,10.5,47266.65458679202
1998-04-04,10.5,52619.31724548338
1998-04-05,10.5,59994.47708129883
1998-04-06,10.5,67790.13175964355
1998-04-07,10.5,73649.31221008302
1998-04-08,10.5,76405.88836669919
1998-04-09,10.5,76897.65186309813
1998-04-10,10.5,75782.15503692624
1998-04-11,10.5,73691.92199707027
1998-04-12,10.5,71522.8860855103
1998-04-13,10.5,69235.43472290036
1998-04-14,10.5,66966.58973693852
1998-04-15,10.5,65339.33258056639
1998-04-16,10.5,65235.372734069795
1998-04-17,10.5,65429.35695648196
1998-04-18,10.5,64671.897697448716
1998-04-19,10.5,63330.68847656252
1998-04-20,10.5,61572.203063964866
1998-04-21,10.5,60121.075630187945
1998-04-22,10.5,58262.01381683348
1998-04-23,10.5,56363.83380889895
1998-04-24,10.5,54858.329200744614
1998-04-25,10.5,54455.173873901396
1998-04-26,10.5,53257.03754425047
1998-04-27,10.5,52430.869102478
1998-04-28,10.5,51925.99411010739
1998-04-29,10.5,51211.37638092038
1998-04-30,10.5,50374.93400573735
1998-05-01,10.5,49272.72377014158
1998-05-02,10.5,47830.07297515867
1998-05-03,10.5,45822.66483306885
1998-05-04,10.5,44007.515716552705
1998-05-05,10.5,41844.45619583127
1998-05-06,10.5,41073.84681701662
1998-05-07,10.5,40309.51251983642
1998-05-08,10.5,38765.636444091804
1998-05-09,10.5,37564.582729339585
1998-05-10,10.5,36109.1165542603
1998-05-11,10.5,36502.43310928348
1998-05-12,10.5,36982.176876068144
1998-05-13,10.5,35648.27527999882
1998-05-14,10.5,34246.34170532225
1998-05-15,10.5,32742.96398162845
1998-05-16,10.5,31296.978664398237
1998-05-17,10.5,30091.555309295665
1998-05-18,10.5,28580.334377288862
1998-05-19,10.5,26776.617908477754
1998-05-20,10.5,25168.09587478641
1998-05-21,10.5,24003.16829681394
1998-05-22,10.5,23371.08707427975
1998-05-23,10.5,22134.94749069215
1998-05-24,10.5,21088.61045837401
1998-05-25,10.5,20243.29876899719
1998-05-26,10.5,19953.755378723174
1998-05-27,10.5,19862.97011375423
1998-05-28,10.5,19660.175800323523
1998-05-29,10.5,19284.05971527097
1998-05-30,10.5,18867.79289245608
1998-05-31,10.5,18082.941627502456
1998-06-01,10.5,17565.001487731955
1998-06-02,10.5,17028.180742263812
1998-06-03,10.5,16423.59580993653
1998-06-04,10.5,16108.618640899651
1998-06-05,10.5,15464.987611770614
1998-06-06,10.5,15182.807207107508
1998-06-07,10.5,15642.903041839581
1998-06-08,10.5,15999.671173095678
1998-06-09,10.5,16169.331407546968
1998-06-10,10.5,17374.454784393325
1998-06-11,10.5,17447.97520637516
1998-06-12,10.5,16801.756381988525
1998-06-13,10.5,15544.981384277384
1998-06-14,10.5,15062.517213821426
1998-06-15,10.5,14633.659029006922
1998-06-16,10.5,13872.05286025997
1998-06-17,10.5,12478.526401519786
1998-06-18,10.5,11880.865430831953
1998-06-19,10.5,11614.3147945404
1998-06-20,10.5,11282.384347915679
1998-06-21,10.5,11438.352441787709
1998-06-22,10.5,11406.136322021444
1998-06-23,10.5,10952.642583847064
1998-06-24,10.5,10934.477806091327
1998-06-25,10.5,10804.588508605968
1998-06-26,10.5,10472.381258010882
1998-06-27,10.5,10595.310544967675
1998-06-28,10.5,12890.154504775996
1998-06-29,10.5,14892.880153655984
1998-06-30,10.5,16910.111618042025
1998-07-01,10.5,20551.22065544132
1998-07-02,10.5,21235.474920272834
1998-07-03,10.5,20896.75698280338
1998-07-04,10.5,20406.147050857508
1998-07-05,10.5,19952.219438552824
1998-07-06,10.5,19129.028892517097
1998-07-07,10.5,17829.90031242367
1998-07-08,10.5,17045.406961441
1998-07-09,10.5,17091.56498908994
1998-07-10,10.5,16965.957784652695
1998-07-11,10.5,16973.34136962892
1998-07-12,10.5,17312.799596786524
1998-07-13,10.5,17224.309873580918
1998-07-14,10.5,17700.098562240622
1998-07-15,10.5,18575.798177719094
1998-07-16,10.5,17915.149497985833
1998-07-17,10.5,17381.661987304684
1998-07-18,10.5,17211.85884475704
1998-07-19,10.5,19099.079990386992
1998-07-20,10.5,19221.410608291582
1998-07-21,10.5,18984.765100479148
1998-07-22,10.5,18501.778221130342
1998-07-23,10.5,18019.28958892822
1998-07-24,10.5,17247.332239151037
1998-07-25,10.5,16279.22902107237
1998-07-26,10.5,15451.325082778925
1998-07-27,10.5,15167.522478103632
1998-07-28,10.5,14852.192544937123
1998-07-29,10.5,14508.662080764756
1998-07-30,10.5,16444.214487075773
1998-07-31,10.5,16092.301368713357
1998-08-01,10.5,15361.91611289977
1998-08-02,10.5,14844.901657104463
1998-08-03,10.5,14318.88527870176
1998-08-04,10.5,14178.716897964507
1998-08-05,10.5,13821.883106231719
1998-08-06,10.5,13437.800216674821
1998-08-07,10.5,13270.601606368982
1998-08-08,10.5,14319.230318069442
1998-08-09,10.5,15693.321275711021
1998-08-10,10.5,15575.266313552824
1998-08-11,10.5,15601.833057403526
1998-08-12,10.5,15211.345052719094
1998-08-13,10.5,14472.98011779788
1998-08-14,10.5,14038.06056976322
1998-08-15,10.5,13872.880697250352
1998-08-16,10.5,13659.200906753518
1998-08-17,10.5,13039.723920822133
1998-08-18,10.5,12509.279966354343
1998-08-19,10.5,11615.736150741572
1998-08-20,10.5,11253.904438018839
1998-08-21,10.5,12421.289777755737
1998-08-22,10.5,12490.511369705164
1998-08-23,10.5,11981.062030792262
1998-08-24,10.5,11699.960517883268
1998-08-25,10.5,11115.438079833966
1998-08-26,10.5,10637.263083457958
1998-08-27,10.5,10171.391701698345
1998-08-28,10.5,9809.292840957618
1998-08-29,10.5,9632.32498168946
1998-08-30,10.5,9986.474418640157
1998-08-31,10.5,11248.037481307969
1998-09-01,10.5,11638.685131072962
1998-09-02,10.5,11615.679502487223
1998-09-03,10.5,11229.472303390514
1998-09-04,10.5,10755.019354820257
1998-09-05,10.5,10275.400471687346
1998-09-06,10.5,9955.901741981499
1998-09-07,10.5,9925.489354133606
1998-09-08,10.5,9904.053783416744
1998-09-09,10.5,10542.141652107253
1998-09-10,10.5,13647.38202095034
1998-09-11,10.5,15620.354461669907
1998-09-12,10.5,16107.298994064298
1998-09-13,10.5,16002.661943435702
1998-09-14,10.5,16793.158721923784
1998-09-15,10.5,16794.36507225035
1998-09-16,10.5,16942.756462097186
1998-09-17,10.5,18250.923013687123
1998-09-18,10.5,18749.257707595796
1998-09-19,10.5,18610.752725601174
1998-09-20,10.5,18278.051090240504
1998-09-21,10.5,17642.785978317224
1998-09-22,10.5,16999.45363998409
1998-09-23,10.5,16484.748888015707
1998-09-24,10.5,15987.315416336065
1998-09-25,10.5,15465.187168121316
1998-09-26,10.5,15040.625238418606
1998-09-27,10.5,14645.533275604226
1998-09-28,10.5,14372.385692596474
1998-09-29,10.5,14246.061372756922
1998-09-30,10.5,14028.673696517923
1998-10-01,10.5,12910.249185562167
1998-10-02,10.5,11730.965137481719
1998-10-03,10.5,10739.956068992622
1998-10-04,10.5,10451.8694400787
1998-10-05,10.5,10646.032619476338
1998-10-06,10.5,10550.438690185583
1998-10-07,10.5,10436.416053772002
1998-10-08,10.5,10574.659681320154
1998-10-09,10.5,10817.915010452238
1998-10-10,10.5,11816.90440177916
1998-10-11,10.5,12986.344528198242
1998-10-12,10.5,13939.157867431619
1998-10-13,10.5,14038.079881668047
1998-10-14,10.5,15817.559909820595
1998-10-15,10.5,17410.89634895327
1998-10-16,10.5,18749.530649185144
1998-10-17,10.5,27579.915904998823
1998-10-18,10.5,37061.43808364871
1998-10-19,10.5,43410.788154602094
1998-10-20,10.5,48479.92630004883
1998-10-21,10.5,50790.57254791264
1998-10-22,10.5,54046.26102447507
1998-10-23,10.5,58472.6217269897
1998-10-24,10.5,62278.74069213865
1998-10-25,10.5,69913.5606765747
1998-10-26,10.5,79919.20280456546
1998-10-27,10.5,88677.18772888175
1998-10-28,10.5,99567.3099517822
1998-10-29,10.5,109084.90676879865
1998-10-30,10.5,115648.08082580562
1998-10-31,10.5,117775.92315673784
1998-11-01,10.5,117205.92842102094
1998-11-02,10.5,114013.51089477522
1998-11-03,10.5,109243.07899475069
1998-11-04,10.5,104452.30522155744
1998-11-05,10.5,99482.99674987813
1998-11-06,10.5,95390.21186828583
1998-11-07,10.5,90799.29313659707
1998-11-08,10.5,87043.4726715092
1998-11-09,10.5,84086.46984100339
1998-11-10,10.5,82880.98468780515
1998-11-11,10.5,81351.9453048706
1998-11-12,10.5,79652.81181335446
1998-11-13,10.5,77157.30686187741
1998-11-14,10.5,74814.66979980469
1998-11-15,10.5,73576.56555175784
1998-11-16,10.5,71565.10448455808
1998-11-17,10.5,69514.49432373044
1998-11-18,10.5,66919.4223403931
1998-11-19,10.5,64050.018310546846
1998-11-20,10.5,61894.8663711548
1998-11-21,10.5,59494.12879943852
1998-11-22,10.5,57086.557388305635
1998-11-23,10.5,55112.96825408934
1998-11-24,10.5,53489.53742980959
1998-11-25,10.5,52287.512969970725
1998-11-26,10.5,50789.331436157256
1998-11-27,10.5,49087.854766845674
1998-11-28,10.5,46806.001281738296
1998-11-29,10.5,44506.020355224595
1998-11-30,10.5,42558.25510025023
1998-12-01,10.5,40755.50680160526
1998-12-02,10.5,38899.7614860535
1998-12-03,10.5,37164.56108093266
1998-12-04,10.5,36254.805564880335
1998-12-05,10.5,35287.631893157966
1998-12-06,10.5,33760.02416610715
1998-12-07,10.5,31897.893047332785
1998-12-08,10.5,30215.48881530761
1998-12-09,10.5,28550.946807861357
1998-12-10,10.5,27243.19353103641
1998-12-11,10.5,26080.524158477754
1998-12-12,10.5,25180.216026306196
1998-12-13,10.5,27551.916217803977
1998-12-14,10.5,30791.668510437004
1998-12-15,10.5,35409.41019058231
1998-12-16,10.5,39837.81538009648
1998-12-17,10.5,43316.60785675047
1998-12-18,10.5,45820.187759399414
1998-12-19,10.5,47624.47071075444
1998-12-20,10.5,48448.55861663817
1998-12-21,10.5,48218.97354125972
1998-12-22,10.5,46798.904800414995
1998-12-23,10.5,44990.517425537124
1998-12-24,10.5,45763.96179199216
1998-12-25,10.5,47408.59451293947
1998-12-26,10.5,52406.63909912108
1998-12-27,10.5,59454.243278503396
1998-12-28,10.5,65249.92103576662
1998-12-29,10.5,68758.51821899414
1998-12-30,10.5,69723.81992340092
1998-12-31,10.5,68835.57014465329
1999-01-01,10.5,67009.0553283691
1999-01-02,10.5,64777.41279602049
1999-01-03,10.5,63337.06398010257
1999-01-04,10.5,62147.347640991225
1999-01-05,10.5,61751.58233642576
1999-01-06,10.5,62592.28363037108
1999-01-07,10.5,64226.570320129395
1999-01-08,10.5,65289.641761779756
1999-01-09,10.5,65258.9538574219
1999-01-10,10.5,64294.68727111815
1999-01-11,10.5,62866.028594970725
1999-01-12,10.5,61711.0427856445
1999-01-13,10.5,59528.86962890622
1999-01-14,10.5,58492.66490936277
1999-01-15,10.5,60157.16056823735
1999-01-16,10.5,66810.94608306885
1999-01-17,10.5,76599.6150970459
1999-01-18,10.5,84120.48454284671
1999-01-19,10.5,88768.54591369661
1999-01-20,10.5,94127.00729370133
1999-01-21,10.5,99132.9208374027
1999-01-22,10.5,102094.57397460903
1999-01-23,10.5,102645.66879272478
1999-01-24,10.5,101718.0690765385
1999-01-25,10.5,102987.32986450224
1999-01-26,10.5,106645.41664123535
1999-01-27,10.5,108876.84288024931
1999-01-28,10.5,108698.56567382795
1999-01-29,10.5,104627.89421081511
1999-01-30,10.5,99027.29759216287
1999-01-31,10.5,93657.13577270496
1999-02-01,10.5,89603.35578918489
1999-02-02,10.5,85952.30369567868
1999-02-03,10.5,82863.16623687741
1999-02-04,10.5,80590.53096771242
1999-02-05,10.5,80670.22476196288
1999-02-06,10.5,79925.28476715092
1999-02-07,10.5,79061.69242858888
1999-02-08,10.5,76830.90991973875
1999-02-09,10.5,73500.10585784908
1999-02-10,10.5,71284.76772308348
1999-02-11,10.5,68814.06955718993
1999-02-12,10.5,65302.593612670855
1999-02-13,10.5,62123.18973541264
1999-02-14,10.5,59091.89529418947
1999-02-15,10.5,57017.647361755386
1999-02-16,10.5,58884.887123107954
1999-02-17,10.5,61990.78216552739
1999-02-18,10.5,63254.39872741698
1999-02-19,10.5,63102.80284881593
1999-02-20,10.5,62476.587295532205
1999-02-21,10.5,63231.88877105714
1999-02-22,10.5,65437.66880035398
1999-02-23,10.5,44483.984184265115
1999-02-24,10.5,37301.853275299065
1999-02-25,10.5,33869.257450103745
1999-02-26,10.5,36970.92704772951
1999-02-27,10.5,45131.83937072752
1999-02-28,10.5,51221.43402099612
1999-03-01,10.5,57715.18306732178
1999-03-02,10.5,53197.94311523442
1999-03-03,10.5,62566.632270813
1999-03-04,10.5,70100.53081512448
1999-03-05,10.5,62721.48799896242
1999-03-06,10.5,65655.85212707517
1999-03-07,10.5,89255.29861450224
1999-03-08,10.5,89029.94155883828
1999-03-09,10.5,77436.2171173096
1999-03-10,10.5,126109.60235595677
1999-03-11,10.5,134487.27149963356
1999-03-12,10.5,138288.55476379392
1999-03-13,10.5,136762.9554748536
1999-03-14,10.5,133018.66035461464
1999-03-15,10.5,128179.34417724595
1999-03-16,10.5,122615.03334045428
1999-03-17,10.5,117816.0816192624
1999-03-18,10.5,113226.7799377437
1999-03-19,10.5,111220.39146423311
1999-03-20,10.5,108378.956222534
1999-03-21,10.5,104762.82005310067
1999-03-22,10.5,101715.55595397906
1999-03-23,10.5,99086.84005737343
1999-03-24,10.5,96202.17704772952
1999-03-25,10.5,93416.16439819324
1999-03-26,10.5,90828.956222534
1999-03-27,10.5,90914.2581939696
1999-03-28,10.5,91967.68913269075
1999-03-29,10.5,91804.7172546383
1999-03-30,10.5,90478.95240783715
1999-03-31,10.5,88864.40505981486
1999-04-01,10.5,86092.70381927493
1999-04-02,10.5,82690.30666351323
1999-04-03,10.5,79337.48188018794
1999-04-04,10.5,75837.021446228
1999-04-05,10.5,72208.53595733641
1999-04-06,10.5,70034.45835113524
1999-04-07,10.5,69211.35406494145
1999-04-08,10.5,68055.08079528806
1999-04-09,10.5,65840.23189544673
1999-04-10,10.5,64108.10852050784
1999-04-11,10.5,62087.099647522
1999-04-12,10.5,61067.72460937506
1999-04-13,10.5,60914.609527587934
1999-04-14,10.5,62275.63533782962
1999-04-15,10.5,66077.61898040773
1999-04-16,10.5,70672.11685180667
1999-04-17,10.5,73850.51136016849
1999-04-18,10.5,74633.85372161862
1999-04-19,10.5,73651.4493942261
1999-04-20,10.5,71911.19956970212
1999-04-21,10.5,69503.61270904544
1999-04-22,10.5,67547.23949432376
1999-04-23,10.5,65552.66990661617
1999-04-24,10.5,63646.01325988771
1999-04-25,10.5,61424.0884780884
1999-04-26,10.5,59143.44005584719
1999-04-27,10.5,56866.77761077881
1999-04-28,10.5,54808.40663909908
1999-04-29,10.5,52940.84758758547
1999-04-30,10.5,50467.4097061157
1999-05-01,10.5,48668.209648132324
1999-05-02,10.5,46325.98457336428
1999-05-03,10.5,43620.80898284908
1999-05-04,10.5,41528.54433059695
1999-05-05,10.5,39291.13397598267
1999-05-06,10.5,37751.048183441206
1999-05-07,10.5,35990.04449844357
1999-05-08,10.5,34386.08779907225
1999-05-09,10.5,33687.10498809813
1999-05-10,10.5,33553.43570709227
1999-05-11,10.5,34533.76464843747
1999-05-12,10.5,38519.60277557376
1999-05-13,10.5,43752.51102447507
1999-05-14,10.5,46499.7453689575
1999-05-15,10.5,46774.84989166264
1999-05-16,10.5,45738.140487670855
1999-05-17,10.5,44730.62038421629
1999-05-18,10.5,42897.71203994754
1999-05-19,10.5,40941.320800781265
1999-05-20,10.5,38833.418655395544
1999-05-21,10.5,36738.259792327866
1999-05-22,10.5,34786.09914779661
1999-05-23,10.5,33212.14799880983
1999-05-24,10.5,32000.869274139448
1999-05-25,10.5,30987.95471191405
1999-05-26,10.5,29531.471443176237
1999-05-27,10.5,28275.824260711703
1999-05-28,10.5,27256.807136535608
1999-05-29,10.5,25767.890167236306
1999-05-30,10.5,25479.081916809126
1999-05-31,10.5,24923.084449768037
1999-06-01,10.5,23627.42815017704
1999-06-02,10.5,22755.310249328584
1999-06-03,10.5,22923.09207916263
1999-06-04,10.5,23566.29695892331
1999-06-05,10.5,24549.926948547323
1999-06-06,10.5,25864.09692764285
1999-06-07,10.5,26660.991096496597
1999-06-08,10.5,26999.74508285526
1999-06-09,10.5,30020.183658599883
1999-06-10,10.5,31893.834972381614
1999-06-11,10.5,33945.79181671147
1999-06-12,10.5,37124.029254913345
1999-06-13,10.5,38327.65016555785
1999-06-14,10.5,38606.66341781616
1999-06-15,10.5,37408.27732086183
1999-06-16,10.5,36016.89062118526
1999-06-17,10.5,34216.21255874637
1999-06-18,10.5,32444.273185729973
1999-06-19,10.5,30454.631996154796
1999-06-20,10.5,29717.803001403852
1999-06-21,10.5,29783.4634780884
1999-06-22,10.5,28210.18953323361
1999-06-23,10.5,27026.47533416745
1999-06-24,10.5,26594.565868377642
1999-06-25,10.5,26238.90495300293
1999-06-26,10.5,29082.111740112297
1999-06-27,10.5,34586.32650375363
1999-06-28,10.5,37111.0027313232
1999-06-29,10.5,38657.75241851804
1999-06-30,10.5,39680.75037002564
1999-07-01,10.5,39838.24024200444
1999-07-02,10.5,39149.425792694135
1999-07-03,10.5,38344.93303298947
1999-07-04,10.5,37643.627643585234
1999-07-05,10.5,39015.174579620376
1999-07-06,10.5,41801.120281219446
1999-07-07,10.5,42289.618778228796
1999-07-08,10.5,32684.608554840055
1999-07-09,10.5,30551.801776885954
1999-07-10,10.5,29500.920009613004
1999-07-11,10.5,28848.666858673074
1999-07-12,10.5,28302.497863769553
1999-07-13,10.5,27657.96689987179
1999-07-14,10.5,35621.841144561724
1999-07-15,10.5,30723.83222579954
1999-07-16,10.5,28952.03962326053
1999-07-17,10.5,28430.13925552366
1999-07-18,10.5,28043.74408721921
1999-07-19,10.5,27495.09801864625
1999-07-20,10.5,27365.185546875044
1999-07-21,10.5,28164.78595733642
1999-07-22,10.5,27422.29213714601
1999-07-23,10.5,26387.125110626228
1999-07-24,10.5,26323.241329193093
1999-07-25,10.5,25114.089488983143
1999-07-26,10.5,24608.07638168337
1999-07-27,10.5,24301.68142318724
1999-07-28,10.5,23793.047046661362
1999-07-29,10.5,23446.838665008545
1999-07-30,10.5,23159.722137451172
1999-07-31,10.5,22718.28031539918
1999-08-01,10.5,22362.93096542355
1999-08-02,10.5,22104.59432601931
1999-08-03,10.5,21720.454788207975
1999-08-04,10.5,21454.905796051047
1999-08-05,10.5,21248.44737052916
1999-08-06,10.5,21039.459085464507
1999-08-07,10.5,20849.899864196737
1999-08-08,10.5,22465.047168731722
1999-08-09,10.5,23262.240028381373
1999-08-10,10.5,22551.198863983143
1999-08-11,10.5,23859.428501129158
1999-08-12,10.5,22474.028491973888
1999-08-13,10.5,21907.44037628173
1999-08-14,10.5,21874.898529052705
1999-08-15,10.5,24791.825294494618
1999-08-16,10.5,27414.10131454472
1999-08-17,10.5,26126.046180725065
1999-08-18,10.5,24139.265727996837
1999-08-19,10.5,33481.78853988643
1999-08-20,10.5,41010.58359146114
1999-08-21,10.5,35249.20377731323
1999-08-22,10.5,31235.154819488525
1999-08-23,10.5,23797.187519073526
1999-08-24,10.5,23620.882701873772
1999-08-25,10.5,23521.704483032205
1999-08-26,10.5,23333.513832092274
1999-08-27,10.5,23063.033866882317
1999-08-28,10.5,22172.15509414672
1999-08-29,10.5,21529.192256927512
1999-08-30,10.5,22273.95715713501
1999-08-31,10.5,24993.850994110075
1999-09-01,10.5,24995.61481475831
1999-09-02,10.5,24803.9119720459
1999-09-03,10.5,24332.922935485833
1999-09-04,10.5,22101.607418060303
1999-09-05,10.5,19870.290613174464
1999-09-06,10.5,17638.975095748934
1999-09-07,10.5,15407.659578323404
1999-09-08,10.5,15191.614723205606
1999-09-09,10.5,14855.36484718325
1999-09-10,10.5,14600.233983993552
1999-09-11,10.5,14513.284063339228
1999-09-12,10.5,14489.835548400923
1999-09-13,10.5,14419.636774063114
1999-09-14,10.5,14307.676649093664
1999-09-15,10.5,14154.843521118153
1999-09-16,10.5,14072.403573989828
1999-09-17,10.5,14113.559818267804
1999-09-18,10.5,14288.84754180912
1999-09-19,10.5,14390.688228607152
1999-09-20,10.5,14192.352390289334
1999-09-21,10.5,14276.069498062167
1999-09-22,10.5,14734.240579605139
1999-09-23,10.5,15616.408395767212
1999-09-24,10.5,18045.916843414292
1999-09-25,10.5,21576.61328315737
1999-09-26,10.5,24696.926593780554
1999-09-27,10.5,28793.179893493674
1999-09-28,10.5,39563.84382247927
1999-09-29,10.5,51181.3631057739
1999-09-30,10.5,58996.93737030034
1999-10-01,10.5,64041.979408264175
1999-10-02,10.5,74486.7897033691
1999-10-03,10.5,89525.22239685024
1999-10-04,10.5,100591.12930297882
1999-10-05,10.5,107237.57629394508
1999-10-06,10.5,109533.66394042973
1999-10-07,10.5,108472.72453308088
1999-10-08,10.5,106987.66479492164
1999-10-09,10.5,104335.29052734414
1999-10-10,10.5,101651.19323730451
1999-10-11,10.5,98882.54585266148
1999-10-12,10.5,95548.65188598604
1999-10-13,10.5,91762.80784606913
1999-10-14,10.5,88675.25138855021
1999-10-15,10.5,84806.88629150388
1999-10-16,10.5,80446.79889678958
1999-10-17,10.5,76392.43183135983
1999-10-18,10.5,72790.15903472903
1999-10-19,10.5,70383.32920074461
1999-10-20,10.5,67987.02049255374
1999-10-21,10.5,65331.74686431885
1999-10-22,10.5,62772.92461395268
1999-10-23,10.5,60810.206794738755
1999-10-24,10.5,59352.67810821535
1999-10-25,10.5,57960.71720123291
1999-10-26,10.5,58214.37263488771
1999-10-27,10.5,58893.55945587155
1999-10-28,10.5,58556.687736511245
1999-10-29,10.5,57958.281326293916
1999-10-30,10.5,56536.312294006326
1999-10-31,10.5,54966.47071838383
1999-11-01,10.5,53159.103012085005
1999-11-02,10.5,51995.61996459964
1999-11-03,10.5,50335.640716552705
1999-11-04,10.5,48885.87799072261
1999-11-05,10.5,46841.88537597658
1999-11-06,10.5,44680.831718444846
1999-11-07,10.5,42900.948715209954
1999-11-08,10.5,40958.964157104456
1999-11-09,10.5,39293.559551239
1999-11-10,10.5,37655.333232879624
1999-11-11,10.5,36024.67718124391
1999-11-12,10.5,34375.17271041873
1999-11-13,10.5,33269.74639892577
1999-11-14,10.5,32107.06672668455
1999-11-15,10.5,30798.244857788057
1999-11-16,10.5,29629.892635345437
1999-11-17,10.5,29061.684894561724
1999-11-18,10.5,29089.002227783247
1999-11-19,10.5,29769.945144653288
1999-11-20,10.5,29735.680675506563
1999-11-21,10.5,29707.43122100831
1999-11-22,10.5,29528.780651092507
1999-11-23,10.5,29800.020217895544
1999-11-24,10.5,29585.822868347183
1999-11-25,10.5,30358.528232574474
1999-11-26,10.5,31344.122886657726
1999-11-27,10.5,32118.42985153197
1999-11-28,10.5,32450.83923339847
1999-11-29,10.5,32423.581123352094
1999-11-30,10.5,32790.34767150878
1999-12-01,10.5,35863.667392730684
1999-12-02,10.5,37666.59851074216
1999-12-03,10.5,42454.38022613525
1999-12-04,10.5,53658.54492187506
1999-12-05,10.5,61158.42876434322
1999-12-06,10.5,67410.23826599123
1999-12-07,10.5,72943.2329177856
1999-12-08,10.5,77659.87987518313
1999-12-09,10.5,83606.38618469238
1999-12-10,10.5,89579.24423217794
1999-12-11,10.5,95141.01104736308
1999-12-12,10.5,106110.31723022478
1999-12-13,10.5,113343.05305480925
1999-12-14,10.5,117522.83935546849
1999-12-15,10.5,116061.9220733642
1999-12-16,10.5,111734.64431762657
1999-12-17,10.5,110685.60104370135
1999-12-18,10.5,114671.2383270268
1999-12-19,10.5,116464.02168273897
1999-12-20,10.5,115039.31808471665
1999-12-21,10.5,110891.8418884275
1999-12-22,10.5,105403.18222045901
1999-12-23,10.5,102879.32739257836
1999-12-24,10.5,104821.90933227522
1999-12-25,10.5,118107.72743225069
1999-12-26,10.5,136486.50169372588
1999-12-27,10.5,150961.0679626464
1999-12-28,10.5,157527.25982666033
1999-12-29,10.5,157789.4176483151
1999-12-30,10.5,153503.75061035136
1999-12-31,10.5,146880.00411987343
2000-01-01,10.5,126396.95320129392
2000-01-02,10.5,122323.94371032683
2000-01-03,10.5,118819.62089538536
2000-01-04,10.5,115783.6864471439
2000-01-05,10.5,113106.02645874009
2000-01-06,10.5,110379.78286743196
2000-01-07,10.5,108346.36802673311
2000-01-08,10.5,105993.04504394508
2000-01-09,10.5,103496.84486389122
2000-01-10,10.5,100517.84706115701
2000-01-11,10.5,97231.99081420858
2000-01-12,10.5,94698.88687133828
2000-01-13,10.5,92155.25665283242
2000-01-14,10.5,89341.99104309121
2000-01-15,10.5,86155.2331924438
2000-01-16,10.5,82981.32419586183
2000-01-17,10.5,80297.17540740971
2000-01-18,10.5,77856.85100555421
2000-01-19,10.5,75160.69278717038
2000-01-20,10.5,72335.78338623044
2000-01-21,10.5,70225.80585479732
2000-01-22,10.5,68230.58223724368
2000-01-23,10.5,66128.64875793454
2000-01-24,10.5,63826.92718505855
2000-01-25,10.5,61971.69170379637
2000-01-26,10.5,60171.971511840864
2000-01-27,10.5,59026.40991210936
2000-01-28,10.5,59033.61454010011
2000-01-29,10.5,61492.36507415773
2000-01-30,10.5,64688.61408233641
2000-01-31,10.5,70653.44352722167
2000-02-01,10.5,76926.54762268068
2000-02-02,10.5,82532.04689025877
2000-02-03,10.5,85956.90250396731
2000-02-04,10.5,87380.92117309594
2000-02-05,10.5,88140.68756103513
2000-02-06,10.5,87895.80230712882
2000-02-07,10.5,87671.3825225831
2000-02-08,10.5,89019.51828002927
2000-02-09,10.5,91789.26773071307
2000-02-10,10.5,94728.17916870133
2000-02-11,10.5,97435.31684875517
2000-02-12,10.5,98549.24812316871
2000-02-13,10.5,99502.98843383828
2000-02-14,10.5,99544.64035034191
2000-02-15,10.5,98903.89709472613
2000-02-16,10.5,97993.79653930676
2000-02-17,10.5,96994.93331909145
2000-02-18,10.5,94970.42770385722
2000-02-19,10.5,94364.99176025405
2000-02-20,10.5,93610.37521362296
2000-02-21,10.5,92047.727966309
2000-02-22,10.5,90443.871688843
2000-02-23,10.5,89546.95472717317
2000-02-24,10.5,89073.12812805158
2000-02-25,10.5,90629.82215881371
2000-02-26,10.5,91389.526748657
2000-02-27,10.5,90827.65846252455
2000-02-28,10.5,90320.53298950224
2000-02-29,10.5,89975.2979278561
2000-03-01,10.5,90468.35403442387
2000-03-02,10.5,90538.95835876465
2000-03-03,10.5,92417.83676147435
2000-03-04,10.5,93663.74816894508
2000-03-05,10.5,93269.67201232906
2000-03-06,10.5,92364.66979980453
2000-03-07,10.5,93596.99592590293
2000-03-08,10.5,96114.1353607178
2000-03-09,10.5,97533.081436157
2000-03-10,10.5,97745.00770568852
2000-03-11,10.5,98671.70104980451
2000-03-12,10.5,98999.33395385722
2000-03-13,10.5,98635.7860565187
2000-03-14,10.5,98235.98327636757
2000-03-15,10.5,97367.47283935585
2000-03-16,10.5,95699.97482299776
2000-03-17,10.5,94192.16308593782
2000-03-18,10.5,91769.07005310067
2000-03-19,10.5,89225.07934570272
2000-03-20,10.5,86598.61907959008
2000-03-21,10.5,84247.50022888185
2000-03-22,10.5,81775.9935379028
2000-03-23,10.5,79265.5540466309
2000-03-24,10.5,76623.0314254761
2000-03-25,10.5,74487.10899353032
2000-03-26,10.5,73541.19644165036
2000-03-27,10.5,75869.61994171147
2000-03-28,10.5,76565.08541107178
2000-03-29,10.5,76063.01193237308
2000-03-30,10.5,74888.3176803589
2000-03-31,10.5,73451.08451843266
2000-04-01,10.5,71778.65810394286
2000-04-02,10.5,70445.79162597658
2000-04-03,10.5,69203.16066741943
2000-04-04,10.5,67771.82922363278
2000-04-05,10.5,66126.14078521731
2000-04-06,10.5,63983.636856079145
2000-04-07,10.5,62152.7498245239
2000-04-08,10.5,60736.37351989743
2000-04-09,10.5,58903.09181213383
2000-04-10,10.5,57480.128860473655
2000-04-11,10.5,56313.29326629637
2000-04-12,10.5,54035.3227615356
2000-04-13,10.5,51880.77335357669
2000-04-14,10.5,50386.72714233396
2000-04-15,10.5,48919.7896957397
2000-04-16,10.5,47402.7648925781
2000-04-17,10.5,45729.33425903325
2000-04-18,10.5,43962.49580383302
2000-04-19,10.5,42871.98343276979
2000-04-20,10.5,42243.41955184941
2000-04-21,10.5,40860.67428588864
2000-04-22,10.5,39894.75202560422
2000-04-23,10.5,41451.67779922483
2000-04-24,10.5,43478.235626220725
2000-04-25,10.5,46709.41600799556
2000-04-26,10.5,48400.42819976804
2000-04-27,10.5,48497.04952239989
2000-04-28,10.5,47702.274513244614
2000-04-29,10.5,46572.548675537124
2000-04-30,10.5,44998.89621734615
2000-05-01,10.5,43373.51360321043
2000-05-02,10.5,41315.94600677493
2000-05-03,10.5,38965.18507003783
2000-05-04,10.5,37293.38951110843
2000-05-05,10.5,35396.53816223149
2000-05-06,10.5,33644.48747634884
2000-05-07,10.5,31483.28189849849
2000-05-08,10.5,29567.445659637466
2000-05-09,10.5,28238.10682296756
2000-05-10,10.5,26914.6465301514
2000-05-11,10.5,25296.586990356438
2000-05-12,10.5,23946.58184051511
2000-05-13,10.5,22874.227809905984
2000-05-14,10.5,22141.70150756838
2000-05-15,10.5,21149.923181533835
2000-05-16,10.5,20461.700963974006
2000-05-17,10.5,19268.951368331953
2000-05-18,10.5,18637.58597373959
2000-05-19,10.5,17972.638463974006
2000-05-20,10.5,17849.920320510886
2000-05-21,10.5,17683.13241004942
2000-05-22,10.5,16931.349563598604
2000-05-23,10.5,16139.209985733025
2000-05-24,10.5,16407.61456489566
2000-05-25,10.5,17619.879484176596
2000-05-26,10.5,18898.843860626228
2000-05-27,10.5,19619.79331970212
2000-05-28,10.5,20008.971977233854
2000-05-29,10.5,20856.0294628143
2000-05-30,10.5,20504.87465858456
2000-05-31,10.5,19860.741519927986
2000-06-01,10.5,19574.446392059355
2000-06-02,10.5,20505.19137382506
2000-06-03,10.5,20274.975442886316
2000-06-04,10.5,20058.248233795188
2000-06-05,10.5,19961.12480163572
2000-06-06,10.5,19935.998725891102
2000-06-07,10.5,21003.303337097186
2000-06-08,10.5,20847.566986083963
2000-06-09,10.5,20527.656269073523
2000-06-10,10.5,20322.18790054321
2000-06-11,10.5,20397.176027298
2000-06-12,10.5,19479.241275787354
2000-06-13,10.5,18622.88575172424
2000-06-14,10.5,17885.886812210072
2000-06-15,10.5,17266.01715087892
2000-06-16,10.5,16399.28469657894
2000-06-17,10.5,15650.640678405744
2000-06-18,10.5,15095.007562637351
2000-06-19,10.5,14844.43044662472
2000-06-20,10.5,14586.133718490622
2000-06-21,10.5,14289.031648635842
2000-06-22,10.5,14312.191772460901
2000-06-23,10.5,14402.762031555158
2000-06-24,10.5,15013.663244247426
2000-06-25,10.5,17115.055990219094
2000-06-26,10.5,18665.486526489236
2000-06-27,10.5,17424.552440643325
2000-06-28,10.5,16767.731380462646
2000-06-29,10.5,16957.766962051403
2000-06-30,10.5,16277.919673919672
2000-07-01,10.5,16249.851751327518
2000-07-02,10.5,16254.738950729386
2000-07-03,10.5,16232.331991195671
2000-07-04,10.5,15967.424154281616
2000-07-05,10.5,15162.120294570948
2000-07-06,10.5,14154.045295715337
2000-07-07,10.5,13003.254032135013
2000-07-08,10.5,11895.675086975069
2000-07-09,10.5,11563.248968124366
2000-07-10,10.5,13666.561317443808
2000-07-11,10.5,15858.248805999763
2000-07-12,10.5,16309.413528442388
2000-07-13,10.5,15923.705863952677
2000-07-14,10.5,15515.085268020614
2000-07-15,10.5,15106.463384628325
2000-07-16,10.5,15441.620206832902
2000-07-17,10.5,18645.53475379942
2000-07-18,10.5,18003.421640396133
2000-07-19,10.5,17337.55102157589
2000-07-20,10.5,16397.66893386839
2000-07-21,10.5,15939.591836929285
2000-07-22,10.5,16323.564004898111
2000-07-23,10.5,17069.94724273678
2000-07-24,10.5,17031.660747528098
2000-07-25,10.5,16862.863111496004
2000-07-26,10.5,16287.992763519309
2000-07-27,10.5,15633.688688278216
2000-07-28,10.5,15480.67789077762
2000-07-29,10.5,15203.921556472818
2000-07-30,10.5,14668.241500854463
2000-07-31,10.5,13774.512290954572
2000-08-01,10.5,13670.297527313232
2000-08-02,10.5,13652.340030670144
2000-08-03,10.5,13330.436325073199
2000-08-04,10.5,13104.913187026945
2000-08-05,10.5,12596.672773361232
2000-08-06,10.5,12139.017963409384
2000-08-07,10.5,11468.657970428456
2000-08-08,10.5,10594.989967346151
2000-08-09,10.5,10179.691958427407
2000-08-10,10.5,10635.52243709566
2000-08-11,10.5,11821.230268478354
2000-08-12,10.5,11668.60442161558
2000-08-13,10.5,11542.914819717436
2000-08-14,10.5,11425.78167915341
2000-08-15,10.5,11344.109058380101
2000-08-16,10.5,11297.805547714272
2000-08-17,10.5,12850.517463684077
2000-08-18,10.5,14834.547901153526
2000-08-19,10.5,15093.476772308324
2000-08-20,10.5,14890.005254745447
2000-08-21,10.5,14485.536718368508
2000-08-22,10.5,13840.933656692505
2000-08-23,10.5,13029.994583129865
2000-08-24,10.5,12593.608617782565
2000-08-25,10.5,12817.579078674344
2000-08-26,10.5,12630.592203140277
2000-08-27,10.5,12257.875013351415
2000-08-28,10.5,12014.696931838993
2000-08-29,10.5,12516.748523712175
2000-08-30,10.5,13548.994302749648
2000-08-31,10.5,13300.880098342868
2000-09-01,10.5,12604.140043258663
2000-09-02,10.5,14497.566747665443
2000-09-03,10.5,16946.053647994973
2000-09-04,10.5,16779.120254516623
2000-09-05,10.5,16569.807529449427
2000-09-06,10.5,16853.929424285845
2000-09-07,10.5,17682.170677185026
2000-09-08,10.5,17341.8987751007
2000-09-09,10.5,16822.868156433127
2000-09-10,10.5,16315.74397087096
2000-09-11,10.5,15868.881940841686
2000-09-12,10.5,18086.420345306426
2000-09-13,10.5,39357.81412124637
2000-09-14,10.5,49548.616218566865
2000-09-15,10.5,57036.20223999028
2000-09-16,10.5,59153.188705444365
2000-09-17,10.5,59584.32826995854
2000-09-18,10.5,59054.20875549319
2000-09-19,10.5,57723.60820770268
2000-09-20,10.5,55931.93206787108
2000-09-21,10.5,53548.30226898196
2000-09-22,10.5,51429.42066192624
2000-09-23,10.5,49436.64836883547
2000-09-24,10.5,47349.22199249263
2000-09-25,10.5,44821.479034423784
2000-09-26,10.5,43002.32076644895
2000-09-27,10.5,43930.14450073244
2000-09-28,10.5,45932.45944976804
2000-09-29,10.5,46499.75051879883
2000-09-30,10.5,45851.11770629883
2000-10-01,10.5,44316.10965728758
2000-10-02,10.5,43992.08679199216
2000-10-03,10.5,44112.49523162845
2000-10-04,10.5,42599.11909103395
2000-10-05,10.5,41410.96315383911
2000-10-06,10.5,40086.18707656862
2000-10-07,10.5,38326.74379348758
2000-10-08,10.5,36753.372001647906
2000-10-09,10.5,35815.040016174346
2000-10-10,10.5,35578.94039154051
2000-10-11,10.5,35330.59444427493
2000-10-12,10.5,34553.334045410185
2000-10-13,10.5,33722.13678359988
2000-10-14,10.5,32540.328025817907
2000-10-15,10.5,31806.037902832075
2000-10-16,10.5,30971.454620361357
2000-10-17,10.5,30159.99155044555
2000-10-18,10.5,29163.074970245325
2000-10-19,10.5,28355.88884353641
2000-10-20,10.5,27834.336090087927
2000-10-21,10.5,26889.54362869262
2000-10-22,10.5,26281.684684753403
2000-10-23,10.5,25745.797348022475
2000-10-24,10.5,26354.822731018037
2000-10-25,10.5,27829.36391830445
2000-10-26,10.5,29936.372566223177
2000-10-27,10.5,30821.02518081663
2000-10-28,10.5,32195.698070526112
2000-10-29,10.5,33588.87948989871
2000-10-30,10.5,39750.8731842041
2000-10-31,10.5,51738.92097473149
2000-11-01,10.5,59745.868492126465
2000-11-02,10.5,64661.91730499263
2000-11-03,10.5,68150.52795410153
2000-11-04,10.5,69557.72209167483
2000-11-05,10.5,69735.02597808841
2000-11-06,10.5,69278.9405822754
2000-11-07,10.5,70155.17063140866
2000-11-08,10.5,72472.98545837401
2000-11-09,10.5,73717.66090393068
2000-11-10,10.5,74163.78135681148
2000-11-11,10.5,74255.48458099368
2000-11-12,10.5,74353.8619995117
2000-11-13,10.5,74762.24956512448
2000-11-14,10.5,74617.93041229251
2000-11-15,10.5,74020.19863128665
2000-11-16,10.5,73139.29767608641
2000-11-17,10.5,72411.66114807132
2000-11-18,10.5,71529.82807159427
2000-11-19,10.5,72712.93201446535
2000-11-20,10.5,75680.50746917728
2000-11-21,10.5,78581.94866180421
2000-11-22,10.5,81099.9635696411
2000-11-23,10.5,82301.09195709227
2000-11-24,10.5,82561.9159698486
2000-11-25,10.5,82154.7334671021
2000-11-26,10.5,80836.5388870239
2000-11-27,10.5,79320.84274291991
2000-11-28,10.5,77137.08858489989
2000-11-29,10.5,75878.37467193606
2000-11-30,10.5,74384.78164672856
2000-12-01,10.5,73007.5904846191
2000-12-02,10.5,71479.99820709227
2000-12-03,10.5,70292.03796386722
2000-12-04,10.5,69457.7070236206
2000-12-05,10.5,68261.52763366698
2000-12-06,10.5,67052.23674774168
2000-12-07,10.5,69251.88846588138
2000-12-08,10.5,72223.49624633793
2000-12-09,10.5,75625.7852554321
2000-12-10,10.5,77566.12186431885
2000-12-11,10.5,78300.40683746335
2000-12-12,10.5,78347.73902893068
2000-12-13,10.5,80201.5892028809
2000-12-14,10.5,83537.95509338383
2000-12-15,10.5,89135.61630249053
2000-12-16,10.5,95195.98045349079
2000-12-17,10.5,98942.1089172365
2000-12-18,10.5,99708.724594116
2000-12-19,10.5,99156.21871948245
2000-12-20,10.5,96949.98550415
2000-12-21,10.5,93863.16032409707
2000-12-22,10.5,90334.55085754435
2000-12-23,10.5,86882.37533569324
2000-12-24,10.5,83567.1031951904
2000-12-25,10.5,80051.09024047856
2000-12-26,10.5,76377.45609283443
2000-12-27,10.5,72620.04947662354
2000-12-28,10.5,70049.44953918454
2000-12-29,10.5,68024.03240203853
2000-12-30,10.5,66061.65447235105
2000-12-31,10.5,63837.86029815678
2001-01-01,10.5,61725.21514892576
2001-01-02,10.5,60712.5040054321
2001-01-03,10.5,61532.04975128174
2001-01-04,10.5,63294.222450256326
2001-01-05,10.5,65853.93562316897
2001-01-06,10.5,71102.2573471069
2001-01-07,10.5,75102.35538482669
2001-01-08,10.5,77537.28275299075
2001-01-09,10.5,78245.88546752927
2001-01-10,10.5,77662.13550567624
2001-01-11,10.5,75558.59012603758
2001-01-12,10.5,73228.54957580563
2001-01-13,10.5,70449.84970092775
2001-01-14,10.5,67980.31024932858
2001-01-15,10.5,65679.93793487552
2001-01-16,10.5,63552.2500991821
2001-01-17,10.5,61508.74156951907
2001-01-18,10.5,59345.78762054439
2001-01-19,10.5,57554.080581664995
2001-01-20,10.5,55837.83931732178
2001-01-21,10.5,52831.51130676265
2001-01-22,10.5,50066.67480468748
2001-01-23,10.5,48276.09558105469
2001-01-24,10.5,50487.9060745239
2001-01-25,10.5,55860.22567749028
2001-01-26,10.5,59722.04017639158
2001-01-27,10.5,61746.525192260764
2001-01-28,10.5,62519.676017761245
2001-01-29,10.5,62412.66231536862
2001-01-30,10.5,61637.36915588383
2001-01-31,10.5,60484.91706848149
2001-02-01,10.5,59209.9914550781
2001-02-02,10.5,57944.84024047856
2001-02-03,10.5,56326.55410766604
2001-02-04,10.5,54809.69409942624
2001-02-05,10.5,53848.321723937945
2001-02-06,10.5,52763.02356719966
2001-02-07,10.5,55833.99238586428
2001-02-08,10.5,63716.241645813
2001-02-09,10.5,72524.12338256839
2001-02-10,10.5,77847.71518707272
2001-02-11,10.5,81753.3393859863
2001-02-12,10.5,88816.23344421417
2001-02-13,10.5,95367.6864624027
2001-02-14,10.5,98931.28395080562
2001-02-15,10.5,99187.54005432097
2001-02-16,10.5,97385.68267822251
2001-02-17,10.5,94408.919906616
2001-02-18,10.5,91030.08842468266
2001-02-19,10.5,87866.17012023897
2001-02-20,10.5,84680.95207214355
2001-02-21,10.5,81467.69828796382
2001-02-22,10.5,78681.67533874509
2001-02-23,10.5,75834.91001129146
2001-02-24,10.5,72526.76010131839
2001-02-25,10.5,69781.41574859615
2001-02-26,10.5,67567.7255630493
2001-02-27,10.5,65319.5983886719
2001-02-28,10.5,63665.644454956084
2001-03-01,10.5,62453.73229980469
2001-03-02,10.5,61649.332237243674
2001-03-03,10.5,60288.83171081545
2001-03-04,10.5,58011.98387145995
2001-03-05,10.5,55209.666824340864
2001-03-06,10.5,51335.41545867917
2001-03-07,10.5,48505.74245452881
2001-03-08,10.5,46836.73038482669
2001-03-09,10.5,47012.479019164995
2001-03-10,10.5,48470.83168029788
2001-03-11,10.5,50726.41067504883
2001-03-12,10.5,55446.58527374263
2001-03-13,10.5,59032.06443786617
2001-03-14,10.5,62429.110908508315
2001-03-15,10.5,65173.25534820561
2001-03-16,10.5,66717.1932220459
2001-03-17,10.5,67155.34687042236
2001-03-18,10.5,67556.69975280762
2001-03-19,10.5,67270.19348144531
2001-03-20,10.5,66247.50194549556
2001-03-21,10.5,65125.47512054439
2001-03-22,10.5,63965.77205657962
2001-03-23,10.5,62384.20944213865
2001-03-24,10.5,60849.81422424319
2001-03-25,10.5,59378.07197570798
2001-03-26,10.5,58124.21436309813
2001-03-27,10.5,56266.07952117917
2001-03-28,10.5,53643.440437316865
2001-03-29,10.5,51933.86821746826
2001-03-30,10.5,50794.64607238771
2001-03-31,10.5,49234.05876159671
2001-04-01,10.5,49064.58263397214
2001-04-02,10.5,48023.7688064575
2001-04-03,10.5,46710.00823974612
2001-04-04,10.5,45823.64330291745
2001-04-05,10.5,45958.39405059813
2001-04-06,10.5,45737.64610290527
2001-04-07,10.5,46102.50720977786
2001-04-08,10.5,51996.57783508302
2001-04-09,10.5,56707.35397338865
2001-04-10,10.5,58336.815261840864
2001-04-11,10.5,58284.49802398677
2001-04-12,10.5,57586.4524841309
2001-04-13,10.5,56046.85077667236
2001-04-14,10.5,53463.983917236306
2001-04-15,10.5,51513.62056732178
2001-04-16,10.5,50159.145355224595
2001-04-17,10.5,47717.3120498657
2001-04-18,10.5,46578.28559875491
2001-04-19,10.5,44927.74600982669
2001-04-20,10.5,43053.83977890012
2001-04-21,10.5,41029.42171096803
2001-04-22,10.5,39216.58744812014
2001-04-23,10.5,37916.91684722903
2001-04-24,10.5,37549.6945381165
2001-04-25,10.5,38268.04075241089
2001-04-26,10.5,43534.157752990744
2001-04-27,10.5,47584.06505584719
2001-04-28,10.5,50180.58414459227
2001-04-29,10.5,52302.020072937
2001-04-30,10.5,53648.981666564985
2001-05-01,10.5,53372.368240356445
2001-05-02,10.5,52322.99537658689
2001-05-03,10.5,50714.42184448244
2001-05-04,10.5,48694.02065277097
2001-05-05,10.5,46736.62261962892
2001-05-06,10.5,44024.92218017576
2001-05-07,10.5,41372.78995513912
2001-05-08,10.5,39675.950717925996
2001-05-09,10.5,38173.3531951904
2001-05-10,10.5,36261.95869445797
2001-05-11,10.5,34663.29860687259
2001-05-12,10.5,33120.47567367552
2001-05-13,10.5,30953.296279907256
2001-05-14,10.5,29547.304630279512
2001-05-15,10.5,28909.46331024169
2001-05-16,10.5,28478.053379058794
2001-05-17,10.5,28042.405128479037
2001-05-18,10.5,29869.028091430675
2001-05-19,10.5,29396.190261840857
2001-05-20,10.5,28445.91064453126
2001-05-21,10.5,27551.9368171692
2001-05-22,10.5,26776.628208160415
2001-05-23,10.5,25585.732555389448
2001-05-24,10.5,24321.91257476804
2001-05-25,10.5,23278.24831008911
2001-05-26,10.5,22129.24404144286
2001-05-27,10.5,21090.969085693338
2001-05-28,10.5,20265.262842178337
2001-05-29,10.5,20364.697265625044
2001-05-30,10.5,20341.284799575773
2001-05-31,10.5,21351.82271003724
2001-06-01,10.5,22043.921470642053
2001-06-02,10.5,23281.18371963501
2001-06-03,10.5,26300.921916961703
2001-06-04,10.5,27188.072204589815
2001-06-05,10.5,27312.68291473385
2001-06-06,10.5,26786.835193634066
2001-06-07,10.5,26865.213203430205
2001-06-08,10.5,26369.56930160526
2001-06-09,10.5,25628.749179840055
2001-06-10,10.5,24698.821735382087
2001-06-11,10.5,23438.21268081663
2001-06-12,10.5,22396.44870758056
2001-06-13,10.5,21265.0543212891
2001-06-14,10.5,20483.746147155744
2001-06-15,10.5,19916.35465621945
2001-06-16,10.5,19692.60306358337
2001-06-17,10.5,19301.37605667118
2001-06-18,10.5,18562.26568222048
2001-06-19,10.5,17956.652069091804
2001-06-20,10.5,17524.600982666037
2001-06-21,10.5,17167.135047912634
2001-06-22,10.5,18158.444738388054
2001-06-23,10.5,19026.751756668047
2001-06-24,10.5,18319.849777221665
2001-06-25,10.5,17555.003070831273
2001-06-26,10.5,16768.13693046569
2001-06-27,10.5,16442.153263092037
2001-06-28,10.5,16518.800926208532
2001-06-29,10.5,16129.28624153138
2001-06-30,10.5,15540.238380432096
2001-07-01,10.5,14647.98460006711
2001-07-02,10.5,13733.9379787445
2001-07-03,10.5,13276.069450378443
2001-07-04,10.5,13033.17461013794
2001-07-05,10.5,12528.00993919369
2001-07-06,10.5,12038.669443130457
2001-07-07,10.5,11638.10062408444
2001-07-08,10.5,11096.109437942505
2001-07-09,10.5,10397.778081893914
2001-07-10,10.5,9654.825925827043
2001-07-11,10.5,10753.02057266231
2001-07-12,10.5,11168.646240234413
2001-07-13,10.5,11142.406511306785
2001-07-14,10.5,11321.807670593224
2001-07-15,10.5,10912.609004974358
2001-07-16,10.5,10605.57160377505
2001-07-17,10.5,10317.17405319215
2001-07-18,10.5,10023.514652252217
2001-07-19,10.5,9699.914073944132
2001-07-20,10.5,9924.732971191439
2001-07-21,10.5,9893.31893920901
2001-07-22,10.5,9547.678327560421
2001-07-23,10.5,9301.798510551418
2001-07-24,10.5,9074.95121955868
2001-07-25,10.5,8857.590579986543
2001-07-26,10.5,8356.463384628292
2001-07-27,10.5,8046.426844596861
2001-07-28,10.5,7743.328428268431
2001-07-29,10.5,7398.119759559635
2001-07-30,10.5,6832.52105712891
2001-07-31,10.5,6418.108820915222
2001-08-01,10.5,5857.748794555667
2001-08-02,10.5,5531.239843368527
2001-08-03,10.5,5616.4838790893555
2001-08-04,10.5,5694.709968566896
2001-08-05,10.5,6453.6279201507605
2001-08-06,10.5,7536.959481239321
2001-08-07,10.5,8014.72442150116
2001-08-08,10.5,10114.751172065704
2001-08-09,10.5,11293.30973625186
2001-08-10,10.5,10981.744337081953
2001-08-11,10.5,10290.98839759825
2001-08-12,10.5,11017.47264862061
2001-08-13,10.5,11807.31153488161
2001-08-14,10.5,11778.986120224004
2001-08-15,10.5,11967.015838623061
2001-08-16,10.5,11986.318731307969
2001-08-17,10.5,13029.864549636874
2001-08-18,10.5,14074.082422256448
2001-08-19,10.5,14186.406898498492
2001-08-20,10.5,14309.937429428104
2001-08-21,10.5,14071.834516525287
2001-08-22,10.5,13497.652959823641
2001-08-23,10.5,13021.917057037354
2001-08-24,10.5,12687.127161025996
2001-08-25,10.5,12286.183691024813
2001-08-26,10.5,12520.241403579734
2001-08-27,10.5,12835.828828811607
2001-08-28,10.5,11846.042203903173
2001-08-29,10.5,11534.209012985242
2001-08-30,10.5,11332.438230514521
2001-08-31,10.5,11087.74609565737
2001-09-01,10.5,10807.48658180235
2001-09-02,10.5,10720.852732658417
2001-09-03,10.5,11231.999588012659
2001-09-04,10.5,10367.999768257143
2001-09-05,10.5,9936.000180244482
2001-09-06,10.5,9763.199830055262
2001-09-07,10.5,9676.800298690761
2001-09-08,10.5,10627.200293540976
2001-09-09,10.5,10713.599824905388
2001-09-10,10.5,11577.600288391102
2001-09-11,10.5,10454.399943351755
2001-09-12,10.5,10367.999768257143
2001-09-13,10.5,12355.200576782205
2001-09-14,10.5,15251.961851120017
2001-09-15,10.5,15182.301235198953
2001-09-16,10.5,14703.19733619694
2001-09-17,10.5,18123.70519638058
2001-09-18,10.5,26300.136566162073
2001-09-19,10.5,27004.238319396958
2001-09-20,10.5,21237.274789810188
2001-09-21,10.5,25545.787811279275
2001-09-22,10.5,30446.309852600112
2001-09-23,10.5,32825.59318542482
2001-09-24,10.5,44457.12261199953
2001-09-25,10.5,47006.64939880374
2001-09-26,10.5,49048.479080200224
2001-09-27,10.5,50722.31140136721
2001-09-28,10.5,51358.40950012203
2001-09-29,10.5,53269.93789672856
2001-09-30,10.5,58299.99389648442
2001-10-01,10.5,69425.45356750491
2001-10-02,10.5,71325.00858306885
2001-10-03,10.5,71339.85557556148
2001-10-04,10.5,71983.3848953247
2001-10-05,10.5,70995.50113677976
2001-10-06,10.5,69302.38780975339
2001-10-07,10.5,67571.05236053465
2001-10-08,10.5,65742.51365661617
2001-10-09,10.5,64832.644844055154
2001-10-10,10.5,66029.71000671382
2001-10-11,10.5,67871.96273803712
2001-10-12,10.5,68653.49235534671
2001-10-13,10.5,68778.2266616821
2001-10-14,10.5,68153.00502777097
2001-10-15,10.5,66976.60102844238
2001-10-16,10.5,65252.475357055635
2001-10-17,10.5,63317.78297424319
2001-10-18,10.5,61297.9070663452
2001-10-19,10.5,59281.10561370854
2001-10-20,10.5,57436.133766174346
2001-10-21,10.5,54575.958251953154
2001-10-22,10.5,50992.92526245117
2001-10-23,10.5,47449.96833801265
2001-10-24,10.5,44102.45304107669
2001-10-25,10.5,41272.216129302935
2001-10-26,10.5,39150.38366317751
2001-10-27,10.5,37488.0535125732
2001-10-28,10.5,35530.750751495325
2001-10-29,10.5,34253.77292633056
2001-10-30,10.5,34457.57274627683
2001-10-31,10.5,34856.268310546846
2001-11-01,10.5,34528.97014617916
2001-11-02,10.5,33793.13507080081
2001-11-03,10.5,33110.32018661499
2001-11-04,10.5,32516.643905639685
2001-11-05,10.5,31997.678947448716
2001-11-06,10.5,31977.321624755852
2001-11-07,10.5,32423.184585571304
2001-11-08,10.5,34476.840877532915
2001-11-09,10.5,36013.73634338383
2001-11-10,10.5,36403.8162231445
2001-11-11,10.5,36604.91752624509
2001-11-12,10.5,36963.32588195797
2001-11-13,10.5,37112.78972625737
2001-11-14,10.5,36476.52425765994
2001-11-15,10.5,34990.48347473149
2001-11-16,10.5,34285.277080535845
2001-11-17,10.5,33362.29419708255
2001-11-18,10.5,32581.30016326908
2001-11-19,10.5,32083.19721221921
2001-11-20,10.5,31045.980548858657
2001-11-21,10.5,30712.32233047483
2001-11-22,10.5,32154.65126037599
2001-11-23,10.5,32215.79790115352
2001-11-24,10.5,31949.870395660415
2001-11-25,10.5,31904.894256591804
2001-11-26,10.5,33274.78294372563
2001-11-27,10.5,34534.98516082764
2001-11-28,10.5,36653.72514724731
2001-11-29,10.5,37825.43764114379
2001-11-30,10.5,38461.9992256165
2001-12-01,10.5,38340.45782089238
2001-12-02,10.5,39074.47500228886
2001-12-03,10.5,39526.046562194846
2001-12-04,10.5,40196.20056152342
2001-12-05,10.5,41422.45502471921
2001-12-06,10.5,42096.51517868044
2001-12-07,10.5,42430.48753738406
2001-12-08,10.5,41893.55993270877
2001-12-09,10.5,40772.65834808349
2001-12-10,10.5,39692.716026306196
2001-12-11,10.5,38817.28935241698
2001-12-12,10.5,37814.41183090211
2001-12-13,10.5,36887.906455993674
2001-12-14,10.5,35612.46585845949
2001-12-15,10.5,34426.73034667973
2001-12-16,10.5,33318.29910278325
2001-12-17,10.5,32311.11116409298
2001-12-18,10.5,31305.784893035845
2001-12-19,10.5,30336.028575897195
2001-12-20,10.5,29869.67182159426
2001-12-21,10.5,30883.711624145544
2001-12-22,10.5,31077.93273925784
2001-12-23,10.5,31029.974842071544
2001-12-24,10.5,32347.86558151242
2001-12-25,10.5,37156.07929229732
2001-12-26,10.5,43007.51953125
2001-12-27,10.5,46528.03859710691
2001-12-28,10.5,48235.3191375732
2001-12-29,10.5,48236.95678710936
2001-12-30,10.5,46458.39214324953
2001-12-31,10.5,43900.16212463383
2002-01-01,10.5,41766.21208190914
2002-01-02,10.5,48623.53992462155
2002-01-03,10.5,56765.7531738281
2002-01-04,10.5,59320.3010559082
2002-01-05,10.5,58842.972564697295
2002-01-06,10.5,57961.65447235105
2002-01-07,10.5,58477.6634216309
2002-01-08,10.5,58600.67253112797
2002-01-09,10.5,58490.45047760011
2002-01-10,10.5,57831.44588470457
2002-01-11,10.5,56812.338638305635
2002-01-12,10.5,54666.76025390622
2002-01-13,10.5,52422.14012145995
2002-01-14,10.5,50304.76741790773
2002-01-15,10.5,48781.43405914309
2002-01-16,10.5,48163.808441162066
2002-01-17,10.5,47968.315315246604
2002-01-18,10.5,49067.152404785134
2002-01-19,10.5,51161.19117736815
2002-01-20,10.5,54423.821640014634
2002-01-21,10.5,59600.35457611088
2002-01-22,10.5,62929.45404052739
2002-01-23,10.5,65757.99407958981
2002-01-24,10.5,69740.8967971802
2002-01-25,10.5,75371.02260589603
2002-01-26,10.5,81804.16316986088
2002-01-27,10.5,91099.06539916983
2002-01-28,10.5,99415.23513793922
2002-01-29,10.5,105818.32122802704
2002-01-30,10.5,108903.7250518795
2002-01-31,10.5,111480.23185729978
2002-02-01,10.5,116186.44523620608
2002-02-02,10.5,122560.38322448716
2002-02-03,10.5,124834.32655334438
2002-02-04,10.5,123869.49348449663
2002-02-05,10.5,124277.92739868152
2002-02-06,10.5,126031.46896362296
2002-02-07,10.5,127239.76593017566
2002-02-08,10.5,126706.37626647906
2002-02-09,10.5,126608.40568542498
2002-02-10,10.5,125876.06735229505
2002-02-11,10.5,125857.72361755384
2002-02-12,10.5,128630.93376159707
2002-02-13,10.5,130762.70027160653
2002-02-14,10.5,129270.66764831511
2002-02-15,10.5,125142.76084899888
2002-02-16,10.5,120557.08465576216
2002-02-17,10.5,115818.30368042024
2002-02-18,10.5,111319.70100402815
2002-02-19,10.5,110393.88313293444
2002-02-20,10.5,110276.693344116
2002-02-21,10.5,109741.85142517094
2002-02-22,10.5,108143.22738647435
2002-02-23,10.5,111217.87834167457
2002-02-24,10.5,115815.18287658674
2002-02-25,10.5,118764.23950195315
2002-02-26,10.5,122245.25413513221
2002-02-27,10.5,135936.51924133266
2002-02-28,10.5,153191.43333435024
2002-03-01,10.5,162987.55416870135
2002-03-02,10.5,165863.30795288066
2002-03-03,10.5,164766.13426208537
2002-03-04,10.5,162654.761123657
2002-03-05,10.5,161433.25996398943
2002-03-06,10.5,162149.7676849367
2002-03-07,10.5,169695.51086425764
2002-03-08,10.5,173263.1355285644
2002-03-09,10.5,172243.20945739708
2002-03-10,10.5,168374.54566955607
2002-03-11,10.5,164618.67370605492
2002-03-12,10.5,158937.86315917928
2002-03-13,10.5,152678.5297393795
2002-03-14,10.5,146703.54995727522
2002-03-15,10.5,140207.11784362773
2002-03-16,10.5,133787.17117309594
2002-03-17,10.5,128683.08105468737
2002-03-18,10.5,124473.8479614261
2002-03-19,10.5,123687.17880249053
2002-03-20,10.5,121399.63989257836
2002-03-21,10.5,118038.46206665
2002-03-22,10.5,114098.24638366734
2002-03-23,10.5,109728.02925109846
2002-03-24,10.5,105606.71424865701
2002-03-25,10.5,101436.52725219686
2002-03-26,10.5,97759.12857055632
2002-03-27,10.5,94247.58567810067
2002-03-28,10.5,90972.34840393087
2002-03-29,10.5,87831.74858093222
2002-03-30,10.5,85031.72836303712
2002-03-31,10.5,82331.64596557622
2002-04-01,10.5,80105.57556152342
2002-04-02,10.5,77784.37213897705
2002-04-03,10.5,75358.44669342038
2002-04-04,10.5,72925.9037017822
2002-04-05,10.5,70509.56211090092
2002-04-06,10.5,68359.31282043454
2002-04-07,10.5,66584.38911437985
2002-04-08,10.5,64751.22070312506
2002-04-09,10.5,62972.841453552224
2002-04-10,10.5,61087.01591491698
2002-04-11,10.5,59093.424797058084
2002-04-12,10.5,57344.82192993162
2002-04-13,10.5,55230.67302703853
2002-04-14,10.5,52508.54930877683
2002-04-15,10.5,49919.85282897951
2002-04-16,10.5,47479.44087982178
2002-04-17,10.5,45508.98799896242
2002-04-18,10.5,43757.69691467284
2002-04-19,10.5,42106.40029907225
2002-04-20,10.5,40488.899517059355
2002-04-21,10.5,39027.26383209227
2002-04-22,10.5,37282.6726913452
2002-04-23,10.5,35894.128704071074
2002-04-24,10.5,34794.93370056149
2002-04-25,10.5,33856.084156036406
2002-04-26,10.5,33043.16883087155
2002-04-27,10.5,34661.032676696734
2002-04-28,10.5,35045.0589179993
2002-04-29,10.5,35360.24723052975
2002-04-30,10.5,36024.535560607954
2002-05-01,10.5,37329.72164154051
2002-05-02,10.5,38121.91400527951
2002-05-03,10.5,37727.10914611815
2002-05-04,10.5,36825.38223266604
2002-05-05,10.5,35597.03693389894
2002-05-06,10.5,34447.69020080563
2002-05-07,10.5,33177.886104583726
2002-05-08,10.5,32145.283699035608
2002-05-09,10.5,30814.92519378665
2002-05-10,10.5,30166.38765335082
2002-05-11,10.5,28712.198638916037
2002-05-12,10.5,27787.03994750973
2002-05-13,10.5,27071.667766571074
2002-05-14,10.5,26197.744846344023
2002-05-15,10.5,25206.748008727995
2002-05-16,10.5,24544.208049774134
2002-05-17,10.5,24108.00361633302
2002-05-18,10.5,23515.164184570272
2002-05-19,10.5,22968.047618865938
2002-05-20,10.5,22896.243381500233
2002-05-21,10.5,22308.090305328347
2002-05-22,10.5,21626.568031311013
2002-05-23,10.5,21424.319601059
2002-05-24,10.5,21897.6994514465
2002-05-25,10.5,21932.54842758175
2002-05-26,10.5,21551.227140426596
2002-05-27,10.5,20719.597291946382
2002-05-28,10.5,20226.57723426816
2002-05-29,10.5,20184.156703948953
2002-05-30,10.5,20556.63313865666
2002-05-31,10.5,23715.28959274296
2002-06-01,10.5,27236.26699447634
2002-06-02,10.5,27387.963294982903
2002-06-03,10.5,26918.609333038297
2002-06-04,10.5,25474.07369613643
2002-06-05,10.5,24314.968013763457
2002-06-06,10.5,22883.5335731506
2002-06-07,10.5,20980.430316925056
2002-06-08,10.5,19378.681612014756
2002-06-09,10.5,18571.944808959954
2002-06-10,10.5,18494.3276882172
2002-06-11,10.5,20389.388179779042
2002-06-12,10.5,21466.3899421692
2002-06-13,10.5,23275.39014816287
2002-06-14,10.5,23118.291664123535
2002-06-15,10.5,24945.60985565187
2002-06-16,10.5,25879.950714111357
2002-06-17,10.5,25516.402816772475
2002-06-18,10.5,25853.17153930667
2002-06-19,10.5,29116.159915924116
2002-06-20,10.5,32335.13002395632
2002-06-21,10.5,48482.83596038817
2002-06-22,10.5,55225.35324096675
2002-06-23,10.5,57260.53447723384
2002-06-24,10.5,57010.921669006326
2002-06-25,10.5,55580.23395538326
2002-06-26,10.5,52626.58882141112
2002-06-27,10.5,49205.94062805176
2002-06-28,10.5,46012.75062561031
2002-06-29,10.5,41885.84032058713
2002-06-30,10.5,39037.061405181856
2002-07-01,10.5,37405.59940338138
2002-07-02,10.5,36367.010307312055
2002-07-03,10.5,34962.275218963594
2002-07-04,10.5,36124.452781677275
2002-07-05,10.5,36823.08282852177
2002-07-06,10.5,36615.50559997563
2002-07-07,10.5,37431.7708969116
2002-07-08,10.5,36835.05620956418
2002-07-09,10.5,36858.7918281555
2002-07-10,10.5,42934.85012054439
2002-07-11,10.5,59504.38213348384
2002-07-12,10.5,65981.9967269897
2002-07-13,10.5,69207.1002960205
2002-07-14,10.5,70384.22527313232
2002-07-15,10.5,69806.97441101077
2002-07-16,10.5,68213.51566314696
2002-07-17,10.5,65953.87859344485
2002-07-18,10.5,63979.25434112552
2002-07-19,10.5,63432.84072875972
2002-07-20,10.5,61840.7724380493
2002-07-21,10.5,60081.905937194846
2002-07-22,10.5,57413.268470764175
2002-07-23,10.5,53935.71968078618
2002-07-24,10.5,51761.739921569795
2002-07-25,10.5,47640.2189254761
2002-07-26,10.5,44814.75334167483
2002-07-27,10.5,42342.54112243654
2002-07-28,10.5,39895.52192687986
2002-07-29,10.5,37643.854236602805
2002-07-30,10.5,35165.78407287599
2002-07-31,10.5,32929.68435287472
2002-08-01,10.5,30844.405460357622
2002-08-02,10.5,30897.49002456663
2002-08-03,10.5,31959.994983673074
2002-08-04,10.5,31714.360427856438
2002-08-05,10.5,30589.295196533247
2002-08-06,10.5,28950.41227340702
2002-08-07,10.5,27383.73012542728
2002-08-08,10.5,25771.198940277056
2002-08-09,10.5,24364.2262458801
2002-08-10,10.5,23053.813076019313
2002-08-11,10.5,22552.35500335691
2002-08-12,10.5,24890.800094604456
2002-08-13,10.5,24844.121932983377
2002-08-14,10.5,23337.095546722376
2002-08-15,10.5,22404.878997802705
2002-08-16,10.5,21643.15309524533
2002-08-17,10.5,20477.335882186886
2002-08-18,10.5,19779.37145233151
2002-08-19,10.5,18575.969409942623
2002-08-20,10.5,23669.60277557376
2002-08-21,10.5,25199.455833435022
2002-08-22,10.5,24876.496410369902
2002-08-23,10.5,24510.352993011475
2002-08-24,10.5,23661.69261932376
2002-08-25,10.5,22404.752826690645
2002-08-26,10.5,21714.568519592274
2002-08-27,10.5,21962.638950347893
2002-08-28,10.5,21672.432518005382
2002-08-29,10.5,20579.960632324233
2002-08-30,10.5,19483.189916610758
2002-08-31,10.5,18448.26622009275
2002-09-01,10.5,17103.73406410221
2002-09-02,10.5,16248.829507827753
2002-09-03,10.5,15767.448091506922
2002-09-04,10.5,15191.492414474476
2002-09-05,10.5,14579.384851455725
2002-09-06,10.5,13756.4093112946
2002-09-07,10.5,13139.812374114987
2002-09-08,10.5,12846.94476127623
2002-09-09,10.5,12562.79454231264
2002-09-10,10.5,12187.131643295308
2002-09-11,10.5,11995.77383995058
2002-09-12,10.5,11777.41541862484
2002-09-13,10.5,11172.095346450817
2002-09-14,10.5,10720.968604087822
2002-09-15,10.5,10030.004739761358
2002-09-16,10.5,9437.870836257955
2002-09-17,10.5,9052.477955818158
2002-09-18,10.5,8721.78797721862
2002-09-19,10.5,8568.058776855469
2002-09-20,10.5,8216.101241111757
2002-09-21,10.5,8093.380522727964
2002-09-22,10.5,9092.837905883827
2002-09-23,10.5,9823.685359954809
2002-09-24,10.5,9725.39355754849
2002-09-25,10.5,9616.366910934432
2002-09-26,10.5,9768.190026283257
2002-09-27,10.5,9866.534614562996
2002-09-28,10.5,9624.955558776826
2002-09-29,10.5,9525.32994747165
2002-09-30,10.5,9489.536619186412
2002-10-01,10.5,9430.25228977202
2002-10-02,10.5,9551.218843460072
2002-10-03,10.5,9792.015123367324
2002-10-04,10.5,9976.889276504553
2002-10-05,10.5,10611.752057075519
2002-10-06,10.5,12592.666196823082
2002-10-07,10.5,12348.482608795188
2002-10-08,10.5,12026.035594940167
2002-10-09,10.5,12061.977624893203
2002-10-10,10.5,11896.961259841919
2002-10-11,10.5,11595.02735137939
2002-10-12,10.5,11673.36802482601
2002-10-13,10.5,11760.845804214507
2002-10-14,10.5,12241.43157005306
2002-10-15,10.5,13350.639152526828
2002-10-16,10.5,13662.922954559355
2002-10-17,10.5,16433.164215087927
2002-10-18,10.5,19637.867975235007
2002-10-19,10.5,21308.97989273069
2002-10-20,10.5,22605.300521850586
2002-10-21,10.5,23473.602390289336
2002-10-22,10.5,25367.345809936534
2002-10-23,10.5,28854.558277130098
2002-10-24,10.5,31615.849113464392
2002-10-25,10.5,34886.48242950444
2002-10-26,10.5,38545.91846466066
2002-10-27,10.5,43486.135482788064
2002-10-28,10.5,52847.77450561522
2002-10-29,10.5,57966.32022857669
2002-10-30,10.5,60072.72891998291
2002-10-31,10.5,60992.243385314985
2002-11-01,10.5,60892.099571228
2002-11-02,10.5,60035.320472717314
2002-11-03,10.5,58419.3723678589
2002-11-04,10.5,56141.07227325444
2002-11-05,10.5,52670.40882110597
2002-11-06,10.5,48914.0012741089
2002-11-07,10.5,47265.887260437
2002-11-08,10.5,46745.948982238755
2002-11-09,10.5,49723.396682739236
2002-11-10,10.5,53646.077156066865
2002-11-11,10.5,55720.392036437945
2002-11-12,10.5,56301.639175414995
2002-11-13,10.5,56912.35370635984
2002-11-14,10.5,58279.86831665036
2002-11-15,10.5,62545.43552398677
2002-11-16,10.5,65812.04681396487
2002-11-17,10.5,67992.19093322751
2002-11-18,10.5,69151.62620544437
2002-11-19,10.5,70132.31563568115
2002-11-20,10.5,70104.48589324954
2002-11-21,10.5,69179.85763549802
2002-11-22,10.5,67523.00434112552
2002-11-23,10.5,66936.64855957027
2002-11-24,10.5,67948.71597290036
2002-11-25,10.5,68455.32646179202
2002-11-26,10.5,72656.80389404297
2002-11-27,10.5,75926.6389846802
2002-11-28,10.5,77725.24166107178
2002-11-29,10.5,78935.83545684813
2002-11-30,10.5,82783.97712707517
2002-12-01,10.5,85914.83345031734
2002-12-02,10.5,87612.95242309594
2002-12-03,10.5,87434.57221984887
2002-12-04,10.5,86058.29772949216
2002-12-05,10.5,83778.66897583009
2002-12-06,10.5,80786.60602569579
2002-12-07,10.5,77623.9545822144
2002-12-08,10.5,74392.94414520268
2002-12-09,10.5,71312.87040710446
2002-12-10,10.5,68376.5338897705
2002-12-11,10.5,65675.44212341312
2002-12-12,10.5,63202.40592956545
2002-12-13,10.5,60797.399139404326
2002-12-14,10.5,58593.843841552705
2002-12-15,10.5,55997.57194519041
2002-12-16,10.5,52357.107925414995
2002-12-17,10.5,49028.97663116453
2002-12-18,10.5,45916.824531555154
2002-12-19,10.5,43450.163841247544
2002-12-20,10.5,40955.60388565059
2002-12-21,10.5,39269.7132110596
2002-12-22,10.5,37446.58184051511
2002-12-23,10.5,35256.56032562259
2002-12-24,10.5,33311.88240051265
2002-12-25,10.5,31214.895343780554
2002-12-26,10.5,31597.41268157962
2002-12-27,10.5,34491.636371612534
2002-12-28,10.5,39005.534076690645
2002-12-29,10.5,43403.243637085005
2002-12-30,10.5,45650.17089843748
2002-12-31,10.5,45117.53826141359
2003-01-01,10.5,43123.73085021968
2003-01-02,10.5,42229.764747619665
2003-01-03,10.5,41352.42490768431
2003-01-04,10.5,39559.88101959227
2003-01-05,10.5,37494.869327545195
2003-01-06,10.5,36765.4612541199
2003-01-07,10.5,34866.990280151396
2003-01-08,10.5,33527.544879913345
2003-01-09,10.5,31878.460121154796
2003-01-10,10.5,30746.761894226107
2003-01-11,10.5,29852.463626861587
2003-01-12,10.5,30251.342010498014
2003-01-13,10.5,36708.055973052935
2003-01-14,10.5,44325.410270690874
2003-01-15,10.5,53314.514923095674
2003-01-16,10.5,58524.511528015115
2003-01-17,10.5,60799.253082275405
2003-01-18,10.5,61601.51596069333
2003-01-19,10.5,61882.92903900151
2003-01-20,10.5,62402.45018005374
2003-01-21,10.5,63899.11251068115
2003-01-22,10.5,66320.22800445561
2003-01-23,10.5,68138.35372924802
2003-01-24,10.5,68718.01986694333
2003-01-25,10.5,68669.89459991452
2003-01-26,10.5,69047.1719741821
2003-01-27,10.5,69177.73075103758
2003-01-28,10.5,71413.13266754146
2003-01-29,10.5,76336.91139221194
2003-01-30,10.5,79885.56919097903
2003-01-31,10.5,80773.14949035645
2003-02-01,10.5,79612.23621368407
2003-02-02,10.5,77842.83828735352
2003-02-03,10.5,77444.9048995972
2003-02-04,10.5,75802.16732025151
2003-02-05,10.5,73419.90737915036
2003-02-06,10.5,70636.70654296874
2003-02-07,10.5,68281.1485290527
2003-02-08,10.5,66239.48879241943
2003-02-09,10.5,65504.92572784426
2003-02-10,10.5,66051.21574401851
2003-02-11,10.5,65778.59859466557
2003-02-12,10.5,64644.768333435015
2003-02-13,10.5,62939.429283142046
2003-02-14,10.5,60809.362220764175
2003-02-15,10.5,58779.87670898442
2003-02-16,10.5,56976.0263442993
2003-02-17,10.5,53731.0392379761
2003-02-18,10.5,50557.29503631593
2003-02-19,10.5,48030.020713806196
2003-02-20,10.5,45972.06172943115
2003-02-21,10.5,43868.871688842744
2003-02-22,10.5,41937.39023208618
2003-02-23,10.5,40170.65477371217
2003-02-24,10.5,38398.3523368835
2003-02-25,10.5,37237.21246719357
2003-02-26,10.5,36020.57018280034
2003-02-27,10.5,34803.55453491207
2003-02-28,10.5,33570.95031738279
2003-03-01,10.5,32375.108242034898
2003-03-02,10.5,31718.312931060776
2003-03-03,10.5,30755.678844451875
2003-03-04,10.5,29927.046203613238
2003-03-05,10.5,28964.17522430421
2003-03-06,10.5,28685.373115539573
2003-03-07,10.5,28866.96681976322
2003-03-08,10.5,29665.90805053712
2003-03-09,10.5,31261.34433746335
2003-03-10,10.5,32686.3414764404
2003-03-11,10.5,35156.33926391604
2003-03-12,10.5,40080.89303970339
2003-03-13,10.5,43387.32547760011
2003-03-14,10.5,44509.6355438232
2003-03-15,10.5,44610.97412109378
2003-03-16,10.5,44083.43982696535
2003-03-17,10.5,43134.20047760011
2003-03-18,10.5,42333.5314750671
2003-03-19,10.5,41197.49450683595
2003-03-20,10.5,39897.48401641849
2003-03-21,10.5,38805.205249786406
2003-03-22,10.5,37571.68436050411
2003-03-23,10.5,36367.07210540773
2003-03-24,10.5,35603.21159362797
2003-03-25,10.5,35708.729267120376
2003-03-26,10.5,35962.969207763694
2003-03-27,10.5,36005.05886077881
2003-03-28,10.5,36204.568862914995
2003-03-29,10.5,36029.68025207518
2003-03-30,10.5,35480.60674667355
2003-03-31,10.5,35166.533374786406
2003-04-01,10.5,35020.32680511475
2003-04-02,10.5,35897.27268218993
2003-04-03,10.5,35374.90110397342
2003-04-04,10.5,34515.879249572725
2003-04-05,10.5,33360.96038818361
2003-04-06,10.5,31391.643047332785
2003-04-07,10.5,30004.208850860552
2003-04-08,10.5,28729.074668884306
2003-04-09,10.5,27189.54248428348
2003-04-10,10.5,27156.295108795195
2003-04-11,10.5,27332.51237869262
2003-04-12,10.5,27444.81754302975
2003-04-13,10.5,27242.073440551758
2003-04-14,10.5,26375.919055938753
2003-04-15,10.5,25515.874958038297
2003-04-16,10.5,24799.166393279986
2003-04-17,10.5,24116.101741790757
2003-04-18,10.5,23083.262443542502
2003-04-19,10.5,22176.200294494618
2003-04-20,10.5,21755.70030212401
2003-04-21,10.5,20521.566581726103
2003-04-22,10.5,20274.536418914766
2003-04-23,10.5,19825.593852996837
2003-04-24,10.5,19308.18543434145
2003-04-25,10.5,19035.435676574707
2003-04-26,10.5,18851.872158050573
2003-04-27,10.5,21851.966285705603
2003-04-28,10.5,24010.99863052366
2003-04-29,10.5,31064.077091217085
2003-04-30,10.5,33980.69229125973
2003-05-01,10.5,37040.292835235596
2003-05-02,10.5,37779.68645095821
2003-05-03,10.5,39981.86159133911
2003-05-04,10.5,41338.73405456545
2003-05-05,10.5,41622.07832336428
2003-05-06,10.5,40880.691719055154
2003-05-07,10.5,39253.20539474485
2003-05-08,10.5,37590.1568412781
2003-05-09,10.5,36114.86635208127
2003-05-10,10.5,34389.056682586655
2003-05-11,10.5,33042.380905151396
2003-05-12,10.5,31421.416854858428
2003-05-13,10.5,30473.302745819085
2003-05-14,10.5,30270.247077941916
2003-05-15,10.5,30891.214942932093
2003-05-16,10.5,30173.460960388173
2003-05-17,10.5,29276.456451416037
2003-05-18,10.5,28797.69887924192
2003-05-19,10.5,29193.348312377973
2003-05-20,10.5,30426.887226104693
2003-05-21,10.5,31323.79131317142
2003-05-22,10.5,30831.172943115223
2003-05-23,10.5,34185.34698486324
2003-05-24,10.5,38078.67336273196
2003-05-25,10.5,41565.6489372253
2003-05-26,10.5,42200.94366073607
2003-05-27,10.5,41841.70360565187
2003-05-28,10.5,40237.69025802611
2003-05-29,10.5,38306.29119873045
2003-05-30,10.5,36020.17364501955
2003-05-31,10.5,33693.31827163699
2003-06-01,10.5,31866.87555313114
2003-06-02,10.5,29943.778038024935
2003-06-03,10.5,28570.289611816395
2003-06-04,10.5,27761.445236206084
2003-06-05,10.5,26611.573219299302
2003-06-06,10.5,25235.561370849642
2003-06-07,10.5,24105.54714202881
2003-06-08,10.5,24409.990310668967
2003-06-09,10.5,25817.977523803744
2003-06-10,10.5,25652.971458435022
2003-06-11,10.5,25169.67945098876
2003-06-12,10.5,23912.64953613279
2003-06-13,10.5,22391.74947738643
2003-06-14,10.5,21237.38164901733
2003-06-15,10.5,20292.46172904966
2003-06-16,10.5,20202.434778213476
2003-06-17,10.5,19588.644504547086
2003-06-18,10.5,18834.495306014993
2003-06-19,10.5,17896.95510864261
2003-06-20,10.5,16783.64953994753
2003-06-21,10.5,16041.017961502097
2003-06-22,10.5,15372.689580917337
2003-06-23,10.5,16061.065006256093
2003-06-24,10.5,17794.419193267804
2003-06-25,10.5,17598.359584808324
2003-06-26,10.5,17867.657661437952
2003-06-27,10.5,18003.626346588164
2003-06-28,10.5,17700.062513351415
2003-06-29,10.5,19432.38286972048
2003-06-30,10.5,22370.514106750474
2003-07-01,10.5,24953.540611267097
2003-07-02,10.5,28016.233634948716
2003-07-03,10.5,28866.01409912108
2003-07-04,10.5,34102.722930908196
2003-07-05,10.5,35638.35668563841
2003-07-06,10.5,34931.790733337366
2003-07-07,10.5,33633.5698127747
2003-07-08,10.5,31587.90092468266
2003-07-09,10.5,29232.73944854732
2003-07-10,10.5,27112.408161163345
2003-07-11,10.5,25259.080696105968
2003-07-12,10.5,23337.64142990116
2003-07-13,10.5,21916.34960174557
2003-07-14,10.5,20774.319505691557
2003-07-15,10.5,19634.964752197295
2003-07-16,10.5,18662.5137805939
2003-07-17,10.5,17530.448627471902
2003-07-18,10.5,16466.42961502073
2003-07-19,10.5,15694.535350799539
2003-07-20,10.5,15054.053449630694
2003-07-21,10.5,13970.41225433349
2003-07-22,10.5,13161.914205551166
2003-07-23,10.5,12498.78973960878
2003-07-24,10.5,11928.805303573641
2003-07-25,10.5,11780.95464706418
2003-07-26,10.5,11486.097908020023
2003-07-27,10.5,13023.77486228945
2003-07-28,10.5,14341.60122871395
2003-07-29,10.5,14236.769771575891
2003-07-30,10.5,13757.855129241925
2003-07-31,10.5,12997.182369232196
2003-08-01,10.5,12174.55315589906
2003-08-02,10.5,12737.968969345085
2003-08-03,10.5,12383.482217788656
2003-08-04,10.5,11742.297363281263
2003-08-05,10.5,10833.982515335116
2003-08-06,10.5,10289.749217033375
2003-08-07,10.5,9632.783317565923
2003-08-08,10.5,9108.592557907134
2003-08-09,10.5,8763.257718086285
2003-08-10,10.5,8415.537214279178
2003-08-11,10.5,7808.15849304199
2003-08-12,10.5,7400.568509101862
2003-08-13,10.5,6897.358846664426
2003-08-14,10.5,6146.24290466309
2003-08-15,10.5,5352.849340438841
2003-08-16,10.5,4935.253214836123
2003-08-17,10.5,4778.552877902986
2003-08-18,10.5,4782.631874084474
2003-08-19,10.5,4645.752954483033
2003-08-20,10.5,4429.153203964238
2003-08-21,10.5,4281.073701381685
2003-08-22,10.5,4439.337980747225
2003-08-23,10.5,4296.20651006699
2003-08-24,10.5,4189.408779144285
2003-08-25,10.5,4210.880720615386
2003-08-26,10.5,4087.7956509590163
2003-08-27,10.5,3649.645543098454
2003-08-28,10.5,3488.175809383395
2003-08-29,10.5,3808.4553837776225
2003-08-30,10.5,4586.39330863953
2003-08-31,10.5,4735.267174243923
2003-09-01,10.5,4971.426022052763
2003-09-02,10.5,4958.628988265995
2003-09-03,10.5,4864.493429660796
2003-09-04,10.5,4791.973042488102
2003-09-05,10.5,4880.439591407775
2003-09-06,10.5,5127.024936676029
2003-09-07,10.5,5113.299322128291
2003-09-08,10.5,5422.039389610292
2003-09-09,10.5,5597.247290611264
2003-09-10,10.5,5650.048613548279
2003-09-11,10.5,7287.229514122013
2003-09-12,10.5,7205.760312080386
2003-09-13,10.5,7205.760312080386
2003-09-14,10.5,7179.8398733139
2003-09-15,10.5,7427.3129224777185
2003-09-16,10.5,7551.359724998477
2003-09-17,10.5,7845.1201915740985
2003-09-18,10.5,7689.600133895878
2003-09-19,10.5,7373.605227470398
2003-09-20,10.5,7404.957461357119
2003-09-21,10.5,7502.923536300656
2003-09-22,10.5,7466.9345140457135
2003-09-23,10.5,7850.83844661713
2003-09-24,10.5,7643.166589736942
2003-09-25,10.5,7342.892217636111
2003-09-26,10.5,7351.632785797119
2003-09-27,10.5,7129.298686981205
2003-09-28,10.5,7032.585310935972
2003-09-29,10.5,7042.0024394989
2003-09-30,10.5,6977.879834175106
2003-10-01,10.5,6903.768467903139
2003-10-02,10.5,6830.443739891054
2003-10-03,10.5,6766.673898696897
2003-10-04,10.5,6844.710087776182
2003-10-05,10.5,6780.195450782776
2003-10-06,10.5,6791.136932373045
2003-10-07,10.5,7018.956255912777
2003-10-08,10.5,7293.511676788326
2003-10-09,10.5,7497.310853004461
2003-10-10,10.5,7804.351472854614
2003-10-11,10.5,8047.581052780153
2003-10-12,10.5,7984.86177921295
2003-10-13,10.5,7983.754563331604
2003-10-14,10.5,7984.764575958255
2003-10-15,10.5,7979.865789413454
2003-10-16,10.5,8091.628289222717
2003-10-17,10.5,8323.723912239075
2003-10-18,10.5,8492.159128189087
2003-10-19,10.5,10365.242671966524
2003-10-20,10.5,9902.231383323659
2003-10-21,10.5,10950.609683990506
2003-10-22,10.5,12223.248767852803
2003-10-23,10.5,12191.10603332518
2003-10-24,10.5,12325.2838611603
2003-10-25,10.5,12552.129220962528
2003-10-26,10.5,12674.426364898703
2003-10-27,10.5,12335.837173461936
2003-10-28,10.5,12221.990919113126
2003-10-29,10.5,12283.4774494171
2003-10-30,10.5,16994.880580902107
2003-10-31,10.5,16778.879499435465
2003-11-01,10.5,21600.0
2003-11-02,10.5,15708.863496780432
2003-11-03,10.5,16922.105598449663
2003-11-04,10.5,17361.02528572084
2003-11-05,10.5,17510.01534461978
2003-11-06,10.5,17690.715551376346
2003-11-07,10.5,17692.50383377073
2003-11-08,10.5,17721.10476493839
2003-11-09,10.5,17571.20189666746
2003-11-10,10.5,17385.71491241453
2003-11-11,10.5,17127.406597137466
2003-11-12,10.5,16997.098875045784
2003-11-13,10.5,16708.64338874814
2003-11-14,10.5,16691.78667068479
2003-11-15,10.5,16875.916671752926
2003-11-16,10.5,17198.861932754553
2003-11-17,10.5,17285.748767852805
2003-11-18,10.5,17420.68748474122
2003-11-19,10.5,17902.926349639918
2003-11-20,10.5,17966.80626869203
2003-11-21,10.5,18679.66275215151
2003-11-22,10.5,19829.33263778688
2003-11-23,10.5,21153.354263305635
2003-11-24,10.5,21539.92195129392
2003-11-25,10.5,21376.77240371708
2003-11-26,10.5,20996.723127365105
2003-11-27,10.5,20495.3474521637
2003-11-28,10.5,20027.759885787942
2003-11-29,10.5,19059.001350402814
2003-11-30,10.5,18208.463859558084
2003-12-01,10.5,17836.09428405761
2003-12-02,10.5,17245.56326866148
2003-12-03,10.5,16614.983224868745
2003-12-04,10.5,15907.504463195786
2003-12-05,10.5,15250.473546981839
2003-12-06,10.5,14785.092687606795
2003-12-07,10.5,14136.857700347895
2003-12-08,10.5,13496.858596801758
2003-12-09,10.5,13234.617090225187
2003-12-10,10.5,12857.867574691794
2003-12-11,10.5,12974.826908111589
2003-12-12,10.5,14933.03475379942
2003-12-13,10.5,24116.145515441916
2003-12-14,10.5,28215.053558349642
2003-12-15,10.5,30315.609455108657
2003-12-16,10.5,31196.78850173947
2003-12-17,10.5,32202.876949310303
2003-12-18,10.5,32360.08100509648
2003-12-19,10.5,31932.46650695797
2003-12-20,10.5,31773.338985443093
2003-12-21,10.5,34703.08370590211
2003-12-22,10.5,36711.36989593502
2003-12-23,10.5,37167.67930984496
2003-12-24,10.5,36817.58537292482
2003-12-25,10.5,37671.138095855735
2003-12-26,10.5,39307.69071578981
2003-12-27,10.5,42138.42716217038
2003-12-28,10.5,47873.4758377075
2003-12-29,10.5,59263.94634246826
2003-12-30,10.5,64606.499862670855
2003-12-31,10.5,66951.21746063232
2004-01-01,10.5,62075.58460235597
2004-01-02,10.5,60854.00619506838
2004-01-03,10.5,58749.89948272705
2004-01-04,10.5,56408.46748352049
2004-01-05,10.5,54101.23043060304
2004-01-06,10.5,51757.62004852295
2004-01-07,10.5,50940.5925750732
2004-01-08,10.5,50104.89692687986
2004-01-09,10.5,49438.538360595674
2004-01-10,10.5,48613.79127502437
2004-01-11,10.5,48499.61414337155
2004-01-12,10.5,51718.05896759029
2004-01-13,10.5,56193.538856506326
2004-01-14,10.5,61283.26091766359
2004-01-15,10.5,64703.73916625972
2004-01-16,10.5,67770.56751251218
2004-01-17,10.5,70896.294593811
2004-01-18,10.5,71753.11489105222
2004-01-19,10.5,73613.11912536617
2004-01-20,10.5,73100.93135833736
2004-01-21,10.5,71213.49391937259
2004-01-22,10.5,68251.36699676511
2004-01-23,10.5,65202.90813446043
2004-01-24,10.5,62558.17108154297
2004-01-25,10.5,60551.514816284194
2004-01-26,10.5,57748.31199645995
2004-01-27,10.5,54986.70444488524
2004-01-28,10.5,52523.895835876465
2004-01-29,10.5,50743.734741210894
2004-01-30,10.5,49006.167984008775
2004-01-31,10.5,49903.831672668486
2004-02-01,10.5,58924.74174499509
2004-02-02,10.5,68039.53342437741
2004-02-03,10.5,78202.47230529788
2004-02-04,10.5,89698.79264831511
2004-02-05,10.5,98011.54289245565
2004-02-06,10.5,101632.73620605492
2004-02-07,10.5,102238.39874267566
2004-02-08,10.5,103663.99841308559
2004-02-09,10.5,103156.13136291465
2004-02-10,10.5,100319.60906982434
2004-02-11,10.5,97796.00143432656
2004-02-12,10.5,94696.02355957027
2004-02-13,10.5,92167.94586181625
2004-02-14,10.5,92162.96081542973
2004-02-15,10.5,91422.7947235106
2004-02-16,10.5,89387.21694946263
2004-02-17,10.5,86718.89877319324
2004-02-18,10.5,83626.01737976077
2004-02-19,10.5,80381.35986328126
2004-02-20,10.5,76684.63382720949
2004-02-21,10.5,73128.7971496582
2004-02-22,10.5,70047.37930297856
2004-02-23,10.5,67146.32949829099
2004-02-24,10.5,64534.89646911617
2004-02-25,10.5,62259.93862152097
2004-02-26,10.5,60936.94438934322
2004-02-27,10.5,59495.380210876465
2004-02-28,10.5,57600.5475997925
2004-02-29,10.5,55457.16304779051
2004-03-01,10.5,53106.620979309126
2004-03-02,10.5,51392.61474609378
2004-03-03,10.5,50125.655937194846
2004-03-04,10.5,48309.12151336674
2004-03-05,10.5,46483.24012756346
2004-03-06,10.5,45208.67500305176
2004-03-07,10.5,43904.153251647906
2004-03-08,10.5,41619.4776535034
2004-03-09,10.5,39777.02922821043
2004-03-10,10.5,37322.86205291745
2004-03-11,10.5,35650.595283508315
2004-03-12,10.5,34077.67925262448
2004-03-13,10.5,33896.78335189824
2004-03-14,10.5,34404.503631591804
2004-03-15,10.5,36198.0852127075
2004-03-16,10.5,38038.561248779275
2004-03-17,10.5,39182.765865325884
2004-03-18,10.5,39847.94511795046
2004-03-19,10.5,41420.21484375
2004-03-20,10.5,45879.80747222903
2004-03-21,10.5,56488.908004760764
2004-03-22,10.5,67492.3885345459
2004-03-23,10.5,77226.61342620854
2004-03-24,10.5,83740.89488983151
2004-03-25,10.5,86444.68002319324
2004-03-26,10.5,86654.90684509257
2004-03-27,10.5,84946.86412811276
2004-03-28,10.5,82764.06784057622
2004-03-29,10.5,80320.14369964603
2004-03-30,10.5,77517.04902648923
2004-03-31,10.5,74454.9018859863
2004-04-01,10.5,70802.87132263185
2004-04-02,10.5,67575.15163421628
2004-04-03,10.5,64715.33145904543
2004-04-04,10.5,62876.235580444365
2004-04-05,10.5,61449.95613098149
2004-04-06,10.5,60354.22954559322
2004-04-07,10.5,59772.66311645505
2004-04-08,10.5,58361.67354583736
2004-04-09,10.5,56565.69728851323
2004-04-10,10.5,54700.86250305176
2004-04-11,10.5,52263.60740661617
2004-04-12,10.5,50103.52191925047
2004-04-13,10.5,48122.55821228032
2004-04-14,10.5,47011.4850997925
2004-04-15,10.5,45359.47780609133
2004-04-16,10.5,43078.58476638794
2004-04-17,10.5,40725.756168365464
2004-04-18,10.5,38595.408439636194
2004-04-19,10.5,37405.614852905266
2004-04-20,10.5,40846.20323181149
2004-04-21,10.5,41461.449623107954
2004-04-22,10.5,40605.64641952517
2004-04-23,10.5,38894.10181045528
2004-04-24,10.5,37439.51110839847
2004-04-25,10.5,35877.14710235597
2004-04-26,10.5,35032.53450393677
2004-04-27,10.5,34726.00822448735
2004-04-28,10.5,33270.24593353268
2004-04-29,10.5,31316.74633026124
2004-04-30,10.5,29551.03569030761
2004-05-01,10.5,28427.26564407353
2004-05-02,10.5,30727.473163604693
2004-05-03,10.5,32707.51247406007
2004-05-04,10.5,33379.587364196734
2004-05-05,10.5,35862.294960022
2004-05-06,10.5,42671.798801422134
2004-05-07,10.5,45220.14884948735
2004-05-08,10.5,46386.510658264175
2004-05-09,10.5,46756.76364898677
2004-05-10,10.5,46163.857269287124
2004-05-11,10.5,45633.24851989743
2004-05-12,10.5,44918.07460784908
2004-05-13,10.5,43806.30111694333
2004-05-14,10.5,41104.127883911126
2004-05-15,10.5,38753.43389511111
2004-05-16,10.5,36946.84638977049
2004-05-17,10.5,34962.02287673947
2004-05-18,10.5,32916.67585372927
2004-05-19,10.5,30661.949157714866
2004-05-20,10.5,28690.226840972944
2004-05-21,10.5,26669.055747985833
2004-05-22,10.5,25310.839176177986
2004-05-23,10.5,24211.229610443093
2004-05-24,10.5,22649.72047805785
2004-05-25,10.5,21444.86746788022
2004-05-26,10.5,20787.750291824355
2004-05-27,10.5,20427.269124984767
2004-05-28,10.5,19518.797206878684
2004-05-29,10.5,18598.220586776708
2004-05-30,10.5,18314.77460861206
2004-05-31,10.5,17940.79055786135
2004-06-01,10.5,17143.847465515115
2004-06-02,10.5,16421.47793769836
2004-06-03,10.5,15818.108367919907
2004-06-04,10.5,15607.930469512983
2004-06-05,10.5,15775.829458236665
2004-06-06,10.5,15209.868335723884
2004-06-07,10.5,15295.971107482905
2004-06-08,10.5,15585.725641250589
2004-06-09,10.5,15562.28356361392
2004-06-10,10.5,15083.787345886194
2004-06-11,10.5,15443.180608749411
2004-06-12,10.5,15646.34442329404
2004-06-13,10.5,15312.81237602236
2004-06-14,10.5,14430.623960494973
2004-06-15,10.5,13973.390150070154
2004-06-16,10.5,13119.711256027182
2004-06-17,10.5,12867.517089843783
2004-06-18,10.5,13169.682741165121
2004-06-19,10.5,12937.061834335353
2004-06-20,10.5,13153.21741104123
2004-06-21,10.5,13671.949338912986
2004-06-22,10.5,13744.800281524695
2004-06-23,10.5,14484.389591217081
2004-06-24,10.5,15989.459037780787
2004-06-25,10.5,17456.959104537942
2004-06-26,10.5,17815.45758247377
2004-06-27,10.5,17662.016773223884
2004-06-28,10.5,17347.21984863279
2004-06-29,10.5,16577.070093154915
2004-06-30,10.5,16149.468469619778
2004-07-01,10.5,15941.69425964356
2004-07-02,10.5,15756.033468246482
2004-07-03,10.5,16805.335521698005
2004-07-04,10.5,19252.33283042905
2004-07-05,10.5,19872.30677604673
2004-07-06,10.5,19269.443178176916
2004-07-07,10.5,18452.678346633944
2004-07-08,10.5,18423.80962371827
2004-07-09,10.5,24572.431755065925
2004-07-10,10.5,29056.609725952116
2004-07-11,10.5,36696.73919677739
2004-07-12,10.5,39492.74511337283
2004-07-13,10.5,39721.99029922483
2004-07-14,10.5,39221.907234191916
2004-07-15,10.5,38830.93128204344
2004-07-16,10.5,37263.22174072261
2004-07-17,10.5,35489.41297531125
2004-07-18,10.5,35559.226799011245
2004-07-19,10.5,34221.01221084591
2004-07-20,10.5,32834.60798263548
2004-07-21,10.5,30981.74657821652
2004-07-22,10.5,29148.8923072815
2004-07-23,10.5,27730.816555023186
2004-07-24,10.5,26004.607772827163
2004-07-25,10.5,24754.705238342274
2004-07-26,10.5,23891.74118041991
2004-07-27,10.5,22458.808135986306
2004-07-28,10.5,21499.72486495972
2004-07-29,10.5,20628.917598724358
2004-07-30,10.5,19766.039800643914
2004-07-31,10.5,18809.98206138608
2004-08-01,10.5,17884.792470931978
2004-08-02,10.5,17103.511333465573
2004-08-03,10.5,16371.403455734293
2004-08-04,10.5,15761.566972732551
2004-08-05,10.5,15135.03727912904
2004-08-06,10.5,14427.948617935142
2004-08-07,10.5,13768.253946304329
2004-08-08,10.5,12883.218955993674
2004-08-09,10.5,12157.870244979858
2004-08-10,10.5,11522.499561309833
2004-08-11,10.5,10753.567743301403
2004-08-12,10.5,10325.78394412997
2004-08-13,10.5,9883.578658103972
2004-08-14,10.5,10023.041510581967
2004-08-15,10.5,8979.375314712528
2004-08-16,10.5,8755.634021759022
2004-08-17,10.5,9950.72228908537
2004-08-18,10.5,10899.567031860319
2004-08-19,10.5,14288.752269744851
2004-08-20,10.5,18003.89542579649
2004-08-21,10.5,18025.17843246463
2004-08-22,10.5,17177.729558944724
2004-08-23,10.5,16627.53467559813
2004-08-24,10.5,16899.72696304321
2004-08-25,10.5,19382.6019287109
2004-08-26,10.5,20461.92755699157
2004-08-27,10.5,21759.003925323523
2004-08-28,10.5,22162.197875976577
2004-08-29,10.5,21931.956195831277
2004-08-30,10.5,22108.194065094016
2004-08-31,10.5,22774.923419952356
2004-09-01,10.5,24693.589496612534
2004-09-02,10.5,25273.8118171692
2004-09-03,10.5,25245.85075378419
2004-09-04,10.5,24645.057392120372
2004-09-05,10.5,23407.305908203154
2004-09-06,10.5,22409.676074981722
2004-09-07,10.5,21173.609876632676
2004-09-08,10.5,20010.92247962951
2004-09-09,10.5,18900.213718414292
2004-09-10,10.5,17835.52522659299
2004-09-11,10.5,16895.129442214984
2004-09-12,10.5,16693.83373260502
2004-09-13,10.5,16796.146917343103
2004-09-14,10.5,18214.21880722048
2004-09-15,10.5,19331.569576263457
2004-09-16,10.5,19363.838481903054
2004-09-17,10.5,19449.16491508488
2004-09-18,10.5,19648.083972930915
2004-09-19,10.5,19691.307878494263
2004-09-20,10.5,20395.88985443115
2004-09-21,10.5,23325.727272033717
2004-09-22,10.5,25972.88732528688
2004-09-23,10.5,28593.958282470725
2004-09-24,10.5,28665.080165863004
2004-09-25,10.5,28630.39855957027
2004-09-26,10.5,28595.719528198242
2004-09-27,10.5,28561.040496826216
2004-09-28,10.5,28526.3614654541
2004-09-29,10.5,28051.023387908903
2004-09-30,10.5,27055.62858581545
2004-10-01,10.5,25909.81464385984
2004-10-02,10.5,24862.313747405977
2004-10-03,10.5,24169.27900314332
2004-10-04,10.5,24333.381271362297
2004-10-05,10.5,24068.161869049065
2004-10-06,10.5,23307.14921951298
2004-10-07,10.5,23550.340175628684
2004-10-08,10.5,23851.835060119665
2004-10-09,10.5,23709.400749206554
2004-10-10,10.5,23212.835025787354
2004-10-11,10.5,22656.46934509275
2004-10-12,10.5,21904.432868957498
2004-10-13,10.5,20985.947084426916
2004-10-14,10.5,20296.899604797323
2004-10-15,10.5,19731.776618957498
2004-10-16,10.5,19841.03307724003
2004-10-17,10.5,22404.770851135247
2004-10-18,10.5,29404.762172698953
2004-10-19,10.5,33480.11226654051
2004-10-20,10.5,36754.51526641849
2004-10-21,10.5,42438.3539199829
2004-10-22,10.5,46524.77874755855
2004-10-23,10.5,52942.87662506101
2004-10-24,10.5,59390.550041198716
2004-10-25,10.5,64458.87966156007
2004-10-26,10.5,67748.9124298096
2004-10-27,10.5,69089.45732116698
2004-10-28,10.5,69405.3846359253
2004-10-29,10.5,69372.28145599368
2004-10-30,10.5,74580.98030090329
2004-10-31,10.5,79169.68460083009
2004-11-01,10.5,81900.47035217284
2004-11-02,10.5,82535.23979187015
2004-11-03,10.5,81832.03926086429
2004-11-04,10.5,80269.69070434567
2004-11-05,10.5,78845.38879394531
2004-11-06,10.5,77157.9196929932
2004-11-07,10.5,74969.78816986088
2004-11-08,10.5,72538.2390975952
2004-11-09,10.5,69799.25479888912
2004-11-10,10.5,68955.60779571535
2004-11-11,10.5,69233.10184478758
2004-11-12,10.5,69852.93674468993
2004-11-13,10.5,72354.9613952637
2004-11-14,10.5,72712.3294830322
2004-11-15,10.5,72538.47599029544
2004-11-16,10.5,72306.98032379146
2004-11-17,10.5,71574.54929351804
2004-11-18,10.5,73667.15641021731
2004-11-19,10.5,74602.01740264895
2004-11-20,10.5,74278.42712402342
2004-11-21,10.5,73109.69638824461
2004-11-22,10.5,74225.6721496582
2004-11-23,10.5,77186.17172241207
2004-11-24,10.5,78413.43040466312
2004-11-25,10.5,78803.38668823244
2004-11-26,10.5,79318.21117401125
2004-11-27,10.5,81348.94809722903
2004-11-28,10.5,82346.46205902097
2004-11-29,10.5,82582.77282714847
2004-11-30,10.5,81530.93833923337
2004-12-01,10.5,79582.21778869626
2004-12-02,10.5,77242.05265045163
2004-12-03,10.5,74820.8908081055
2004-12-04,10.5,72497.29270935059
2004-12-05,10.5,70174.56493377683
2004-12-06,10.5,68068.86177062985
2004-12-07,10.5,65895.63903808595
2004-12-08,10.5,63679.69837188723
2004-12-09,10.5,61503.50933074953
2004-12-10,10.5,59236.72428131101
2004-12-11,10.5,57103.46431732178
2004-12-12,10.5,55119.92053985597
2004-12-13,10.5,53296.96941375737
2004-12-14,10.5,51482.98931121826
2004-12-15,10.5,50311.60125732424
2004-12-16,10.5,49623.2786178589
2004-12-17,10.5,49051.306343078584
2004-12-18,10.5,48484.22641754146
2004-12-19,10.5,47526.87606811522
2004-12-20,10.5,48389.829826355024
2004-12-21,10.5,50846.65946960446
2004-12-22,10.5,54017.26226806639
2004-12-23,10.5,60425.446701049776
2004-12-24,10.5,71565.84091186522
2004-12-25,10.5,84795.69568634029
2004-12-26,10.5,93564.57252502456
2004-12-27,10.5,96962.72621154797
2004-12-28,10.5,96552.88124084438
2004-12-29,10.5,94567.64831542973
2004-12-30,10.5,91339.22309875517
2004-12-31,10.5,91443.04389953625
2005-01-01,10.5,90870.77293396014
2005-01-02,10.5,91830.1059722903
2005-01-03,10.5,94268.40133666982
2005-01-04,10.5,96666.58973693807
2005-01-05,10.5,97986.56616210903
2005-01-06,10.5,98035.07766723649
2005-01-07,10.5,97327.78816223175
2005-01-08,10.5,104300.67329406778
2005-01-09,10.5,115878.28903198245
2005-01-10,10.5,126941.17813110317
2005-01-11,10.5,133376.79061889683
2005-01-12,10.5,136129.27780151396
2005-01-13,10.5,135942.61665344256
2005-01-14,10.5,133337.6209259029
2005-01-15,10.5,129188.58947753876
2005-01-16,10.5,124080.91506957976
2005-01-17,10.5,119397.8656768795
2005-01-18,10.5,117266.2330627437
2005-01-19,10.5,115522.08480835
2005-01-20,10.5,116571.3340759275
2005-01-21,10.5,120460.82382202118
2005-01-22,10.5,121550.04615783713
2005-01-23,10.5,119710.85243225069
2005-01-24,10.5,116018.26171875047
2005-01-25,10.5,111684.68055725069
2005-01-26,10.5,106874.27558898943
2005-01-27,10.5,102170.8328247072
2005-01-28,10.5,97717.68264770496
2005-01-29,10.5,93224.12681579616
2005-01-30,10.5,88937.64610290519
2005-01-31,10.5,86092.77076721194
2005-02-01,10.5,83222.21832275388
2005-02-02,10.5,80147.3768234253
2005-02-03,10.5,77457.43961334227
2005-02-04,10.5,75001.49059295656
2005-02-05,10.5,72862.34951019286
2005-02-06,10.5,70657.15656280515
2005-02-07,10.5,68375.59661865234
2005-02-08,10.5,66057.67879486088
2005-02-09,10.5,63859.52568054202
2005-02-10,10.5,63531.274795532205
2005-02-11,10.5,64409.054946899414
2005-02-12,10.5,66987.28179931639
2005-02-13,10.5,71589.90097045901
2005-02-14,10.5,71491.83254241943
2005-02-15,10.5,70849.20959472658
2005-02-16,10.5,69620.81794738771
2005-02-17,10.5,68122.7291107178
2005-02-18,10.5,67089.97478485105
2005-02-19,10.5,68068.50643157962
2005-02-20,10.5,69369.9485778809
2005-02-21,10.5,70512.04433441159
2005-02-22,10.5,71054.77581024168
2005-02-23,10.5,71181.76059722903
2005-02-24,10.5,71215.16761779788
2005-02-25,10.5,70581.76803588864
2005-02-26,10.5,69356.77013397214
2005-02-27,10.5,67449.05261993407
2005-02-28,10.5,65560.33287048337
2005-03-01,10.5,64627.88715362552
2005-03-02,10.5,63779.14695739743
2005-03-03,10.5,62040.32363891604
2005-03-04,10.5,59522.50442504883
2005-03-05,10.5,57182.6843261719
2005-03-06,10.5,54790.49549102786
2005-03-07,10.5,52744.67468261721
2005-03-08,10.5,50942.75550842284
2005-03-09,10.5,49442.40074157716
2005-03-10,10.5,47969.886016845674
2005-03-11,10.5,49905.489921569795
2005-03-12,10.5,56078.98063659671
2005-03-13,10.5,60290.23761749263
2005-03-14,10.5,61743.553733825654
2005-03-15,10.5,62501.934814453154
2005-03-16,10.5,68394.96517181394
2005-03-17,10.5,83129.72717285153
2005-03-18,10.5,100080.39894103986
2005-03-19,10.5,112665.560531616
2005-03-20,10.5,116366.89567565924
2005-03-21,10.5,115470.2465057376
2005-03-22,10.5,112555.94100952118
2005-03-23,10.5,108939.32075500471
2005-03-24,10.5,105279.25643920858
2005-03-25,10.5,101156.57157897906
2005-03-26,10.5,96970.86296081511
2005-03-27,10.5,93755.04455566396
2005-03-28,10.5,89743.74046325654
2005-03-29,10.5,85766.83216094966
2005-03-30,10.5,81591.28417968747
2005-03-31,10.5,77820.75576782225
2005-04-01,10.5,74279.23049926756
2005-04-02,10.5,71024.93247985843
2005-04-03,10.5,67955.59101104732
2005-04-04,10.5,65145.96118927002
2005-04-05,10.5,63408.399581909136
2005-04-06,10.5,61622.49126434322
2005-04-07,10.5,61085.37311553957
2005-04-08,10.5,60617.07229614261
2005-04-09,10.5,58835.927581787124
2005-04-10,10.5,57375.95787048338
2005-04-11,10.5,55762.21904754637
2005-04-12,10.5,53774.85408782962
2005-04-13,10.5,51822.66254425047
2005-04-14,10.5,51090.08731842038
2005-04-15,10.5,50887.83760070798
2005-04-16,10.5,49677.97508239743
2005-04-17,10.5,47987.58602142331
2005-04-18,10.5,46330.44433593748
2005-04-19,10.5,44686.07425689696
2005-04-20,10.5,43321.72164916991
2005-04-21,10.5,41131.164550781265
2005-04-22,10.5,39725.572013855024
2005-04-23,10.5,38286.45658493044
2005-04-24,10.5,36505.028629302935
2005-04-25,10.5,35076.738166809126
2005-04-26,10.5,33531.736850738525
2005-04-27,10.5,31937.191486358657
2005-04-28,10.5,31716.91989898678
2005-04-29,10.5,31051.228237152107
2005-04-30,10.5,30531.67619705199
2005-05-01,10.5,30374.2043495178
2005-05-02,10.5,30659.745025634777
2005-05-03,10.5,31176.248359680205
2005-05-04,10.5,31131.57348632811
2005-05-05,10.5,30380.839920043916
2005-05-06,10.5,29859.15842056276
2005-05-07,10.5,29294.34185028079
2005-05-08,10.5,28872.43852615352
2005-05-09,10.5,28910.985088348367
2005-05-10,10.5,29030.901718139685
2005-05-11,10.5,28813.01193237306
2005-05-12,10.5,28806.865596771204
2005-05-13,10.5,28814.549160003633
2005-05-14,10.5,28568.798732757605
2005-05-15,10.5,27916.49665832518
2005-05-16,10.5,26634.82475280761
2005-05-17,10.5,25743.61381530761
2005-05-18,10.5,24673.74458312986
2005-05-19,10.5,23999.617481231726
2005-05-20,10.5,23782.72418975831
2005-05-21,10.5,24100.04196166991
2005-05-22,10.5,24199.310302734415
2005-05-23,10.5,24263.78116607669
2005-05-24,10.5,23766.54853820797
2005-05-25,10.5,23632.2638511658
2005-05-26,10.5,23209.673023223888
2005-05-27,10.5,22681.770515441916
2005-05-28,10.5,22201.364994049065
2005-05-29,10.5,21389.417839050337
2005-05-30,10.5,20460.1238250732
2005-05-31,10.5,20732.281351089463
2005-06-01,10.5,21556.194162368745
2005-06-02,10.5,22104.800319671653
2005-06-03,10.5,23042.92373657225
2005-06-04,10.5,27646.41323089601
2005-06-05,10.5,31202.736568450935
2005-06-06,10.5,31527.03752517704
2005-06-07,10.5,30763.238811492964
2005-06-08,10.5,29505.36174774169
2005-06-09,10.5,28036.34376525878
2005-06-10,10.5,26518.170547485362
2005-06-11,10.5,25553.5022735596
2005-06-12,10.5,25354.916667938276
2005-06-13,10.5,27049.281406402577
2005-06-14,10.5,28615.02885818478
2005-06-15,10.5,28066.377639770497
2005-06-16,10.5,27165.567398071304
2005-06-17,10.5,26117.801284790046
2005-06-18,10.5,24720.937728881847
2005-06-19,10.5,24035.921287536647
2005-06-20,10.5,23433.492851257364
2005-06-21,10.5,22517.802143096946
2005-06-22,10.5,20940.709590911836
2005-06-23,10.5,19888.123226165797
2005-06-24,10.5,19337.848520278923
2005-06-25,10.5,18452.476215362534
2005-06-26,10.5,17292.659854888887
2005-06-27,10.5,15730.15551567074
2005-06-28,10.5,14715.730762481719
2005-06-29,10.5,14061.31596565246
2005-06-30,10.5,13082.654285430914
2005-07-01,10.5,12502.8053283691
2005-07-02,10.5,12188.130712509137
2005-07-03,10.5,12041.697549819917
2005-07-04,10.5,12065.778207778925
2005-07-05,10.5,12961.73987388608
2005-07-06,10.5,14748.515939712528
2005-07-07,10.5,15257.875156402577
2005-07-08,10.5,15034.670734405507
2005-07-09,10.5,14693.6044692993
2005-07-10,10.5,14034.04240608219
2005-07-11,10.5,13447.973728179964
2005-07-12,10.5,12788.586759567224
2005-07-13,10.5,11623.199558258075
2005-07-14,10.5,10835.980653762777
2005-07-15,10.5,11775.01173019413
2005-07-16,10.5,12722.930145263694
2005-07-17,10.5,11767.078399658198
2005-07-18,10.5,11472.79715538022
2005-07-19,10.5,11651.57132148746
2005-07-20,10.5,11898.320817947413
2005-07-21,10.5,12592.471790313704
2005-07-22,10.5,12672.383165359486
2005-07-23,10.5,12295.051717758195
2005-07-24,10.5,11772.825622558561
2005-07-25,10.5,11398.930406570478
2005-07-26,10.5,11044.21834945679
2005-07-27,10.5,10665.041971206672
2005-07-28,10.5,10459.625101089467
2005-07-29,10.5,10729.191613197312
2005-07-30,10.5,11922.666692733736
2005-07-31,10.5,12933.948755264286
2005-08-01,10.5,13422.649383544951
2005-08-02,10.5,13037.96010017399
2005-08-03,10.5,12810.451698303263
2005-08-04,10.5,13383.761644363363
2005-08-05,10.5,13895.2580451965
2005-08-06,10.5,14179.27179336546
2005-08-07,10.5,13582.430934905984
2005-08-08,10.5,13430.232524871793
2005-08-09,10.5,13536.87672615048
2005-08-10,10.5,13016.026926040635
2005-08-11,10.5,12542.920017242403
2005-08-12,10.5,11979.340696334879
2005-08-13,10.5,11364.524316787709
2005-08-14,10.5,11132.616662979151
2005-08-15,10.5,10977.377271652225
2005-08-16,10.5,10586.178588867206
2005-08-17,10.5,10355.13675212858
2005-08-18,10.5,10372.97966480257
2005-08-19,10.5,10356.036043167102
2005-08-20,10.5,10191.032552719094
2005-08-21,10.5,10004.44672107694
2005-08-22,10.5,10008.612298965458
2005-08-23,10.5,9858.495068550115
2005-08-24,10.5,9575.385117530805
2005-08-25,10.5,10414.130115509022
2005-08-26,10.5,10979.38570976254
2005-08-27,10.5,11153.118181228676
2005-08-28,10.5,10972.997331619306
2005-08-29,10.5,10774.326753616291
2005-08-30,10.5,10978.743267059355
2005-08-31,10.5,10978.021001815807
2005-09-01,10.5,10775.464224815347
2005-09-02,10.5,10460.965347290046
2005-09-03,10.5,10133.12323093418
2005-09-04,10.5,9975.04627704624
2005-09-05,10.5,9850.869441032428
2005-09-06,10.5,9712.162971496598
2005-09-07,10.5,9416.19966030118
2005-09-08,10.5,9169.943261146502
2005-09-09,10.5,9180.06398677823
2005-09-10,10.5,9007.181882858305
2005-09-11,10.5,8786.039328575163
2005-09-12,10.5,8379.881644248959
2005-09-13,10.5,8040.575337409976
2005-09-14,10.5,8035.457038879392
2005-09-15,10.5,7957.490372657776
2005-09-16,10.5,7970.321846008303
2005-09-17,10.5,7840.422892570493
2005-09-18,10.5,7481.2066555023175
2005-09-19,10.5,7501.227951049802
2005-09-20,10.5,7493.694376945493
2005-09-21,10.5,7529.705286025997
2005-09-22,10.5,7606.766223907471
2005-09-23,10.5,7689.231920242307
2005-09-24,10.5,7677.0441770553625
2005-09-25,10.5,7706.734943389894
2005-09-26,10.5,7806.424283981323
2005-09-27,10.5,7987.755990028384
2005-09-28,10.5,8763.492679595915
2005-09-29,10.5,9365.542602539097
2005-09-30,10.5,9939.232993125886
2005-10-01,10.5,10938.18440437318
2005-10-02,10.5,11360.651636123654
2005-10-03,10.5,11162.331247329734
2005-10-04,10.5,11371.865415573082
2005-10-05,10.5,11381.324386596709
2005-10-06,10.5,11290.801763534542
2005-10-07,10.5,11152.743530273423
2005-10-08,10.5,11037.065219879156
2005-10-09,10.5,11078.261375427273
2005-10-10,10.5,11130.014705657963
2005-10-11,10.5,11126.666021347064
2005-10-12,10.5,10906.194877624483
2005-10-13,10.5,10680.407166481029
2005-10-14,10.5,10455.400943756093
2005-10-15,10.5,10282.323789596592
2005-10-16,10.5,10068.292522430438
2005-10-17,10.5,9950.8594036102
2005-10-18,10.5,9805.784511566158
2005-10-19,10.5,9623.947477340735
2005-10-20,10.5,9543.936967849757
2005-10-21,10.5,9712.24923133852
2005-10-22,10.5,12195.232343673668
2005-10-23,10.5,12883.623218536404
2005-10-24,10.5,12912.529277801521
2005-10-25,10.5,17121.190738677986
2005-10-26,10.5,20419.904851913463
2005-10-27,10.5,21684.233379364043
2005-10-28,10.5,22153.940105438276
2005-10-29,10.5,21848.240375518835
2005-10-30,10.5,21460.279655456554
2005-10-31,10.5,21134.159517288183
2005-11-01,10.5,21087.9615783691
2005-11-02,10.5,21126.354932785016
2005-11-03,10.5,23673.871994018515
2005-11-04,10.5,25694.30665969848
2005-11-05,10.5,26847.544097900358
2005-11-06,10.5,27378.16572189332
2005-11-07,10.5,27625.17271041873
2005-11-08,10.5,27432.210731506326
2005-11-09,10.5,26857.72533416745
2005-11-10,10.5,26096.058654785134
2005-11-11,10.5,26223.692321777387
2005-11-12,10.5,26906.844520568855
2005-11-13,10.5,26692.157936096148
2005-11-14,10.5,26010.609912872358
2005-11-15,10.5,26739.716720581033
2005-11-16,10.5,26438.458728790283
2005-11-17,10.5,25986.781597137466
2005-11-18,10.5,25241.033077240034
2005-11-19,10.5,24458.952426910415
2005-11-20,10.5,23652.090740203865
2005-11-21,10.5,23617.494106292736
2005-11-22,10.5,22940.439319610552
2005-11-23,10.5,22492.588520050012
2005-11-24,10.5,22705.95932006838
2005-11-25,10.5,26730.56030273442
2005-11-26,10.5,29266.612529754675
2005-11-27,10.5,30952.544403076216
2005-11-28,10.5,31761.867713928223
2005-11-29,10.5,31720.903301239
2005-11-30,10.5,31090.670871734652
2005-12-01,10.5,30306.682205200228
2005-12-02,10.5,29328.186607360883
2005-12-03,10.5,28060.33945083618
2005-12-04,10.5,27134.46493148805
2005-12-05,10.5,27244.087028503403
2005-12-06,10.5,28385.482406616167
2005-12-07,10.5,28887.167072296135
2005-12-08,10.5,29336.071014404326
2005-12-09,10.5,29348.513031005852
2005-12-10,10.5,28852.606487274134
2005-12-11,10.5,28437.457180023186
2005-12-12,10.5,28129.86230850222
2005-12-13,10.5,27711.203384399414
2005-12-14,10.5,28222.193813324004
2005-12-15,10.5,28639.503479003874
2005-12-16,10.5,30177.997970581033
2005-12-17,10.5,30655.84917068478
2005-12-18,10.5,30340.501213073763
2005-12-19,10.5,30555.301094055154
2005-12-20,10.5,30820.494747161832
2005-12-21,10.5,31020.46308517459
2005-12-22,10.5,31912.088584899888
2005-12-23,10.5,32462.609195709243
2005-12-24,10.5,33603.309345245325
2005-12-25,10.5,34149.03030395504
2005-12-26,10.5,34255.786514282205
2005-12-27,10.5,33349.72600936886
2005-12-28,10.5,32170.24240493771
2005-12-29,10.5,31733.654308319085
2005-12-30,10.5,31718.580722808794
2005-12-31,10.5,30873.409366607622
2006-01-01,10.5,29347.99289703372
2006-01-02,10.5,28240.001964569085
2006-01-03,10.5,27152.306556701646
2006-01-04,10.5,26036.966800689697
2006-01-05,10.5,25008.78295898442
2006-01-06,10.5,24247.82438278197
2006-01-07,10.5,23652.919864654563
2006-01-08,10.5,23092.995643615697
2006-01-09,10.5,22508.488655090296
2006-01-10,10.5,21915.67497253419
2006-01-11,10.5,23043.58034133911
2006-01-12,10.5,26670.42818069461
2006-01-13,10.5,29831.14843368526
2006-01-14,10.5,31284.9666595459
2006-01-15,10.5,31745.321273803744
2006-01-16,10.5,31434.294033050573
2006-01-17,10.5,30969.528579711943
2006-01-18,10.5,31032.534313201875
2006-01-19,10.5,31085.74247360233
2006-01-20,10.5,33419.22569274905
2006-01-21,10.5,34002.761936187715
2006-01-22,10.5,33570.15466690059
2006-01-23,10.5,32327.842998504675
2006-01-24,10.5,31055.52835464474
2006-01-25,10.5,30880.825138092034
2006-01-26,10.5,30773.66724014285
2006-01-27,10.5,30026.52568817142
2006-01-28,10.5,28900.492286682093
2006-01-29,10.5,27814.957237243674
2006-01-30,10.5,26738.04302215574
2006-01-31,10.5,26172.58787155152
2006-02-01,10.5,26085.80017089847
2006-02-02,10.5,26423.524188995325
2006-02-03,10.5,27637.35466003419
2006-02-04,10.5,28989.182853698716
2006-02-05,10.5,29850.66118240352
2006-02-06,10.5,32484.745788574233
2006-02-07,10.5,41912.5345230103
2006-02-08,10.5,54554.55036163326
2006-02-09,10.5,70410.02082824707
2006-02-10,10.5,82390.63224792483
2006-02-11,10.5,88371.57554626465
2006-02-12,10.5,89817.59948730451
2006-02-13,10.5,88338.81225585946
2006-02-14,10.5,85204.04720306394
2006-02-15,10.5,81867.97485351558
2006-02-16,10.5,80859.5741271973
2006-02-17,10.5,82807.84664154051
2006-02-18,10.5,86572.32398986779
2006-02-19,10.5,92198.90670776351
2006-02-20,10.5,96071.62857055632
2006-02-21,10.5,96595.72792053265
2006-02-22,10.5,94065.25039672837
2006-02-23,10.5,90906.80122375517
2006-02-24,10.5,87023.96507263221
2006-02-25,10.5,82672.26676940914
2006-02-26,10.5,78348.54240417483
2006-02-27,10.5,74186.8680953979
2006-02-28,10.5,70611.6268157959
2006-03-01,10.5,67234.99946594238
2006-03-02,10.5,64502.27222442624
2006-03-03,10.5,61194.86389160153
2006-03-04,10.5,58216.571617126465
2006-03-05,10.5,55742.304611206084
2006-03-06,10.5,53181.96315765385
2006-03-07,10.5,50808.26740264895
2006-03-08,10.5,48474.137878417925
2006-03-09,10.5,46555.85803985597
2006-03-10,10.5,44881.86092376709
2006-03-11,10.5,42732.09571838383
2006-03-12,10.5,40301.2341499329
2006-03-13,10.5,38158.18433761594
2006-03-14,10.5,36312.10784912108
2006-03-15,10.5,34420.65353393559
2006-03-16,10.5,33104.61416244508
2006-03-17,10.5,31967.57297515867
2006-03-18,10.5,30820.86296081545
2006-03-19,10.5,30052.308368682898
2006-03-20,10.5,30094.797134399414
2006-03-21,10.5,29845.207500457735
2006-03-22,10.5,29330.460262298595
2006-03-23,10.5,28757.846832275405
2006-03-24,10.5,28058.737850189224
2006-03-25,10.5,27265.039157867443
2006-03-26,10.5,28413.234901428223
2006-03-27,10.5,33086.21635437014
2006-03-28,10.5,42474.6706008911
2006-03-29,10.5,47870.37048339847
2006-03-30,10.5,51216.72706604005
2006-03-31,10.5,54574.68109130855
2006-04-01,10.5,56561.515617370605
2006-04-02,10.5,57622.41897583009
2006-04-03,10.5,57831.049346923784
2006-04-04,10.5,57955.27381896968
2006-04-05,10.5,58934.40799713138
2006-04-06,10.5,59813.9802932739
2006-04-07,10.5,60950.18978118899
2006-04-08,10.5,62016.891860961936
2006-04-09,10.5,63605.64365386966
2006-04-10,10.5,64202.474212646484
2006-04-11,10.5,63784.85298156734
2006-04-12,10.5,64278.4601211548
2006-04-13,10.5,64965.06271362307
2006-04-14,10.5,65956.97364807132
2006-04-15,10.5,66071.93870544437
2006-04-16,10.5,65220.85018157962
2006-04-17,10.5,64116.02382659908
2006-04-18,10.5,62798.17428588865
2006-04-19,10.5,61280.77869415281
2006-04-20,10.5,60486.786460876465
2006-04-21,10.5,59979.367446899414
2006-04-22,10.5,62466.957092285134
2006-04-23,10.5,63314.80121612552
2006-04-24,10.5,62844.52285766604
2006-04-25,10.5,61055.08174896242
2006-04-26,10.5,58793.348693847656
2006-04-27,10.5,56391.76654815678
2006-04-28,10.5,54040.1327133179
2006-04-29,10.5,55017.557144164995
2006-04-30,10.5,55171.46015167236
2006-05-01,10.5,54798.15330505374
2006-05-02,10.5,54021.59328460691
2006-05-03,10.5,52620.934295654326
2006-05-04,10.5,50966.83616638185
2006-05-05,10.5,48904.73670959473
2006-05-06,10.5,46969.83833312986
2006-05-07,10.5,45138.18912506101
2006-05-08,10.5,43309.79976654051
2006-05-09,10.5,40906.1551094055
2006-05-10,10.5,38623.76604080199
2006-05-11,10.5,36363.36164474485
2006-05-12,10.5,34182.362651824944
2006-05-13,10.5,32425.731182098367
2006-05-14,10.5,30432.98978805539
2006-05-15,10.5,29052.407455444372
2006-05-16,10.5,30267.939949035608
2006-05-17,10.5,30453.581428527865
2006-05-18,10.5,31320.35121917728
2006-05-19,10.5,33527.410984039336
2006-05-20,10.5,36936.50808334355
2006-05-21,10.5,41327.26020812986
2006-05-22,10.5,45779.46281433103
2006-05-23,10.5,51812.816047668486
2006-05-24,10.5,54939.5009994507
2006-05-25,10.5,59503.80020141604
2006-05-26,10.5,61862.01038360597
2006-05-27,10.5,62400.148200988755
2006-05-28,10.5,64389.954185485825
2006-05-29,10.5,65300.12683868407
2006-05-30,10.5,64797.816467285134
2006-05-31,10.5,62978.614425659136
2006-06-01,10.5,60604.135894775405
2006-06-02,10.5,57795.093154907256
2006-06-03,10.5,54887.322807312055
2006-06-04,10.5,52274.180030822725
2006-06-05,10.5,50025.702667236306
2006-06-06,10.5,47756.342697143555
2006-06-07,10.5,45469.07672882083
2006-06-08,10.5,43271.63429260257
2006-06-09,10.5,40525.60243606569
2006-06-10,10.5,38231.48460388185
2006-06-11,10.5,35949.78046417236
2006-06-12,10.5,33904.060077667215
2006-06-13,10.5,31799.945640563936
2006-06-14,10.5,29940.937900543206
2006-06-15,10.5,28742.850494384777
2006-06-16,10.5,27116.02592468266
2006-06-17,10.5,25739.94455337528
2006-06-18,10.5,24445.78685760502
2006-06-19,10.5,23277.715301513694
2006-06-20,10.5,21800.921058654796
2006-06-21,10.5,20573.94304275515
2006-06-22,10.5,19474.226617813114
2006-06-23,10.5,18466.415548324592
2006-06-24,10.5,17588.614797592156
2006-06-25,10.5,16710.815334320036
2006-06-26,10.5,16667.07258224485
2006-06-27,10.5,17202.340650558443
2006-06-28,10.5,16375.8310317993
2006-06-29,10.5,15842.894554138176
2006-06-30,10.5,15354.917478561372
2006-07-01,10.5,14800.913000106795
2006-07-02,10.5,14215.911626815807
2006-07-03,10.5,13697.480964660652
2006-07-04,10.5,12948.85497093198
2006-07-05,10.5,12161.26914024355
2006-07-06,10.5,11585.66107749941
2006-07-07,10.5,11331.042623519905
2006-07-08,10.5,10677.593421936059
2006-07-09,10.5,10169.170188903849
2006-07-10,10.5,9660.141849517804
2006-07-11,10.5,9878.49447727202
2006-07-12,10.5,10232.031083107018
2006-07-13,10.5,9776.550793647773
2006-07-14,10.5,9128.690457344035
2006-07-15,10.5,8736.930441856424
2006-07-16,10.5,8285.841035842892
2006-07-17,10.5,7684.477329254147
2006-07-18,10.5,7120.397830009462
2006-07-19,10.5,6954.455780982974
2006-07-20,10.5,6737.767839431766
2006-07-21,10.5,6156.120300292972
2006-07-22,10.5,5755.584311485292
2006-07-23,10.5,5716.537570953372
2006-07-24,10.5,5249.742758274076
2006-07-25,10.5,4775.759732723232
2006-07-26,10.5,4627.18777656555
2006-07-27,10.5,4393.812096118923
2006-07-28,10.5,4277.828013896944
2006-07-29,10.5,4321.761310100552
2006-07-30,10.5,4101.284694671628
2006-07-31,10.5,4756.658005714415
2006-08-01,10.5,5184.844779968265
2006-08-02,10.5,5492.580628395082
2006-08-03,10.5,5555.286383628842
2006-08-04,10.5,5717.144608497622
2006-08-05,10.5,5497.533488273619
2006-08-06,10.5,5218.002998828888
2006-08-07,10.5,4825.75085163116
2006-08-08,10.5,4430.429720878606
2006-08-09,10.5,4206.958472728725
2006-08-10,10.5,4110.690879821779
2006-08-11,10.5,4170.752835273746
2006-08-12,10.5,5425.095820426944
2006-08-13,10.5,6438.429450988771
2006-08-14,10.5,8343.288803100586
2006-08-15,10.5,11107.79700279238
2006-08-16,10.5,13298.7802505493
2006-08-17,10.5,13665.42448997495
2006-08-18,10.5,13706.55884742739
2006-08-19,10.5,16160.93072891231
2006-08-20,10.5,19843.441915512067
2006-08-21,10.5,21963.60969543455
2006-08-22,10.5,24150.796222686768
2006-08-23,10.5,31753.893184661832
2006-08-24,10.5,38042.930889129624
2006-08-25,10.5,42442.88835525515
2006-08-26,10.5,43960.84270477295
2006-08-27,10.5,44162.89672851558
2006-08-28,10.5,42991.60394668582
2006-08-29,10.5,41272.32427597049
2006-08-30,10.5,39181.550502777056
2006-08-31,10.5,36481.35223388676
2006-09-01,10.5,34578.61204147342
2006-09-02,10.5,32602.749252319325
2006-09-03,10.5,31533.091163635247
2006-09-04,10.5,29375.07333755492
2006-09-05,10.5,26880.776023864753
2006-09-06,10.5,25079.510879516623
2006-09-07,10.5,23674.827289581273
2006-09-08,10.5,21849.97072219848
2006-09-09,10.5,20121.96979522705
2006-09-10,10.5,18936.29994392399
2006-09-11,10.5,17927.73699760434
2006-09-12,10.5,16944.594955444365
2006-09-13,10.5,16167.809629440286
2006-09-14,10.5,15305.751943588279
2006-09-15,10.5,14309.664487838756
2006-09-16,10.5,13494.139480590853
2006-09-17,10.5,12844.056987762424
2006-09-18,10.5,12537.159919738762
2006-09-19,10.5,12059.724569320715
2006-09-20,10.5,12042.385053634656
2006-09-21,10.5,11803.99503707882
2006-09-22,10.5,11445.011186599759
2006-09-23,10.5,10979.98952865598
2006-09-24,10.5,10642.550683021545
2006-09-25,10.5,10414.488029479977
2006-09-26,10.5,10192.367005348235
2006-09-27,10.5,10113.200426101652
2006-09-28,10.5,10084.747552871675
2006-09-29,10.5,10011.380338668845
2006-09-30,10.5,10059.109711647063
2006-10-01,10.5,10139.926815032919
2006-10-02,10.5,11462.260580062877
2006-10-03,10.5,11672.649621963476
2006-10-04,10.5,11487.597799301164
2006-10-05,10.5,11313.372230529756
2006-10-06,10.5,11945.46504020691
2006-10-07,10.5,12929.239225387584
2006-10-08,10.5,12911.603593826332
2006-10-09,10.5,12939.211893081629
2006-10-10,10.5,12827.301979064974
2006-10-11,10.5,12749.190473556546
2006-10-12,10.5,12528.778553009019
2006-10-13,10.5,12322.403812408433
2006-10-14,10.5,12018.457603454572
2006-10-15,10.5,11754.96468544005
2006-10-16,10.5,11549.814319610552
2006-10-17,10.5,11297.143793106086
2006-10-18,10.5,11485.983324050929
2006-10-19,10.5,13118.874406814535
2006-10-20,10.5,13934.593820571896
2006-10-21,10.5,16013.306665420505
2006-10-22,10.5,17798.47340583804
2006-10-23,10.5,21994.137954711936
2006-10-24,10.5,27013.994693756093
2006-10-25,10.5,30055.81798553466
2006-10-26,10.5,33150.39882659908
2006-10-27,10.5,35478.307342529275
2006-10-28,10.5,36797.06068038945
2006-10-29,10.5,39275.934219360315
2006-10-30,10.5,40399.853610992395
2006-10-31,10.5,43799.8123168945
2006-11-01,10.5,46698.719787597656
2006-11-02,10.5,47752.073478698716
2006-11-03,10.5,48351.5510559082
2006-11-04,10.5,47852.150344848604
2006-11-05,10.5,47560.154342651396
2006-11-06,10.5,46985.076713562055
2006-11-07,10.5,46005.41210174556
2006-11-08,10.5,45845.48892974849
2006-11-09,10.5,48297.05543518068
2006-11-10,10.5,49662.803649902344
2006-11-11,10.5,51360.12439727786
2006-11-12,10.5,53066.95690155034
2006-11-13,10.5,54321.84963226323
2006-11-14,10.5,56022.811317443804
2006-11-15,10.5,57356.877708435015
2006-11-16,10.5,57814.291763305635
2006-11-17,10.5,58086.424827575654
2006-11-18,10.5,57819.36950683595
2006-11-19,10.5,57098.08788299556
2006-11-20,10.5,55891.547012329145
2006-11-21,10.5,55597.87216186522
2006-11-22,10.5,55203.16257476804
2006-11-23,10.5,55069.54479217529
2006-11-24,10.5,55406.988143920855
2006-11-25,10.5,56378.634452819795
2006-11-26,10.5,57494.81620788572
2006-11-27,10.5,57784.85012054439
2006-11-28,10.5,57375.81882476804
2006-11-29,10.5,56249.69272613524
2006-11-30,10.5,54679.804801940874
2006-12-01,10.5,53034.83734130855
2006-12-02,10.5,53050.63705444333
2006-12-03,10.5,55376.22814178465
2006-12-04,10.5,59556.035041809126
2006-12-05,10.5,64167.2029495239
2006-12-06,10.5,69286.05766296382
2006-12-07,10.5,73549.48768615726
2006-12-08,10.5,81388.18473815914
2006-12-09,10.5,90007.54623413108
2006-12-10,10.5,95876.56288146958
2006-12-11,10.5,98896.34742736779
2006-12-12,10.5,102287.57972717317
2006-12-13,10.5,105400.45280456556
2006-12-14,10.5,113136.72981262187
2006-12-15,10.5,120169.5590972903
2006-12-16,10.5,127984.44328308088
2006-12-17,10.5,133316.71257019075
2006-12-18,10.5,134524.1546630856
2006-12-19,10.5,131537.16430664054
2006-12-20,10.5,126838.28430175764
2006-12-21,10.5,121506.44760131848
2006-12-22,10.5,115478.65104675293
2006-12-23,10.5,109806.70852661127
2006-12-24,10.5,104159.51614379865
2006-12-25,10.5,99138.81225585946
2006-12-26,10.5,94149.36790466285
2006-12-27,10.5,89279.50286865226
2006-12-28,10.5,85532.5349807739
2006-12-29,10.5,81864.95189666745
2006-12-30,10.5,79122.15156555176
2006-12-31,10.5,82625.90789794919
2007-01-01,10.5,90058.22067260765
2007-01-02,10.5,100158.63533020022
2007-01-03,10.5,105613.03825378444
2007-01-04,10.5,101573.03924560541
2007-01-05,10.5,101570.84541320831
2007-01-06,10.5,100462.40386962882
2007-01-07,10.5,98369.45686340293
2007-01-08,10.5,98030.03082275405
2007-01-09,10.5,99833.39195251508
2007-01-10,10.5,101157.69424438511
2007-01-11,10.5,104889.1044616698
2007-01-12,10.5,117264.8735046383
2007-01-13,10.5,123134.27124023423
2007-01-14,10.5,122274.464035034
2007-01-15,10.5,121047.32894897435
2007-01-16,10.5,119859.97123718266
2007-01-17,10.5,119494.44580078108
2007-01-18,10.5,125158.22067260764
2007-01-19,10.5,172603.82194519075
2007-01-20,10.5,188517.2950744626
2007-01-21,10.5,207328.38821411124
2007-01-22,10.5,213126.10015869106
2007-01-23,10.5,210319.00405883824
2007-01-24,10.5,203004.76684570272
2007-01-25,10.5,192848.72360229504
2007-01-26,10.5,183094.90356445318
2007-01-27,10.5,174011.9430541991
2007-01-28,10.5,165621.13151550337
2007-01-29,10.5,161084.0492248536
2007-01-30,10.5,155401.0139465329
2007-01-31,10.5,150103.4957885739
2007-02-01,10.5,145799.96910095203
2007-02-02,10.5,140506.95190429728
2007-02-03,10.5,135894.38323974595
2007-02-04,10.5,130713.92097473175
2007-02-05,10.5,126169.02122497544
2007-02-06,10.5,121671.19102477997
2007-02-07,10.5,117037.54920959484
2007-02-08,10.5,112397.65548706078
2007-02-09,10.5,107989.46342468266
2007-02-10,10.5,102942.62924194368
2007-02-11,10.5,97859.80796813942
2007-02-12,10.5,93974.58229064976
2007-02-13,10.5,90961.72943115226
2007-02-14,10.5,87874.36866760292
2007-02-15,10.5,86948.82888793922
2007-02-16,10.5,85795.51677703853
2007-02-17,10.5,84025.0785827637
2007-02-18,10.5,81770.84884643559
2007-02-19,10.5,79490.24677276616
2007-02-20,10.5,77351.32713317868
2007-02-21,10.5,78232.90271759029
2007-02-22,10.5,83487.30125427249
2007-02-23,10.5,84336.81392669673
2007-02-24,10.5,84541.45832061768
2007-02-25,10.5,86161.1503601074
2007-02-26,10.5,93099.85084533715
2007-02-27,10.5,105186.64169311489
2007-02-28,10.5,120576.83944702118
2007-03-01,10.5,138140.4659271241
2007-03-02,10.5,151939.72320556664
2007-03-03,10.5,157859.09500122027
2007-03-04,10.5,158412.7235412599
2007-03-05,10.5,156054.10652160653
2007-03-06,10.5,153929.00390625047
2007-03-07,10.5,154487.89558410653
2007-03-08,10.5,153384.29489135722
2007-03-09,10.5,150053.82041931147
2007-03-10,10.5,145302.03094482434
2007-03-11,10.5,139650.01831054685
2007-03-12,10.5,133744.1699981687
2007-03-13,10.5,127586.7107391358
2007-03-14,10.5,121349.45983886757
2007-03-15,10.5,115293.4524536135
2007-03-16,10.5,109809.38644409145
2007-03-17,10.5,106747.44529724121
2007-03-18,10.5,106467.67501831037
2007-03-19,10.5,109087.52288818377
2007-03-20,10.5,110018.1919097903
2007-03-21,10.5,108373.74458312997
2007-03-22,10.5,105197.53875732434
2007-03-23,10.5,102212.53623962411
2007-03-24,10.5,99896.05522155744
2007-03-25,10.5,96441.24298095677
2007-03-26,10.5,93000.70610046375
2007-03-27,10.5,89555.22537231486
2007-03-28,10.5,86178.16028594966
2007-03-29,10.5,83075.84953308103
2007-03-30,10.5,79754.31518554685
2007-03-31,10.5,76611.86656951907
2007-04-01,10.5,73530.71651458736
2007-04-02,10.5,70525.58841705327
2007-04-03,10.5,67868.21880340573
2007-04-04,10.5,65297.69611358641
2007-04-05,10.5,62820.60184478758
2007-04-06,10.5,60592.16766357424
2007-04-07,10.5,58219.27528381346
2007-04-08,10.5,56847.197914123535
2007-04-09,10.5,56338.35754394531
2007-04-10,10.5,55568.960952758775
2007-04-11,10.5,54139.42680358888
2007-04-12,10.5,52732.53650665281
2007-04-13,10.5,51436.5943908691
2007-04-14,10.5,50084.22031402588
2007-04-15,10.5,48417.278480529756
2007-04-16,10.5,46595.104980468735
2007-04-17,10.5,44658.97579193115
2007-04-18,10.5,42388.894844055154
2007-04-19,10.5,40148.12679290773
2007-04-20,10.5,38059.407806396484
2007-04-21,10.5,35994.93169784544
2007-04-22,10.5,34565.7580375671
2007-04-23,10.5,32983.80403518677
2007-04-24,10.5,31936.388111114517
2007-04-25,10.5,31148.670959472613
2007-04-26,10.5,30033.096885681145
2007-04-27,10.5,29045.347023010298
2007-04-28,10.5,28239.018344879158
2007-04-29,10.5,26968.258953094493
2007-04-30,10.5,25778.39069366452
2007-05-01,10.5,24573.855686187715
2007-05-02,10.5,23755.36308288572
2007-05-03,10.5,22912.918567657493
2007-05-04,10.5,21931.9767951965
2007-05-05,10.5,21174.31025505069
2007-05-06,10.5,20459.750461578347
2007-05-07,10.5,21059.522867202795
2007-05-08,10.5,20983.33353996276
2007-05-09,10.5,20960.742473602328
2007-05-10,10.5,21081.60023689273
2007-05-11,10.5,22125.31213760375
2007-05-12,10.5,21766.924381256093
2007-05-13,10.5,22336.12861633302
2007-05-14,10.5,22585.913944244377
2007-05-15,10.5,22859.27009582518
2007-05-16,10.5,22272.84994125364
2007-05-17,10.5,22406.859111785845
2007-05-18,10.5,21674.785995483377
2007-05-19,10.5,22038.872051239
2007-05-20,10.5,20063.765001296968
2007-05-21,10.5,21334.274625778216
2007-05-22,10.5,21224.664115905744
2007-05-23,10.5,20534.823560714744
2007-05-24,10.5,19778.15737724308
2007-05-25,10.5,19325.629234313943
2007-05-26,10.5,18919.466400146488
2007-05-27,10.5,18456.33602142331
2007-05-28,10.5,18168.938827514638
2007-05-29,10.5,18189.149379730214
2007-05-30,10.5,18218.146848678574
2007-05-31,10.5,17853.825187683127
2007-06-01,10.5,17321.569776535016
2007-06-02,10.5,16732.43823051452
2007-06-03,10.5,16213.52605819706
2007-06-04,10.5,15721.651840209955
2007-06-05,10.5,15472.264337539691
2007-06-06,10.5,15466.46819114684
2007-06-07,10.5,15141.573715209955
2007-06-08,10.5,14597.09386825562
2007-06-09,10.5,14030.5109024048
2007-06-10,10.5,13616.952896118153
2007-06-11,10.5,12998.118352890036
2007-06-12,10.5,11899.60441589356
2007-06-13,10.5,10849.53761100772
2007-06-14,10.5,10359.844350814858
2007-06-15,10.5,9870.955109596252
2007-06-16,10.5,10923.037433624246
2007-06-17,10.5,12947.076988220244
2007-06-18,10.5,13597.4259853363
2007-06-19,10.5,14351.729679107626
2007-06-20,10.5,14387.935638427749
2007-06-21,10.5,14217.287921905507
2007-06-22,10.5,13539.774799346946
2007-06-23,10.5,12895.009517669672
2007-06-24,10.5,13570.054578781144
2007-06-25,10.5,15597.781419753996
2007-06-26,10.5,18507.622003555276
2007-06-27,10.5,20524.69253540036
2007-06-28,10.5,22991.350650787354
2007-06-29,10.5,22691.8513298035
2007-06-30,10.5,23302.009677886992
2007-07-01,10.5,23111.133384704568
2007-07-02,10.5,23309.597969055154
2007-07-03,10.5,23361.84053421019
2007-07-04,10.5,28565.345764160185
2007-07-05,10.5,31869.867610931386
2007-07-06,10.5,33640.32382965092
2007-07-07,10.5,33703.113269805865
2007-07-08,10.5,32362.936592102094
2007-07-09,10.5,30697.828102111827
2007-07-10,10.5,29020.33681869508
2007-07-11,10.5,29205.836677551284
2007-07-12,10.5,29406.585216522246
2007-07-13,10.5,28184.74674224849
2007-07-14,10.5,27661.244773864753
2007-07-15,10.5,26207.624816894502
2007-07-16,10.5,25367.098617553744
2007-07-17,10.5,23784.961795806907
2007-07-18,10.5,22090.102672576926
2007-07-19,10.5,20427.836894989
2007-07-20,10.5,19279.853582382202
2007-07-21,10.5,19065.85321426393
2007-07-22,10.5,18985.71653366089
2007-07-23,10.5,19503.540802001982
2007-07-24,10.5,20733.564949035608
2007-07-25,10.5,22066.552448272716
2007-07-26,10.5,22028.34835052493
2007-07-27,10.5,22497.735786437952
2007-07-28,10.5,21947.79453277588
2007-07-29,10.5,21099.264192581155
2007-07-30,10.5,20227.060031890866
2007-07-31,10.5,19040.62156677248
2007-08-01,10.5,17840.94672203067
2007-08-02,10.5,17195.927810668964
2007-08-03,10.5,16096.904039382913
2007-08-04,10.5,15204.632234573404
2007-08-05,10.5,14723.324203491216
2007-08-06,10.5,14375.578594207738
2007-08-07,10.5,13664.933967590294
2007-08-08,10.5,13059.685993194602
2007-08-09,10.5,12600.349760055515
2007-08-10,10.5,12037.594413757362
2007-08-11,10.5,11911.295843124366
2007-08-12,10.5,11200.298452377292
2007-08-13,10.5,10875.866174697887
2007-08-14,10.5,10539.945888519313
2007-08-15,10.5,10310.191512107845
2007-08-16,10.5,11933.974456787117
2007-08-17,10.5,11837.798595428456
2007-08-18,10.5,11537.63108253478
2007-08-19,10.5,11390.077829360995
2007-08-20,10.5,12060.421085357626
2007-08-21,10.5,12379.537439346353
2007-08-22,10.5,12580.591106414766
2007-08-23,10.5,13700.456285476695
2007-08-24,10.5,14260.335445404085
2007-08-25,10.5,14641.526699066158
2007-08-26,10.5,14398.366641998255
2007-08-27,10.5,13814.386224746719
2007-08-28,10.5,13127.688360214272
2007-08-29,10.5,12219.327163696264
2007-08-30,10.5,11904.751682281498
2007-08-31,10.5,11969.979572296137
2007-09-01,10.5,11850.693798065211
2007-09-02,10.5,12056.227827072133
2007-09-03,10.5,12577.27589607237
2007-09-04,10.5,11864.97559547424
2007-09-05,10.5,11335.269355773897
2007-09-06,10.5,10965.230083465573
2007-09-07,10.5,10540.921139717097
2007-09-08,10.5,10213.816094398484
2007-09-09,10.5,9851.862072944621
2007-09-10,10.5,10461.98694705961
2007-09-11,10.5,10804.369640350349
2007-09-12,10.5,10496.058297157268
2007-09-13,10.5,10115.194702148467
2007-09-14,10.5,10149.309182167082
2007-09-15,10.5,9532.695508003266
2007-09-16,10.5,9262.178206443792
2007-09-17,10.5,9218.667197227507
2007-09-18,10.5,9000.199985504112
2007-09-19,10.5,8959.660434722937
2007-09-20,10.5,10320.463514327992
2007-09-21,10.5,11221.715354919437
2007-09-22,10.5,12397.910785675056
2007-09-23,10.5,12496.570158004788
2007-09-24,10.5,12658.038282394387
2007-09-25,10.5,13085.001325607273
2007-09-26,10.5,13937.279462814298
2007-09-27,10.5,14220.924997329734
2007-09-28,10.5,14189.20454978945
2007-09-29,10.5,18339.14623260502
2007-09-30,10.5,25161.71264648442
2007-10-01,10.5,29528.533458709717
2007-10-02,10.5,32157.893085479744
2007-10-03,10.5,33916.85485839847
2007-10-04,10.5,36538.71116638185
2007-10-05,10.5,43237.80498504637
2007-10-06,10.5,45304.20970916745
2007-10-07,10.5,46455.04474639895
2007-10-08,10.5,46778.71227264403
2007-10-09,10.5,46286.09905242917
2007-10-10,10.5,45326.199531555154
2007-10-11,10.5,44126.528549194365
2007-10-12,10.5,42811.812686920144
2007-10-13,10.5,40338.05036544801
2007-10-14,10.5,37810.8944892883
2007-10-15,10.5,35699.8947143555
2007-10-16,10.5,34097.817707061724
2007-10-17,10.5,33871.855545043916
2007-10-18,10.5,32482.719326019316
2007-10-19,10.5,31036.30399703981
2007-10-20,10.5,29481.16006851195
2007-10-21,10.5,28168.432044982903
2007-10-22,10.5,26896.25129699707
2007-10-23,10.5,25698.423957824707
2007-10-24,10.5,24619.630050659143
2007-10-25,10.5,23763.31443786617
2007-10-26,10.5,23103.305625915564
2007-10-27,10.5,22438.857650756803
2007-10-28,10.5,21975.910091400125
2007-10-29,10.5,22593.239593505852
2007-10-30,10.5,22490.3972625732
2007-10-31,10.5,22123.355197906458
2007-11-01,10.5,21919.575977325418
2007-11-02,10.5,21568.146944046017
2007-11-03,10.5,21124.381256103512
2007-11-04,10.5,20714.49251174929
2007-11-05,10.5,20498.182439804095
2007-11-06,10.5,21834.286880493197
2007-11-07,10.5,22981.31875991825
2007-11-08,10.5,23823.552131652817
2007-11-09,10.5,25501.746368408196
2007-11-10,10.5,25975.531768798828
2007-11-11,10.5,26087.023258209243
2007-11-12,10.5,25972.009277343786
2007-11-13,10.5,25519.99225616452
2007-11-14,10.5,24825.451183319085
2007-11-15,10.5,23990.273094177275
2007-11-16,10.5,23231.10923767086
2007-11-17,10.5,22706.116390228235
2007-11-18,10.5,22432.51562118526
2007-11-19,10.5,22324.464225769076
2007-11-20,10.5,21621.255970001184
2007-11-21,10.5,21251.107263565093
2007-11-22,10.5,20903.93714904788
2007-11-23,10.5,20719.95649337765
2007-11-24,10.5,20537.00709342952
2007-11-25,10.5,21792.248725891102
2007-11-26,10.5,22132.488441467318
2007-11-27,10.5,22003.178501129158
2007-11-28,10.5,21932.72094726559
2007-11-29,10.5,22618.72358322143
2007-11-30,10.5,23516.425895690878
2007-12-01,10.5,25300.603866577163
2007-12-02,10.5,28937.32910156253
2007-12-03,10.5,33760.7966423035
2007-12-04,10.5,37205.646514892615
2007-12-05,10.5,40030.24692535399
2007-12-06,10.5,43794.19384002683
2007-12-07,10.5,48448.30627441405
2007-12-08,10.5,54427.00424194333
2007-12-09,10.5,59783.12759399414
2007-12-10,10.5,63476.06334686277
2007-12-11,10.5,65394.48223114016
2007-12-12,10.5,65870.73440551756
2007-12-13,10.5,65131.9948196411
2007-12-14,10.5,63438.63430023196
2007-12-15,10.5,61522.78003692624
2007-12-16,10.5,59252.56519317624
2007-12-17,10.5,56830.76992034908
2007-12-18,10.5,54527.446746826216
2007-12-19,10.5,52407.514572143555
2007-12-20,10.5,50392.09842681885
2007-12-21,10.5,48765.79399108888
2007-12-22,10.5,46137.59822845457
2007-12-23,10.5,44323.20098876955
2007-12-24,10.5,42163.20047378537
2007-12-25,10.5,41990.40012359615
2007-12-26,10.5,41471.99907302857
2007-12-27,10.5,41299.19872283934
2007-12-28,10.5,41471.99907302857
2007-12-29,10.5,43631.99958801265
2007-12-30,10.5,49679.99897003174
2007-12-31,10.5,51840.00205993654
2008-01-01,10.5,47088.00144195561
2008-01-02,10.5,40721.8500137329
2008-01-03,10.5,41841.55168533326
2008-01-04,10.5,41211.83938980105
2008-01-05,10.5,40371.905422210664
2008-01-06,10.5,41113.801860809355
2008-01-07,10.5,42817.89722442624
2008-01-08,10.5,45910.97946166991
2008-01-09,10.5,49617.39749908443
2008-01-10,10.5,54278.02963256838
2008-01-11,10.5,60291.973114013694
2008-01-12,10.5,67149.23915863034
2008-01-13,10.5,72183.42018127437
2008-01-14,10.5,74660.5659484863
2008-01-15,10.5,76145.81108093266
2008-01-16,10.5,83754.23297882083
2008-01-17,10.5,89850.23918151869
2008-01-18,10.5,93568.02291870133
2008-01-19,10.5,96704.75006103513
2008-01-20,10.5,97448.53134155269
2008-01-21,10.5,96717.30537414527
2008-01-22,10.5,94611.15417480453
2008-01-23,10.5,92189.1632080081
2008-01-24,10.5,91830.3016662599
2008-01-25,10.5,92627.04391479504
2008-01-26,10.5,98966.1689758302
2008-01-27,10.5,106231.94618225069
2008-01-28,10.5,108912.65487670858
2008-01-29,10.5,108161.02523803737
2008-01-30,10.5,106626.68151855492
2008-01-31,10.5,105647.7584838865
2008-02-01,10.5,111562.2482299802
2008-02-02,10.5,117082.36312866172
2008-02-03,10.5,118241.746902466
2008-02-04,10.5,116599.25651550337
2008-02-05,10.5,115273.10028076216
2008-02-06,10.5,114952.1209716793
2008-02-07,10.5,113214.98680114752
2008-02-08,10.5,110496.72546386757
2008-02-09,10.5,106876.06773376465
2008-02-10,10.5,102437.46070861825
2008-02-11,10.5,98239.18647766148
2008-02-12,10.5,93933.61015319801
2008-02-13,10.5,89294.91119384774
2008-02-14,10.5,85044.99435424802
2008-02-15,10.5,80505.86757659908
2008-02-16,10.5,75705.37090301511
2008-02-17,10.5,71301.43775939941
2008-02-18,10.5,67950.77590942378
2008-02-19,10.5,64756.10790252683
2008-02-20,10.5,61608.2931518555
2008-02-21,10.5,58678.46603393559
2008-02-22,10.5,56745.74604034426
2008-02-23,10.5,54603.27301025388
2008-02-24,10.5,52879.91981506346
2008-02-25,10.5,51062.68501281734
2008-02-26,10.5,50361.13758087155
2008-02-27,10.5,50430.54714202881
2008-02-28,10.5,49331.17961883547
2008-02-29,10.5,48329.29344177248
2008-03-01,10.5,52104.688453674346
2008-03-02,10.5,54535.346603393555
2008-03-03,10.5,55746.22879028325
2008-03-04,10.5,55669.0275192261
2008-03-05,10.5,54182.721519470244
2008-03-06,10.5,55012.00046539309
2008-03-07,10.5,55691.23878479005
2008-03-08,10.5,55923.10009002683
2008-03-09,10.5,56640.761375427275
2008-03-10,10.5,59436.37332916264
2008-03-11,10.5,61594.100189209006
2008-03-12,10.5,66689.42012786862
2008-03-13,10.5,74331.49108886722
2008-03-14,10.5,84221.99306488034
2008-03-15,10.5,91954.0214538572
2008-03-16,10.5,95450.87699890156
2008-03-17,10.5,95943.83010864278
2008-03-18,10.5,94371.77925109844
2008-03-19,10.5,91672.33543396014
2008-03-20,10.5,88657.65953063942
2008-03-21,10.5,89092.28553772003
2008-03-22,10.5,92051.37405395538
2008-03-23,10.5,90255.19180297882
2008-03-24,10.5,88511.9705200198
2008-03-25,10.5,86694.74601745565
2008-03-26,10.5,85270.04241943361
2008-03-27,10.5,83565.47584533688
2008-03-28,10.5,81365.47908782962
2008-03-29,10.5,80246.40312194824
2008-03-30,10.5,79823.0449676514
2008-03-31,10.5,80470.80745697024
2008-04-01,10.5,80735.25180816652
2008-04-02,10.5,81159.25369262692
2008-04-03,10.5,81251.44100189205
2008-04-04,10.5,80217.18292236324
2008-04-05,10.5,79369.59629058841
2008-04-06,10.5,77867.22278594966
2008-04-07,10.5,75910.00499725339
2008-04-08,10.5,73338.26694488524
2008-04-09,10.5,70596.58412933348
2008-04-10,10.5,67910.89553833009
2008-04-11,10.5,65542.35477447507
2008-04-12,10.5,65648.68354797366
2008-04-13,10.5,64060.56003570561
2008-04-14,10.5,62243.762969970725
2008-04-15,10.5,60034.90333557131
2008-04-16,10.5,57886.12689971921
2008-04-17,10.5,56446.12312316897
2008-04-18,10.5,54765.29731750491
2008-04-19,10.5,52660.86616516112
2008-04-20,10.5,50594.147300720244
2008-04-21,10.5,48485.37483215329
2008-04-22,10.5,46430.825042724595
2008-04-23,10.5,44479.73041534426
2008-04-24,10.5,42586.60755157471
2008-04-25,10.5,41062.22105026242
2008-04-26,10.5,39550.8816719055
2008-04-27,10.5,38404.74586486815
2008-04-28,10.5,37530.629825592034
2008-04-29,10.5,39759.72318649296
2008-04-30,10.5,44122.33142852786
2008-05-01,10.5,45221.8328475952
2008-05-02,10.5,45551.6544342041
2008-05-03,10.5,44953.876304626465
2008-05-04,10.5,43412.88928985597
2008-05-05,10.5,41253.604602813706
2008-05-06,10.5,39042.59748458864
2008-05-07,10.5,37114.63079452517
2008-05-08,10.5,35305.447769164995
2008-05-09,10.5,33412.06741333009
2008-05-10,10.5,31590.426921844493
2008-05-11,10.5,29795.05834579472
2008-05-12,10.5,28442.28515625
2008-05-13,10.5,26963.84553909298
2008-05-14,10.5,25674.20940399169
2008-05-15,10.5,24413.180637359605
2008-05-16,10.5,23304.777717590292
2008-05-17,10.5,22159.11827087401
2008-05-18,10.5,21315.021944046017
2008-05-19,10.5,21185.318040847775
2008-05-20,10.5,19396.694469451882
2008-05-21,10.5,19038.69423866275
2008-05-22,10.5,18873.729372024576
2008-05-23,10.5,18943.638467788656
2008-05-24,10.5,18395.234441757246
2008-05-25,10.5,17066.977071762067
2008-05-26,10.5,16738.70558738711
2008-05-27,10.5,16679.16183471676
2008-05-28,10.5,16152.342081069919
2008-05-29,10.5,15442.065668106086
2008-05-30,10.5,15409.411811828584
2008-05-31,10.5,14169.60039138794
2008-06-01,10.5,13823.999691009496
2008-06-02,10.5,12463.136100769072
2008-06-03,10.5,12156.60853385925
2008-06-04,10.5,11469.641590118392
2008-06-05,10.5,10928.12290191651
2008-06-06,10.5,10457.897973060642
2008-06-07,10.5,10123.937201499899
2008-06-08,10.5,9715.946173667915
2008-06-09,10.5,8945.595574378936
2008-06-10,10.5,7988.94109725952
2008-06-11,10.5,7138.109421730045
2008-06-12,10.5,6845.065426826475
2008-06-13,10.5,6561.302089691159
2008-06-14,10.5,6318.220567703244
2008-06-15,10.5,6845.056414604191
2008-06-16,10.5,7104.475808143618
2008-06-17,10.5,7026.644325256346
2008-06-18,10.5,6999.590277671816
2008-06-19,10.5,7064.189887046816
2008-06-20,10.5,6937.49220371246
2008-06-21,10.5,6780.187082290646
2008-06-22,10.5,7212.3656272888165
2008-06-23,10.5,7370.0428247451755
2008-06-24,10.5,7082.511091232296
2008-06-25,10.5,7059.099268913267
2008-06-26,10.5,6922.945833206171
2008-06-27,10.5,7312.154102325443
2008-06-28,10.5,7566.311001777646
2008-06-29,10.5,7510.161638259884
2008-06-30,10.5,7912.60886192322
2008-07-01,10.5,7888.597726821897
2008-07-02,10.5,8052.606654167178
2008-07-03,10.5,8186.215424537659
2008-07-04,10.5,7976.996684074404
2008-07-05,10.5,7766.242647171019
2008-07-06,10.5,7613.702416419987
2008-07-07,10.5,8081.159305572507
2008-07-08,10.5,9434.600043296832
2008-07-09,10.5,9833.05678367612
2008-07-10,10.5,9868.010687828093
2008-07-11,10.5,10095.692253112771
2008-07-12,10.5,10216.66781902317
2008-07-13,10.5,10198.13096523289
2008-07-14,10.5,9759.864020347555
2008-07-15,10.5,9274.994874000577
2008-07-16,10.5,9143.762755394015
2008-07-17,10.5,8727.423834800707
2008-07-18,10.5,8476.132822036745
2008-07-19,10.5,8646.140670776353
2008-07-20,10.5,8867.751216888413
2008-07-21,10.5,9227.806878089923
2008-07-22,10.5,8789.026236534088
2008-07-23,10.5,8437.112474441532
2008-07-24,10.5,8492.752647399906
2008-07-25,10.5,8332.852649688724
2008-07-26,10.5,8020.901012420656
2008-07-27,10.5,7724.137544631955
2008-07-28,10.5,7436.950206756592
2008-07-29,10.5,7067.9833889007605
2008-07-30,10.5,6515.458846092224
2008-07-31,10.5,6048.0849981307965
2008-08-01,10.5,5603.763771057131
2008-08-02,10.5,5530.751895904543
2008-08-03,10.5,5998.078107833864
2008-08-04,10.5,7412.46657371521
2008-08-05,10.5,8336.665463447574
2008-08-06,10.5,8435.29136180878
2008-08-07,10.5,9036.10918521884
2008-08-08,10.5,13099.294710159264
2008-08-09,10.5,12408.49113464356
2008-08-10,10.5,13052.580499649062
2008-08-11,10.5,13908.757066726695
2008-08-12,10.5,14405.242967605613
2008-08-13,10.5,15800.458574295071
2008-08-14,10.5,17437.308597564737
2008-08-15,10.5,17095.772409439105
2008-08-16,10.5,17021.53358459473
2008-08-17,10.5,16729.088258743315
2008-08-18,10.5,16344.581794738762
2008-08-19,10.5,16035.248851776116
2008-08-20,10.5,16827.876377105735
2008-08-21,10.5,17329.03318405152
2008-08-22,10.5,18006.103420257597
2008-08-23,10.5,18746.354484558084
2008-08-24,10.5,19455.22756576535
2008-08-25,10.5,20834.70268249509
2008-08-26,10.5,20260.29324531557
2008-08-27,10.5,20324.77827072143
2008-08-28,10.5,20213.25845718384
2008-08-29,10.5,19916.415166854815
2008-08-30,10.5,19412.53151893618
2008-08-31,10.5,18830.863380432096
2008-09-01,10.5,18139.222955703746
2008-09-02,10.5,17825.374889373772
2008-09-03,10.5,19230.908203125044
2008-09-04,10.5,19274.936771392848
2008-09-05,10.5,19106.04257583618
2008-09-06,10.5,20117.314338684075
2008-09-07,10.5,20233.17418098453
2008-09-08,10.5,20229.010534286524
2008-09-09,10.5,21012.77647018431
2008-09-10,10.5,21264.598560333256
2008-09-11,10.5,21244.341659545902
2008-09-12,10.5,20811.78202629087
2008-09-13,10.5,19709.20100212096
2008-09-14,10.5,19008.324337005623
2008-09-15,10.5,18391.531705856323
2008-09-16,10.5,17842.18010902402
2008-09-17,10.5,18344.79947090151
2008-09-18,10.5,18144.204139709484
2008-09-19,10.5,17973.62980842588
2008-09-20,10.5,17743.167972564737
2008-09-21,10.5,17672.703981399532
2008-09-22,10.5,17629.510974884062
2008-09-23,10.5,17562.739419937123
2008-09-24,10.5,17495.28036117553
2008-09-25,10.5,17447.32375144955
2008-09-26,10.5,17419.25196647646
2008-09-27,10.5,17270.018577575654
2008-09-28,10.5,17323.253774642966
2008-09-29,10.5,17345.85127830504
2008-09-30,10.5,17658.316612243674
2008-10-01,10.5,17890.367174148585
2008-10-02,10.5,18013.16900253292
2008-10-03,10.5,17966.46637916568
2008-10-04,10.5,17826.86061859133
2008-10-05,10.5,18635.535049438513
2008-10-06,10.5,18859.34329032894
2008-10-07,10.5,18792.395353317224
2008-10-08,10.5,18526.699590683013
2008-10-09,10.5,18282.77349472048
2008-10-10,10.5,18000.89178085328
2008-10-11,10.5,17829.320955276467
2008-10-12,10.5,17764.380168914766
2008-10-13,10.5,17601.708269119306
2008-10-14,10.5,17510.406732559237
2008-10-15,10.5,17754.954671859723
2008-10-16,10.5,18207.504701614398
2008-10-17,10.5,18373.328304290753
2008-10-18,10.5,18467.912864685026
2008-10-19,10.5,18669.35663223267
2008-10-20,10.5,18717.67373085023
2008-10-21,10.5,19230.261898040753
2008-10-22,10.5,19366.69278144836
2008-10-23,10.5,19352.17409133911
2008-10-24,10.5,19259.012174606323
2008-10-25,10.5,19149.88961219789
2008-10-26,10.5,21127.352714538538
2008-10-27,10.5,23236.79723739625
2008-10-28,10.5,24252.312469482433
2008-10-29,10.5,24577.285480499297
2008-10-30,10.5,24657.288265228228
2008-10-31,10.5,24437.799453735362
2008-11-01,10.5,24173.47612380983
2008-11-02,10.5,23714.38837051393
2008-11-03,10.5,23477.341175079382
2008-11-04,10.5,23092.156219482433
2008-11-05,10.5,22890.509033203154
2008-11-06,10.5,22728.65467071534
2008-11-07,10.5,22776.319026947058
2008-11-08,10.5,22746.982955932654
2008-11-09,10.5,23160.121250152577
2008-11-10,10.5,24485.0852966309
2008-11-11,10.5,29156.514072418257
2008-11-12,10.5,35455.96990585328
2008-11-13,10.5,40073.85835647587
2008-11-14,10.5,43838.6833190918
2008-11-15,10.5,46215.57197570798
2008-11-16,10.5,47222.45864868162
2008-11-17,10.5,47455.96790313723
2008-11-18,10.5,47476.294326782205
2008-11-19,10.5,47758.969116210894
2008-11-20,10.5,48677.870750427275
2008-11-21,10.5,48719.71836090092
2008-11-22,10.5,47959.42153930667
2008-11-23,10.5,46781.44683837892
2008-11-24,10.5,45252.33020782471
2008-11-25,10.5,43432.60803222658
2008-11-26,10.5,41546.058940887466
2008-11-27,10.5,39928.07149887084
2008-11-28,10.5,39850.11320114134
2008-11-29,10.5,39655.966758728
2008-11-30,10.5,39319.290733337366
2008-12-01,10.5,39169.34795379637
2008-12-02,10.5,38639.321136474595
2008-12-03,10.5,37939.655971527056
2008-12-04,10.5,37438.2390975952
2008-12-05,10.5,37525.37698745726
2008-12-06,10.5,37545.8630561829
2008-12-07,10.5,37411.62471771242
2008-12-08,10.5,37111.098003387466
2008-12-09,10.5,36855.02471923829
2008-12-10,10.5,36316.97702407834
2008-12-11,10.5,35566.39022827144
2008-12-12,10.5,34198.973464965806
2008-12-13,10.5,33355.887794494614
2008-12-14,10.5,32809.711074829145
2008-12-15,10.5,31969.640636444135
2008-12-16,10.5,31154.928016662634
2008-12-17,10.5,30347.51787185668
2008-12-18,10.5,29538.49582672119
2008-12-19,10.5,29622.098350524935
2008-12-20,10.5,29746.271324157726
2008-12-21,10.5,29649.52898025515
2008-12-22,10.5,29891.527748107954
2008-12-23,10.5,29685.433673858657
2008-12-24,10.5,29356.19401931767
2008-12-25,10.5,29046.235370635954
2008-12-26,10.5,28493.227386474595
2008-12-27,10.5,27782.59820938114
2008-12-28,10.5,27268.458652496367
2008-12-29,10.5,26756.981563568144
2008-12-30,10.5,26227.83794403079
2008-12-31,10.5,25616.489982605024
2009-01-01,10.5,25029.735088348367
2009-01-02,10.5,24491.669368743907
2009-01-03,10.5,23897.87206649778
2009-01-04,10.5,23803.00683975222
2009-01-05,10.5,23226.46408081054
2009-01-06,10.5,22468.064975738525
2009-01-07,10.5,21999.272346496597
2009-01-08,10.5,21488.319253921534
2009-01-09,10.5,21090.37942886357
2009-01-10,10.5,20923.343038559
2009-01-11,10.5,20661.72080039977
2009-01-12,10.5,20503.2073974609
2009-01-13,10.5,21334.81535911558
2009-01-14,10.5,21913.916301727284
2009-01-15,10.5,22350.06151199343
2009-01-16,10.5,22575.001430511475
2009-01-17,10.5,22630.532169342034
2009-01-18,10.5,23379.375743865938
2009-01-19,10.5,26517.709636688276
2009-01-20,10.5,30189.363670349077
2009-01-21,10.5,33098.45237731932
2009-01-22,10.5,35005.011177062996
2009-01-23,10.5,37269.154357910185
2009-01-24,10.5,39811.739158630335
2009-01-25,10.5,41870.25690078735
2009-01-26,10.5,42752.80065536499
2009-01-27,10.5,42700.25167465211
2009-01-28,10.5,42057.46393203735
2009-01-29,10.5,41045.18022537236
2009-01-30,10.5,39678.105926513694
2009-01-31,10.5,38309.21630859379
2009-02-01,10.5,37295.7404136658
2009-02-02,10.5,35794.85778808595
2009-02-03,10.5,34187.05930709837
2009-02-04,10.5,32984.349918365464
2009-02-05,10.5,32188.12780380246
2009-02-06,10.5,31669.721603393562
2009-02-07,10.5,31164.759063720725
2009-02-08,10.5,30677.645874023423
2009-02-09,10.5,30148.388957977284
2009-02-10,10.5,29737.99552917482
2009-02-11,10.5,29284.420680999767
2009-02-12,10.5,28697.580814361587
2009-02-13,10.5,28028.06282043455
2009-02-14,10.5,27275.964546203628
2009-02-15,10.5,27021.804428100586
2009-02-16,10.5,26894.307231903047
2009-02-17,10.5,26540.47966003419
2009-02-18,10.5,26056.523323059126
2009-02-19,10.5,26032.303619384777
2009-02-20,10.5,26321.799373626698
2009-02-21,10.5,26711.171150207498
2009-02-22,10.5,28325.84981918337
2009-02-23,10.5,30273.061466217085
2009-02-24,10.5,31747.337436675996
2009-02-25,10.5,32670.06025314332
2009-02-26,10.5,33591.57543182376
2009-02-27,10.5,34053.32822799684
2009-02-28,10.5,33963.146781921416
2009-03-01,10.5,33522.33581542973
2009-03-02,10.5,34117.56734848021
2009-03-03,10.5,35012.017536163345
2009-03-04,10.5,35819.36330795292
2009-03-05,10.5,35806.41403198244
2009-03-06,10.5,35184.72518920901
2009-03-07,10.5,34921.09193801884
2009-03-08,10.5,35414.343738555865
2009-03-09,10.5,36071.33474349977
2009-03-10,10.5,36308.26864242552
2009-03-11,10.5,36214.25828933713
2009-03-12,10.5,36341.567516326926
2009-03-13,10.5,36724.22389984133
2009-03-14,10.5,36805.6918144226
2009-03-15,10.5,37197.836780548125
2009-03-16,10.5,37164.37311172483
2009-03-17,10.5,37420.01123428348
2009-03-18,10.5,37400.40063858033
2009-03-19,10.5,37251.387405395544
2009-03-20,10.5,36873.65942001346
2009-03-21,10.5,36076.23481750491
2009-03-22,10.5,34890.54050445561
2009-03-23,10.5,34713.23919296265
2009-03-24,10.5,34407.81755447389
2009-03-25,10.5,33293.14985275269
2009-03-26,10.5,32107.396316528335
2009-03-27,10.5,32082.118320465102
2009-03-28,10.5,31913.749408721902
2009-03-29,10.5,31403.47995758056
2009-03-30,10.5,30518.17073822025
2009-03-31,10.5,29521.78974151615
2009-04-01,10.5,28961.837196350112
2009-04-02,10.5,28792.43059158326
2009-04-03,10.5,28697.459793090857
2009-04-04,10.5,28541.584396362297
2009-04-05,10.5,28344.17810440059
2009-04-06,10.5,28138.01450729368
2009-04-07,10.5,28102.163887023893
2009-04-08,10.5,29073.91834259029
2009-04-09,10.5,29419.40832138057
2009-04-10,10.5,29418.50452423092
2009-04-11,10.5,29205.988597869902
2009-04-12,10.5,28542.946529388413
2009-04-13,10.5,28183.07819366452
2009-04-14,10.5,27719.556427001986
2009-04-15,10.5,27309.729480743437
2009-04-16,10.5,26913.335895538297
2009-04-17,10.5,26008.251285552935
2009-04-18,10.5,25217.96951293946
2009-04-19,10.5,24147.70889282225
2009-04-20,10.5,23189.220428466757
2009-04-21,10.5,22297.051620483377
2009-04-22,10.5,21407.317399978674
2009-04-23,10.5,20713.626050949075
2009-04-24,10.5,20040.886831283595
2009-04-25,10.5,19437.0280265808
2009-04-26,10.5,18637.414741516146
2009-04-27,10.5,18197.153520584085
2009-04-28,10.5,17883.662080764756
2009-04-29,10.5,17242.961311340296
2009-04-30,10.5,16752.081012725866
2009-05-01,10.5,16018.218326568618
2009-05-02,10.5,15230.306768417337
2009-05-03,10.5,14940.038537979148
2009-05-04,10.5,15631.690549850468
2009-05-05,10.5,15559.556722640986
2009-05-06,10.5,15882.17496871945
2009-05-07,10.5,15638.955688476579
2009-05-08,10.5,15867.68460273746
2009-05-09,10.5,15766.908645629865
2009-05-10,10.5,15268.96276474003
2009-05-11,10.5,14787.928962707498
2009-05-12,10.5,14346.411180496241
2009-05-13,10.5,13972.025442123419
2009-05-14,10.5,13649.575853347775
2009-05-15,10.5,13282.771968841567
2009-05-16,10.5,13172.34392166136
2009-05-17,10.5,13812.258052825891
2009-05-18,10.5,15283.547115325891
2009-05-19,10.5,16357.493734359723
2009-05-20,10.5,16473.72307777402
2009-05-21,10.5,16432.395601272598
2009-05-22,10.5,16613.516807556192
2009-05-23,10.5,16182.459640502926
2009-05-24,10.5,15866.084289550809
2009-05-25,10.5,15310.839986801166
2009-05-26,10.5,15470.655012130694
2009-05-27,10.5,14980.720996856675
2009-05-28,10.5,14347.970294952354
2009-05-29,10.5,13844.38276290891
2009-05-30,10.5,13389.582252502456
2009-05-31,10.5,12840.755939483617
2009-06-01,10.5,12396.524190902695
2009-06-02,10.5,11697.362422943097
2009-06-03,10.5,11084.293127059947
2009-06-04,10.5,10888.675117492638
2009-06-05,10.5,10810.100126266505
2009-06-06,10.5,10565.056514740032
2009-06-07,10.5,10148.875951766977
2009-06-08,10.5,9727.934360504112
2009-06-09,10.5,9502.9995918274
2009-06-10,10.5,9887.699174881018
2009-06-11,10.5,10669.49336528781
2009-06-12,10.5,12921.961212158198
2009-06-13,10.5,14002.61163711546
2009-06-14,10.5,13578.350973129272
2009-06-15,10.5,12903.139829635602
2009-06-16,10.5,12102.822303772002
2009-06-17,10.5,11484.999704360995
2009-06-18,10.5,11123.697137832663
2009-06-19,10.5,11246.886491775524
2009-06-20,10.5,11214.083290100112
2009-06-21,10.5,10922.568798065213
2009-06-22,10.5,10719.64766979216
2009-06-23,10.5,10256.814694404575
2009-06-24,10.5,9982.232236862179
2009-06-25,10.5,9657.470369338993
2009-06-26,10.5,9346.592473983736
2009-06-27,10.5,8740.013909339923
2009-06-28,10.5,8271.834754943851
2009-06-29,10.5,7926.709771156311
2009-06-30,10.5,7784.13770198822
2009-07-01,10.5,7390.149092674252
2009-07-02,10.5,6982.8680992126465
2009-07-03,10.5,6742.754173278806
2009-07-04,10.5,6325.78182220459
2009-07-05,10.5,5655.5608749389685
2009-07-06,10.5,5620.010876655575
2009-07-07,10.5,6078.15749645233
2009-07-08,10.5,5970.336556434635
2009-07-09,10.5,5544.368720054625
2009-07-10,10.5,5274.330675601956
2009-07-11,10.5,5035.746896266934
2009-07-12,10.5,4857.261443138126
2009-07-13,10.5,4950.873649120328
2009-07-14,10.5,4843.16310882568
2009-07-15,10.5,4915.015304088594
2009-07-16,10.5,4725.26360750198
2009-07-17,10.5,4798.74025583267
2009-07-18,10.5,5364.298403263091
2009-07-19,10.5,5531.154870986942
2009-07-20,10.5,5452.435684204099
2009-07-21,10.5,5428.733539581301
2009-07-22,10.5,5290.939557552341
2009-07-23,10.5,5831.753039360046
2009-07-24,10.5,6924.786257743839
2009-07-25,10.5,8030.618119239811
2009-07-26,10.5,7875.38130283356
2009-07-27,10.5,8012.031054496768
2009-07-28,10.5,9094.796776771545
2009-07-29,10.5,8940.37427902224
2009-07-30,10.5,9198.448920249899
2009-07-31,10.5,8887.551069259614
2009-08-01,10.5,8707.87889957425
2009-08-02,10.5,8721.844625473055
2009-08-03,10.5,9483.637475967436
2009-08-04,10.5,9416.97342395784
2009-08-05,10.5,9198.858332633961
2009-08-06,10.5,9129.475808143576
2009-08-07,10.5,9043.957543373079
2009-08-08,10.5,8850.252056121793
2009-08-09,10.5,9562.09273338315
2009-08-10,10.5,10093.770074844375
2009-08-11,10.5,9895.705246925394
2009-08-12,10.5,9370.221877098113
2009-08-13,10.5,8944.739413261374
2009-08-14,10.5,8142.112183570865
2009-08-15,10.5,8747.46122360233
2009-08-16,10.5,8836.881136894253
2009-08-17,10.5,8579.78496551514
2009-08-18,10.5,8457.593393325807
2009-08-19,10.5,8213.55786323547
2009-08-20,10.5,8166.394972801207
2009-08-21,10.5,9600.509262084997
2009-08-22,10.5,9278.75232696534
2009-08-23,10.5,8937.333941459616
2009-08-24,10.5,8800.977730751049
2009-08-25,10.5,8585.76457500458
2009-08-26,10.5,10197.574138641341
2009-08-27,10.5,10013.21239471439
2009-08-28,10.5,10105.878639221195
2009-08-29,10.5,10368.798637390157
2009-08-30,10.5,10550.395560264624
2009-08-31,10.5,10515.430068969687
2009-09-01,10.5,10481.159162521326
2009-09-02,10.5,10443.874311447176
2009-09-03,10.5,11596.341848373419
2009-09-04,10.5,14379.589033126817
2009-09-05,10.5,15896.622848510764
2009-09-06,10.5,16226.193380355851
2009-09-07,10.5,16055.568838119543
2009-09-08,10.5,16014.728021621675
2009-09-09,10.5,15758.353471755974
2009-09-10,10.5,15341.19830131533
2009-09-11,10.5,14965.595912933368
2009-09-12,10.5,14354.684400558443
2009-09-13,10.5,13794.31600570679
2009-09-14,10.5,13492.293262481719
2009-09-15,10.5,13161.2395763397
2009-09-16,10.5,12614.783477783241
2009-09-17,10.5,12122.654342651396
2009-09-18,10.5,11839.218664169319
2009-09-19,10.5,11571.99854850772
2009-09-20,10.5,11323.10929298397
2009-09-21,10.5,11030.446386337251
2009-09-22,10.5,10813.603305816634
2009-09-23,10.5,10524.587130546595
2009-09-24,10.5,10228.620600700358
2009-09-25,10.5,9936.313033103972
2009-09-26,10.5,9606.185674667338
2009-09-27,10.5,9334.523177146943
2009-09-28,10.5,9150.837993621793
2009-09-29,10.5,8880.615520477286
2009-09-30,10.5,8541.578292846676
2009-10-01,10.5,8469.546175003055
2009-10-02,10.5,8326.069021224977
2009-10-03,10.5,10141.33915901183
2009-10-04,10.5,12068.015813827518
2009-10-05,10.5,12144.742012023897
2009-10-06,10.5,12653.296566009496
2009-10-07,10.5,14529.283332824707
2009-10-08,10.5,14792.786550521883
2009-10-09,10.5,14690.92140197752
2009-10-10,10.5,14802.739906311013
2009-10-11,10.5,14726.169490814182
2009-10-12,10.5,14783.397102355972
2009-10-13,10.5,14468.322086334203
2009-10-14,10.5,14111.996841430679
2009-10-15,10.5,13723.042201995888
2009-10-16,10.5,14170.945787429846
2009-10-17,10.5,14327.131462097186
2009-10-18,10.5,14150.74553489684
2009-10-19,10.5,13960.091972351058
2009-10-20,10.5,14003.140783309951
2009-10-21,10.5,13963.16771507261
2009-10-22,10.5,13990.924072265587
2009-10-23,10.5,13809.235095977761
2009-10-24,10.5,14175.540733337366
2009-10-25,10.5,15373.317861557023
2009-10-26,10.5,16782.264232635483
2009-10-27,10.5,17394.7812080383
2009-10-28,10.5,18667.531013488762
2009-10-29,10.5,21458.549308776826
2009-10-30,10.5,22240.702056884777
2009-10-31,10.5,22699.854183197058
2009-11-01,10.5,22863.97190093993
2009-11-02,10.5,25202.43244171147
2009-11-03,10.5,26539.78700637821
2009-11-04,10.5,27758.751869201646
2009-11-05,10.5,28981.803131103516
2009-11-06,10.5,30149.372577667215
2009-11-07,10.5,31663.61389160153
2009-11-08,10.5,32388.83771896359
2009-11-09,10.5,32454.32052612306
2009-11-10,10.5,32701.152420043916
2009-11-11,10.5,33418.68238449098
2009-11-12,10.5,34807.826328277624
2009-11-13,10.5,35869.306468963594
2009-11-14,10.5,37413.75675201417
2009-11-15,10.5,38301.025485992395
2009-11-16,10.5,39972.43738174438
2009-11-17,10.5,40930.18684387203
2009-11-18,10.5,45545.59822082517
2009-11-19,10.5,53800.99983215329
2009-11-20,10.5,59267.4173355103
2009-11-21,10.5,63367.20600128174
2009-11-22,10.5,65853.1425476074
2009-11-23,10.5,70691.95919036862
2009-11-24,10.5,76026.07212066652
2009-11-25,10.5,81110.07785797119
2009-11-26,10.5,85739.30625915527
2009-11-27,10.5,92268.51196289097
2009-11-28,10.5,99681.49223327634
2009-11-29,10.5,108003.01780700698
2009-11-30,10.5,112617.93479919438
2009-12-01,10.5,113297.72415161127
2009-12-02,10.5,110613.32817077634
2009-12-03,10.5,107182.76138305632
2009-12-04,10.5,104036.03324890154
2009-12-05,10.5,101733.1375122072
2009-12-06,10.5,99709.57946777387
2009-12-07,10.5,99481.02951049776
2009-12-08,10.5,98418.31855773897
2009-12-09,10.5,95817.24700927749
2009-12-10,10.5,93741.96395874009
2009-12-11,10.5,92547.72605896012
2009-12-12,10.5,90350.2681732178
2009-12-13,10.5,87671.64001464866
2009-12-14,10.5,84611.99569702144
2009-12-15,10.5,80909.35764312741
2009-12-16,10.5,79409.97104644778
2009-12-17,10.5,77739.19773101804
2009-12-18,10.5,73962.02602386476
2009-12-19,10.5,70518.7442779541
2009-12-20,10.5,67233.17127227786
2009-12-21,10.5,64046.902656555154
2009-12-22,10.5,62253.774261474595
2009-12-23,10.5,60745.581436157256
2009-12-24,10.5,58145.18451690678
2009-12-25,10.5,57651.79882049556
2009-12-26,10.5,61131.335449218735
2009-12-27,10.5,64973.82774353032
2009-12-28,10.5,72798.34728240971
2009-12-29,10.5,80929.33387756346
2009-12-30,10.5,85103.20301055913
2009-12-31,10.5,85523.64120483396
2010-01-01,10.5,83596.97227478032
2010-01-02,10.5,80555.9858322144
2010-01-03,10.5,76378.6766052246
2010-01-04,10.5,72111.16790771487
2010-01-05,10.5,68770.91903686522
2010-01-06,10.5,65989.61334228513
2010-01-07,10.5,62138.10882568361
2010-01-08,10.5,58578.56941223149
2010-01-09,10.5,54993.88332366943
2010-01-10,10.5,51904.61196899414
2010-01-11,10.5,48861.96212768559
2010-01-12,10.5,46233.833312988296
2010-01-13,10.5,44289.29443359378
2010-01-14,10.5,42295.82948684695
2010-01-15,10.5,40161.12499237061
2010-01-16,10.5,38388.4028434753
2010-01-17,10.5,36767.43621826171
2010-01-18,10.5,35281.083869934075
2010-01-19,10.5,33975.92353820797
2010-01-20,10.5,33021.251106262185
2010-01-21,10.5,31883.33702087401
2010-01-22,10.5,30758.987617492632
2010-01-23,10.5,29786.34738922119
2010-01-24,10.5,28632.278251647906
2010-01-25,10.5,27809.001445770256
2010-01-26,10.5,26796.815586090055
2010-01-27,10.5,26297.365951538057
2010-01-28,10.5,26416.028594970725
2010-01-29,10.5,26191.935825347893
2010-01-30,10.5,25863.625717163108
2010-01-31,10.5,25598.936748504675
2010-02-01,10.5,25159.472465515108
2010-02-02,10.5,25122.828769683838
2010-02-03,10.5,25318.548488616972
2010-02-04,10.5,24862.504291534424
2010-02-05,10.5,24192.15202331545
2010-02-06,10.5,23671.63953781125
2010-02-07,10.5,23254.78048324589
2010-02-08,10.5,22905.471897125277
2010-02-09,10.5,22538.303661346472
2010-02-10,10.5,22127.088832855257
2010-02-11,10.5,21775.290298461936
2010-02-12,10.5,21320.089387893677
2010-02-13,10.5,20903.489112853986
2010-02-14,10.5,20707.04712867739
2010-02-15,10.5,20402.946424484293
2010-02-16,10.5,20200.168848037705
2010-02-17,10.5,20054.587984085116
2010-02-18,10.5,20018.868684768633
2010-02-19,10.5,20339.361333847068
2010-02-20,10.5,21362.53180503842
2010-02-21,10.5,21448.877906799302
2010-02-22,10.5,21553.892183303855
2010-02-23,10.5,21321.81587219239
2010-02-24,10.5,21053.774356842037
2010-02-25,10.5,21233.436870574944
2010-02-26,10.5,21632.922935485833
2010-02-27,10.5,23471.80767059322
2010-02-28,10.5,28256.42480850222
2010-03-01,10.5,37840.22798538209
2010-03-02,10.5,46188.772201538064
2010-03-03,10.5,51167.83447265622
2010-03-04,10.5,52795.90530395505
2010-03-05,10.5,52312.47940063478
2010-03-06,10.5,50625.64373016359
2010-03-07,10.5,48234.8556518555
2010-03-08,10.5,46225.87680816652
2010-03-09,10.5,44272.17121124263
2010-03-10,10.5,42173.36626052857
2010-03-11,10.5,40913.04559707645
2010-03-12,10.5,45339.06383514403
2010-03-13,10.5,54235.83183288572
2010-03-14,10.5,62736.96842193606
2010-03-15,10.5,67236.9100570679
2010-03-16,10.5,68108.75759124754
2010-03-17,10.5,67263.89007568361
2010-03-18,10.5,66821.69895172119
2010-03-19,10.5,67025.79231262203
2010-03-20,10.5,67421.5112686157
2010-03-21,10.5,67860.58158874509
2010-03-22,10.5,67187.52307891849
2010-03-23,10.5,65802.83374786381
2010-03-24,10.5,63617.30804443361
2010-03-25,10.5,61212.39910125737
2010-03-26,10.5,59041.29810333255
2010-03-27,10.5,61773.536109924346
2010-03-28,10.5,63653.125190734885
2010-03-29,10.5,64820.53756713865
2010-03-30,10.5,64367.09403991698
2010-03-31,10.5,64488.980484008775
2010-04-01,10.5,63476.186943054214
2010-04-02,10.5,62469.25907135011
2010-04-03,10.5,60732.10430145268
2010-04-04,10.5,59201.32942199707
2010-04-05,10.5,57886.034202575654
2010-04-06,10.5,56297.35450744626
2010-04-07,10.5,54873.83022308348
2010-04-08,10.5,53137.82386779788
2010-04-09,10.5,51354.026985168486
2010-04-10,10.5,49708.52394104005
2010-04-11,10.5,47885.92300415036
2010-04-12,10.5,46272.467422485366
2010-04-13,10.5,44695.3182220459
2010-04-14,10.5,43231.753921508775
2010-04-15,10.5,41552.653312683135
2010-04-16,10.5,39986.52734756474
2010-04-17,10.5,38470.91875076298
2010-04-18,10.5,37410.72092056276
2010-04-19,10.5,36325.1626968384
2010-04-20,10.5,35713.33065032962
2010-04-21,10.5,35750.94766616826
2010-04-22,10.5,34893.23644638057
2010-04-23,10.5,34160.347080230684
2010-04-24,10.5,33570.105743408196
2010-04-25,10.5,32753.026771545432
2010-04-26,10.5,32001.451206207264
2010-04-27,10.5,31488.833427429163
2010-04-28,10.5,30586.140918731726
2010-04-29,10.5,29485.264492034898
2010-04-30,10.5,29277.161979675293
2010-05-01,10.5,29139.03808593747
2010-05-02,10.5,28441.466331481963
2010-05-03,10.5,27450.87375640867
2010-05-04,10.5,26372.47381210328
2010-05-05,10.5,27169.208335876465
2010-05-06,10.5,26349.65229034426
2010-05-07,10.5,25464.832305908196
2010-05-08,10.5,25927.159309387236
2010-05-09,10.5,26463.499832153288
2010-05-10,10.5,25821.917152404796
2010-05-11,10.5,25107.992076873772
2010-05-12,10.5,26832.676506042502
2010-05-13,10.5,28831.175422668493
2010-05-14,10.5,28078.4514427185
2010-05-15,10.5,28980.793762207024
2010-05-16,10.5,40637.4080657959
2010-05-17,10.5,44024.23210144041
2010-05-18,10.5,42796.396636962876
2010-05-19,10.5,40326.839160919204
2010-05-20,10.5,38102.90594100949
2010-05-21,10.5,35953.573322296135
2010-05-22,10.5,33976.98183059695
2010-05-23,10.5,31905.21097183231
2010-05-24,10.5,30948.478603363004
2010-05-25,10.5,29032.382297515913
2010-05-26,10.5,27440.182685852094
2010-05-27,10.5,26315.962028503403
2010-05-28,10.5,26009.02633666991
2010-05-29,10.5,25575.723838806196
2010-05-30,10.5,26973.854255676237
2010-05-31,10.5,30672.006797790516
2010-06-01,10.5,29709.982967376698
2010-06-02,10.5,27775.519752502456
2010-06-03,10.5,25365.010356903047
2010-06-04,10.5,23927.01501846312
2010-06-05,10.5,22311.834239959717
2010-06-06,10.5,21165.858078002926
2010-06-07,10.5,22463.999176025405
2010-06-08,10.5,20557.984972000115
2010-06-09,10.5,21718.626594543446
2010-06-10,10.5,23593.61944198607
2010-06-11,10.5,26490.410327911362
2010-06-12,10.5,29364.310169220014
2010-06-13,10.5,30964.231967925996
2010-06-14,10.5,31429.455757141102
2010-06-15,10.5,31180.525302886996
2010-06-16,10.5,30620.77617645268
2010-06-17,10.5,29334.817028045665
2010-06-18,10.5,27878.93114089965
2010-06-19,10.5,27210.10322570797
2010-06-20,10.5,27948.299503326452
2010-06-21,10.5,28016.176986694372
2010-06-22,10.5,26969.56186294555
2010-06-23,10.5,26042.68054962155
2010-06-24,10.5,25285.427284240744
2010-06-25,10.5,24150.12674331663
2010-06-26,10.5,23000.02813339237
2010-06-27,10.5,22191.13740921019
2010-06-28,10.5,21448.959016799898
2010-06-29,10.5,20729.760503768957
2010-06-30,10.5,19783.444976806662
2010-07-01,10.5,19026.30887031557
2010-07-02,10.5,18572.78938293455
2010-07-03,10.5,18108.701133728
2010-07-04,10.5,18777.988672256448
2010-07-05,10.5,18133.70490074157
2010-07-06,10.5,17054.273700714155
2010-07-07,10.5,15896.513414382913
2010-07-08,10.5,15240.19317626955
2010-07-09,10.5,15052.889585494973
2010-07-10,10.5,14591.224336624127
2010-07-11,10.5,14118.300247192388
2010-07-12,10.5,14843.30134391781
2010-07-13,10.5,17070.552349090616
2010-07-14,10.5,17059.509801864635
2010-07-15,10.5,16143.198537826567
2010-07-16,10.5,15248.108482360876
2010-07-17,10.5,14856.855726242044
2010-07-18,10.5,13923.05045127869
2010-07-19,10.5,12929.76579666136
2010-07-20,10.5,12315.690994262659
2010-07-21,10.5,11818.520164489708
2010-07-22,10.5,11284.249877929728
2010-07-23,10.5,10797.988343238863
2010-07-24,10.5,10774.398851394624
2010-07-25,10.5,10033.35986137389
2010-07-26,10.5,9560.731244087232
2010-07-27,10.5,9180.37040233608
2010-07-28,10.5,8988.70038986206
2010-07-29,10.5,12696.116209030108
2010-07-30,10.5,14342.829465866056
2010-07-31,10.5,14922.382307052587
2010-08-01,10.5,16349.126529693574
2010-08-02,10.5,16473.470735549898
2010-08-03,10.5,16002.937459945671
2010-08-04,10.5,15592.209291458094
2010-08-05,10.5,15878.44648361206
2010-08-06,10.5,15466.272497177153
2010-08-07,10.5,15036.290359497074
2010-08-08,10.5,14356.999254226695
2010-08-09,10.5,13496.686077117916
2010-08-10,10.5,12803.931999206554
2010-08-11,10.5,13455.784749984767
2010-08-12,10.5,13916.562938690167
2010-08-13,10.5,14925.862312316873
2010-08-14,10.5,14933.961725235007
2010-08-15,10.5,14832.02061653138
2010-08-16,10.5,17046.315908431978
2010-08-17,10.5,20400.08826255797
2010-08-18,10.5,28222.22986221312
2010-08-19,10.5,32848.74944686886
2010-08-20,10.5,35574.55787658689
2010-08-21,10.5,38461.75975799556
2010-08-22,10.5,41951.38492584227
2010-08-23,10.5,44125.34923553465
2010-08-24,10.5,47670.91712951662
2010-08-25,10.5,48719.75955963138
2010-08-26,10.5,48668.84822845457
2010-08-27,10.5,48344.61421966557
2010-08-28,10.5,47174.35913085936
2010-08-29,10.5,45909.6353530884
2010-08-30,10.5,44278.701210022
2010-08-31,10.5,42160.78777313232
2010-09-01,10.5,39744.000720977754
2010-09-02,10.5,38015.999794006326
2010-09-03,10.5,36460.79921722412
2010-09-04,10.5,35078.39899063114
2010-09-05,10.5,33955.200576782205
2010-09-06,10.5,32572.800350189224
2010-09-07,10.5,29847.808170318614
2010-09-08,10.5,28405.664634704568
2010-09-09,10.5,27067.23117828372
2010-09-10,10.5,27179.994678497307
2010-09-11,10.5,27380.60932159426
2010-09-12,10.5,27724.219608306907
2010-09-13,10.5,29342.420768737815
2010-09-14,10.5,31162.82014846803
2010-09-15,10.5,33082.178878784194
2010-09-16,10.5,35243.335533142046
2010-09-17,10.5,37112.1820449829
2010-09-18,10.5,38588.984012603745
2010-09-19,10.5,39136.29627227786
2010-09-20,10.5,40415.81554412845
2010-09-21,10.5,41890.38763046265
2010-09-22,10.5,42281.330108642615
2010-09-23,10.5,42488.25330734251
2010-09-24,10.5,42356.592464447065
2010-09-25,10.5,41814.960479736306
2010-09-26,10.5,41060.05039215092
2010-09-27,10.5,39716.840457916274
2010-09-28,10.5,37894.82917785644
2010-09-29,10.5,36264.90182876591
2010-09-30,10.5,34699.63073730468
2010-10-01,10.5,33025.620746612534
2010-10-02,10.5,31451.63869857787
2010-10-03,10.5,30187.8264427185
2010-10-04,10.5,28970.92409133911
2010-10-05,10.5,27958.388042449995
2010-10-06,10.5,27076.542091369665
2010-10-07,10.5,27757.430934905977
2010-10-08,10.5,27450.407695770256
2010-10-09,10.5,26621.66948318478
2010-10-10,10.5,25908.573532104456
2010-10-11,10.5,25295.62911987306
2010-10-12,10.5,24668.007659912073
2010-10-13,10.5,23884.73997116089
2010-10-14,10.5,23128.38792800902
2010-10-15,10.5,22907.289791107156
2010-10-16,10.5,22982.508373260527
2010-10-17,10.5,22350.55589675902
2010-10-18,10.5,21681.115150451646
2010-10-19,10.5,22377.898979187004
2010-10-20,10.5,22501.8067359924
2010-10-21,10.5,22593.12629699707
2010-10-22,10.5,23148.557281494148
2010-10-23,10.5,24384.28487777706
2010-10-24,10.5,30396.75550460819
2010-10-25,10.5,35851.88198089601
2010-10-26,10.5,40353.67755889894
2010-10-27,10.5,44708.57391357424
2010-10-28,10.5,49694.10438537599
2010-10-29,10.5,54499.77149963383
2010-10-30,10.5,57039.786529540994
2010-10-31,10.5,58438.68942260739
2010-11-01,10.5,58867.66090393068
2010-11-02,10.5,58663.00621032716
2010-11-03,10.5,61290.439796447776
2010-11-04,10.5,65007.734298706084
2010-11-05,10.5,70298.38256835936
2010-11-06,10.5,75969.2230224609
2010-11-07,10.5,79715.44933319087
2010-11-08,10.5,81748.15349578853
2010-11-09,10.5,81701.083946228
2010-11-10,10.5,80182.17430114743
2010-11-11,10.5,77850.11501312259
2010-11-12,10.5,82249.74288940433
2010-11-13,10.5,89493.76716613804
2010-11-14,10.5,94716.34483337365
2010-11-15,10.5,101122.9740142822
2010-11-16,10.5,103736.80686950698
2010-11-17,10.5,104162.22496032683
2010-11-18,10.5,102627.40745544393
2010-11-19,10.5,99570.3689575198
2010-11-20,10.5,96978.82461547882
2010-11-21,10.5,94110.00251770022
2010-11-22,10.5,90963.02719116172
2010-11-23,10.5,89303.98521423311
2010-11-24,10.5,87480.1071166991
2010-11-25,10.5,84905.16586303712
2010-11-26,10.5,82137.08496093747
2010-11-27,10.5,80065.46344757083
2010-11-28,10.5,77273.25038909908
2010-11-29,10.5,74701.44023895268
2010-11-30,10.5,70779.91847991943
2010-12-01,10.5,67695.21503448489
2010-12-02,10.5,65190.85235595703
2010-12-03,10.5,62485.74371337892
2010-12-04,10.5,59849.71504211428
2010-12-05,10.5,58105.520439147906
2010-12-06,10.5,56070.64304351804
2010-12-07,10.5,55098.77014160153
2010-12-08,10.5,53186.11392974849
2010-12-09,10.5,51159.47113037108
2010-12-10,10.5,49124.4083404541
2010-12-11,10.5,52257.056808471665
2010-12-12,10.5,62950.36239624028
2010-12-13,10.5,73195.53394317624
2010-12-14,10.5,79073.24867248537
2010-12-15,10.5,80797.81208038326
2010-12-16,10.5,81444.41070556639
2010-12-17,10.5,80942.81101226804
2010-12-18,10.5,78465.14511108396
2010-12-19,10.5,75157.92732238771
2010-12-20,10.5,71258.6992263794
2010-12-21,10.5,67183.2126617432
2010-12-22,10.5,63009.64736938478
2010-12-23,10.5,59308.27617645268
2010-12-24,10.5,56133.950042724595
2010-12-25,10.5,52872.67398834227
2010-12-26,10.5,49809.09519195561
2010-12-27,10.5,46892.20447540281
2010-12-28,10.5,44382.897949218735
2010-12-29,10.5,42158.14075469966
2010-12-30,10.5,40034.11960601804
2010-12-31,10.5,38382.10716247563
2011-01-01,10.5,38761.037635803266
2011-01-02,10.5,39481.83774948116
2011-01-03,10.5,38934.09805297856
2011-01-04,10.5,37816.95842742916
2011-01-05,10.5,36896.65603637694
2011-01-06,10.5,35923.753166198716
2011-01-07,10.5,34757.59477615352
2011-01-08,10.5,34887.38622665409
2011-01-09,10.5,42467.3578262329
2011-01-10,10.5,48788.38119506838
2011-01-11,10.5,51550.21018981932
2011-01-12,10.5,51723.70319366453
2011-01-13,10.5,50379.91905212401
2011-01-14,10.5,51796.32625579836
2011-01-15,10.5,66505.48324584964
2011-01-16,10.5,92734.2739105223
2011-01-17,10.5,110923.98719787589
2011-01-18,10.5,120847.01042175293
2011-01-19,10.5,124033.58802795428
2011-01-20,10.5,122866.34559631371
2011-01-21,10.5,118503.63693237343
2011-01-22,10.5,112836.83395385722
2011-01-23,10.5,106922.96218872027
2011-01-24,10.5,100906.13479614278
2011-01-25,10.5,95998.50082397435
2011-01-26,10.5,91201.70173644979
2011-01-27,10.5,85518.02787780762
2011-01-28,10.5,79688.2736206055
2011-01-29,10.5,74291.7394638062
2011-01-30,10.5,69397.92766571042
2011-01-31,10.5,64783.92219543455
2011-02-01,10.5,60633.59813690187
2011-02-02,10.5,57431.31351470949
2011-02-03,10.5,55990.06347656252
2011-02-04,10.5,59137.703132629395
2011-02-05,10.5,67144.66094970703
2011-02-06,10.5,72815.55290222167
2011-02-07,10.5,80566.79534912108
2011-02-08,10.5,85629.72278594966
2011-02-09,10.5,88237.18528747545
2011-02-10,10.5,88692.49305725069
2011-02-11,10.5,88891.20483398467
2011-02-12,10.5,89303.33633422838
2011-02-13,10.5,84334.0896606445
2011-02-14,10.5,80301.75876617435
2011-02-15,10.5,75586.75975799556
2011-02-16,10.5,71650.21591186522
2011-02-17,10.5,67715.25306701663
2011-02-18,10.5,63633.44764709473
2011-02-19,10.5,59650.62732696535
2011-02-20,10.5,55911.65714263912
2011-02-21,10.5,52393.67694854732
2011-02-22,10.5,49269.268226623535
2011-02-23,10.5,46568.11466217038
2011-02-24,10.5,44098.54946136476
2011-02-25,10.5,41762.33682632448
2011-02-26,10.5,39921.701145172134
2011-02-27,10.5,38389.945220947295
2011-02-28,10.5,36924.32870864871
2011-03-01,10.5,35500.74005126955
2011-03-02,10.5,34319.37932968138
2011-03-03,10.5,33204.76055145268
2011-03-04,10.5,32347.82695770268
2011-03-05,10.5,32129.795551300005
2011-03-06,10.5,32189.927673339815
2011-03-07,10.5,31819.332218170144
2011-03-08,10.5,31208.270072937004
2011-03-09,10.5,31235.87837219239
2011-03-10,10.5,33127.20651626591
2011-03-11,10.5,35877.29644775388
2011-03-12,10.5,38000.08935928348
2011-03-13,10.5,39231.7717552185
2011-03-14,10.5,39832.64751434322
2011-03-15,10.5,40219.93618011475
2011-03-16,10.5,41173.77691268922
2011-03-17,10.5,43449.55101013185
2011-03-18,10.5,41569.59114074707
2011-03-19,10.5,40069.07157897951
2011-03-20,10.5,38666.54062271114
2011-03-21,10.5,37519.768810272246
2011-03-22,10.5,36903.59544754028
2011-03-23,10.5,36243.64070892331
2011-03-24,10.5,35777.15520858769
2011-03-25,10.5,35022.77812957764
2011-03-26,10.5,34541.082572937004
2011-03-27,10.5,33824.12939071652
2011-03-28,10.5,33185.52846908571
2011-03-29,10.5,32581.07357025151
2011-03-30,10.5,32223.62565994262
2011-03-31,10.5,32826.21631622317
2011-04-01,10.5,34480.84230422974
2011-04-02,10.5,34830.70449829099
2011-04-03,10.5,34907.16419219966
2011-04-04,10.5,34576.284313201875
2011-04-05,10.5,34483.746814727754
2011-04-06,10.5,34766.0482406616
2011-04-07,10.5,34321.81262969966
2011-04-08,10.5,33520.41492462155
2011-04-09,10.5,32945.321846008315
2011-04-10,10.5,31926.047229766857
2011-04-11,10.5,30652.06403732296
2011-04-12,10.5,30074.174594879158
2011-04-13,10.5,29479.785060882557
2011-04-14,10.5,28754.849624633833
2011-04-15,10.5,28002.44235992435
2011-04-16,10.5,27275.90017318724
2011-04-17,10.5,26612.747383117683
2011-04-18,10.5,25968.947696685824
2011-04-19,10.5,25570.658969879158
2011-04-20,10.5,24994.74191665645
2011-04-21,10.5,24319.108486175526
2011-04-22,10.5,23677.960968017567
2011-04-23,10.5,23151.29442214965
2011-04-24,10.5,22447.004699707024
2011-04-25,10.5,21809.492969512983
2011-04-26,10.5,21193.592548370372
2011-04-27,10.5,20774.652957916274
2011-04-28,10.5,20337.65544891358
2011-04-29,10.5,19935.527515411362
2011-04-30,10.5,19002.05698013303
2011-05-01,10.5,18613.623762130694
2011-05-02,10.5,18311.294603347775
2011-05-03,10.5,18093.47176551816
2011-05-04,10.5,18243.518829345678
2011-05-05,10.5,17792.154550552346
2011-05-06,10.5,17569.517898559592
2011-05-07,10.5,17509.14115905761
2011-05-08,10.5,16800.67620277402
2011-05-09,10.5,16180.787229537942
2011-05-10,10.5,15691.736412048356
2011-05-11,10.5,15461.37499809263
2011-05-12,10.5,15431.069469451882
2011-05-13,10.5,15195.263385772716
2011-05-14,10.5,14998.845863342274
2011-05-15,10.5,14989.520788192742
2011-05-16,10.5,15399.397945404085
2011-05-17,10.5,16301.320552825891
2011-05-18,10.5,16389.032649993907
2011-05-19,10.5,16314.720439910889
2011-05-20,10.5,16163.633108139005
2011-05-21,10.5,15624.96743202212
2011-05-22,10.5,16048.903656005856
2011-05-23,10.5,16490.676355361946
2011-05-24,10.5,16375.34952163699
2011-05-25,10.5,15756.234312057495
2011-05-26,10.5,15608.370780944842
2011-05-27,10.5,15823.492527008075
2011-05-28,10.5,15851.914501190167
2011-05-29,10.5,16284.006786346474
2011-05-30,10.5,16989.649629592866
2011-05-31,10.5,16803.14812660221
2011-06-01,10.5,16237.637615203863
2011-06-02,10.5,15705.047464370728
2011-06-03,10.5,15402.468538284307
2011-06-04,10.5,15108.989381790165
2011-06-05,10.5,14739.819145202677
2011-06-06,10.5,14511.264038085945
2011-06-07,10.5,14319.562482833844
2011-06-08,10.5,14364.156246185263
2011-06-09,10.5,18077.832984924346
2011-06-10,10.5,18229.78677749636
2011-06-11,10.5,18052.15458869931
2011-06-12,10.5,17766.355133056662
2011-06-13,10.5,17120.431137084997
2011-06-14,10.5,16672.022867202795
2011-06-15,10.5,15817.410564422602
2011-06-16,10.5,15444.91481781007
2011-06-17,10.5,16566.381597518957
2011-06-18,10.5,17120.89977264403
2011-06-19,10.5,17614.558410644506
2011-06-20,10.5,16760.93873977659
2011-06-21,10.5,16145.282936096151
2011-06-22,10.5,15759.295892715458
2011-06-23,10.5,15466.31369590761
2011-06-24,10.5,14497.38264083864
2011-06-25,10.5,13530.490922927867
2011-06-26,10.5,13094.806623458888
2011-06-27,10.5,12930.409526824944
2011-06-28,10.5,12682.978963851889
2011-06-29,10.5,11999.494600296017
2011-06-30,10.5,13253.013610839822
2011-07-01,10.5,12902.199983596827
2011-07-02,10.5,13373.86364936827
2011-07-03,10.5,14002.253723144506
2011-07-04,10.5,13922.14279174802
2011-07-05,10.5,13841.479539871198
2011-07-06,10.5,13807.07731246945
2011-07-07,10.5,13768.655633926359
2011-07-08,10.5,13746.42891883852
2011-07-09,10.5,13666.607666015587
2011-07-10,10.5,13189.848232269309
2011-07-11,10.5,12604.384660720842
2011-07-12,10.5,11871.436071395894
2011-07-13,10.5,11632.099771499647
2011-07-14,10.5,13849.974203109723
2011-07-15,10.5,16103.341341018633
2011-07-16,10.5,16263.87991905211
2011-07-17,10.5,16991.049098968502
2011-07-18,10.5,17627.731704711936
2011-07-19,10.5,17461.12017631533
2011-07-20,10.5,17338.273286819443
2011-07-21,10.5,16613.17949295046
2011-07-22,10.5,16676.926803588874
2011-07-23,10.5,18029.330492019668
2011-07-24,10.5,18186.004114151037
2011-07-25,10.5,18169.782114028923
2011-07-26,10.5,18076.77340507506
2011-07-27,10.5,17748.263740539573
2011-07-28,10.5,17066.942310333256
2011-07-29,10.5,16390.258312225305
2011-07-30,10.5,16264.60733413699
2011-07-31,10.5,15889.360284805276
2011-08-01,10.5,15885.159301757834
2011-08-02,10.5,16001.899766922012
2011-08-03,10.5,15578.1167507172
2011-08-04,10.5,14627.028608322133
2011-08-05,10.5,14294.800758361824
2011-08-06,10.5,13912.799692153969
2011-08-07,10.5,13630.542039871198
2011-08-08,10.5,13801.420211792025
2011-08-09,10.5,14880.541133880577
2011-08-10,10.5,13976.791620254553
2011-08-11,10.5,15729.23884391781
2011-08-12,10.5,16820.262336730928
2011-08-13,10.5,16758.19902420046
2011-08-14,10.5,16893.598651885957
2011-08-15,10.5,17915.24734497072
2011-08-16,10.5,18048.21496009825
2011-08-17,10.5,17957.59320259097
2011-08-18,10.5,17672.246932983377
2011-08-19,10.5,20127.861213684075
2011-08-20,10.5,21026.8368244171
2011-08-21,10.5,21259.87229347226
2011-08-22,10.5,21258.546209335353
2011-08-23,10.5,21319.392871856675
2011-08-24,10.5,21248.046970367446
2011-08-25,10.5,22016.143226623535
2011-08-26,10.5,23633.26034545901
2011-08-27,10.5,24979.434013366736
2011-08-28,10.5,24754.81853485106
2011-08-29,10.5,24355.51013946534
2011-08-30,10.5,24245.352458953865
2011-08-31,10.5,23637.97502517704
2011-09-01,10.5,23068.799114227284
2011-09-02,10.5,22723.200988769553
2011-09-03,10.5,22463.999176025405
2011-09-04,10.5,23328.00092697143
2011-09-05,10.5,23760.00051498409
2011-09-06,10.5,28079.99897003173
2011-09-07,10.5,27820.79973220821
2011-09-08,10.5,26893.447208404563
2011-09-09,10.5,28644.802665710427
2011-09-10,10.5,29467.044353485122
2011-09-11,10.5,30828.023815155037
2011-09-12,10.5,32049.27263259884
2011-09-13,10.5,33119.71092224122
2011-09-14,10.5,33138.96360397342
2011-09-15,10.5,33530.64250946043
2011-09-16,10.5,33108.84218215938
2011-09-17,10.5,32849.18460845949
2011-09-18,10.5,33669.57235336301
2011-09-19,10.5,34238.156032562285
2011-09-20,10.5,34159.09566879274
2011-09-21,10.5,35847.32437133793
2011-09-22,10.5,37219.14939880374
2011-09-23,10.5,37657.48071670528
2011-09-24,10.5,37773.692035675056
2011-09-25,10.5,37748.02265167236
2011-09-26,10.5,37535.33420562741
2011-09-27,10.5,37461.19451522823
2011-09-28,10.5,36900.129604339585
2011-09-29,10.5,36583.919048309355
2011-09-30,10.5,36031.858634948716
2011-10-01,10.5,35156.89802169801
2011-10-02,10.5,34011.663436889685
2011-10-03,10.5,32780.89513778688
2011-10-04,10.5,31525.178432464632
2011-10-05,10.5,30174.99561309813
2011-10-06,10.5,30658.35456848149
2011-10-07,10.5,30207.73572921756
2011-10-08,10.5,29089.72063064578
2011-10-09,10.5,28402.91461944579
2011-10-10,10.5,28591.033172607385
2011-10-11,10.5,28750.067996978796
2011-10-12,10.5,28625.037574768037
2011-10-13,10.5,28303.005123138413
2011-10-14,10.5,27893.36614608769
2011-10-15,10.5,27304.824256896958
2011-10-16,10.5,26690.30141830445
2011-10-17,10.5,26016.336536407493
2011-10-18,10.5,28075.948619842507
2011-10-19,10.5,31259.23032760621
2011-10-20,10.5,32689.66569900515
2011-10-21,10.5,33787.797260284424
2011-10-22,10.5,34490.56777954099
2011-10-23,10.5,34848.06461334227
2011-10-24,10.5,35003.73659133911
2011-10-25,10.5,34834.93766784671
2011-10-26,10.5,34229.303455352805
2011-10-27,10.5,33609.07459259029
2011-10-28,10.5,32910.794734954805
2011-10-29,10.5,32074.357509613004
2011-10-30,10.5,31269.692230224595
2011-10-31,10.5,30654.695606231726
2011-11-01,10.5,29846.44346237179
2011-11-02,10.5,29188.553810119665
2011-11-03,10.5,28863.076114654563
2011-11-04,10.5,28345.339393615694
2011-11-05,10.5,27724.477100372358
2011-11-06,10.5,27103.61480712892
2011-11-07,10.5,26482.752513885483
2011-11-08,10.5,25826.322841644265
2011-11-09,10.5,25325.243282318144
2011-11-10,10.5,24792.0879364014
2011-11-11,10.5,24091.900062561013
2011-11-12,10.5,23442.79088974003
2011-11-13,10.5,22974.819660186768
2011-11-14,10.5,22589.912796020497
2011-11-15,10.5,22248.421669006326
2011-11-16,10.5,21858.77437591556
2011-11-17,10.5,21504.713773727402
2011-11-18,10.5,21175.617027282682
2011-11-19,10.5,20944.980096816987
2011-11-20,10.5,20859.494018554684
2011-11-21,10.5,20700.827407836892
2011-11-22,10.5,20406.181812286406
2011-11-23,10.5,20213.33827972412
2011-11-24,10.5,20040.01393318174
2011-11-25,10.5,20235.59589385984
2011-11-26,10.5,20860.18795967106
2011-11-27,10.5,21987.75730133056
2011-11-28,10.5,22969.528198242166
2011-11-29,10.5,23302.110099792502
2011-11-30,10.5,23563.719463348367
2011-12-01,10.5,23718.034458160415
2011-12-02,10.5,24148.319149017327
2011-12-03,10.5,25383.333492279042
2011-12-04,10.5,29407.23667144777
2011-12-05,10.5,33585.65053939824
2011-12-06,10.5,36985.90793609615
2011-12-07,10.5,40718.306922912634
2011-12-08,10.5,43648.334884643555
2011-12-09,10.5,51643.19057464602
2011-12-10,10.5,58487.96310424802
2011-12-11,10.5,63956.22940063478
2011-12-12,10.5,67548.2746124268
2011-12-13,10.5,70955.00793457027
2011-12-14,10.5,76302.9584884644
2011-12-15,10.5,81283.22582244872
2011-12-16,10.5,84754.36305999754
2011-12-17,10.5,86998.29826355021
2011-12-18,10.5,86701.5335083009
2011-12-19,10.5,84655.55820465092
2011-12-20,10.5,82398.75869750972
2011-12-21,10.5,79521.19731903079
2011-12-22,10.5,76217.6050186157
2011-12-23,10.5,73168.83716583255
2011-12-24,10.5,73085.75477600095
2011-12-25,10.5,72107.47032165527
2011-12-26,10.5,71188.9343261719
2011-12-27,10.5,69914.37950134274
2011-12-28,10.5,68012.37831115726
2011-12-29,10.5,66498.94294738771
2011-12-30,10.5,64646.53472900388
2011-12-31,10.5,62168.338394164995
2012-01-01,10.5,60708.10604095457
2012-01-02,10.5,60542.5283432007
2012-01-03,10.5,61757.78274536135
2012-01-04,10.5,67368.48850250246
2012-01-05,10.5,74572.00927734378
2012-01-06,10.5,82373.39057922366
2012-01-07,10.5,90174.77188110317
2012-01-08,10.5,97976.15318298356
2012-01-09,10.5,102507.78694152815
2012-01-10,10.5,102398.49700927749
2012-01-11,10.5,100729.38194274931
2012-01-12,10.5,99361.77978515586
2012-01-13,10.5,97763.73252868629
2012-01-14,10.5,94687.77351379392
2012-01-15,10.5,90913.45481872589
2012-01-16,10.5,86702.28538513221
2012-01-17,10.5,82620.24822235105
2012-01-18,10.5,78835.86158752437
2012-01-19,10.5,77156.58073425293
2012-01-20,10.5,76359.36985015866
2012-01-21,10.5,75801.99222564696
2012-01-22,10.5,78703.70635986324
2012-01-23,10.5,79653.92932891849
2012-01-24,10.5,79525.00305175784
2012-01-25,10.5,77173.837852478
2012-01-26,10.5,73835.01548767085
2012-01-27,10.5,70526.60808563232
2012-01-28,10.5,67342.56935119626
2012-01-29,10.5,64167.83638000491
2012-01-30,10.5,60990.88897705081
2012-01-31,10.5,57254.401016235366
2012-02-01,10.5,54460.20011901851
2012-02-02,10.5,51327.45380401616
2012-02-03,10.5,48234.083175659136
2012-02-04,10.5,45615.579414367676
2012-02-05,10.5,43112.220954894976
2012-02-06,10.5,40724.07989501955
2012-02-07,10.5,38659.85612869262
2012-02-08,10.5,36700.62990188596
2012-02-09,10.5,34969.178581237815
2012-02-10,10.5,33553.45373153688
2012-02-11,10.5,32242.07754135129
2012-02-12,10.5,31350.228023529042
2012-02-13,10.5,30629.677677154563
2012-02-14,10.5,29892.34399795528
2012-02-15,10.5,29669.51036453244
2012-02-16,10.5,29787.724971771204
2012-02-17,10.5,31448.991680145307
2012-02-18,10.5,33956.82792663572
2012-02-19,10.5,36906.68535232541
2012-02-20,10.5,38197.691345214866
2012-02-21,10.5,40348.12088012694
2012-02-22,10.5,42759.52634811404
2012-02-23,10.5,47352.08015441897
2012-02-24,10.5,51126.70269012448
2012-02-25,10.5,53550.3313064575
2012-02-26,10.5,54479.80556488034
2012-02-27,10.5,54208.625221252456
2012-02-28,10.5,53449.0905761719
2012-02-29,10.5,52288.058853149414
2012-03-01,10.5,50691.49475097658
2012-03-02,10.5,49042.42801666264
2012-03-03,10.5,47209.192657470725
2012-03-04,10.5,45248.70471954344
2012-03-05,10.5,43321.90704345703
2012-03-06,10.5,41408.17193984988
2012-03-07,10.5,40253.515720367446
2012-03-08,10.5,41885.76307296756
2012-03-09,10.5,41649.44715499882
2012-03-10,10.5,41927.358341217085
2012-03-11,10.5,41682.38296508793
2012-03-12,10.5,41051.76687240598
2012-03-13,10.5,40210.298252105735
2012-03-14,10.5,39230.87825775151
2012-03-15,10.5,38249.20520782471
2012-03-16,10.5,37200.70524215702
2012-03-17,10.5,36385.31026840211
2012-03-18,10.5,38126.74455642704
2012-03-19,10.5,41789.252471923784
2012-03-20,10.5,43421.75731658934
2012-03-21,10.5,44238.42430114743
2012-03-22,10.5,43974.14474487307
2012-03-23,10.5,43019.92292404179
2012-03-24,10.5,41890.05031585691
2012-03-25,10.5,40648.82783889767
2012-03-26,10.5,39775.517749786406
2012-03-27,10.5,39113.92793655398
2012-03-28,10.5,38417.705440521204
2012-03-29,10.5,37722.63393402097
2012-03-30,10.5,37065.74335098267
2012-03-31,10.5,36330.95884323116
2012-04-01,10.5,35693.328666687004
2012-04-02,10.5,34976.23128890994
2012-04-03,10.5,34462.467670440645
2012-04-04,10.5,33746.80452346803
2012-04-05,10.5,33395.38192749027
2012-04-06,10.5,33014.36061859133
2012-04-07,10.5,32725.22020339965
2012-04-08,10.5,32111.364269256563
2012-04-09,10.5,31909.935951232903
2012-04-10,10.5,32320.64609527588
2012-04-11,10.5,32286.739540100112
2012-04-12,10.5,32456.303215026823
2012-04-13,10.5,36811.13262176511
2012-04-14,10.5,38961.90204620363
2012-04-15,10.5,39608.837985992395
2012-04-16,10.5,38902.740669250474
2012-04-17,10.5,37702.02426910399
2012-04-18,10.5,36503.93943786617
2012-04-19,10.5,35150.50706863406
2012-04-20,10.5,33845.33901214601
2012-04-21,10.5,32922.55439758302
2012-04-22,10.5,33528.39717864989
2012-04-23,10.5,33035.95905303957
2012-04-24,10.5,32474.984264373772
2012-04-25,10.5,33398.96106719966
2012-04-26,10.5,34069.21291351322
2012-04-27,10.5,35058.378982543916
2012-04-28,10.5,35071.15831375118
2012-04-29,10.5,35352.23922729496
2012-04-30,10.5,35094.8089599609
2012-05-01,10.5,34300.211620330796
2012-05-02,10.5,33479.07972335819
2012-05-03,10.5,32439.71557617189
2012-05-04,10.5,30963.083553314176
2012-05-05,10.5,29503.780746459954
2012-05-06,10.5,28679.28085327144
2012-05-07,10.5,27689.553451538057
2012-05-08,10.5,27032.709217071544
2012-05-09,10.5,26935.38494110106
2012-05-10,10.5,27583.816909790046
2012-05-11,10.5,28374.88918304439
2012-05-12,10.5,27641.88652038572
2012-05-13,10.5,26975.558853149414
2012-05-14,10.5,26314.26258087155
2012-05-15,10.5,26351.776599884066
2012-05-16,10.5,26554.66489791873
2012-05-17,10.5,26223.383331298828
2012-05-18,10.5,25774.99694824216
2012-05-19,10.5,25306.79397583009
2012-05-20,10.5,24807.516860961943
2012-05-21,10.5,24396.314907074
2012-05-22,10.5,24019.758510589585
2012-05-23,10.5,23527.374458312996
2012-05-24,10.5,22949.711608886755
2012-05-25,10.5,22240.320968627973
2012-05-26,10.5,21464.44201469425
2012-05-27,10.5,20875.092887878443
2012-05-28,10.5,19716.190624237017
2012-05-29,10.5,18718.976640701287
2012-05-30,10.5,17787.16564178466
2012-05-31,10.5,16541.881227493315
2012-06-01,10.5,14976.417016983025
2012-06-02,10.5,13982.707500457738
2012-06-03,10.5,12997.814512252811
2012-06-04,10.5,12421.476459503163
2012-06-05,10.5,11826.431608200102
2012-06-06,10.5,11626.57914161685
2012-06-07,10.5,11627.88848876955
2012-06-08,10.5,13322.593116760292
2012-06-09,10.5,15866.64433479309
2012-06-10,10.5,17116.743850707975
2012-06-11,10.5,17496.520185470603
2012-06-12,10.5,17712.133741378802
2012-06-13,10.5,17439.793395996123
2012-06-14,10.5,17059.69648361206
2012-06-15,10.5,16960.06636619567
2012-06-16,10.5,17490.08288383488
2012-06-17,10.5,17259.528350830093
2012-06-18,10.5,18302.794790267923
2012-06-19,10.5,20523.799037933368
2012-06-20,10.5,20912.731790542617
2012-06-21,10.5,21077.36191749577
2012-06-22,10.5,22576.435661315925
2012-06-23,10.5,23272.910499572725
2012-06-24,10.5,24287.828350067102
2012-06-25,10.5,26026.49717330936
2012-06-26,10.5,25970.024013519316
2012-06-27,10.5,25695.277404785134
2012-06-28,10.5,25533.56208801265
2012-06-29,10.5,26227.45943069461
2012-06-30,10.5,26302.21967697143
2012-07-01,10.5,25839.606857299772
2012-07-02,10.5,24924.74269866944
2012-07-03,10.5,24241.763019561728
2012-07-04,10.5,23347.652721405037
2012-07-05,10.5,22420.45726776124
2012-07-06,10.5,21858.756351470958
2012-07-07,10.5,21689.303398132317
2012-07-08,10.5,21258.341503143325
2012-07-09,10.5,20853.89742851254
2012-07-10,10.5,21623.194885253877
2012-07-11,10.5,21801.083278655984
2012-07-12,10.5,22539.446926116965
2012-07-13,10.5,22495.50075531007
2012-07-14,10.5,22801.764392852805
2012-07-15,10.5,23070.150947570837
2012-07-16,10.5,23053.153896331747
2012-07-17,10.5,23196.340084075888
2012-07-18,10.5,22701.91411972048
2012-07-19,10.5,23138.087654113806
2012-07-20,10.5,22543.417453765913
2012-07-21,10.5,21783.509445190408
2012-07-22,10.5,21188.530254364043
2012-07-23,10.5,20369.845819473292
2012-07-24,10.5,19703.02376747131
2012-07-25,10.5,19277.327585220366
2012-07-26,10.5,18590.972185134895
2012-07-27,10.5,17973.252582550012
2012-07-28,10.5,17818.5294628143
2012-07-29,10.5,17485.45446395877
2012-07-30,10.5,18072.157859802228
2012-07-31,10.5,18819.80023384097
2012-08-01,10.5,18877.73594856264
2012-08-02,10.5,18724.573230743434
2012-08-03,10.5,18508.576011657726
2012-08-04,10.5,18129.34041023255
2012-08-05,10.5,17804.269552230806
2012-08-06,10.5,20590.132856368982
2012-08-07,10.5,22045.22695541382
2012-08-08,10.5,21276.619577407844
2012-08-09,10.5,20515.32497406007
2012-08-10,10.5,19875.86145400997
2012-08-11,10.5,19594.48442459109
2012-08-12,10.5,19220.844125747662
2012-08-13,10.5,18772.38564491275
2012-08-14,10.5,18189.444208145185
2012-08-15,10.5,17620.942926406897
2012-08-16,10.5,17286.28821372986
2012-08-17,10.5,17323.360633850112
2012-08-18,10.5,16777.763271331747
2012-08-19,10.5,16342.685365676918
2012-08-20,10.5,15779.327487945551
2012-08-21,10.5,15194.19221878055
2012-08-22,10.5,17599.755191802942
2012-08-23,10.5,18319.385004043565
2012-08-24,10.5,18371.16665840151
2012-08-25,10.5,18567.127132415797
2012-08-26,10.5,21630.21154403688
2012-08-27,10.5,23032.008647918723
2012-08-28,10.5,23986.856174468972
2012-08-29,10.5,24623.495006561247
2012-08-30,10.5,24909.14640426639
2012-08-31,10.5,24922.335147857622
2012-09-01,10.5,24767.65451431276
2012-09-02,10.5,24377.58235931394
2012-09-03,10.5,24256.743907928456
2012-09-04,10.5,23604.099369049065
2012-09-05,10.5,22843.630027770967
2012-09-06,10.5,21877.481174468972
2012-09-07,10.5,21399.49607849122
2012-09-08,10.5,20647.50337600704
2012-09-09,10.5,20195.46189308163
2012-09-10,10.5,19843.995523452795
2012-09-11,10.5,19827.62932777402
2012-09-12,10.5,19881.449031829856
2012-09-13,10.5,19439.736843109134
2012-09-14,10.5,19697.710418701172
2012-09-15,10.5,20121.711015701287
2012-09-16,10.5,19934.680366516146
2012-09-17,10.5,19660.62898635866
2012-09-18,10.5,19777.602481842037
2012-09-19,10.5,19683.67838859556
2012-09-20,10.5,19836.444568634062
2012-09-21,10.5,23573.79255294801
2012-09-22,10.5,30827.73542404179
2012-09-23,10.5,34313.99517059322
2012-09-24,10.5,37952.04391479496
2012-09-25,10.5,44512.15381622317
2012-09-26,10.5,49525.43163299556
2012-09-27,10.5,54364.207077026345
2012-09-28,10.5,59822.17884063723
2012-09-29,10.5,64143.93081665036
2012-09-30,10.5,67719.29054260257
2012-10-01,10.5,69409.28821563724
2012-10-02,10.5,70207.48786926265
2012-10-03,10.5,70289.23130035397
2012-10-04,10.5,69792.23041534427
2012-10-05,10.5,69442.02575683595
2012-10-06,10.5,70557.55863189696
2012-10-07,10.5,70472.98278808595
2012-10-08,10.5,69685.48450469966
2012-10-09,10.5,68532.49683380128
2012-10-10,10.5,66520.06759643559
2012-10-11,10.5,64366.733551025405
2012-10-12,10.5,61836.673164367676
2012-10-13,10.5,64258.60748291018
2012-10-14,10.5,67743.60294342038
2012-10-15,10.5,70227.6443481445
2012-10-16,10.5,72408.42189788817
2012-10-17,10.5,74046.5091705322
2012-10-18,10.5,75107.7318191528
2012-10-19,10.5,78288.97933959964
2012-10-20,10.5,82022.49069213864
2012-10-21,10.5,84185.34679412845
2012-10-22,10.5,86831.30950927747
2012-10-23,10.5,89545.53337097183
2012-10-24,10.5,90670.87669372589
2012-10-25,10.5,90300.47950744617
2012-10-26,10.5,88977.27928161599
2012-10-27,10.5,86995.96023559594
2012-10-28,10.5,84175.96378326417
2012-10-29,10.5,81174.27062988278
2012-10-30,10.5,78840.810585022
2012-10-31,10.5,75485.66322326663
2012-11-01,10.5,72291.45870208736
2012-11-02,10.5,71119.6998596191
2012-11-03,10.5,69592.1796798706
2012-11-04,10.5,68257.86094665527
2012-11-05,10.5,66795.6819534302
2012-11-06,10.5,64947.25971221921
2012-11-07,10.5,63266.0270690918
2012-11-08,10.5,62868.45932006838
2012-11-09,10.5,63134.46407318115
2012-11-10,10.5,62946.54636383057
2012-11-11,10.5,63121.99630737307
2012-11-12,10.5,62727.81200408934
2012-11-13,10.5,61923.19564819333
2012-11-14,10.5,60812.13798522951
2012-11-15,10.5,59664.73789215092
2012-11-16,10.5,58460.10761260984
2012-11-17,10.5,56823.65798950198
2012-11-18,10.5,55095.191001892046
2012-11-19,10.5,53449.492263793916
2012-11-20,10.5,51361.98348999028
2012-11-21,10.5,49438.65165710446
2012-11-22,10.5,47546.970748901396
2012-11-23,10.5,46086.84139251709
2012-11-24,10.5,45197.340202331514
2012-11-25,10.5,45342.77687072752
2012-11-26,10.5,48909.54666137693
2012-11-27,10.5,51575.43411254883
2012-11-28,10.5,53918.709754943804
2012-11-29,10.5,55291.34330749509
2012-11-30,10.5,55543.742179870605
2012-12-01,10.5,55066.18194580081
2012-12-02,10.5,54012.94155120854
2012-12-03,10.5,52562.72048950198
2012-12-04,10.5,51244.91729736324
2012-12-05,10.5,49222.5643157959
2012-12-06,10.5,46956.44359588619
2012-12-07,10.5,44931.36119842529
2012-12-08,10.5,42694.0976142883
2012-12-09,10.5,42412.1515274048
2012-12-10,10.5,42632.33299255374
2012-12-11,10.5,40780.69210052493
2012-12-12,10.5,39291.31422042845
2012-12-13,10.5,37709.23919677739
2012-12-14,10.5,36289.33267593384
2012-12-15,10.5,36877.452278137236
2012-12-16,10.5,38732.02342987061
2012-12-17,10.5,43520.10898590092
2012-12-18,10.5,51202.05516815187
2012-12-19,10.5,58739.94483947752
2012-12-20,10.5,64552.83336639403
2012-12-21,10.5,67987.84446716312
2012-12-22,10.5,69035.23979187015
2012-12-23,10.5,70583.65802764895
2012-12-24,10.5,72550.13523101804
2012-12-25,10.5,80892.72880554202
2012-12-26,10.5,91698.7850189205
2012-12-27,10.5,104552.16064453151
2012-12-28,10.5,113508.53805542024
2012-12-29,10.5,118296.22192382795
2012-12-30,10.5,120725.69046020495
2012-12-31,10.5,123586.62300109846
2013-01-01,10.5,127637.35427856441
2013-01-02,10.5,129139.15100097659
2013-01-03,10.5,129998.54621887227
2013-01-04,10.5,129150.21286010764
2013-01-05,10.5,127117.50869750947
2013-01-06,10.5,123927.212905884
2013-01-07,10.5,119826.76506042498
2013-01-08,10.5,117248.22921752927
2013-01-09,10.5,115725.13275146487
2013-01-10,10.5,115581.5345764158
2013-01-11,10.5,113906.16760253876
2013-01-12,10.5,111068.02825927749
2013-01-13,10.5,107044.45724487343
2013-01-14,10.5,102951.01318359369
2013-01-15,10.5,100150.48828125047
2013-01-16,10.5,95491.17965698245
2013-01-17,10.5,90647.28012085
2013-01-18,10.5,85881.22558593747
2013-01-19,10.5,81522.07546234134
2013-01-20,10.5,77329.13131713864
2013-01-21,10.5,73078.96728515622
2013-01-22,10.5,69396.5629577637
2013-01-23,10.5,65803.87916564941
2013-01-24,10.5,62215.33069610597
2013-01-25,10.5,58845.825576782205
2013-01-26,10.5,55929.20780181885
2013-01-27,10.5,54559.94739532471
2013-01-28,10.5,53625.98247528079
2013-01-29,10.5,54893.17302703853
2013-01-30,10.5,62486.28959655762
2013-01-31,10.5,71734.84840393068
2013-02-01,10.5,79909.81464385983
2013-02-02,10.5,87185.80398559594
2013-02-03,10.5,91128.13110351533
2013-02-04,10.5,94082.49206542973
2013-02-05,10.5,97478.27682495091
2013-02-06,10.5,99620.78590393084
2013-02-07,10.5,99891.77055358898
2013-02-08,10.5,98694.76203918489
2013-02-09,10.5,96341.23306274372
2013-02-10,10.5,93510.4888916018
2013-02-11,10.5,89617.46635437003
2013-02-12,10.5,85473.18820953372
2013-02-13,10.5,81414.1965866089
2013-02-14,10.5,77233.9210510254
2013-02-15,10.5,73149.32441711429
2013-02-16,10.5,69708.60214233396
2013-02-17,10.5,66353.6092758179
2013-02-18,10.5,63237.50724792483
2013-02-19,10.5,62325.32615661617
2013-02-20,10.5,59756.72950744626
2013-02-21,10.5,57316.224861144976
2013-02-22,10.5,54838.06457519531
2013-02-23,10.5,52194.182395935015
2013-02-24,10.5,49847.348213195786
2013-02-25,10.5,47994.543457031265
2013-02-26,10.5,46066.09268188478
2013-02-27,10.5,44316.871833801284
2013-02-28,10.5,42783.061122894265
2013-03-01,10.5,41700.059795379624
2013-03-02,10.5,40617.31081008911
2013-03-03,10.5,39783.391857147195
2013-03-04,10.5,38942.412471771204
2013-03-05,10.5,38095.38717269895
2013-03-06,10.5,37295.68376541136
2013-03-07,10.5,36528.57885360715
2013-03-08,10.5,38340.27242660526
2013-03-09,10.5,38039.48564529415
2013-03-10,10.5,36131.811904907256
2013-03-11,10.5,34245.05167007448
2013-03-12,10.5,32967.02327728268
2013-03-13,10.5,32104.373359680205
2013-03-14,10.5,31136.267566680915
2013-03-15,10.5,30295.499324798595
2013-03-16,10.5,29705.08804321288
2013-03-17,10.5,29295.899677276582
2013-03-18,10.5,28567.173957824707
2013-03-19,10.5,27884.951305389448
2013-03-20,10.5,27753.125667572014
2013-03-21,10.5,27754.29210662845
2013-03-22,10.5,27307.141685485833
2013-03-23,10.5,26702.622413635247
2013-03-24,10.5,25959.644508361827
2013-03-25,10.5,25509.723472595204
2013-03-26,10.5,25224.381065368623
2013-03-27,10.5,24883.73966217038
2013-03-28,10.5,24676.430225372358
2013-03-29,10.5,24628.469753265348
2013-03-30,10.5,24578.539466857954
2013-03-31,10.5,24461.95478439332
2013-04-01,10.5,24297.682571411126
2013-04-02,10.5,24094.529056549065
2013-04-03,10.5,23868.806362152107
2013-04-04,10.5,23831.83822631838
2013-04-05,10.5,23769.195556640632
2013-04-06,10.5,23734.390354156454
2013-04-07,10.5,23782.41519927975
2013-04-08,10.5,23963.880157470725
2013-04-09,10.5,24138.99021148678
2013-04-10,10.5,24196.413516998255
2013-04-11,10.5,25591.703796386762
2013-04-12,10.5,26191.073226928696
2013-04-13,10.5,26579.026222229037
2013-04-14,10.5,26758.60891342166
2013-04-15,10.5,27015.436649322488
2013-04-16,10.5,27093.655014038057
2013-04-17,10.5,26988.327884674116
2013-04-18,10.5,26633.725261688276
2013-04-19,10.5,26127.482986450228
2013-04-20,10.5,25707.51857757565
2013-04-21,10.5,25220.46718597412
2013-04-22,10.5,24770.86286544801
2013-04-23,10.5,24428.601837158196
2013-04-24,10.5,24156.479072570837
2013-04-25,10.5,24315.668392181386
2013-04-26,10.5,24913.248252868623
2013-04-27,10.5,24645.5929756165
2013-04-28,10.5,24164.340305328344
2013-04-29,10.5,23572.626113891576
2013-04-30,10.5,23009.251499176004
2013-05-01,10.5,22649.555683135957
2013-05-02,10.5,22185.987567901633
2013-05-03,10.5,21877.746391296372
2013-05-04,10.5,21593.968248367324
2013-05-05,10.5,21693.50566864016
2013-05-06,10.5,21836.501312255852
2013-05-07,10.5,22037.25757598876
2013-05-08,10.5,23166.010093688987
2013-05-09,10.5,23826.08327865598
2013-05-10,10.5,24055.019474029516
2013-05-11,10.5,24185.804843902577
2013-05-12,10.5,24769.567680358898
2013-05-13,10.5,24911.953067779512
2013-05-14,10.5,25012.738037109368
2013-05-15,10.5,24453.94935607914
2013-05-16,10.5,34160.19515991207
2013-05-17,10.5,34766.88251495363
2013-05-18,10.5,32494.92702484133
2013-05-19,10.5,29803.910923004107
2013-05-20,10.5,28880.70659637448
2013-05-21,10.5,26668.520164489702
2013-05-22,10.5,27308.346748352094
2013-05-23,10.5,27568.910694122358
2013-05-24,10.5,25771.852970123302
2013-05-25,10.5,24096.80786132811
2013-05-26,10.5,22708.003807067904
2013-05-27,10.5,22353.674125671416
2013-05-28,10.5,21738.221740722613
2013-05-29,10.5,22165.681743621793
2013-05-30,10.5,21288.79380226136
2013-05-31,10.5,20167.26007461546
2013-06-01,10.5,19003.323841094963
2013-06-02,10.5,17149.234199523897
2013-06-03,10.5,16155.54528236392
2013-06-04,10.5,15430.015039444013
2013-06-05,10.5,14870.85041999814
2013-06-06,10.5,15022.46303558349
2013-06-07,10.5,15107.163763046254
2013-06-08,10.5,14632.904577255265
2013-06-09,10.5,14157.096576690645
2013-06-10,10.5,13894.521617889448
2013-06-11,10.5,13607.817077636755
2013-06-12,10.5,13744.591712951644
2013-06-13,10.5,17275.447797775287
2013-06-14,10.5,17929.420995712295
2013-06-15,10.5,17537.264442443808
2013-06-16,10.5,17487.873601913463
2013-06-17,10.5,16684.191942214984
2013-06-18,10.5,21557.054185867324
2013-06-19,10.5,21591.412639617916
2013-06-20,10.5,21659.472942352328
2013-06-21,10.5,21627.312183380105
2013-06-22,10.5,21795.19443511966
2013-06-23,10.5,22676.960563659704
2013-06-24,10.5,22817.633628845204
2013-06-25,10.5,22196.20742797856
2013-06-26,10.5,21380.227947235126
2013-06-27,10.5,21741.548538207975
2013-06-28,10.5,21267.667865753163
2013-06-29,10.5,20789.245033264167
2013-06-30,10.5,19906.281566619895
2013-07-01,10.5,19692.595338821426
2013-07-02,10.5,19545.112895965573
2013-07-03,10.5,19275.74915885925
2013-07-04,10.5,19040.983343124368
2013-07-05,10.5,18528.10935974122
2013-07-06,10.5,18177.572536468502
2013-07-07,10.5,17754.466724395774
2013-07-08,10.5,16978.945684433013
2013-07-09,10.5,16154.692983627294
2013-07-10,10.5,15257.804346084557
2013-07-11,10.5,14545.18218040468
2013-07-12,10.5,14111.497306823758
2013-07-13,10.5,13303.635263442977
2013-07-14,10.5,12244.001340866056
2013-07-15,10.5,11571.26212120058
2013-07-16,10.5,11178.481149673433
2013-07-17,10.5,10904.662799835234
2013-07-18,10.5,10535.726881027182
2013-07-19,10.5,10151.860928535474
2013-07-20,10.5,10042.24977493289
2013-07-21,10.5,9575.766205787691
2013-07-22,10.5,9446.856665611249
2013-07-23,10.5,9329.6076536179
2013-07-24,10.5,8992.623925209024
2013-07-25,10.5,8685.688877105731
2013-07-26,10.5,8541.441822052002
2013-07-27,10.5,9307.118296623197
2013-07-28,10.5,9944.333910942049
2013-07-29,10.5,9776.505088806192
2013-07-30,10.5,9631.87952041627
2013-07-31,10.5,9406.151032447786
2013-08-01,10.5,9226.756310462984
2013-08-02,10.5,9427.296280860892
2013-08-03,10.5,9085.244464874246
2013-08-04,10.5,8659.22770500186
2013-08-05,10.5,8388.542389869694
2013-08-06,10.5,8383.51871967316
2013-08-07,10.5,8034.6607446670505
2013-08-08,10.5,8647.451305389446
2013-08-09,10.5,8612.46070861816
2013-08-10,10.5,8862.630987167338
2013-08-11,10.5,9039.402508735699
2013-08-12,10.5,9352.354502677881
2013-08-13,10.5,9310.94849109649
2013-08-14,10.5,9148.556613922128
2013-08-15,10.5,8845.71440219882
2013-08-16,10.5,8766.591596603395
2013-08-17,10.5,8907.027125358556
2013-08-18,10.5,8860.345745086655
2013-08-19,10.5,8722.698211669911
2013-08-20,10.5,8493.566322326664
2013-08-21,10.5,8317.33360290527
2013-08-22,10.5,8373.500347137448
2013-08-23,10.5,8369.927644729614
2013-08-24,10.5,8255.998349189755
2013-08-25,10.5,7942.469573020937
2013-08-26,10.5,7681.546425819402
2013-08-27,10.5,7538.66407871246
2013-08-28,10.5,7387.407445907589
2013-08-29,10.5,7135.179805755619
2013-08-30,10.5,7099.602127075198
2013-08-31,10.5,7347.740793228149
2013-09-01,10.5,7558.767127990725
2013-09-02,10.5,8977.667498588533
2013-09-03,10.5,9857.242369651765
2013-09-04,10.5,10235.969424247767
2013-09-05,10.5,10728.72233390808
2013-09-06,10.5,10928.936576843224
2013-09-07,10.5,10845.207881927508
2013-09-08,10.5,10759.487485885604
2013-09-09,10.5,12433.406066894506
2013-09-10,10.5,15316.638708114635
2013-09-11,10.5,16637.406921386755
2013-09-12,10.5,16937.08133697507
2013-09-13,10.5,17035.655736923196
2013-09-14,10.5,17560.712957382202
2013-09-15,10.5,18679.23660278324
2013-09-16,10.5,19617.362594604463
2013-09-17,10.5,19455.401372909586
2013-09-18,10.5,19231.788825988762
2013-09-19,10.5,18972.93334007261
2013-09-20,10.5,18728.51157188418
2013-09-21,10.5,18308.140325546254
2013-09-22,10.5,17864.068222045902
2013-09-23,10.5,17454.167890548713
2013-09-24,10.5,17111.93518638608
2013-09-25,10.5,16561.787939071663
2013-09-26,10.5,15919.610452651988
2013-09-27,10.5,15487.460231781028
2013-09-28,10.5,15034.267759323082
2013-09-29,10.5,14622.060298919672
2013-09-30,10.5,14229.8561096191
2013-10-01,10.5,13864.333248138411
2013-10-02,10.5,13521.884250640866
2013-10-03,10.5,12988.297605514521
2013-10-04,10.5,12444.182109832782
2013-10-05,10.5,12356.301355361944
2013-10-06,10.5,12322.333002090414
2013-10-07,10.5,12274.040365219096
2013-10-08,10.5,12311.762952804565
2013-10-09,10.5,12448.931550979622
2013-10-10,10.5,12775.356817245447
2013-10-11,10.5,12692.566680908198
2013-10-12,10.5,12656.830644607508
2013-10-13,10.5,12535.580205917337
2013-10-14,10.5,13474.463224411007
2013-10-15,10.5,13683.811998367326
2013-10-16,10.5,13679.706287384062
2013-10-17,10.5,13849.990940094016
2013-10-18,10.5,13798.090839385959
2013-10-19,10.5,13800.036191940286
2013-10-20,10.5,16125.620841979977
2013-10-21,10.5,18218.130111694365
2013-10-22,10.5,19892.725896835353
2013-10-23,10.5,20562.503957748377
2013-10-24,10.5,21124.39413070679
2013-10-25,10.5,21249.065351486188
2013-10-26,10.5,21804.33540344239
2013-10-27,10.5,23292.217254638646
2013-10-28,10.5,25799.672412872358
2013-10-29,10.5,28748.5256195068
2013-10-30,10.5,30608.851718902577
2013-10-31,10.5,32089.840507507368
2013-11-01,10.5,34194.624423980684
2013-11-02,10.5,35678.98893356323
2013-11-03,10.5,37326.38454437259
2013-11-04,10.5,38677.7956008911
2013-11-05,10.5,39377.95515060422
2013-11-06,10.5,40092.675876617446
2013-11-07,10.5,40689.0970230103
2013-11-08,10.5,40571.71669006346
2013-11-09,10.5,41824.57523345949
2013-11-10,10.5,42945.14207839965
2013-11-11,10.5,43331.17675781252
2013-11-12,10.5,44094.28024291991
2013-11-13,10.5,41039.99948501591
2013-11-14,10.5,40694.398784637466
2013-11-15,10.5,40262.39919662472
2013-11-16,10.5,39916.80107116698
2013-11-17,10.5,39571.20037078853
2013-11-18,10.5,39139.20078277588
2013-11-19,10.5,38966.400432586655
2013-11-20,10.5,38707.20119476322
2013-11-21,10.5,38275.199031829856
2013-11-22,10.5,37929.60090637203
2013-11-23,10.5,37584.000205993674
2013-11-24,10.5,37065.599155425996
2013-11-25,10.5,36720.00102996827
2013-11-26,10.5,36287.9988670349
2013-11-27,10.5,37944.57664489743
2013-11-28,10.5,37282.46669769286
2013-11-29,10.5,36913.617038726814
2013-11-30,10.5,37051.81045532225
2013-12-01,10.5,36429.508781433135
2013-12-02,10.5,35804.24594879146
2013-12-03,10.5,35200.68712234496
2013-12-04,10.5,34996.34399414063
2013-12-05,10.5,36023.35882186886
2013-12-06,10.5,40113.09499740598
2013-12-07,10.5,41352.097892761245
2013-12-08,10.5,43517.32807159426
2013-12-09,10.5,48283.02211761476
2013-12-10,10.5,51699.16934967038
2013-12-11,10.5,54284.68837738034
2013-12-12,10.5,55833.44135284426
2013-12-13,10.5,56485.33401489261
2013-12-14,10.5,57109.75742340092
2013-12-15,10.5,57567.86670684813
2013-12-16,10.5,58161.52496337892
2013-12-17,10.5,59148.61049652097
2013-12-18,10.5,59624.610328674346
2013-12-19,10.5,60418.96820068361
2013-12-20,10.5,61052.522277832075
2013-12-21,10.5,62011.16008758547
2013-12-22,10.5,64142.756652832075
2013-12-23,10.5,66983.48121643068
2013-12-24,10.5,75693.15032958981
2013-12-25,10.5,91300.66108703625
2013-12-26,10.5,103012.02850341801
2013-12-27,10.5,111766.34674072251
2013-12-28,10.5,118089.93988037118
2013-12-29,10.5,120038.37203979505
2013-12-30,10.5,119321.47293090855
2013-12-31,10.5,116578.44085693336
2014-01-01,10.5,100417.58995056193
2014-01-02,10.5,96786.03515625045
2014-01-03,10.5,93417.00897216758
2014-01-04,10.5,90362.32910156218
2014-01-05,10.5,87030.99975585946
2014-01-06,10.5,84414.93701934813
2014-01-07,10.5,82747.02701568606
2014-01-08,10.5,81518.06888580327
2014-01-09,10.5,83060.90984344485
2014-01-10,10.5,88566.00265502927
2014-01-11,10.5,92737.99209594731
2014-01-12,10.5,95475.17395019547
2014-01-13,10.5,96168.21899414054
2014-01-14,10.5,95672.98965454099
2014-01-15,10.5,95041.63970947296
2014-01-16,10.5,95806.06155395538
2014-01-17,10.5,104607.4493408207
2014-01-18,10.5,119369.38705444368
2014-01-19,10.5,137532.89794921892
2014-01-20,10.5,146868.85986328108
2014-01-21,10.5,149013.27438354463
2014-01-22,10.5,147350.390625
2014-01-23,10.5,142691.76177978556
2014-01-24,10.5,135459.39674377412
2014-01-25,10.5,127927.34184265115
2014-01-26,10.5,119941.85371398943
2014-01-27,10.5,113295.92170715338
2014-01-28,10.5,107144.52896118152
2014-01-29,10.5,101091.73507690408
2014-01-30,10.5,95192.74635314976
2014-01-31,10.5,89681.47888183602
2014-02-01,10.5,84957.14836120608
2014-02-02,10.5,80897.06497192378
2014-02-03,10.5,77683.44554901125
2014-02-04,10.5,74750.4770278931
2014-02-05,10.5,71925.77877044673
2014-02-06,10.5,69741.85981750491
2014-02-07,10.5,69958.24584960936
2014-02-08,10.5,71795.50323486324
2014-02-09,10.5,73978.61366271968
2014-02-10,10.5,77866.86744689941
2014-02-11,10.5,79962.07008361815
2014-02-12,10.5,80679.9270629883
2014-02-13,10.5,81912.6033782959
2014-02-14,10.5,82268.98784637448
2014-02-15,10.5,82752.06871032716
2014-02-16,10.5,83583.72688293454
2014-02-17,10.5,83532.37266540527
2014-02-18,10.5,82665.69557189941
2014-02-19,10.5,81459.87567901616
2014-02-20,10.5,79878.96709442142
2014-02-21,10.5,78598.17581176756
2014-02-22,10.5,76817.67997741698
2014-02-23,10.5,74897.11360931394
2014-02-24,10.5,72548.45123291019
2014-02-25,10.5,70044.90222930913
2014-02-26,10.5,67331.16245269778
2014-02-27,10.5,64640.313720703154
2014-02-28,10.5,62145.529747009256
2014-03-01,10.5,59846.55303955081
2014-03-02,10.5,59098.384094238296
2014-03-03,10.5,57926.35231018068
2014-03-04,10.5,56151.54190063478
2014-03-05,10.5,54118.966484069795
2014-03-06,10.5,51920.80307006838
2014-03-07,10.5,49761.4334106445
2014-03-08,10.5,48545.1438903809
2014-03-09,10.5,46519.783401489236
2014-03-10,10.5,44710.659599304214
2014-03-11,10.5,43016.06311798092
2014-03-12,10.5,41143.48039627073
2014-03-13,10.5,39377.849578857385
2014-03-14,10.5,37804.9258232117
2014-03-15,10.5,37395.90482711791
2014-03-16,10.5,36768.91937255856
2014-03-17,10.5,36085.46848297119
2014-03-18,10.5,35468.78271102904
2014-03-19,10.5,34806.58264160153
2014-03-20,10.5,33797.99394607541
2014-03-21,10.5,33175.0948905945
2014-03-22,10.5,32400.342464447065
2014-03-23,10.5,32063.514518737815
2014-03-24,10.5,31851.94101333618
2014-03-25,10.5,31461.565017700228
2014-03-26,10.5,31894.795417785608
2014-03-27,10.5,32063.17462921147
2014-03-28,10.5,31827.28872299192
2014-03-29,10.5,31563.86919021605
2014-03-30,10.5,31236.202812194846
2014-03-31,10.5,30691.282653808557
2014-04-01,10.5,30426.56536102295
2014-04-02,10.5,30622.740840911832
2014-04-03,10.5,31127.734279632557
2014-04-04,10.5,30756.188678741455
2014-04-05,10.5,30168.434715270963
2014-04-06,10.5,29785.3534698486
2014-04-07,10.5,29617.254924774134
2014-04-08,10.5,31146.52862548829
2014-04-09,10.5,31980.524826049772
2014-04-10,10.5,32227.253723144502
2014-04-11,10.5,32234.49182510375
2014-04-12,10.5,31859.930992126465
2014-04-13,10.5,31415.131473541227
2014-04-14,10.5,31066.97130203244
2014-04-15,10.5,29963.80834579472
2014-04-16,10.5,28782.468223571777
2014-04-17,10.5,27408.688831329382
2014-04-18,10.5,27489.613437652577
2014-04-19,10.5,26907.011890411362
2014-04-20,10.5,25866.03326797483
2014-04-21,10.5,24949.008750915564
2014-04-22,10.5,24555.60464859006
2014-04-23,10.5,23823.644828796372
2014-04-24,10.5,23255.19504547119
2014-04-25,10.5,22607.736396789573
2014-04-26,10.5,21908.346748352094
2014-04-27,10.5,21236.065864562996
2014-04-28,10.5,20737.53933906557
2014-04-29,10.5,20006.215524673433
2014-04-30,10.5,19180.585241317785
2014-05-01,10.5,18413.161039352446
2014-05-02,10.5,17778.50875854495
2014-05-03,10.5,16893.80078315737
2014-05-04,10.5,16254.559993743907
2014-05-05,10.5,16046.003007888768
2014-05-06,10.5,15865.439271926918
2014-05-07,10.5,15897.600030899062
2014-05-08,10.5,16761.600494384777
2014-05-09,10.5,16070.400381088279
2014-05-10,10.5,15984.000205993674
2014-05-11,10.5,19872.000360488877
2014-05-12,10.5,21579.579591751066
2014-05-13,10.5,22474.116039276112
2014-05-14,10.5,22260.075759887703
2014-05-15,10.5,21822.159004211462
2014-05-16,10.5,21196.965694427512
2014-05-17,10.5,20720.929813385013
2014-05-18,10.5,20210.545778274576
2014-05-19,10.5,20004.464578628562
2014-05-20,10.5,19473.30350875855
2014-05-21,10.5,18792.834377288862
2014-05-22,10.5,18317.626333236665
2014-05-23,10.5,22951.405906677275
2014-05-24,10.5,26172.034263610883
2014-05-25,10.5,26984.954738616972
2014-05-26,10.5,27182.54899978641
2014-05-27,10.5,27102.906703948953
2014-05-28,10.5,25899.56130981441
2014-05-29,10.5,24582.718563079856
2014-05-30,10.5,23204.605579376228
2014-05-31,10.5,21824.309062957742
2014-06-01,10.5,21040.523815155037
2014-06-02,10.5,20268.0102825165
2014-06-03,10.5,19384.8910331726
2014-06-04,10.5,18817.840719223055
2014-06-05,10.5,18148.93684387203
2014-06-06,10.5,18727.20222473148
2014-06-07,10.5,19000.035667419437
2014-06-08,10.5,18437.841653823878
2014-06-09,10.5,18040.65756797788
2014-06-10,10.5,17359.781599044836
2014-06-11,10.5,16565.531873703032
2014-06-12,10.5,15586.567640304565
2014-06-13,10.5,14714.210271835353
2014-06-14,10.5,14123.60973358151
2014-06-15,10.5,13450.43020248409
2014-06-16,10.5,12897.019243240386
2014-06-17,10.5,12508.20107460023
2014-06-18,10.5,12030.810785293565
2014-06-19,10.5,11215.95268249509
2014-06-20,10.5,10722.918462753283
2014-06-21,10.5,10038.867616653408
2014-06-22,10.5,9251.801919937123
2014-06-23,10.5,8710.21242141722
2014-06-24,10.5,8531.203937530516
2014-06-25,10.5,8410.199403762821
2014-06-26,10.5,8306.045794487003
2014-06-27,10.5,8554.768323898314
2014-06-28,10.5,10032.959461212173
2014-06-29,10.5,10047.979617118846
2014-06-30,10.5,9870.584964752217
2014-07-01,10.5,9584.717917442285
2014-07-02,10.5,9332.667303085354
2014-07-03,10.5,8978.208875656099
2014-07-04,10.5,8986.814904212984
2014-07-05,10.5,9004.995131492622
2014-07-06,10.5,9281.45663738254
2014-07-07,10.5,9840.300035476695
2014-07-08,10.5,9785.523104667676
2014-07-09,10.5,10108.117532730095
2014-07-10,10.5,9793.392062187224
2014-07-11,10.5,9465.07809162142
2014-07-12,10.5,9163.564538955725
2014-07-13,10.5,9552.382063865683
2014-07-14,10.5,14098.733425140395
2014-07-15,10.5,15054.84008789063
2014-07-16,10.5,15193.324470520023
2014-07-17,10.5,14964.784812927272
2014-07-18,10.5,14868.5741901398
2014-07-19,10.5,14725.294017791788
2014-07-20,10.5,14268.873882293683
2014-07-21,10.5,13587.418556213357
2014-07-22,10.5,12917.080450057967
2014-07-23,10.5,12360.889863967912
2014-07-24,10.5,11824.840307235714
2014-07-25,10.5,11307.534885406454
2014-07-26,10.5,10736.175441741927
2014-07-27,10.5,10408.512926101652
2014-07-28,10.5,10244.945597648602
2014-07-29,10.5,9764.6321296692
2014-07-30,10.5,9193.60034465786
2014-07-31,10.5,8493.837332725527
2014-08-01,10.5,8019.825983047483
2014-08-02,10.5,7827.575969696042
2014-08-03,10.5,8033.259987831113
2014-08-04,10.5,9125.973272323641
2014-08-05,10.5,8897.62609004976
2014-08-06,10.5,8294.400072097775
2014-08-07,10.5,8121.599721908571
2014-08-08,10.5,7948.800015449521
2014-08-09,10.5,8035.200190544132
2014-08-10,10.5,8121.599721908571
2014-08-11,10.5,8709.952998161345
2014-08-12,10.5,8589.671373367306
2014-08-13,10.5,8595.459151268009
2014-08-14,10.5,8699.65202808383
2014-08-15,10.5,8521.326541900631
2014-08-16,10.5,8083.618354797365
2014-08-17,10.5,8715.240597724935
2014-08-18,10.5,9927.376770973191
2014-08-19,10.5,10129.354834556563
2014-08-20,10.5,10012.54034042355
2014-08-21,10.5,10047.464632987947
2014-08-22,10.5,10166.947388648958
2014-08-23,10.5,10410.71319580081
2014-08-24,10.5,11006.718492507956
2014-08-25,10.5,10994.786310195906
2014-08-26,10.5,10830.309391021767
2014-08-27,10.5,10684.53605175022
2014-08-28,10.5,10542.4152374268
2014-08-29,10.5,10846.47345542905
2014-08-30,10.5,11251.444101333607
2014-08-31,10.5,11657.469177246123
2014-09-01,10.5,11758.646821975746
2014-09-02,10.5,11574.59149360656
2014-09-03,10.5,11416.38579368594
2014-09-04,10.5,11190.087604522716
2014-09-05,10.5,11024.207353591919
2014-09-06,10.5,10971.039104461699
2014-09-07,10.5,11405.014944076567
2014-09-08,10.5,11887.98379898069
2014-09-09,10.5,12167.549371719331
2014-09-10,10.5,12257.88660049438
2014-09-11,10.5,12292.712402343783
2014-09-12,10.5,12239.459180831953
2014-09-13,10.5,11997.50289916991
2014-09-14,10.5,11844.767618179285
2014-09-15,10.5,11726.089525222818
2014-09-16,10.5,11519.277048110995
2014-09-17,10.5,11293.8453197479
2014-09-18,10.5,11152.425527572606
2014-09-19,10.5,11069.1950798035
2014-09-20,10.5,10861.079692840616
2014-09-21,10.5,11159.11259651183
2014-09-22,10.5,11736.667299270615
2014-09-23,10.5,11530.573225021324
2014-09-24,10.5,11845.762825012187
2014-09-25,10.5,12656.337547302228
2014-09-26,10.5,12877.079057693454
2014-09-27,10.5,12677.006435394265
2014-09-28,10.5,12400.835895538303
2014-09-29,10.5,12314.111280441322
2014-09-30,10.5,12594.90509033207
2014-10-01,10.5,13031.301355361944
2014-10-02,10.5,13076.13973617553
2014-10-03,10.5,12969.571495056192
2014-10-04,10.5,12982.6881408691
2014-10-05,10.5,12779.16383743289
2014-10-06,10.5,12471.580553054802
2014-10-07,10.5,12592.66877174379
2014-10-08,10.5,13446.356678009019
2014-10-09,10.5,13609.852552413935
2014-10-10,10.5,13950.526142120372
2014-10-11,10.5,14133.98151397705
2014-10-12,10.5,15167.836618423433
2014-10-13,10.5,15403.248739242517
2014-10-14,10.5,16052.706813812283
2014-10-15,10.5,19093.021202087366
2014-10-16,10.5,21552.59442329404
2014-10-17,10.5,24062.05673217775
2014-10-18,10.5,26479.53643798829
2014-10-19,10.5,28443.17092895504
2014-10-20,10.5,30356.82878494262
2014-10-21,10.5,31489.580154418967
2014-10-22,10.5,33333.69970321652
2014-10-23,10.5,34510.2041244507
2014-10-24,10.5,35489.0241622925
2014-10-25,10.5,38126.41496658326
2014-10-26,10.5,39921.57239913945
2014-10-27,10.5,41116.82224273678
2014-10-28,10.5,41700.48723220821
2014-10-29,10.5,41495.438575744614
2014-10-30,10.5,40458.06999206545
2014-10-31,10.5,39373.922824859605
2014-11-01,10.5,38576.13258361815
2014-11-02,10.5,37842.96255111697
2014-11-03,10.5,37571.88777923583
2014-11-04,10.5,37557.55577087401
2014-11-05,10.5,37257.90452957155
2014-11-06,10.5,36622.93939590456
2014-11-07,10.5,35518.17226409908
2014-11-08,10.5,34396.7428207397
2014-11-09,10.5,33971.847438812285
2014-11-10,10.5,33122.75190353395
2014-11-11,10.5,32400.036048889117
2014-11-12,10.5,31502.06079483033
2014-11-13,10.5,31271.551322937004
2014-11-14,10.5,31415.558910369902
2014-11-15,10.5,31279.981613159143
2014-11-16,10.5,31494.13261413572
2014-11-17,10.5,36636.931514740034
2014-11-18,10.5,40926.87807083127
2014-11-19,10.5,45627.51159667973
2014-11-20,10.5,48481.76994323735
2014-11-21,10.5,49974.981880187945
2014-11-22,10.5,50735.54649353032
2014-11-23,10.5,51938.04473876955
2014-11-24,10.5,54610.714530944846
2014-11-25,10.5,57600.3982543945
2014-11-26,10.5,59457.317733764634
2014-11-27,10.5,60126.86405181885
2014-11-28,10.5,59574.461174011245
2014-11-29,10.5,57486.056327819795
2014-11-30,10.5,54704.61158752437
2014-12-01,10.5,51920.85456848149
2014-12-02,10.5,48931.00090026851
2014-12-03,10.5,46222.65300750737
2014-12-04,10.5,43574.83119964602
2014-12-05,10.5,42912.656879425056
2014-12-06,10.5,41750.535964965806
2014-12-07,10.5,40897.36175537108
2014-12-08,10.5,41376.95102691651
2014-12-09,10.5,41082.246208190874
2014-12-10,10.5,41229.13513183595
2014-12-11,10.5,43011.08064651488
2014-12-12,10.5,47093.35212707517
2014-12-13,10.5,52567.23690032962
2014-12-14,10.5,56357.314109802224
2014-12-15,10.5,59743.55621337892
2014-12-16,10.5,62063.003540039106
2014-12-17,10.5,63713.78002166745
2014-12-18,10.5,64913.86299133302
2014-12-19,10.5,66968.91231536862
2014-12-20,10.5,70387.75291442868
2014-12-21,10.5,74141.88938140866
2014-12-22,10.5,81659.25693511966
2014-12-23,10.5,87486.24572753876
2014-12-24,10.5,92058.97521972616
2014-12-25,10.5,98209.62638855021
2014-12-26,10.5,100604.7248840329
2014-12-27,10.5,100316.73545837365
2014-12-28,10.5,97668.52226257364
2014-12-29,10.5,93602.68135070831
2014-12-30,10.5,89031.47621154797
2014-12-31,10.5,86249.1920471191
2015-01-01,10.5,84350.78544616698
2015-01-02,10.5,85476.74674987797
2015-01-03,10.5,89029.8179626464
2015-01-04,10.5,91812.75100707976
2015-01-05,10.5,93726.8440246581
2015-01-06,10.5,93882.1323394777
2015-01-07,10.5,93197.45063781734
2015-01-08,10.5,92264.44358825654
2015-01-09,10.5,94363.40560913106
2015-01-10,10.5,102044.76470947296
2015-01-11,10.5,113642.2073364261
2015-01-12,10.5,122560.93940734885
2015-01-13,10.5,128045.33500671417
2015-01-14,10.5,129734.84344482434
2015-01-15,10.5,130249.7039794919
2015-01-16,10.5,131360.5556488034
2015-01-17,10.5,131362.4919891358
2015-01-18,10.5,129358.16345214864
2015-01-19,10.5,126049.39041137704
2015-01-20,10.5,123490.25917053266
2015-01-21,10.5,120085.27679443336
2015-01-22,10.5,115242.75741577163
2015-01-23,10.5,110480.58586120608
2015-01-24,10.5,106398.22425842274
2015-01-25,10.5,101901.83601379392
2015-01-26,10.5,98029.51583862296
2015-01-27,10.5,96830.34439086894
2015-01-28,10.5,96316.6580200198
2015-01-29,10.5,100345.75996398943
2015-01-30,10.5,102990.71846008312
2015-01-31,10.5,103432.04956054685
2015-02-01,10.5,101424.33242797882
2015-02-02,10.5,98626.86653137227
2015-02-03,10.5,94850.28190612773
2015-02-04,10.5,90415.0016784671
2015-02-05,10.5,85898.58055114743
2015-02-06,10.5,81521.92611694333
2015-02-07,10.5,78287.96482086183
2015-02-08,10.5,75854.52060699461
2015-02-09,10.5,73659.01966094966
2015-02-10,10.5,71237.15744018559
2015-02-11,10.5,68761.79866790773
2015-02-12,10.5,66021.94919586183
2015-02-13,10.5,63513.96617889403
2015-02-14,10.5,61349.42092895505
2015-02-15,10.5,59357.9772949219
2015-02-16,10.5,56943.42784881593
2015-02-17,10.5,54297.820472717314
2015-02-18,10.5,52126.688575744614
2015-02-19,10.5,50116.3450241089
2015-02-20,10.5,49485.875701904326
2015-02-21,10.5,49112.47100830081
2015-02-22,10.5,48129.24270629883
2015-02-23,10.5,48217.825126647906
2015-02-24,10.5,49456.52675628664
2015-02-25,10.5,49914.769935607954
2015-02-26,10.5,49997.04895019531
2015-02-27,10.5,51273.46286773677
2015-02-28,10.5,52339.64481353758
2015-03-01,10.5,53640.40718078618
2015-03-02,10.5,56341.39595031734
2015-03-03,10.5,59597.547912597656
2015-03-04,10.5,62014.95037078853
2015-03-05,10.5,64258.82377624509
2015-03-06,10.5,66173.54507446288
2015-03-07,10.5,66946.41265869145
2015-03-08,10.5,66538.3289337158
2015-03-09,10.5,65648.956489563
2015-03-10,10.5,63990.41919708255
2015-03-11,10.5,62075.73394775388
2015-03-12,10.5,60106.01749420164
2015-03-13,10.5,58204.855728149414
2015-03-14,10.5,56453.30715179439
2015-03-15,10.5,54844.033241272
2015-03-16,10.5,53323.707389831514
2015-03-17,10.5,51855.29193878174
2015-03-18,10.5,50440.87257385257
2015-03-19,10.5,49177.04486846921
2015-03-20,10.5,47858.44860076907
2015-03-21,10.5,47131.20861053465
2015-03-22,10.5,45899.04212951662
2015-03-23,10.5,44411.484718322725
2015-03-24,10.5,43459.71164703371
2015-03-25,10.5,42923.584842681856
2015-03-26,10.5,44434.54055786135
2015-03-27,10.5,44779.56962585446
2015-03-28,10.5,44338.16127777097
2015-03-29,10.5,45358.07189941405
2015-03-30,10.5,45927.083015441916
2015-03-31,10.5,47510.29357910153
2015-04-01,10.5,49859.8365783691
2015-04-02,10.5,50725.535202026345
2015-04-03,10.5,51029.782676696734
2015-04-04,10.5,50307.084846496604
2015-04-05,10.5,49151.69219970703
2015-04-06,10.5,47720.376205444365
2015-04-07,10.5,45981.32629394531
2015-04-08,10.5,44255.63507080081
2015-04-09,10.5,42544.409751892046
2015-04-10,10.5,40881.20412826535
2015-04-11,10.5,39419.64826583864
2015-04-12,10.5,38103.29732894895
2015-04-13,10.5,38356.285858154326
2015-04-14,10.5,37379.51288223267
2015-04-15,10.5,36426.67379379274
2015-04-16,10.5,35428.36675643922
2015-04-17,10.5,34254.54797744754
2015-04-18,10.5,32991.44639968875
2015-04-19,10.5,31989.591121673548
2015-04-20,10.5,30932.76386260984
2015-04-21,10.5,29674.644756317102
2015-04-22,10.5,28750.90227127073
2015-04-23,10.5,27861.65857315059
2015-04-24,10.5,27415.24972915645
2015-04-25,10.5,26759.63888168337
2015-04-26,10.5,26564.779186248823
2015-04-27,10.5,25964.40811157225
2015-04-28,10.5,25288.754081726107
2015-04-29,10.5,24514.570713043206
2015-04-30,10.5,24804.76427078244
2015-05-01,10.5,25219.470691680915
2015-05-02,10.5,25278.77111434941
2015-05-03,10.5,25001.21269226077
2015-05-04,10.5,26444.75183486943
2015-05-05,10.5,28429.459476470958
2015-05-06,10.5,31337.749958038297
2015-05-07,10.5,32372.811412811247
2015-05-08,10.5,32664.876937866167
2015-05-09,10.5,32550.98047256474
2015-05-10,10.5,32502.636337280317
2015-05-11,10.5,31736.581993103042
2015-05-12,10.5,31670.517253875754
2015-05-13,10.5,31564.44597244262
2015-05-14,10.5,31209.588432312055
2015-05-15,10.5,30391.35332107541
2015-05-16,10.5,29413.107490539573
2015-05-17,10.5,28527.677249908433
2015-05-18,10.5,28366.48979187014
2015-05-19,10.5,30341.528606414762
2015-05-20,10.5,30433.988857269316
2015-05-21,10.5,30118.9730644226
2015-05-22,10.5,29371.901035308794
2015-05-23,10.5,28801.01022720339
2015-05-24,10.5,27933.01992416382
2015-05-25,10.5,27256.735038757368
2015-05-26,10.5,26430.499649047884
2015-05-27,10.5,25701.516437530554
2015-05-28,10.5,25621.704196929968
2015-05-29,10.5,25876.15013122563
2015-05-30,10.5,27058.339977264404
2015-05-31,10.5,27775.210762023893
2015-06-01,10.5,28853.90424728395
2015-06-02,10.5,29686.762332916274
2015-06-03,10.5,31399.89309310913
2015-06-04,10.5,31461.951255798354
2015-06-05,10.5,31190.830135345437
2015-06-06,10.5,30566.890811920144
2015-06-07,10.5,29481.64672851558
2015-06-08,10.5,28486.57636642459
2015-06-09,10.5,27852.247238159143
2015-06-10,10.5,26826.177406311013
2015-06-11,10.5,25870.593452453628
2015-06-12,10.5,25337.041568756093
2015-06-13,10.5,24926.161479949995
2015-06-14,10.5,25379.20331954954
2015-06-15,10.5,24381.77690505983
2015-06-16,10.5,23507.058334350586
2015-06-17,10.5,23241.166877746597
2015-06-18,10.5,23562.959861755382
2015-06-19,10.5,23274.396228790283
2015-06-20,10.5,22809.561252594016
2015-06-21,10.5,22325.622940063466
2015-06-22,10.5,24726.24464035035
2015-06-23,10.5,25733.169937133833
2015-06-24,10.5,25800.151348114046
2015-06-25,10.5,25419.77119445797
2015-06-26,10.5,24987.1227264404
2015-06-27,10.5,24841.69893264767
2015-06-28,10.5,24252.41804122927
2015-06-29,10.5,24113.49334716793
2015-06-30,10.5,23529.653263092034
2015-07-01,10.5,22969.57197189332
2015-07-02,10.5,22222.10855484006
2015-07-03,10.5,21356.81419372563
2015-07-04,10.5,21120.830440521207
2015-07-05,10.5,20565.696859359723
2015-07-06,10.5,19513.361549377412
2015-07-07,10.5,18927.004480361946
2015-07-08,10.5,18933.184289932215
2015-07-09,10.5,18473.837757110552
2015-07-10,10.5,17487.33286857601
2015-07-11,10.5,16994.548416137703
2015-07-12,10.5,16991.6632175446
2015-07-13,10.5,16727.82783508302
2015-07-14,10.5,16403.472805023186
2015-07-15,10.5,15861.128854751625
2015-07-16,10.5,15377.646303176918
2015-07-17,10.5,15140.664768218972
2015-07-18,10.5,14699.664545059237
2015-07-19,10.5,14695.413351059
2015-07-20,10.5,15522.694158554095
2015-07-21,10.5,15598.588657379156
2015-07-22,10.5,15481.500577926596
2015-07-23,10.5,15057.754898071307
2015-07-24,10.5,14785.986185073878
2015-07-25,10.5,17543.37601661685
2015-07-26,10.5,20630.86552619931
2015-07-27,10.5,21212.52336502073
2015-07-28,10.5,22990.956687927275
2015-07-29,10.5,24803.06482315059
2015-07-30,10.5,24985.479927062996
2015-07-31,10.5,24469.56882476804
2015-08-01,10.5,23920.87125778197
2015-08-02,10.5,23341.70722961428
2015-08-03,10.5,22808.343315124483
2015-08-04,10.5,22263.6394500732
2015-08-05,10.5,22035.174465179407
2015-08-06,10.5,21592.4722194672
2015-08-07,10.5,20922.965812683127
2015-08-08,10.5,20315.511131286643
2015-08-09,10.5,19615.234422683723
2015-08-10,10.5,19010.152530670144
2015-08-11,10.5,18674.953222274813
2015-08-12,10.5,18070.918035507246
2015-08-13,10.5,17481.904935836774
2015-08-14,10.5,17042.206335067785
2015-08-15,10.5,17918.226528167696
2015-08-16,10.5,18809.553337097186
2015-08-17,10.5,18955.701971054095
2015-08-18,10.5,18519.62370872495
2015-08-19,10.5,18087.540435790994
2015-08-20,10.5,17919.719982147195
2015-08-21,10.5,17588.587760925293
2015-08-22,10.5,17149.561214447058
2015-08-23,10.5,16630.458498001066
2015-08-24,10.5,16481.489038467436
2015-08-25,10.5,16902.2297859192
2015-08-26,10.5,16918.22519302366
2015-08-27,10.5,17466.505622863806
2015-08-28,10.5,17590.418529510527
2015-08-29,10.5,17279.348802566514
2015-08-30,10.5,16995.950460433956
2015-08-31,10.5,17238.08054924015
2015-09-01,10.5,19918.24722290036
2015-09-02,10.5,20607.371950149532
2015-09-03,10.5,21236.280870437597
2015-09-04,10.5,23112.070655822725
2015-09-05,10.5,30849.812793731726
2015-09-06,10.5,35271.24767303466
2015-09-07,10.5,39128.017902374246
2015-09-08,10.5,42029.96892929076
2015-09-09,10.5,43427.28309631346
2015-09-10,10.5,43440.10105133057
2015-09-11,10.5,42779.34551239016
2015-09-12,10.5,42497.12905883793
2015-09-13,10.5,43851.62487030034
2015-09-14,10.5,45868.35422515867
2015-09-15,10.5,51172.067642211936
2015-09-16,10.5,54752.695655822725
2015-09-17,10.5,56966.71543121336
2015-09-18,10.5,57391.948127746604
2015-09-19,10.5,56623.385810852094
2015-09-20,10.5,54878.25393676756
2015-09-21,10.5,53167.96073913572
2015-09-22,10.5,52706.56585693361
2015-09-23,10.5,51494.08206939696
2015-09-24,10.5,50052.60543823244
2015-09-25,10.5,49641.33396148677
2015-09-26,10.5,48453.605461120605
2015-09-27,10.5,46715.29197692869
2015-09-28,10.5,44828.41587066652
2015-09-29,10.5,42729.72936630246
2015-09-30,10.5,40535.423183441206
2015-10-01,10.5,38431.015205383264
2015-10-02,10.5,36439.350128173784
2015-10-03,10.5,34712.340545654326
2015-10-04,10.5,33106.41918182376
2015-10-05,10.5,31767.650985717795
2015-10-06,10.5,30672.0376968384
2015-10-07,10.5,30691.385650634777
2015-10-08,10.5,31301.52597427366
2015-10-09,10.5,31294.460391998255
2015-10-10,10.5,31000.746917724595
2015-10-11,10.5,30553.73554229732
2015-10-12,10.5,29848.338603973418
2015-10-13,10.5,29090.580654144265
2015-10-14,10.5,28705.429172515913
2015-10-15,10.5,27931.879234313936
2015-10-16,10.5,27195.65534591674
2015-10-17,10.5,26872.639274597183
2015-10-18,10.5,26372.172546386762
2015-10-19,10.5,25808.223724365223
2015-10-20,10.5,25354.811096191443
2015-10-21,10.5,24911.814022064176
2015-10-22,10.5,24806.213951110883
2015-10-23,10.5,24374.49245452881
2015-10-24,10.5,23977.45513916018
2015-10-25,10.5,23531.556129455606
2015-10-26,10.5,23062.96691894532
2015-10-27,10.5,22743.048477172837
2015-10-28,10.5,22399.628734588638
2015-10-29,10.5,22052.925968170144
2015-10-30,10.5,21770.258903503403
2015-10-31,10.5,21441.80459976195
2015-11-01,10.5,21168.29910278324
2015-11-02,10.5,21023.21004867553
2015-11-03,10.5,20908.219242095915
2015-11-04,10.5,20711.313772201524
2015-11-05,10.5,20525.940084457383
2015-11-06,10.5,21013.577270507834
2015-11-07,10.5,22243.521595001184
2015-11-08,10.5,24657.17754364016
2015-11-09,10.5,28567.457199096712
2015-11-10,10.5,32222.06010818478
2015-11-11,10.5,35825.39892196652
2015-11-12,10.5,39349.19071197507
2015-11-13,10.5,41838.994789123535
2015-11-14,10.5,47099.66583251955
2015-11-15,10.5,51277.92263031007
2015-11-16,10.5,57008.058357238755
2015-11-17,10.5,62407.03353881838
2015-11-18,10.5,69859.05990600586
2015-11-19,10.5,79939.76612091066
2015-11-20,10.5,90667.18940734887
2015-11-21,10.5,96516.22467040992
2015-11-22,10.5,98379.43725585946
2015-11-23,10.5,96615.98739624009
2015-11-24,10.5,93424.96032714864
2015-11-25,10.5,91931.65054321307
2015-11-26,10.5,89541.67098999053
2015-11-27,10.5,86026.07517242435
2015-11-28,10.5,83072.11074829099
2015-11-29,10.5,83235.61305999754
2015-11-30,10.5,88628.14064025879
2015-12-01,10.5,91600.92773437478
2015-12-02,10.5,92726.64184570272
2015-12-03,10.5,92011.65847778333
2015-12-04,10.5,91248.99787902817
2015-12-05,10.5,91270.47271728556
2015-12-06,10.5,96320.9632873536
2015-12-07,10.5,98702.30140686057
2015-12-08,10.5,98941.21284484885
2015-12-09,10.5,97874.67041015586
2015-12-10,10.5,96260.26725769075
2015-12-11,10.5,97975.97808837928
2015-12-12,10.5,101640.47126770022
2015-12-13,10.5,105107.78732299776
2015-12-14,10.5,106691.32232666033
2015-12-15,10.5,114044.11125183129
2015-12-16,10.5,117784.21440124483
2015-12-17,10.5,118898.4649658207
2015-12-18,10.5,117761.4212036135
2015-12-19,10.5,115047.05314636196
2015-12-20,10.5,111383.66203308088
2015-12-21,10.5,107372.07984924346
2015-12-22,10.5,106077.71873474121
2015-12-23,10.5,113128.05747985834
2015-12-24,10.5,120410.84976196263
2015-12-25,10.5,124168.92585754435
2015-12-26,10.5,129312.03117370608
2015-12-27,10.5,149574.91607666033
2015-12-28,10.5,166321.4790344239
2015-12-29,10.5,171935.5682373045
2015-12-30,10.5,170750.61035156218
2015-12-31,10.5,166686.42768859846
2016-01-01,10.5,169672.62496948245
2016-01-02,10.5,162483.76579284662
2016-01-03,10.5,152897.7996826171
2016-01-04,10.5,142695.89195251508
2016-01-05,10.5,133423.71597290045
2016-01-06,10.5,125032.97653198245
2016-01-07,10.5,116983.30078125047
2016-01-08,10.5,111431.55555725069
2016-01-09,10.5,106992.4026489261
2016-01-10,10.5,103903.58963012657
2016-01-11,10.5,101422.96257019075
2016-01-12,10.5,100299.75128173784
2016-01-13,10.5,102902.13088989236
2016-01-14,10.5,103988.94309997544
2016-01-15,10.5,102191.60728454572
2016-01-16,10.5,98653.40881347659
2016-01-17,10.5,94389.42260742164
2016-01-18,10.5,89799.35874938987
2016-01-19,10.5,85914.65835571288
2016-01-20,10.5,63313.69915008547
2016-01-21,10.5,59603.05824279788
2016-01-22,10.5,56613.832855224595
2016-01-23,10.5,55864.19620513912
2016-01-24,10.5,58593.84899139403
2016-01-25,10.5,84421.84295654297
2016-01-26,10.5,95945.00427246124
2016-01-27,10.5,103969.35310363804
2016-01-28,10.5,108349.3652343748
2016-01-29,10.5,105631.01119995091
2016-01-30,10.5,102756.22558593782
2016-01-31,10.5,100837.0033264158
2016-02-01,10.5,98361.29951477048
2016-02-02,10.5,101424.55902099638
2016-02-03,10.5,103927.91748046849
2016-02-04,10.5,100197.95951843222
2016-02-05,10.5,93589.30206298828
2016-02-06,10.5,89553.83491516148
2016-02-07,10.5,87812.03498840293
2016-02-08,10.5,89340.8477783207
2016-02-09,10.5,104114.39323425293
2016-02-10,10.5,108958.10737609846
2016-02-11,10.5,107417.16156005855
2016-02-12,10.5,101093.16673278806
2016-02-13,10.5,93067.33474731486
2016-02-14,10.5,85083.87565612797
2016-02-15,10.5,77969.54498291019
2016-02-16,10.5,71489.22157287599
2016-02-17,10.5,66095.92151641849
2016-02-18,10.5,62965.81707000737
2016-02-19,10.5,60006.49681091311
2016-02-20,10.5,63046.31938934322
2016-02-21,10.5,73596.91257476804
2016-02-22,10.5,89587.4221801757
2016-02-23,10.5,95280.32455444368
2016-02-24,10.5,92043.18580627411
2016-02-25,10.5,85938.14163208009
2016-02-26,10.5,79491.01924896242
2016-02-27,10.5,73544.54898834227
2016-02-28,10.5,68194.36855316159
2016-02-29,10.5,64018.75877380374
2016-03-01,10.5,60032.323265075654
2016-03-02,10.5,62634.89856719966
2016-03-03,10.5,70081.563949585
2016-03-04,10.5,71399.84092712401
2016-03-05,10.5,70739.49222564696
2016-03-06,10.5,73520.56102752683
2016-03-07,10.5,73175.4959106445
2016-03-08,10.5,70870.53508758548
2016-03-09,10.5,67680.80577850339
2016-03-10,10.5,91287.14790344256
2016-03-11,10.5,88326.96762085
2016-03-12,10.5,85037.099647522
2016-03-13,10.5,81743.18389892575
2016-03-14,10.5,78535.67218780515
2016-03-15,10.5,75436.07025146487
2016-03-16,10.5,72222.6619720459
2016-03-17,10.5,69586.83929443361
2016-03-18,10.5,67315.84682464603
2016-03-19,10.5,64704.372596740744
2016-03-20,10.5,62028.28845977786
2016-03-21,10.5,59791.70207977295
2016-03-22,10.5,58059.35211181639
2016-03-23,10.5,56411.07330322261
2016-03-24,10.5,54811.38324737552
2016-03-25,10.5,53614.98241424556
2016-03-26,10.5,52298.827171325654
2016-03-27,10.5,51572.01461791991
2016-03-28,10.5,51590.63129425047
2016-03-29,10.5,51197.55420684813
2016-03-30,10.5,50769.18010711674
2016-03-31,10.5,51608.44974517822
2016-04-01,10.5,50782.46154785153
2016-04-02,10.5,49080.38234710691
2016-04-03,10.5,47423.91529083255
2016-04-04,10.5,47629.72869873045
2016-04-05,10.5,48502.786445617676
2016-04-06,10.5,53876.0587692261
2016-04-07,10.5,61047.67112731932
2016-04-08,10.5,74228.71570587155
2016-04-09,10.5,82811.08589172366
2016-04-10,10.5,86829.22897338873
2016-04-11,10.5,86934.11064147908
2016-04-12,10.5,85046.52900695798
2016-04-13,10.5,82324.20444488524
2016-04-14,10.5,79271.92955017085
2016-04-15,10.5,78954.68387603758
2016-04-16,10.5,79922.98793792728
2016-04-17,10.5,79429.29840087892
2016-04-18,10.5,77761.91883087155
2016-04-19,10.5,75622.9837417603
2016-04-20,10.5,73132.06214904788
2016-04-21,10.5,71000.7179260254
2016-04-22,10.5,68657.5349807739
2016-04-23,10.5,65862.34016418454
2016-04-24,10.5,63519.0851211548
2016-04-25,10.5,61309.80834960936
2016-04-26,10.5,60929.631614685015
2016-04-27,10.5,65505.100822448716
2016-04-28,10.5,73366.11213684086
2016-04-29,10.5,82288.10405731206
2016-04-30,10.5,89181.6764831545
2016-05-01,10.5,91907.20939636196
2016-05-02,10.5,91320.54977416983
2016-05-03,10.5,90344.9947357178
2016-05-04,10.5,87917.45223999053
2016-05-05,10.5,84380.22193908688
2016-05-06,10.5,80598.51322174075
2016-05-07,10.5,76515.41519165036
2016-05-08,10.5,72300.62541961674
2016-05-09,10.5,67788.29326629637
2016-05-10,10.5,63694.16427612307
2016-05-11,10.5,60222.980690002456
2016-05-12,10.5,56679.910469055154
2016-05-13,10.5,53167.08526611324
2016-05-14,10.5,50180.491447448716
2016-05-15,10.5,47413.687705993674
2016-05-16,10.5,44838.422012329145
2016-05-17,10.5,42523.81553649905
2016-05-18,10.5,40886.15570068361
2016-05-19,10.5,39799.186420440645
2016-05-20,10.5,39236.67697906498
2016-05-21,10.5,38501.23071670528
2016-05-22,10.5,39466.748714447065
2016-05-23,10.5,40980.835533142046
2016-05-24,10.5,41376.29699707027
2016-05-25,10.5,41335.090541839585
2016-05-26,10.5,40476.823139190645
2016-05-27,10.5,39455.80787658689
2016-05-28,10.5,38240.04364013676
2016-05-29,10.5,37225.23908615116
2016-05-30,10.5,39331.740474700935
2016-05-31,10.5,39070.8829879761
2016-06-01,10.5,38380.39484024051
2016-06-02,10.5,37434.28659439087
2016-06-03,10.5,36176.81379318233
2016-06-04,10.5,35021.28725051884
2016-06-05,10.5,34023.335552215576
2016-06-06,10.5,32712.394523620613
2016-06-07,10.5,31148.791980743437
2016-06-08,10.5,29768.843078613238
2016-06-09,10.5,28753.29179763794
2016-06-10,10.5,27643.61944198607
2016-06-11,10.5,27030.29909133911
2016-06-12,10.5,26405.795860290516
2016-06-13,10.5,25707.405281066865
2016-06-14,10.5,25174.65934753419
2016-06-15,10.5,25708.061885833726
2016-06-16,10.5,26797.091102600112
2016-06-17,10.5,27000.0
2016-06-18,10.5,26137.05654144286
2016-06-19,10.5,25410.128116607622
2016-06-20,10.5,25414.585304260298
2016-06-21,10.5,28166.50600433349
2016-06-22,10.5,28778.793811798125
2016-06-23,10.5,29548.767185211138
2016-06-24,10.5,31174.015903472944
2016-06-25,10.5,31777.875995635954
2016-06-26,10.5,33948.078346252456
2016-06-27,10.5,33915.3665542603
2016-06-28,10.5,34150.013923644976
2016-06-29,10.5,34029.76255416873
2016-06-30,10.5,34185.57615280152
2016-07-01,10.5,34550.09737014767
2016-07-02,10.5,35403.86381149296
2016-07-03,10.5,36227.86674499509
2016-07-04,10.5,37319.53010559086
2016-07-05,10.5,38577.479267120376
2016-07-06,10.5,42049.131488800005
2016-07-07,10.5,42692.55266189578
2016-07-08,10.5,44143.816566467314
2016-07-09,10.5,50122.627830505386
2016-07-10,10.5,53302.9947280884
2016-07-11,10.5,58651.887702941916
2016-07-12,10.5,62241.012954711936
2016-07-13,10.5,63082.28073120117
2016-07-14,10.5,62046.99268341066
2016-07-15,10.5,60224.252700805635
2016-07-16,10.5,58167.09709167483
2016-07-17,10.5,56151.114463806196
2016-07-18,10.5,53994.489669799776
2016-07-19,10.5,51925.051689147906
2016-07-20,10.5,50362.13665008547
2016-07-21,10.5,48630.8269500732
2016-07-22,10.5,46936.075973510764
2016-07-23,10.5,45952.09579467775
2016-07-24,10.5,44394.01130676265
2016-07-25,10.5,42852.20031738279
2016-07-26,10.5,42226.90916061404
2016-07-27,10.5,41238.82455825808
2016-07-28,10.5,40620.35694122317
2016-07-29,10.5,40037.055015563936
2016-07-30,10.5,40084.387207031265
2016-07-31,10.5,39419.20537948607
2016-08-01,10.5,38393.10722351077
2016-08-02,10.5,37519.884681701646
2016-08-03,10.5,37583.78391265867
2016-08-04,10.5,39510.54553985597
2016-08-05,10.5,39894.99664306639
2016-08-06,10.5,39102.12707519532
2016-08-07,10.5,38434.06133651733
2016-08-08,10.5,38172.29490280152
2016-08-09,10.5,37282.14998245235
2016-08-10,10.5,36059.302139282205
2016-08-11,10.5,35033.464050292976
2016-08-12,10.5,34367.97580718993
2016-08-13,10.5,33845.12271881101
2016-08-14,10.5,33270.554924011245
2016-08-15,10.5,32598.11697006229
2016-08-16,10.5,32012.81433105468
2016-08-17,10.5,31596.078872680675
2016-08-18,10.5,31012.57867813114
2016-08-19,10.5,30548.22263717647
2016-08-20,10.5,30306.473636627168
2016-08-21,10.5,29899.661922454805
2016-08-22,10.5,29598.167037963824
2016-08-23,10.5,29935.435295105024
2016-08-24,10.5,29674.454212188753
2016-08-25,10.5,29365.898895263694
2016-08-26,10.5,28820.927238464392
2016-08-27,10.5,28418.086051940874
2016-08-28,10.5,29235.891151428223
2016-08-29,10.5,29157.657337188753
2016-08-30,10.5,28498.961734771772
2016-08-31,10.5,28116.40319824216
2016-09-01,10.5,27678.15942764285
2016-09-02,10.5,27411.832809448242
2016-09-03,10.5,27253.276920318614
2016-09-04,10.5,28856.023406982433
2016-09-05,10.5,29582.387924194372
2016-09-06,10.5,29278.040027618386
2016-09-07,10.5,29211.401081085238
2016-09-08,10.5,29481.608104705847
2016-09-09,10.5,29171.70610427857
2016-09-10,10.5,28896.56553268431
2016-09-11,10.5,28283.278656005852
2016-09-12,10.5,27866.29343032834
2016-09-13,10.5,27645.486259460427
2016-09-14,10.5,27420.530891418493
2016-09-15,10.5,27248.672962188753
2016-09-16,10.5,26981.00481033326
2016-09-17,10.5,26316.89929962155
2016-09-18,10.5,25756.37512207027
2016-09-19,10.5,25338.831138610883
2016-09-20,10.5,25115.266227722135
2016-09-21,10.5,24777.570533752456
2016-09-22,10.5,24581.189060211138
2016-09-23,10.5,24300.981044769313
2016-09-24,10.5,23939.78919982914
2016-09-25,10.5,23694.57435607914
2016-09-26,10.5,22944.41499710082
2016-09-27,10.5,22404.415512084997
2016-09-28,10.5,22376.379776000947
2016-09-29,10.5,24829.334163665804
2016-09-30,10.5,26582.79075622563
2016-10-01,10.5,27650.139141082785
2016-10-02,10.5,32787.07237243654
2016-10-03,10.5,37227.16770172119
2016-10-04,10.5,41482.3682785034
2016-10-05,10.5,32685.641098022475
2016-10-06,10.5,32683.145999908433
2016-10-07,10.5,32296.483039855968
2016-10-08,10.5,31800.30097961428
2016-10-09,10.5,31444.665813446023
2016-10-10,10.5,33165.17114639285
2016-10-11,10.5,33872.442626953154
2016-10-12,10.5,33878.774356842034
2016-10-13,10.5,33635.80226898196
2016-10-14,10.5,33138.484668731726
2016-10-15,10.5,32709.82475280761
2016-10-16,10.5,32861.76567077635
2016-10-17,10.5,32569.04611587528
2016-10-18,10.5,32501.75571441651
2016-10-19,10.5,33277.64368057249
2016-10-20,10.5,35399.7902870178
2016-10-21,10.5,37959.80215072634
2016-10-22,10.5,40895.30696868899
2016-10-23,10.5,44277.187156677275
2016-10-24,10.5,47430.47618865971
2016-10-25,10.5,49178.62071990971
2016-10-26,10.5,49707.81841278079
2016-10-27,10.5,49523.91757965092
2016-10-28,10.5,48852.38857269286
2016-10-29,10.5,47578.81221771242
2016-10-30,10.5,46404.602050781265
2016-10-31,10.5,45088.75064849849
2016-11-01,10.5,43628.47194671629
2016-11-02,10.5,42418.23091506956
2016-11-03,10.5,41278.00197601322
2016-11-04,10.5,40355.585575103745
2016-11-05,10.5,40687.61901855468
2016-11-06,10.5,45282.80696868899
2016-11-07,10.5,49805.217361450224
2016-11-08,10.5,52955.16414642331
2016-11-09,10.5,55822.070503234885
2016-11-10,10.5,57514.298057556196
2016-11-11,10.5,57691.94698333736
2016-11-12,10.5,56865.2841567993
2016-11-13,10.5,55209.6410751343
2016-11-14,10.5,53749.413871765115
2016-11-15,10.5,56042.81845092775
2016-11-16,10.5,58732.61661529543
2016-11-17,10.5,60615.47069549556
2016-11-18,10.5,62738.90476226804
2016-11-19,10.5,65828.96919250491
2016-11-20,10.5,70600.24051666264
2016-11-21,10.5,77197.88246154788
2016-11-22,10.5,82061.62948608396
2016-11-23,10.5,84195.18299102786
2016-11-24,10.5,83439.81456756593
2016-11-25,10.5,80865.1462554932
2016-11-26,10.5,77473.91395568852
2016-11-27,10.5,73815.02895355222
2016-11-28,10.5,69804.57973480222
2016-11-29,10.5,65623.51112365726
2016-11-30,10.5,62995.17116546629
2016-12-01,10.5,63448.38809967038
2016-12-02,10.5,63565.64483642576
2016-12-03,10.5,62667.873001098604
2016-12-04,10.5,60697.116279602094
2016-12-05,10.5,58578.64151000972
2016-12-06,10.5,56456.43825531007
2016-12-07,10.5,54665.25650024414
2016-12-08,10.5,53644.92874145505
2016-12-09,10.5,52748.238372802705
2016-12-10,10.5,53163.459777832075
2016-12-11,10.5,53331.46305084227
2016-12-12,10.5,52997.5318908691
2016-12-13,10.5,52087.47768402097
2016-12-14,10.5,50993.043708801284
2016-12-15,10.5,49610.55850982669
2016-12-16,10.5,48014.23645019531
2016-12-17,10.5,46684.63497161862
2016-12-18,10.5,45919.64664459227
2016-12-19,10.5,44868.703079223655
2016-12-20,10.5,43840.02742767331
2016-12-21,10.5,42873.500061035134
2016-12-22,10.5,42167.47741699216
2016-12-23,10.5,42655.79051971439
2016-12-24,10.5,44601.194572448716
2016-12-25,10.5,47914.74151611324
2016-12-26,10.5,51141.53423309322
2016-12-27,10.5,53645.35617828371
2016-12-28,10.5,54577.05001831053
2016-12-29,10.5,54139.462852478
2016-12-30,10.5,53086.22245788572
2016-12-31,10.5,51945.93944549556
2017-01-01,10.5,48505.91239929202
2017-01-02,10.5,47907.696533203154
2017-01-03,10.5,46660.667610168486
2017-01-04,10.5,46205.8439254761
2017-01-05,10.5,44625.65631866453
2017-01-06,10.5,42753.6478042603
2017-01-07,10.5,41553.1785964966
2017-01-08,10.5,40143.63613128665
2017-01-09,10.5,38831.80418014531
2017-01-10,10.5,38221.19264602658
2017-01-11,10.5,41133.00304412845
2017-01-12,10.5,48125.52967071535
2017-01-13,10.5,53736.57016754146
2017-01-14,10.5,55870.36056518559
2017-01-15,10.5,55333.93764495854
2017-01-16,10.5,52991.501426696734
2017-01-17,10.5,49923.946952819795
2017-01-18,10.5,47141.69368743899
2017-01-19,10.5,45607.84435272214
2017-01-20,10.5,44608.50734710691
2017-01-21,10.5,43763.94882202144
2017-01-22,10.5,42766.460609436064
2017-01-23,10.5,41533.47272872927
2017-01-24,10.5,40141.189956664995
2017-01-25,10.5,38674.87821578981
2017-01-26,10.5,37235.05983352658
2017-01-27,10.5,36007.77282714847
2017-01-28,10.5,34848.31695556639
2017-01-29,10.5,34220.94011306767
2017-01-30,10.5,33968.56698989871
2017-01-31,10.5,33148.225593566865
2017-02-01,10.5,32082.13119506838
2017-02-02,10.5,31391.746044158903
2017-02-03,10.5,31081.38828277588
2017-02-04,10.5,30916.781330108657
2017-02-05,10.5,30838.459968566865
2017-02-06,10.5,31268.896579742395
2017-02-07,10.5,31246.633815765348
2017-02-08,10.5,31296.636199951172
2017-02-09,10.5,32083.969688415564
2017-02-10,10.5,31662.76931762694
2017-02-11,10.5,30824.264430999767
2017-02-12,10.5,29944.079303741455
2017-02-13,10.5,29360.331916809126
2017-02-14,10.5,28657.965660095204
2017-02-15,10.5,28072.060489654563
2017-02-16,10.5,27740.235614776582
2017-02-17,10.5,28529.45652008056
2017-02-18,10.5,29481.43815994262
2017-02-19,10.5,30484.771442413345
2017-02-20,10.5,31399.990940094023
2017-02-21,10.5,32076.373672485362
2017-02-22,10.5,34566.20092391967
2017-02-23,10.5,38301.803112029986
2017-02-24,10.5,42839.71710205081
2017-02-25,10.5,46177.99873352049
2017-02-26,10.5,52910.319328308084
2017-02-27,10.5,61097.39799499509
2017-02-28,10.5,70431.4338684082
2017-03-01,10.5,77801.74770355222
2017-03-02,10.5,82072.42355346675
2017-03-03,10.5,82810.3958129883
2017-03-04,10.5,82116.28475189205
2017-03-05,10.5,80961.55643463138
2017-03-06,10.5,80469.88563537599
2017-03-07,10.5,78173.78768920901
2017-03-08,10.5,74797.10369110105
2017-03-09,10.5,71983.53939056394
2017-03-10,10.5,69433.7448120117
2017-03-11,10.5,66040.01483917236
2017-03-12,10.5,63085.416984558084
2017-03-13,10.5,60467.06256866453
2017-03-14,10.5,58143.92795562741
2017-03-15,10.5,55994.94552612307
2017-03-16,10.5,53983.19606781007
2017-03-17,10.5,53050.04482269286
2017-03-18,10.5,55140.45295715329
2017-03-19,10.5,56000.64125061031
2017-03-20,10.5,58140.436363220244
2017-03-21,10.5,63493.14537048338
2017-03-22,10.5,66828.98082733151
2017-03-23,10.5,67544.69032287599
2017-03-24,10.5,66544.88983154297
2017-03-25,10.5,64642.507553100586
2017-03-26,10.5,62407.141685485825
2017-03-27,10.5,59979.310798644976
2017-03-28,10.5,57701.83467864989
2017-03-29,10.5,55844.30236816405
2017-03-30,10.5,54545.53298950198
2017-03-31,10.5,53059.005546569795
2017-04-01,10.5,51647.92842864989
2017-04-02,10.5,49649.80030059813
2017-04-03,10.5,47631.979179382324
2017-04-04,10.5,45322.70278930667
2017-04-05,10.5,42748.85330200198
2017-04-06,10.5,40471.2613105774
2017-04-07,10.5,38570.779323577866
2017-04-08,10.5,36901.30119323735
2017-04-09,10.5,35273.66809844966
2017-04-10,10.5,33841.10326766967
2017-04-11,10.5,32439.27011489871
2017-04-12,10.5,32586.34700775151
2017-04-13,10.5,32332.763671875044
2017-04-14,10.5,31943.131828308084
2017-04-15,10.5,33187.572956085234
2017-04-16,10.5,36451.35440826417
2017-04-17,10.5,41201.60150527951
2017-04-18,10.5,44828.43647003174
2017-04-19,10.5,46017.97771453853
2017-04-20,10.5,45733.92276763912
2017-04-21,10.5,44935.46047210691
2017-04-22,10.5,43588.1126403809
2017-04-23,10.5,41637.58192062377
2017-04-24,10.5,40873.196125030554
2017-04-25,10.5,39914.0021324158
2017-04-26,10.5,39704.856777191206
2017-04-27,10.5,39545.36361694333
2017-04-28,10.5,38940.75164794919
2017-04-29,10.5,40269.91281509402
2017-04-30,10.5,41043.53742599485
2017-05-01,10.5,39915.8097267151
2017-05-02,10.5,38449.27654266358
2017-05-03,10.5,37244.15702819824
2017-05-04,10.5,35582.81564712528
2017-05-05,10.5,34097.02205657962
2017-05-06,10.5,32857.045841217085
2017-05-07,10.5,31732.42607116698
2017-05-08,10.5,30621.659374237017
2017-05-09,10.5,29335.267639160185
2017-05-10,10.5,29695.627784729037
2017-05-11,10.5,30192.080211639448
2017-05-12,10.5,29412.22944259648
2017-05-13,10.5,28525.805282592744
2017-05-14,10.5,27837.266349792502
2017-05-15,10.5,27157.801437377973
2017-05-16,10.5,28242.139148712173
2017-05-17,10.5,28777.519226074233
2017-05-18,10.5,28379.513740539573
2017-05-19,10.5,27883.061313629158
2017-05-20,10.5,26727.645492553744
2017-05-21,10.5,25666.785907745325
2017-05-22,10.5,24793.190002441443
2017-05-23,10.5,24039.05239105223
2017-05-24,10.5,22806.504821777387
2017-05-25,10.5,21707.43598937986
2017-05-26,10.5,21059.775209426916
2017-05-27,10.5,20650.501871109016
2017-05-28,10.5,19811.165285110437
2017-05-29,10.5,19100.203943252574
2017-05-30,10.5,18623.556518554684
2017-05-31,10.5,17586.929512023897
2017-06-01,10.5,16733.947134017923
2017-06-02,10.5,16417.847299575773
2017-06-03,10.5,16411.66234016417
2017-06-04,10.5,16114.494609832782
2017-06-05,10.5,15727.908897399886
2017-06-06,10.5,15843.719816207858
2017-06-07,10.5,16887.243747711138
2017-06-08,10.5,18455.25069236756
2017-06-09,10.5,20295.94430923465
2017-06-10,10.5,22657.030677795432
2017-06-11,10.5,22803.46384048465
2017-06-12,10.5,24160.580921173074
2017-06-13,10.5,23447.654914855968
2017-06-14,10.5,22819.546794891343
2017-06-15,10.5,22344.190692901633
2017-06-16,10.5,21420.739173889124
2017-06-17,10.5,20462.18633651733
2017-06-18,10.5,19891.24274253842
2017-06-19,10.5,19384.450721740744
2017-06-20,10.5,18541.2890911102
2017-06-21,10.5,17871.75822257997
2017-06-22,10.5,17492.428636550925
2017-06-23,10.5,17289.112901687597
2017-06-24,10.5,17014.51821327212
2017-06-25,10.5,16220.146179199191
2017-06-26,10.5,15213.483524322488
2017-06-27,10.5,14525.363016128562
2017-06-28,10.5,14423.494005203269
2017-06-29,10.5,15368.888998031616
2017-06-30,10.5,16771.587324142492
2017-07-01,10.5,16995.66721916196
2017-07-02,10.5,16282.580280303977
2017-07-03,10.5,15681.731557846031
2017-07-04,10.5,15197.314310073878
2017-07-05,10.5,14596.508073806785
2017-07-06,10.5,14165.640163421653
2017-07-07,10.5,13967.290163040165
2017-07-08,10.5,14136.134147644028
2017-07-09,10.5,13892.132091522239
2017-07-10,10.5,13699.033641815211
2017-07-11,10.5,13947.28302955631
2017-07-12,10.5,13940.091276168845
2017-07-13,10.5,13102.027988433842
2017-07-14,10.5,12958.738803863569
2017-07-15,10.5,12907.72190093993
2017-07-16,10.5,12803.360366821307
2017-07-17,10.5,12410.584545135482
2017-07-18,10.5,12023.454236984293
2017-07-19,10.5,12025.012063980095
2017-07-20,10.5,12191.771650314298
2017-07-21,10.5,12938.33513259884
2017-07-22,10.5,13039.302921295188
2017-07-23,10.5,14216.70598983769
2017-07-24,10.5,15942.151308059714
2017-07-25,10.5,15982.081890106207
2017-07-26,10.5,15752.257347106912
2017-07-27,10.5,15661.685800552346
2017-07-28,10.5,15344.37704086301
2017-07-29,10.5,16940.772485733025
2017-07-30,10.5,18470.772314071663
2017-07-31,10.5,19168.45736503605
2017-08-01,10.5,18998.839616775524
2017-08-02,10.5,19125.01587867739
2017-08-03,10.5,20879.376268386874
2017-08-04,10.5,22226.519393920855
2017-08-05,10.5,22237.483406066873
2017-08-06,10.5,21360.822057724006
2017-08-07,10.5,20516.53003692624
2017-08-08,10.5,19965.02580642704
2017-08-09,10.5,19707.11016654966
2017-08-10,10.5,18672.06931114193
2017-08-11,10.5,18053.48711013794
2017-08-12,10.5,17981.40993118289
2017-08-13,10.5,17517.70534515385
2017-08-14,10.5,16843.145656585708
2017-08-15,10.5,16389.43948745726
2017-08-16,10.5,16181.205654144265
2017-08-17,10.5,16517.857217788656
2017-08-18,10.5,17918.4930324554
2017-08-19,10.5,18866.356086730928
2017-08-20,10.5,19451.18751525878
2017-08-21,10.5,19982.94854164122
2017-08-22,10.5,19465.34957885739
2017-08-23,10.5,19080.629396438628
2017-08-24,10.5,18490.4459953308
2017-08-25,10.5,17566.33272171019
2017-08-26,10.5,17131.27412796019
2017-08-27,10.5,17062.316465377768
2017-08-28,10.5,16618.47739219662
2017-08-29,10.5,16086.480760574355
2017-08-30,10.5,16213.940620422367
2017-08-31,10.5,17033.881616592393
2017-09-01,10.5,16651.920461654678
2017-09-02,10.5,16281.085538864158
2017-09-03,10.5,15927.68669128419
2017-09-04,10.5,15399.885892868035
2017-09-05,10.5,15040.538978576687
2017-09-06,10.5,18925.43249130247
2017-09-07,10.5,29747.311592102094
2017-09-08,10.5,36716.331768035845
2017-09-09,10.5,42896.23403549192
2017-09-10,10.5,46002.08015441897
2017-09-11,10.5,48053.57608795164
2017-09-12,10.5,50348.489570617676
2017-09-13,10.5,51738.24119567869
2017-09-14,10.5,55917.17262268068
2017-09-15,10.5,64983.45279693606
2017-09-16,10.5,70731.6541671753
2017-09-17,10.5,73051.51348114017
2017-09-18,10.5,72325.40645599368
2017-09-19,10.5,69899.78485107425
2017-09-20,10.5,66868.59340667728
2017-09-21,10.5,63790.78559875491
2017-09-22,10.5,59566.293525695786
2017-09-23,10.5,55125.781059265115
2017-09-24,10.5,51345.158958435015
2017-09-25,10.5,48081.936264038064
2017-09-26,10.5,45172.66216278079
2017-09-27,10.5,42479.28485870363
2017-09-28,10.5,39966.09020233151
2017-09-29,10.5,38049.90634918209
2017-09-30,10.5,36296.75359725949
2017-10-01,10.5,36736.71483993526
2017-10-02,10.5,39070.50189971921
2017-10-03,10.5,42348.68488311768
2017-10-04,10.5,45490.32497406007
2017-10-05,10.5,49147.55172729495
2017-10-06,10.5,50521.31824493407
2017-10-07,10.5,51282.84072875972
2017-10-08,10.5,51524.17774200444
2017-10-09,10.5,50129.35352325444
2017-10-10,10.5,48646.67816162108
2017-10-11,10.5,47563.88797760011
2017-10-12,10.5,51965.09170532225
2017-10-13,10.5,56023.094558715806
2017-10-14,10.5,59209.58461761476
2017-10-15,10.5,61109.3404769897
2017-10-16,10.5,60837.51125335691
2017-10-17,10.5,59295.44792175293
2017-10-18,10.5,57048.330116272
2017-10-19,10.5,55453.68175506593
2017-10-20,10.5,53858.379364013694
2017-10-21,10.5,55328.73115539554
2017-10-22,10.5,56993.680000305154
2017-10-23,10.5,57444.66190338138
2017-10-24,10.5,58291.48635864261
2017-10-25,10.5,63688.283157348604
2017-10-26,10.5,69972.76325225832
2017-10-27,10.5,73080.21354675293
2017-10-28,10.5,73652.20642089847
2017-10-29,10.5,72815.908241272
2017-10-30,10.5,69407.3261260986
2017-10-31,10.5,65510.60085296629
2017-11-01,10.5,62116.824531555154
2017-11-02,10.5,62845.8927154541
2017-11-03,10.5,61435.18123626709
2017-11-04,10.5,59401.46255493162
2017-11-05,10.5,56896.626091003396
2017-11-06,10.5,53963.235282897906
2017-11-07,10.5,50865.368843078584
2017-11-08,10.5,48037.7660751343
2017-11-09,10.5,45581.52866363524
2017-11-10,10.5,45219.86045837401
2017-11-11,10.5,46241.38298034671
2017-11-12,10.5,46790.45391082764
2017-11-13,10.5,46236.248588562055
2017-11-14,10.5,46036.69223785398
2017-11-15,10.5,45947.672080993674
2017-11-16,10.5,45376.36413574216
2017-11-17,10.5,45288.564491272
2017-11-18,10.5,46674.65457916264
2017-11-19,10.5,51696.486282348604
2017-11-20,10.5,55016.48597717284
2017-11-21,10.5,56295.196723937945
2017-11-22,10.5,59526.58309936522
2017-11-23,10.5,63749.08733367917
2017-11-24,10.5,66678.56426239017
2017-11-25,10.5,67371.69685363771
2017-11-26,10.5,66454.46891784671
2017-11-27,10.5,66113.99230957027
2017-11-28,10.5,67302.58083343501
2017-11-29,10.5,67378.23715209964
2017-11-30,10.5,66005.08861541745
2017-12-01,10.5,63437.36743927002
2017-12-02,10.5,60248.07586669919
2017-12-03,10.5,58628.28083038326
2017-12-04,10.5,56749.144935607954
2017-12-05,10.5,54788.98658752437
2017-12-06,10.5,53623.160362243674
2017-12-07,10.5,53930.72433471675
2017-12-08,10.5,57307.207489013694
2017-12-09,10.5,60080.29403686522
2017-12-10,10.5,61156.00833892822
2017-12-11,10.5,61285.10971069333
2017-12-12,10.5,59602.579307556196
2017-12-13,10.5,57714.91527557376
2017-12-14,10.5,60402.51445770268
2017-12-15,10.5,64892.42420196535
2017-12-16,10.5,66249.2168426514
2017-12-17,10.5,64490.20614624028
2017-12-18,10.5,61502.38666534426
2017-12-19,10.5,58437.669754028335
2017-12-20,10.5,55986.22684478758
2017-12-21,10.5,54153.496170043916
2017-12-22,10.5,52394.55757141112
2017-12-23,10.5,50795.8717346191
2017-12-24,10.5,50024.518203735366
2017-12-25,10.5,50569.165420532205
2017-12-26,10.5,51866.60614013676
2017-12-27,10.5,55520.16105651851
2017-12-28,10.5,60603.111076355024
2017-12-29,10.5,64261.5789413452
2017-12-30,10.5,65545.49102783207
2017-12-31,10.5,66487.10346221921
2018-01-01,10.5,79264.62707519531
2018-01-02,10.5,93297.89314270022
2018-01-03,10.5,110449.87220764166
2018-01-04,10.5,131345.10612487813
2018-01-05,10.5,143913.06724548357
2018-01-06,10.5,145150.60501098604
2018-01-07,10.5,138178.9558410644
2018-01-08,10.5,127247.23320007364
2018-01-09,10.5,116503.90205383266
2018-01-10,10.5,106921.28334045428
2018-01-11,10.5,100333.7402343748
2018-01-12,10.5,93638.16375732432
2018-01-13,10.5,87774.12185668963
2018-01-14,10.5,81976.91974639895
2018-01-15,10.5,76767.68016815187
2018-01-16,10.5,79031.68430328372
2018-01-17,10.5,81558.68053436276
2018-01-18,10.5,81605.97667694087
2018-01-19,10.5,78924.15046691897
2018-01-20,10.5,75699.74212646487
2018-01-21,10.5,72969.27566528325
2018-01-22,10.5,69886.0811233521
2018-01-23,10.5,66783.80641937259
2018-01-24,10.5,70409.79938507083
2018-01-25,10.5,75175.68397521968
2018-01-26,10.5,76322.75447845456
2018-01-27,10.5,74909.80281829837
2018-01-28,10.5,77221.55113220212
2018-01-29,10.5,79654.11472320561
2018-01-30,10.5,80952.50301361088
2018-01-31,10.5,81235.39409637448
2018-02-01,10.5,82805.07087707517
2018-02-02,10.5,85970.15304565433
2018-02-03,10.5,85902.94761657716
2018-02-04,10.5,82853.44333648677
2018-02-05,10.5,77731.69956207272
2018-02-06,10.5,72626.67732238771
2018-02-07,10.5,67688.91162872317
2018-02-08,10.5,63474.734687805154
2018-02-09,10.5,59697.72262573244
2018-02-10,10.5,56089.94464874263
2018-02-11,10.5,54605.101203918486
2018-02-12,10.5,55796.72298431394
2018-02-13,10.5,55496.77562713619
2018-02-14,10.5,53495.71208953853
2018-02-15,10.5,51301.66339874263
2018-02-16,10.5,50109.706878662066
2018-02-17,10.5,50026.60388946535
2018-02-18,10.5,49718.28804016112
2018-02-19,10.5,49820.07980346675
2018-02-20,10.5,51875.82950592038
2018-02-21,10.5,53495.155906677275
2018-02-22,10.5,54032.227706909136
2018-02-23,10.5,53023.79093170164
2018-02-24,10.5,51571.396636962876
2018-02-25,10.5,49237.998390197776
2018-02-26,10.5,46204.762458801284
2018-02-27,10.5,44054.425621032686
2018-02-28,10.5,44811.55529022214
2018-03-01,10.5,42088.34753036499
2018-03-02,10.5,39268.42575073244
2018-03-03,10.5,37538.70220184322
2018-03-04,10.5,35713.04740905761
2018-03-05,10.5,34843.97563934322
2018-03-06,10.5,34295.88832855223
2018-03-07,10.5,33628.3452987671
2018-03-08,10.5,33710.74533462528
2018-03-09,10.5,34057.54852294919
2018-03-10,10.5,33910.21413803103
2018-03-11,10.5,38484.153842925996
2018-03-12,10.5,50677.85797119145
2018-03-13,10.5,64272.79529571535
2018-03-14,10.5,72441.82891845703
2018-03-15,10.5,75312.99934387203
2018-03-16,10.5,72490.07778167728
2018-03-17,10.5,67728.32336425784
2018-03-18,10.5,62898.43139648442
2018-03-19,10.5,58364.67075347903
2018-03-20,10.5,54653.3088684082
2018-03-21,10.5,51621.08745574953
2018-03-22,10.5,51518.98670196535
2018-03-23,10.5,50682.925415039106
2018-03-24,10.5,49676.43527984615
2018-03-25,10.5,48459.04884338383
2018-03-26,10.5,47555.44223785398
2018-03-27,10.5,47048.03867340092
2018-03-28,10.5,45648.06461334227
2018-03-29,10.5,43540.01312255855
2018-03-30,10.5,41631.26049041745
2018-03-31,10.5,39714.47668075562
2018-04-01,10.5,38446.92821502683
2018-04-02,10.5,37648.30884933467
2018-04-03,10.5,39042.342567443804
2018-04-04,10.5,40495.311069488525
2018-04-05,10.5,43433.406257629395
2018-04-06,10.5,44557.40032196043
2018-04-07,10.5,44638.04683685304
2018-04-08,10.5,43914.91641998291
2018-04-09,10.5,43108.08305740352
2018-04-10,10.5,42348.19564819333
2018-04-11,10.5,40886.36941909789
2018-04-12,10.5,39436.66849136357
2018-04-13,10.5,38281.64148330691
2018-04-14,10.5,37167.40636825562
2018-04-15,10.5,36209.589958190874
2018-04-16,10.5,35237.83550262448
2018-04-17,10.5,34190.37837982178
2018-04-18,10.5,33070.86982727049
2018-04-19,10.5,31950.666046142615
2018-04-20,10.5,30313.209629058794
2018-04-21,10.5,28864.749813079856
2018-04-22,10.5,27635.171127319325
2018-04-23,10.5,26124.16648864743
2018-04-24,10.5,25353.974246978796
2018-04-25,10.5,24868.04552078244
2018-04-26,10.5,24136.1758232117
2018-04-27,10.5,23283.01448822025
2018-04-28,10.5,23091.152000427275
2018-04-29,10.5,22687.208747863802
2018-04-30,10.5,26451.1814117432
2018-05-01,10.5,34794.38781738279
2018-05-02,10.5,37930.49697875973
2018-05-03,10.5,38176.726341247544
2018-05-04,10.5,36875.29964447025
2018-05-05,10.5,34988.09394836428
2018-05-06,10.5,33116.67509078981
2018-05-07,10.5,31387.21933364871
2018-05-08,10.5,29948.15282821652
2018-05-09,10.5,28429.807090759256
2018-05-10,10.5,26862.370491027865
2018-05-11,10.5,25243.710994720488
2018-05-12,10.5,24272.510147094734
2018-05-13,10.5,23252.478504180915
2018-05-14,10.5,22181.888294220007
2018-05-15,10.5,21280.828285217318
2018-05-16,10.5,20194.783401489236
2018-05-17,10.5,19182.930994033835
2018-05-18,10.5,18352.368450164766
2018-05-19,10.5,17837.37144470212
2018-05-20,10.5,17229.947662353512
2018-05-21,10.5,16677.219057083137
2018-05-22,10.5,15960.636663436886
2018-05-23,10.5,15370.672130584677
2018-05-24,10.5,14830.558061599757
2018-05-25,10.5,14090.431880950935
2018-05-26,10.5,13519.105911254908
2018-05-27,10.5,13064.855146408081
2018-05-28,10.5,12559.318399429285
2018-05-29,10.5,12386.232233047525
2018-05-30,10.5,11998.243188858069
2018-05-31,10.5,11423.89039993289
2018-06-01,10.5,10817.50817298888
2018-06-02,10.5,10370.278573036185
2018-06-03,10.5,9864.122557640054
2018-06-04,10.5,9133.927202224713
2018-06-05,10.5,8819.828081131018
2018-06-06,10.5,8317.503547668453
2018-06-07,10.5,7930.158233642576
2018-06-08,10.5,7655.850005149838
2018-06-09,10.5,7369.8735237121555
2018-06-10,10.5,7693.090438842775
2018-06-11,10.5,7543.074274063114
2018-06-12,10.5,7039.9663209915125
2018-06-13,10.5,6610.13610363007
2018-06-14,10.5,6367.602396011358
2018-06-15,10.5,6521.610331535339
2018-06-16,10.5,7427.551746368408
2018-06-17,10.5,9327.175641059846
2018-06-18,10.5,9446.117663383488
2018-06-19,10.5,9202.870059013354
2018-06-20,10.5,8995.632076263457
2018-06-21,10.5,8767.080187797543
2018-06-22,10.5,8158.2807540893555
2018-06-23,10.5,7702.707123756406
2018-06-24,10.5,7543.789458274838
2018-06-25,10.5,7579.852509498594
2018-06-26,10.5,7875.439882278442
2018-06-27,10.5,7990.556216239929
2018-06-28,10.5,7641.353201866148
2018-06-29,10.5,7299.87044334412
2018-06-30,10.5,6862.334775924684
2018-07-01,10.5,6483.945679664614
2018-07-02,10.5,6085.268783569333
2018-07-03,10.5,5626.056790351862
2018-07-04,10.5,5361.427366733548
2018-07-05,10.5,5010.118710994719
2018-07-06,10.5,4410.460245609285
2018-07-07,10.5,3944.3127036094625
2018-07-08,10.5,3806.3964128494263
2018-07-09,10.5,3368.577182292939
2018-07-10,10.5,3401.1367321014404
2018-07-11,10.5,3481.852769851686
2018-07-12,10.5,3495.588040351863
2018-07-13,10.5,3313.1549119949304
2018-07-14,10.5,3013.2304072380084
2018-07-15,10.5,2910.075867176054
2018-07-16,10.5,2996.343111991885
2018-07-17,10.5,2988.789904117587
2018-07-18,10.5,2831.4564585685716
2018-07-19,10.5,2611.3948881626156
2018-07-20,10.5,2378.689652681352
2018-07-21,10.5,2213.4845137596135
2018-07-22,10.5,2117.4412608146704
2018-07-23,10.5,1986.396789550784
2018-07-24,10.5,2094.1324353218047
2018-07-25,10.5,2084.7064554691287
2018-07-26,10.5,2084.103602170943
2018-07-27,10.5,2060.8546435832964
2018-07-28,10.5,2218.782091140749
2018-07-29,10.5,2839.991676807401
2018-07-30,10.5,2734.6265673637363
2018-07-31,10.5,2764.9967908859253
2018-08-01,10.5,2596.4354038238525
2018-08-02,10.5,2440.499174594882
2018-08-03,10.5,2299.0700483322134
2018-08-04,10.5,2034.5535993576013
2018-08-05,10.5,1599.8012602329227
2018-08-06,10.5,1442.4570322036761
2018-08-07,10.5,1539.0165567398112
2018-08-08,10.5,1509.97241735458
2018-08-09,10.5,1713.5363101959247
2018-08-10,10.5,1971.3687479495975
2018-08-11,10.5,2182.2034120559715
2018-08-12,10.5,2754.7724246978796
2018-08-13,10.5,5291.725873947143
2018-08-14,10.5,8345.478773117062
2018-08-15,10.5,9104.987668991098
2018-08-16,10.5,9298.762035369899
2018-08-17,10.5,9191.636323928813
2018-08-18,10.5,8945.677971839923
2018-08-19,10.5,8938.694143295308
2018-08-20,10.5,8914.62314128876
2018-08-21,10.5,8528.952169418337
2018-08-22,10.5,8274.485635757448
2018-08-23,10.5,8177.11501121521
2018-08-24,10.5,8713.005566596963
2018-08-25,10.5,8674.831080436667
2018-08-26,10.5,8484.263777732845
2018-08-27,10.5,8793.994545936548
2018-08-28,10.5,8877.73804664613
2018-08-29,10.5,8797.672176361113
2018-08-30,10.5,8888.28942775726
2018-08-31,10.5,8752.582740783717
2018-09-01,10.5,8487.906002998348
2018-09-02,10.5,8357.916927337646
2018-09-03,10.5,8248.610901832577
2018-09-04,10.5,8100.520133972166
2018-09-05,10.5,7935.78894138336
2018-09-06,10.5,7872.798013687131
2018-09-07,10.5,15049.426317214984
2018-09-08,10.5,20615.07611274719
2018-09-09,10.5,21711.403942108187
2018-09-10,10.5,20937.740707397435
2018-09-11,10.5,21063.12131881711
2018-09-12,10.5,21052.060747146603
2018-09-13,10.5,20154.71634864811
2018-09-14,10.5,19079.394721984885
2018-09-15,10.5,18190.181922912634
2018-09-16,10.5,17151.84645652774
2018-09-17,10.5,16323.843383789099
2018-09-18,10.5,15563.573598861709
2018-09-19,10.5,14799.662876129156
2018-09-20,10.5,14223.891305923433
2018-09-21,10.5,13797.188329696617
2018-09-22,10.5,13194.241046905507
2018-09-23,10.5,12504.005241394028
2018-09-24,10.5,11467.675638198836
2018-09-25,10.5,10668.477559089686
2018-09-26,10.5,10220.268201827992
2018-09-27,10.5,10141.498160362282
2018-09-28,10.5,9703.717875480672
2018-09-29,10.5,9275.58646202085
2018-09-30,10.5,8905.870985984784
2018-10-01,10.5,8751.070618629494
2018-10-02,10.5,8653.27706336978
2018-10-03,10.5,8375.414800643923
2018-10-04,10.5,8270.268559455868
2018-10-05,10.5,8453.4529209137
2018-10-06,10.5,8512.124419212341
2018-10-07,10.5,8684.349918365464
2018-10-08,10.5,8403.016662597658
2018-10-09,10.5,8256.122589111324
2018-10-10,10.5,8317.504835128782
2018-10-11,10.5,8446.42338752747
2018-10-12,10.5,8338.921093940739
2018-10-13,10.5,8307.673788070679
2018-10-14,10.5,8352.731037139894
2018-10-15,10.5,8256.167650222775
2018-10-16,10.5,8217.444062232975
2018-10-17,10.5,8165.280675888058
2018-10-18,10.5,8077.201008796686
2018-10-19,10.5,7922.493338584896
2018-10-20,10.5,7776.083350181581
2018-10-21,10.5,7659.897136688232
2018-10-22,10.5,7528.6972045898465
2018-10-23,10.5,8866.827464103735
2018-10-24,10.5,9101.483201980569
2018-10-25,10.5,9012.445020675648
2018-10-26,10.5,9322.350239753741
2018-10-27,10.5,9506.688165664646
2018-10-28,10.5,9452.001357078567
2018-10-29,10.5,10181.175756454455
2018-10-30,10.5,11473.128032684315
2018-10-31,10.5,12228.047132492045
2018-11-01,10.5,12321.900415420505
2018-11-02,10.5,12254.324197769194
2018-11-03,10.5,12052.192926406897
2018-11-04,10.5,11855.945348739591
2018-11-05,10.5,11739.132785797086
2018-11-06,10.5,11629.522275924703
2018-11-07,10.5,11516.02492332459
2018-11-08,10.5,11364.207601547203
2018-11-09,10.5,11330.116939544716
2018-11-10,10.5,11453.768491744973
2018-11-11,10.5,12030.73353767399
2018-11-12,10.5,12363.527870178219
2018-11-13,10.5,12833.980035781853
2018-11-14,10.5,13233.508586883505
2018-11-15,10.5,13561.747884750352
2018-11-16,10.5,13457.556295394861
2018-11-17,10.5,13317.375040054329
2018-11-18,10.5,13092.565155029279
2018-11-19,10.5,12815.1341915131
2018-11-20,10.5,12854.723596572847
2018-11-21,10.5,12107.401800155625
2018-11-22,10.5,11612.96424865725
2018-11-23,10.5,11310.620927810658
2018-11-24,10.5,11086.503696441678
2018-11-25,10.5,11071.406936645537
2018-11-26,10.5,11016.559839248697
2018-11-27,10.5,10791.681718826332
2018-11-28,10.5,10573.291754722599
2018-11-29,10.5,10880.979967117324
2018-11-30,10.5,11757.660627365107
2018-12-01,10.5,12325.003194809
2018-12-02,10.5,13355.28559684754
2018-12-03,10.5,15112.895536422719
2018-12-04,10.5,15913.12165260316
2018-12-05,10.5,16082.145881652814
2018-12-06,10.5,16805.83763122563
2018-12-07,10.5,18187.382984161362
2018-12-08,10.5,21500.254011154204
2018-12-09,10.5,25208.632850646958
2018-12-10,10.5,27058.759689331033
2018-12-11,10.5,27515.784931182898
2018-12-12,10.5,26913.111877441443
2018-12-13,10.5,25958.866882324233
2018-12-14,10.5,25489.0442848206
2018-12-15,10.5,25148.72732162472
2018-12-16,10.5,24250.558948516857
2018-12-17,10.5,23536.628723144506
2018-12-18,10.5,22744.78397369381
2018-12-19,10.5,22049.884986877412
2018-12-20,10.5,21664.48888778688
2018-12-21,10.5,22527.48126983642
2018-12-22,10.5,26366.46137237552
2018-12-23,10.5,30367.803096771204
2018-12-24,10.5,33274.437904357954
2018-12-25,10.5,34492.71268844602
2018-12-26,10.5,34533.2213401794
2018-12-27,10.5,33769.602870941206
2018-12-28,10.5,32615.92512130738
2018-12-29,10.5,31752.79626846312
2018-12-30,10.5,31801.34382247927
2018-12-31,10.5,31712.215518951405
2019-01-01,10.5,35918.34583282471
2019-01-02,10.5,35368.795967102094
2019-01-03,10.5,34522.40667343138
2019-01-04,10.5,33534.63621139531
2019-01-05,10.5,32958.9509010315
2019-01-06,10.5,32170.71876525878
2019-01-07,10.5,31606.206035614046
2019-01-08,10.5,32673.500347137466
2019-01-09,10.5,32702.61754989625
2019-01-10,10.5,32503.290367126465
2019-01-11,10.5,32226.566219329856
2019-01-12,10.5,32186.222362518274
2019-01-13,10.5,32984.81597900388
2019-01-14,10.5,33147.0874786377
2019-01-15,10.5,33230.64622879028
2019-01-16,10.5,33987.129592895544
2019-01-17,10.5,36156.89163208009
2019-01-18,10.5,37865.79179763794
2019-01-19,10.5,38539.98584747317
2019-01-20,10.5,38251.463413238525
2019-01-21,10.5,37341.76969528197
2019-01-22,10.5,36394.94562149051
2019-01-23,10.5,35522.56765365598
2019-01-24,10.5,34404.04529571534
2019-01-25,10.5,33189.349651336655
2019-01-26,10.5,32750.17118453981
2019-01-27,10.5,34316.08343124391
2019-01-28,10.5,37240.90232849122
2019-01-29,10.5,39338.88330459591
2019-01-30,10.5,40165.595054626465
2019-01-31,10.5,40169.21539306639
2019-02-01,10.5,39665.2879714966
2019-02-02,10.5,38868.94998550411
2019-02-03,10.5,37954.78105545046
2019-02-04,10.5,37355.16958236697
2019-02-05,10.5,38628.019809722944
2019-02-06,10.5,40827.50158309941
2019-02-07,10.5,43906.486129760764
2019-02-08,10.5,48633.10317993162
2019-02-09,10.5,60350.902748107954
2019-02-10,10.5,70959.47284698489
2019-02-11,10.5,78658.55770111088
2019-02-12,10.5,81695.97530364989
2019-02-13,10.5,81298.65989685059
2019-02-14,10.5,78862.92915344238
2019-02-15,10.5,75398.69785308841
2019-02-16,10.5,71639.08195495608
2019-02-17,10.5,68064.80369567868
2019-02-18,10.5,64707.41100311277
2019-02-19,10.5,61573.62442016604
2019-02-20,10.5,58913.13915252683
2019-02-21,10.5,56764.73865509029
2019-02-22,10.5,54127.252578735366
2019-02-23,10.5,51367.22602844238
2019-02-24,10.5,48938.2467269897
2019-02-25,10.5,46766.49684906007
2019-02-26,10.5,44864.39781188969
2019-02-27,10.5,42962.54339218138
2019-02-28,10.5,41274.00312423702
2019-03-01,10.5,39707.38277435304
2019-03-02,10.5,38148.30951690678
2019-03-03,10.5,37250.37031173702
2019-03-04,10.5,38356.60514831545
2019-03-05,10.5,41241.597747802705
2019-03-06,10.5,44060.008049011245
2019-03-07,10.5,50211.77158355714
2019-03-08,10.5,56128.419113159136
2019-03-09,10.5,61694.70233917236
2019-03-10,10.5,67404.0327072144
2019-03-11,10.5,70051.77726745608
2019-03-12,10.5,71096.00543975832
2019-03-13,10.5,76923.04573059086
2019-03-14,10.5,83099.54395294192
2019-03-15,10.5,90449.50561523424
2019-03-16,10.5,101100.03662109369
2019-03-17,10.5,114559.83695983852
2019-03-18,10.5,124554.13398742636
2019-03-19,10.5,127616.23992919909
2019-03-20,10.5,125603.77464294393
2019-03-21,10.5,120937.51373290994
2019-03-22,10.5,115073.88381957976
2019-03-23,10.5,108581.82907104462
2019-03-24,10.5,101930.28373718266
2019-03-25,10.5,96977.43415832543
2019-03-26,10.5,90826.61819457976
2019-03-27,10.5,85053.06415557858
2019-03-28,10.5,79627.2994995117
2019-03-29,10.5,74396.39968872073
2019-03-30,10.5,69799.66163635257
2019-03-31,10.5,65668.36109161381
2019-04-01,10.5,61988.53168487552
2019-04-02,10.5,58614.31446075444
2019-04-03,10.5,55918.290138244614
2019-04-04,10.5,53564.374923706084
2019-04-05,10.5,50988.57879638676
2019-04-06,10.5,48567.83924102786
2019-04-07,10.5,46387.612724304214
2019-04-08,10.5,44264.09626007083
2019-04-09,10.5,42179.36325073244
2019-04-10,10.5,40161.43398284908
2019-04-11,10.5,38478.133678436294
2019-04-12,10.5,36983.4308624268
2019-04-13,10.5,35595.57180404661
2019-04-14,10.5,34283.981895446734
2019-04-15,10.5,33273.20451736452
2019-04-16,10.5,32422.641277313232
2019-04-17,10.5,31616.08600616452
2019-04-18,10.5,30845.559024810776
2019-04-19,10.5,30009.088325500474
2019-04-20,10.5,29140.70920944215
2019-04-21,10.5,28414.895725250233
2019-04-22,10.5,27495.58210372927
2019-04-23,10.5,26319.793510437004
2019-04-24,10.5,25311.03229522705
2019-04-25,10.5,24489.81285095212
2019-04-26,10.5,24253.749275207498
2019-04-27,10.5,24805.48524856569
2019-04-28,10.5,24571.584606170618
2019-04-29,10.5,24066.168880462646
2019-04-30,10.5,23248.32773208618
2019-05-01,10.5,22234.18493270877
2019-05-02,10.5,21302.93269157412
2019-05-03,10.5,20919.19226646427
2019-05-04,10.5,20973.95954132083
2019-05-05,10.5,20376.42860412599
2019-05-06,10.5,20098.064231872588
2019-05-07,10.5,19753.187084198005
2019-05-08,10.5,19545.684528350823
2019-05-09,10.5,20938.475847244263
2019-05-10,10.5,22062.154483795188
2019-05-11,10.5,21898.99206161499
2019-05-12,10.5,21276.871919631965
2019-05-13,10.5,20511.859130859368
2019-05-14,10.5,20164.020824432333
2019-05-15,10.5,19680.67216873172
2019-05-16,10.5,19196.639871597305
2019-05-17,10.5,20122.280073165915
2019-05-18,10.5,21098.335933685263
2019-05-19,10.5,21126.808118820154
2019-05-20,10.5,20927.979183197058
2019-05-21,10.5,20980.09557724003
2019-05-22,10.5,21173.63820075985
2019-05-23,10.5,20820.81098556521
2019-05-24,10.5,20610.261011123654
2019-05-25,10.5,19993.514728546135
2019-05-26,10.5,19648.162508010886
2019-05-27,10.5,19799.25498962401
2019-05-28,10.5,19149.462175369306
2019-05-29,10.5,18444.72312927248
2019-05-30,10.5,18427.153158187833
2019-05-31,10.5,18710.351943969687
2019-06-01,10.5,18303.840208053618
2019-06-02,10.5,18062.12468147282
2019-06-03,10.5,17602.636528015115
2019-06-04,10.5,17340.653800964392
2019-06-05,10.5,17087.463140487693
2019-06-06,10.5,16907.832813262983
2019-06-07,10.5,16580.364704132084
2019-06-08,10.5,15980.663108825656
2019-06-09,10.5,15437.654829025287
2019-06-10,10.5,15138.73744010925
2019-06-11,10.5,14918.925476074235
2019-06-12,10.5,15829.700660705606
2019-06-13,10.5,17857.213783264167
2019-06-14,10.5,18544.36869621276
2019-06-15,10.5,19972.468614578225
2019-06-16,10.5,20110.60795783994
2019-06-17,10.5,19647.357845306426
2019-06-18,10.5,19267.013740539573
2019-06-19,10.5,19012.51244544987
2019-06-20,10.5,18398.423480987578
2019-06-21,10.5,17908.06589126591
2019-06-22,10.5,17327.86159515385
2019-06-23,10.5,16696.457576751745
2019-06-24,10.5,16050.96101760866
2019-06-25,10.5,15559.207820892374
2019-06-26,10.5,14912.72377967834
2019-06-27,10.5,13791.885280609134
2019-06-28,10.5,13182.240629196145
2019-06-29,10.5,12578.457784652695
2019-06-30,10.5,12109.03043746945
2019-07-01,10.5,11460.26115417482
2019-07-02,10.5,10618.531179428104
2019-07-03,10.5,9936.726951599077
2019-07-04,10.5,9606.671047210664
2019-07-05,10.5,9546.490001678456
2019-07-06,10.5,9736.93048954006
2019-07-07,10.5,9481.091523170486
2019-07-08,10.5,9226.027607917797
2019-07-09,10.5,8993.600463867206
2019-07-10,10.5,8795.901274681133
2019-07-11,10.5,8829.762125015232
2019-07-12,10.5,9140.63744544987
2019-07-13,10.5,9075.736570358305
2019-07-14,10.5,8942.20182895657
2019-07-15,10.5,8676.75197124484
2019-07-16,10.5,8578.986096382143
2019-07-17,10.5,8445.921921730045
2019-07-18,10.5,8410.877251625057
2019-07-19,10.5,8580.189871788021
2019-07-20,10.5,8796.993041038522
2019-07-21,10.5,8745.77465057376
2019-07-22,10.5,8952.085018157963
2019-07-23,10.5,9263.422536849994
2019-07-24,10.5,9570.660781860317
2019-07-25,10.5,9639.548277854918
2019-07-26,10.5,9615.658807754553
2019-07-27,10.5,9643.878006935127
2019-07-28,10.5,9269.28498744965
2019-07-29,10.5,9176.108264923076
2019-07-30,10.5,11142.087221145659
2019-07-31,10.5,16176.6519069672
2019-08-01,10.5,17405.44910430912
2019-08-02,10.5,17057.36746788022
2019-08-03,10.5,16687.70799636839
2019-08-04,10.5,16202.516984939579
2019-08-05,10.5,16569.2230224609
2019-08-06,10.5,17920.093345642053
2019-08-07,10.5,17662.01548576357
2019-08-08,10.5,17967.254304885842
2019-08-09,10.5,18319.870376586892
2019-08-10,10.5,21427.87685394286
2019-08-11,10.5,24142.252635955847
2019-08-12,10.5,25153.027439117443
2019-08-13,10.5,24921.554946899414
2019-08-14,10.5,24394.811153411836
2019-08-15,10.5,24117.11626052857
2019-08-16,10.5,23835.865402221665
2019-08-17,10.5,23920.734786987345
2019-08-18,10.5,24104.63047027588
2019-08-19,10.5,24172.20153808595
2019-08-20,10.5,23535.51120758056
2019-08-21,10.5,22783.515930175767
2019-08-22,10.5,21851.976585388173
2019-08-23,10.5,21059.322023391695
2019-08-24,10.5,20529.033851623535
2019-08-25,10.5,19844.17963027952
2019-08-26,10.5,19138.621759414647
2019-08-27,10.5,18921.042251586892
2019-08-28,10.5,19969.233226776116
2019-08-29,10.5,19316.177988052346
2019-08-30,10.5,18528.86767387389
2019-08-31,10.5,17776.909732818618
2019-09-01,10.5,17720.153331756566
2019-09-02,10.5,16817.474985122706
2019-09-03,10.5,16352.471351623535
2019-09-04,10.5,16244.74439620972
2019-09-05,10.5,16648.60396385189
2019-09-06,10.5,17080.89194297788
2019-09-07,10.5,18128.901386261
2019-09-08,10.5,18465.247821807847
2019-09-09,10.5,19136.328792572014
2019-09-10,10.5,24001.927185058557
2019-09-11,10.5,28820.91951370235
2019-09-12,10.5,33163.798713684075
2019-09-13,10.5,36293.48344802857
2019-09-14,10.5,37077.219772338874
2019-09-15,10.5,36759.69343185422
2019-09-16,10.5,35347.59922027588
2019-09-17,10.5,33900.61483383174
2019-09-18,10.5,31992.753124237017
2019-09-19,10.5,29961.51409149169
2019-09-20,10.5,28102.725219726577
2019-09-21,10.5,26559.80701446534
2019-09-22,10.5,25372.397804260298
2019-09-23,10.5,24529.536151885957
2019-09-24,10.5,23260.728549957264
2019-09-25,10.5,22376.096534729033
2019-09-26,10.5,21614.360332489
2019-09-27,10.5,24215.830993652344
2019-09-28,10.5,27154.943275451646
2019-09-29,10.5,32098.904228210427
2019-09-30,10.5,36604.58021163945
2019-10-01,10.5,38759.66777801511
2019-10-02,10.5,39407.5693130493
2019-10-03,10.5,38995.75967788699
2019-10-04,10.5,38581.41889572143
2019-10-05,10.5,38085.203361511245
2019-10-06,10.5,36432.97719955445
2019-10-07,10.5,34541.3967132568
2019-10-08,10.5,33677.564907074004
2019-10-09,10.5,33189.205455779986
2019-10-10,10.5,32993.00422668455
2019-10-11,10.5,35923.081111907966
2019-10-12,10.5,40433.06493759157
2019-10-13,10.5,44911.312866210894
2019-10-14,10.5,52930.13076782225
2019-10-15,10.5,58007.209968566865
2019-10-16,10.5,63098.56452941897
2019-10-17,10.5,68420.16334533688
2019-10-18,10.5,72952.70347595212
2019-10-19,10.5,78401.00383758548
2019-10-20,10.5,85905.10540008548
2019-10-21,10.5,90998.3448028561
2019-10-22,10.5,94128.6449432376
2019-10-23,10.5,93885.31494140631
2019-10-24,10.5,92295.16754150362
2019-10-25,10.5,89453.46450805632
2019-10-26,10.5,92453.14407348604
2019-10-27,10.5,105033.94889831511
2019-10-28,10.5,113787.57705688511
2019-10-29,10.5,116853.48358154323
2019-10-30,10.5,115100.91018676801
2019-10-31,10.5,110620.53794860878
2019-11-01,10.5,104867.19703674346
2019-11-02,10.5,100241.02249145538
2019-11-03,10.5,99399.97100830091
2019-11-04,10.5,101521.1597442624
2019-11-05,10.5,103638.990783691
2019-11-06,10.5,103093.85948181148
2019-11-07,10.5,100476.73072814976
2019-11-08,10.5,98765.86074829142
2019-11-09,10.5,96836.79199218738
2019-11-10,10.5,94825.70686340293
2019-11-11,10.5,91862.66326904323
2019-11-12,10.5,88317.64640808085
2019-11-13,10.5,84326.69963836674
2019-11-14,10.5,80077.56557464603
2019-11-15,10.5,76023.46115112308
2019-11-16,10.5,74823.89316558841
2019-11-17,10.5,79865.18611907962
2019-11-18,10.5,84226.9626617432
2019-11-19,10.5,86818.97048950224
2019-11-20,10.5,86974.5883941651
2019-11-21,10.5,86618.29147338873
2019-11-22,10.5,86655.00984191915
2019-11-23,10.5,86721.41189575181
2019-11-24,10.5,85489.89944458009
2019-11-25,10.5,82851.66664123537
2019-11-26,10.5,80299.77092742917
2019-11-27,10.5,78339.751625061
2019-11-28,10.5,81992.75035858151
2019-11-29,10.5,86394.76776123044
2019-11-30,10.5,88097.27439880339
2019-12-01,10.5,86956.68754577634
2019-12-02,10.5,83894.99359130855
2019-12-03,10.5,80029.00257110597
2019-12-04,10.5,76606.54163360597
2019-12-05,10.5,73265.17524719238
2019-12-06,10.5,72461.87210083009
2019-12-07,10.5,72390.71674346921
2019-12-08,10.5,73576.56040191652
2019-12-09,10.5,78255.57746887203
2019-12-10,10.5,81642.54055023196
2019-12-11,10.5,83479.59709167483
2019-12-12,10.5,83429.48398590092
2019-12-13,10.5,81818.69602203372
2019-12-14,10.5,79917.3540115356
2019-12-15,10.5,81792.16918945315
2019-12-16,10.5,84432.8584671021
2019-12-17,10.5,87503.7963867189
2019-12-18,10.5,92952.69927978556
2019-12-19,10.5,95592.04444885248
2019-12-20,10.5,95919.35806274372
2019-12-21,10.5,97105.30471801755
2019-12-22,10.5,96638.35830688511
2019-12-23,10.5,94717.02461242636
2019-12-24,10.5,91919.3218231205
2019-12-25,10.5,88451.82037353513
2019-12-26,10.5,84588.28067779544
2019-12-27,10.5,80540.69080352786
2019-12-28,10.5,76321.97170257565
2019-12-29,10.5,72308.45317840573
2019-12-30,10.5,68973.95668029788
2019-12-31,10.5,66029.3083190918
2020-01-01,10.5,62882.03945159908
2020-01-02,10.5,59918.53237152097
2020-01-03,10.5,57917.49458312986
2020-01-04,10.5,56707.04498291018
2020-01-05,10.5,55408.342552185015
2020-01-06,10.5,54018.374633789106
2020-01-07,10.5,52719.60525512693
2020-01-08,10.5,51892.83943176265
2020-01-09,10.5,53087.81890869145
2020-01-10,10.5,58027.79388427739
2020-01-11,10.5,61071.72603607178
2020-01-12,10.5,65940.21091461183
2020-01-13,10.5,70792.59223937985
2020-01-14,10.5,76228.73382568361
2020-01-15,10.5,85190.63701629637
2020-01-16,10.5,92823.00567626937
2020-01-17,10.5,96003.59916687003
2020-01-18,10.5,96118.52302551284
2020-01-19,10.5,93839.71824646012
2020-01-20,10.5,89767.34733581511
2020-01-21,10.5,85591.35131835936
2020-01-22,10.5,81285.3475570679
2020-01-23,10.5,76749.77931976323
2020-01-24,10.5,72754.29039001463
2020-01-25,10.5,68962.15839385983
2020-01-26,10.5,65273.66180419919
2020-01-27,10.5,61864.92004394531
2020-01-28,10.5,59507.36904144286
2020-01-29,10.5,56985.82649230959
2020-01-30,10.5,56156.732940673784
2020-01-31,10.5,58456.91471099849
2020-02-01,10.5,60673.2364654541
2020-02-02,10.5,61550.218391418486
2020-02-03,10.5,60721.31538391112
2020-02-04,10.5,59393.19190979005
2020-02-05,10.5,56958.25424194333
2020-02-06,10.5,54336.38763427739
2020-02-07,10.5,51626.803779602094
2020-02-08,10.5,48900.29754638676
2020-02-09,10.5,50630.2734375
2020-02-10,10.5,64177.26058959964
2020-02-11,10.5,82015.2191162109
2020-02-12,10.5,102287.95051574707
2020-02-13,10.5,116614.30435180677
2020-02-14,10.5,121905.08651733381
2020-02-15,10.5,122842.91381835946
2020-02-16,10.5,133349.57885742164
2020-02-17,10.5,155086.25564575178
2020-02-18,10.5,167044.8772430421
2020-02-19,10.5,173459.50927734416
2020-02-20,10.5,174648.56643676801
2020-02-21,10.5,180568.86520385725
2020-02-22,10.5,188563.04626464864
2020-02-23,10.5,199032.69424438511
2020-02-24,10.5,199899.80392456084
2020-02-25,10.5,201960.68801879865
2020-02-26,10.5,205970.58105468738
2020-02-27,10.5,201824.58801269555
2020-02-28,10.5,193805.00793457025
2020-02-29,10.5,185762.19177246126
2020-03-01,10.5,183756.7199707027
2020-03-02,10.5,180669.5960998536
2020-03-03,10.5,175547.09014892613
2020-03-04,10.5,169394.44084167457
2020-03-05,10.5,161316.62635803266
2020-03-06,10.5,153644.57817077634
2020-03-07,10.5,144596.25549316395
2020-03-08,10.5,136127.7122497563
2020-03-09,10.5,129442.0131683349
2020-03-10,10.5,123418.85147094731
2020-03-11,10.5,119415.35453796374
2020-03-12,10.5,115580.11322021444
2020-03-13,10.5,113712.47177124009
2020-03-14,10.5,110092.61741638175
2020-03-15,10.5,105793.62258911127
2020-03-16,10.5,102120.60127258312
2020-03-17,10.5,97358.81080627411
2020-03-18,10.5,93773.6766815187
2020-03-19,10.5,89636.50016784662
2020-03-20,10.5,85169.46086883548
2020-03-21,10.5,80617.81482696535
2020-03-22,10.5,75990.65151214603
2020-03-23,10.5,71612.63236999509
2020-03-24,10.5,67642.96989440914
2020-03-25,10.5,64125.587081909136
2020-03-26,10.5,60970.18146514895
2020-03-27,10.5,58131.851577758775
2020-03-28,10.5,55412.88471221921
2020-03-29,10.5,52638.047218322725
2020-03-30,10.5,50174.37343597412
2020-03-31,10.5,47866.19396209719
2020-04-01,10.5,46209.00592803957
2020-04-02,10.5,45229.38766479495
2020-04-03,10.5,44584.83867645268
2020-04-04,10.5,43775.834655761704
2020-04-05,10.5,43063.79184722903
2020-04-06,10.5,42197.09157943724
2020-04-07,10.5,41407.80115127564
2020-04-08,10.5,40728.19461822507
2020-04-09,10.5,40057.94019699098
2020-04-10,10.5,39378.58600616452
2020-04-11,10.5,38903.85303497317
2020-04-12,10.5,38608.23411941533
2020-04-13,10.5,37943.26086044309
2020-04-14,10.5,37313.741683959954
2020-04-15,10.5,36689.78176116944
2020-04-16,10.5,36318.30310821534
2020-04-17,10.5,35617.54875183103
2020-04-18,10.5,34687.150096893325
2020-04-19,10.5,33661.83214187623
2020-04-20,10.5,32441.608142852805
2020-04-21,10.5,31046.516132354693
2020-04-22,10.5,29711.213779449427
2020-04-23,10.5,28330.417728424116
2020-04-24,10.5,27056.434535980214
2020-04-25,10.5,26010.164451599077
2020-04-26,10.5,25073.24609756474
2020-04-27,10.5,24875.263023376465
2020-04-28,10.5,25232.56416320797
2020-04-29,10.5,24831.19325637821
2020-04-30,10.5,25919.47832107541
2020-05-01,10.5,27333.720016479503
2020-05-02,10.5,27884.678363800005
2020-05-03,10.5,28213.032245635954
2020-05-04,10.5,27490.2468681335
2020-05-05,10.5,26528.078842163108
2020-05-06,10.5,25374.135875701875
2020-05-07,10.5,24542.16613769532
2020-05-08,10.5,23878.722381591804
2020-05-09,10.5,23417.330074310303
2020-05-10,10.5,22946.220016479503
2020-05-11,10.5,22211.268138885483
2020-05-12,10.5,21394.186592102094
2020-05-13,10.5,20971.052455902107
2020-05-14,10.5,20228.374528884895
2020-05-15,10.5,19646.784925460786
2020-05-16,10.5,19610.721874237017
2020-05-17,10.5,19848.11539649965
2020-05-18,10.5,20058.69498252869
2020-05-19,10.5,20173.871183395422
2020-05-20,10.5,19772.441053390514
2020-05-21,10.5,19409.063100814856
2020-05-22,10.5,19889.30382728573
2020-05-23,10.5,21368.22624206545
2020-05-24,10.5,21407.930231094375
2020-05-25,10.5,21295.43066024778
2020-05-26,10.5,21264.382266998255
2020-05-27,10.5,20895.47724723817
2020-05-28,10.5,20370.973634719892
2020-05-29,10.5,20024.604320526116
2020-05-30,10.5,19484.261083602923
2020-05-31,10.5,18854.535913467436
2020-06-01,10.5,18271.996164321896
2020-06-02,10.5,17655.852413177512
2020-06-03,10.5,17256.03418350222
2020-06-04,10.5,17053.338720364045
2020-06-05,10.5,19186.32633993801
2020-06-06,10.5,19808.40339744768
2020-06-07,10.5,19696.93525673732
2020-06-08,10.5,19591.380696911183
2020-06-09,10.5,19005.759281687067
2020-06-10,10.5,18349.74135360478
2020-06-11,10.5,17645.88344625527
2020-06-12,10.5,16949.525030675337
2020-06-13,10.5,16473.225247598042
2020-06-14,10.5,16024.227733186792
2020-06-15,10.5,15470.167809857847
2020-06-16,10.5,14812.297145880768
2020-06-17,10.5,14302.113533020023
2020-06-18,10.5,13826.740694046017
2020-06-19,10.5,13754.37898635866
2020-06-20,10.5,13825.831747055037
2020-06-21,10.5,13409.92155075071
2020-06-22,10.5,13239.680671691916
2020-06-23,10.5,12691.682195663463
2020-06-24,10.5,12311.871099472024
2020-06-25,10.5,11866.856575012187
2020-06-26,10.5,11358.03680419919
2020-06-27,10.5,10948.068237304684
2020-06-28,10.5,10481.049728393558
2020-06-29,10.5,9908.041691780094
2020-06-30,10.5,10579.479932785018
2020-07-01,10.5,10763.838458061235
2020-07-02,10.5,10505.090475082427
2020-07-03,10.5,10098.54204654695
2020-07-04,10.5,10938.503694534307
2020-07-05,10.5,11798.313474655151
2020-07-06,10.5,11951.657724380457
2020-07-07,10.5,12312.692499160772
2020-07-08,10.5,12560.795116424582
2020-07-09,10.5,12308.459329605139
2020-07-10,10.5,11948.86908531193
2020-07-11,10.5,11309.0038776398
2020-07-12,10.5,10990.191364288301
2020-07-13,10.5,10681.670165061945
2020-07-14,10.5,11257.810592651396
2020-07-15,10.5,11760.319232940645
2020-07-16,10.5,11746.019411087012
2020-07-17,10.5,11596.08306884766
2020-07-18,10.5,11539.689731597895
2020-07-19,10.5,11427.783679962173
2020-07-20,10.5,11025.035190582304
2020-07-21,10.5,10506.730055809017
2020-07-22,10.5,9965.981268882779
2020-07-23,10.5,9700.782465934772
2020-07-24,10.5,10128.0190944672
2020-07-25,10.5,10040.567064285253
2020-07-26,10.5,10699.302577972378
2020-07-27,10.5,10946.173095703152
2020-07-28,10.5,11810.043525695788
2020-07-29,10.5,11654.489994049065
2020-07-30,10.5,11283.571386337251
2020-07-31,10.5,10937.38102912904
2020-08-01,10.5,10958.434867858898
2020-08-02,10.5,10617.997527122487
2020-08-03,10.5,10387.992095947295
2020-08-04,10.5,10058.916592597998
2020-08-05,10.5,9911.689710617089
2020-08-06,10.5,9798.501992225643
2020-08-07,10.5,9708.085584640514
2020-08-08,10.5,9545.810222625754
2020-08-09,10.5,9360.517001152002
2020-08-10,10.5,9283.047294616732
2020-08-11,10.5,9191.568732261696
2020-08-12,10.5,8968.843245506316
2020-08-13,10.5,8719.603157043446
2020-08-14,10.5,8447.528028488161
2020-08-15,10.5,8215.195512771605
2020-08-16,10.5,8030.86981773377
2020-08-17,10.5,7796.708464622495
2020-08-18,10.5,7757.2342872619665
2020-08-19,10.5,7893.583416938782
2020-08-20,10.5,8095.309138298033
2020-08-21,10.5,8924.147129058798
2020-08-22,10.5,8896.948242187478
2020-08-23,10.5,9173.065352439917
2020-08-24,10.5,9444.819259643558
2020-08-25,10.5,9272.468876838655
2020-08-26,10.5,10404.476737976103
2020-08-27,10.5,12523.148488998375
2020-08-28,10.5,13334.861326217673
2020-08-29,10.5,17160.442829132084
2020-08-30,10.5,17122.518110275287
2020-08-31,10.5,16526.865577697772
2020-09-01,10.5,15888.547897338874
2020-09-02,10.5,15261.476182937597
2020-09-03,10.5,14717.370986938513
2020-09-04,10.5,14392.015600204451
2020-09-05,10.5,13694.98972892763
2020-09-06,10.5,13055.645942687952
2020-09-07,10.5,12345.480251312283
2020-09-08,10.5,11861.610174179052
2020-09-09,10.5,11539.679431915323
2020-09-10,10.5,10952.630996704098
2020-09-11,10.5,10442.57462024685
2020-09-12,10.5,10194.212579727167
2020-09-13,10.5,9982.133102416981
2020-09-14,10.5,9744.283819198597
2020-09-15,10.5,9616.57547950748
2020-09-16,10.5,9336.05010509495
2020-09-17,10.5,8965.753984451288
2020-09-18,10.5,8596.800684928898
2020-09-19,10.5,8381.324243545529
2020-09-20,10.5,8314.212155342106
2020-09-21,10.5,8191.685843467716
2020-09-22,10.5,8110.712313652037
2020-09-23,10.5,8103.959584236148
2020-09-24,10.5,8246.6295003891
2020-09-25,10.5,8470.702958106991
2020-09-26,10.5,8823.91963005069
2020-09-27,10.5,8861.971163749662
2020-09-28,10.5,8866.124510765098
2020-09-29,10.5,8691.046643257143
2020-09-30,10.5,8518.722009658817
2020-10-01,10.5,8482.610678672787
2020-10-02,10.5,9151.821613311724
2020-10-03,10.5,9636.908984184296
2020-10-04,10.5,11274.753570556666
2020-10-05,10.5,11946.670103073082
2020-10-06,10.5,12487.436914444013
2020-10-07,10.5,12506.737232208212
2020-10-08,10.5,12532.96537399296
2020-10-09,10.5,12511.57422065737
2020-10-10,10.5,12485.81342697143
2020-10-11,10.5,12244.665670394861
2020-10-12,10.5,12076.179599761948
2020-10-13,10.5,11951.965427398702
2020-10-14,10.5,11684.433746337927
2020-10-15,10.5,11265.04998207095
2020-10-16,10.5,11051.86843872072
2020-10-17,10.5,10926.334619522122
2020-10-18,10.5,10703.275036811827
2020-10-19,10.5,10540.50657749179
2020-10-20,10.5,10492.153429985021
2020-10-21,10.5,11103.808450698836
2020-10-22,10.5,13279.893207550012
2020-10-23,10.5,14225.210952758784
2020-10-24,10.5,14952.273273468032
2020-10-25,10.5,15308.51483345034
2020-10-26,10.5,15434.393692016623
2020-10-27,10.5,15586.612701416037
2020-10-28,10.5,16652.502393722498
2020-10-29,10.5,17601.298856735244
2020-10-30,10.5,18881.080770492517
2020-10-31,10.5,20279.847192764286
2020-11-01,10.5,21183.70356559754
2020-11-02,10.5,22498.358917236306
2020-11-03,10.5,23606.311225891102
2020-11-04,10.5,23653.04861068724
2020-11-05,10.5,23176.956081390395
2020-11-06,10.5,22761.49005889894
2020-11-07,10.5,22286.373424529993
2020-11-08,10.5,21706.975078582785
2020-11-09,10.5,21210.54067611697
2020-11-10,10.5,20611.92955970762
2020-11-11,10.5,20061.314964294394
2020-11-12,10.5,19672.886896133386
2020-11-13,10.5,19511.32736206054
2020-11-14,10.5,19353.07402610783
2020-11-15,10.5,19268.092632293683
2020-11-16,10.5,19333.63595008852
2020-11-17,10.5,19138.178873062167
2020-11-18,10.5,19241.04566574098
2020-11-19,10.5,19381.74448013303
2020-11-20,10.5,19073.444080352805
2020-11-21,10.5,19183.578586578347
2020-11-22,10.5,19728.4446716309
2020-11-23,10.5,19852.01640129087
2020-11-24,10.5,19943.97068023678
2020-11-25,10.5,20171.578216552705
2020-11-26,10.5,20021.310997009256
2020-11-27,10.5,19621.303510665915
2020-11-28,10.5,19340.100288391102
2020-11-29,10.5,18880.498838424704
2020-11-30,10.5,18562.729167938276
2020-12-01,10.5,19062.66932487484
2020-12-02,10.5,19040.213441848726
2020-12-03,10.5,18882.934713363684
2020-12-04,10.5,18897.821617126465
2020-12-05,10.5,18591.88885688782
2020-12-06,10.5,18212.570858001745
2020-12-07,10.5,18085.394239425645
2020-12-08,10.5,17937.529420852683
2020-12-09,10.5,17670.914411544836
2020-12-10,10.5,17804.599142074592
2020-12-11,10.5,17879.97608184813
2020-12-12,10.5,17642.465400695786
2020-12-13,10.5,17409.43250656125
2020-12-14,10.5,17241.51291847226
2020-12-15,10.5,17536.65547370913
2020-12-16,10.5,17801.070213317904
2020-12-17,10.5,18184.670305252097
2020-12-18,10.5,18961.76977157589
2020-12-19,10.5,19316.752195358305
2020-12-20,10.5,19522.480630874605
2020-12-21,10.5,19609.74726676943
2020-12-22,10.5,20053.93137931826
2020-12-23,10.5,20108.285379409823
2020-12-24,10.5,19974.496364593546
2020-12-25,10.5,19672.76844978336
2020-12-26,10.5,19500.544881820715
2020-12-27,10.5,21373.894929885842
2020-12-28,10.5,25454.112911224358
2020-12-29,10.5,29166.90387725831
2020-12-30,10.5,32069.413661956794
2020-12-31,10.5,34583.36534500118
2021-01-01,10.5,38357.01713562014
2021-01-02,10.5,41059.13629531862
2021-01-03,10.5,42380.49287796019
2021-01-04,10.5,42640.17362594602
2021-01-05,10.5,41896.209526062055
2021-01-06,10.5,40927.738094329856
2021-01-07,10.5,40451.985454559355
2021-01-08,10.5,39430.87491989134
2021-01-09,10.5,38280.688762664766
2021-01-10,10.5,37129.549884796135
2021-01-11,10.5,36989.31970596312
2021-01-12,10.5,40279.45289611815
2021-01-13,10.5,42845.19138336183
2021-01-14,10.5,43851.53217315678
2021-01-15,10.5,43269.399261474595
2021-01-16,10.5,41877.17571258548
2021-01-17,10.5,40209.98926162717
2021-01-18,10.5,38856.00070953372
2021-01-19,10.5,38204.522609710664
2021-01-20,10.5,41859.6508026123
2021-01-21,10.5,49866.79916381838
2021-01-22,10.5,56945.48778533934
2021-01-23,10.5,62112.900352478
2021-01-24,10.5,64381.65779113771
2021-01-25,10.5,64454.0748596191
2021-01-26,10.5,62882.04975128174
2021-01-27,10.5,61117.70381927493
2021-01-28,10.5,60258.205604553266
2021-01-29,10.5,58027.10895538326
2021-01-30,10.5,55284.44766998291
2021-01-31,10.5,52482.04307556148
2021-02-01,10.5,49765.39878845212
2021-02-02,10.5,46906.737327575654
2021-02-03,10.5,48082.08045959473
2021-02-04,10.5,46078.61194610597
2021-02-05,10.5,41248.18439483642
2021-02-06,10.5,37864.05887603758
2021-02-07,10.5,35249.062156677275
2021-02-08,10.5,33530.87940216066
2021-02-09,10.5,32058.86936187741
2021-02-10,10.5,31240.662574768037
2021-02-11,10.5,30331.303596496597
2021-02-12,10.5,28924.526596069325
2021-02-13,10.5,27748.797225952116
2021-02-14,10.5,26745.064830779986
2021-02-15,10.5,25986.333560943567
2021-02-16,10.5,25916.277694702116
2021-02-17,10.5,29632.54995346066
2021-02-18,10.5,36496.5159416199
2021-02-19,10.5,46047.38330841066
2021-02-20,10.5,53247.42794036862
2021-02-21,10.5,56853.00693511966
2021-02-22,10.5,57991.35875701907
2021-02-23,10.5,57744.44446563723
2021-02-24,10.5,57038.46302032471
2021-02-25,10.5,55982.03487396242
2021-02-26,10.5,54506.47659301756
2021-02-27,10.5,52573.89564514158
2021-02-28,10.5,50466.328239440874
2021-03-01,10.5,48362.42752075198
2021-03-02,10.5,46437.88547515867
2021-03-03,10.5,44738.53054046629
2021-03-04,10.5,43084.95254516604
2021-03-05,10.5,41227.193641662634
2021-03-06,10.5,39396.83446884157
2021-03-07,10.5,37850.01268386839
2021-03-08,10.5,36520.64037322997
2021-03-09,10.5,35170.650672912634
2021-03-10,10.5,34179.58431243899
2021-03-11,10.5,38411.144542694135
2021-03-12,10.5,44385.807609558084
2021-03-13,10.5,49368.60866546629
2021-03-14,10.5,53780.67855834964
2021-03-15,10.5,57291.02153778079
2021-03-16,10.5,58625.937652587934
2021-03-17,10.5,58355.648231506326
2021-03-18,10.5,56970.58811187741
2021-03-19,10.5,54994.758796691916
2021-03-20,10.5,52603.50723266604
2021-03-21,10.5,50486.57741546629
2021-03-22,10.5,48263.69476318361
2021-03-23,10.5,46090.847969055154
2021-03-24,10.5,44066.14151000972
2021-03-25,10.5,42248.96078109743
2021-03-26,10.5,40597.762012481726
2021-03-27,10.5,40114.83821868899
2021-03-28,10.5,39535.09483337401
2021-03-29,10.5,39817.300987243674
2021-03-30,10.5,39345.93343734743
2021-03-31,10.5,38762.26072311404
2021-04-01,10.5,37872.32952117916
2021-04-02,10.5,37154.47769165036
2021-04-03,10.5,36749.63836669919
2021-04-04,10.5,36220.3402519226
2021-04-05,10.5,36248.618030548125
2021-04-06,10.5,35666.32289886475
2021-04-07,10.5,35149.87106323244
2021-04-08,10.5,34646.373653411836
2021-04-09,10.5,34886.083316802935
2021-04-10,10.5,34499.368858337366
2021-04-11,10.5,35388.82369995117
2021-04-12,10.5,36314.015865325884
2021-04-13,10.5,37023.63567352295
2021-04-14,10.5,37216.91694259648
2021-04-15,10.5,36763.553237914995
2021-04-16,10.5,35728.88059616089
2021-04-17,10.5,34483.03356170656
2021-04-18,10.5,33293.29147338864
2021-04-19,10.5,32064.516162872358
2021-04-20,10.5,31030.46665191651
2021-04-21,10.5,29743.505859375044
2021-04-22,10.5,28560.535812377973
2021-04-23,10.5,27542.036247253403
2021-04-24,10.5,26660.5430603027
2021-04-25,10.5,25819.767093658433
2021-04-26,10.5,25130.635929107622
2021-04-27,10.5,24501.101303100586
2021-04-28,10.5,23908.377742767327
2021-04-29,10.5,23373.81649017331
2021-04-30,10.5,23180.396175384536
2021-05-01,10.5,22992.406368255623
2021-05-02,10.5,22500.403404235833
2021-05-03,10.5,22151.705074310303
2021-05-04,10.5,23367.283916473414
2021-05-05,10.5,25156.256389617913
2021-05-06,10.5,25875.246334075884
2021-05-07,10.5,26671.558570861827
2021-05-08,10.5,27107.031726837125
2021-05-09,10.5,28049.643230438276
2021-05-10,10.5,30415.727519989
2021-05-11,10.5,31811.676979064978
2021-05-12,10.5,32279.336643218972
2021-05-13,10.5,32353.47375869754
2021-05-14,10.5,33044.234848022475
2021-05-15,10.5,33339.269256591804
2021-05-16,10.5,33146.48237228395
2021-05-17,10.5,32620.863819122358
2021-05-18,10.5,32053.235435485833
2021-05-19,10.5,31572.415351867683
2021-05-20,10.5,30721.754264831507
2021-05-21,10.5,30305.16557693478
2021-05-22,10.5,30057.973194122358
2021-05-23,10.5,29722.224140167215
2021-05-24,10.5,29197.506809234652
2021-05-25,10.5,31612.313747405977
2021-05-26,10.5,40965.06156921382
2021-05-27,10.5,50409.09805297856
2021-05-28,10.5,56574.52926635739
2021-05-29,10.5,59681.5984725952
2021-05-30,10.5,60247.69992828371
2021-05-31,10.5,58470.91712951662
2021-06-01,10.5,56113.15498352049
2021-06-02,10.5,53448.94638061522
2021-06-03,10.5,52848.01654815678
2021-06-04,10.5,50775.40111541745
2021-06-05,10.5,47821.88987731932
2021-06-06,10.5,44806.66809082027
2021-06-07,10.5,43105.12447357178
2021-06-08,10.5,40117.45176315305
2021-06-09,10.5,37423.08311462401
2021-06-10,10.5,35088.43088150023
2021-06-11,10.5,32927.06565856932
2021-06-12,10.5,30574.126338958773
2021-06-13,10.5,28077.707290649414
2021-06-14,10.5,26559.593296051047
2021-06-15,10.5,25250.763702392615
2021-06-16,10.5,24362.287330627412
2021-06-17,10.5,23690.25363922119
2021-06-18,10.5,22657.33709335328
2021-06-19,10.5,21964.42337036135
2021-06-20,10.5,22105.15823364261
2021-06-21,10.5,22084.60006713865
2021-06-22,10.5,21191.841602325418
2021-06-23,10.5,20252.359914779634
2021-06-24,10.5,19300.39629936218
2021-06-25,10.5,18341.28856658935
2021-06-26,10.5,17578.53012084964
2021-06-27,10.5,16778.7018299103
2021-06-28,10.5,16012.1801376343
2021-06-29,10.5,15486.552572250352
2021-06-30,10.5,15277.363443374605
2021-07-01,10.5,15124.565076827988
2021-07-02,10.5,15499.729728698714
2021-07-03,10.5,17010.178184509256
2021-07-04,10.5,17004.15802001955
2021-07-05,10.5,16806.129884719892
2021-07-06,10.5,16812.77446746827
2021-07-07,10.5,16800.788211822488
2021-07-08,10.5,16356.618261337251
2021-07-09,10.5,15997.88546562191
2021-07-10,10.5,16002.781677246123
2021-07-11,10.5,15501.004314422602
2021-07-12,10.5,14958.19816589356
2021-07-13,10.5,14297.832727432215
2021-07-14,10.5,13753.126287460309
2021-07-15,10.5,13029.543972015352
2021-07-16,10.5,12323.836755752574
2021-07-17,10.5,11260.415124893203
2021-07-18,10.5,10004.339861869796
2021-07-19,10.5,9102.493214607253
2021-07-20,10.5,8328.26542854309
2021-07-21,10.5,7748.025727272036
2021-07-22,10.5,7424.997425079344
2021-07-23,10.5,7156.634688377378
2021-07-24,10.5,6961.49625778198
2021-07-25,10.5,6733.5346698761
2021-07-26,10.5,6713.051819801334
2021-07-27,10.5,7881.134963035585
2021-07-28,10.5,8699.016022682199
2021-07-29,10.5,8840.504050254807
2021-07-30,10.5,9195.219969749423
2021-07-31,10.5,9360.136556625397
2021-08-01,10.5,9313.58585357669
2021-08-02,10.5,8998.097562789928
2021-08-03,10.5,8658.549213409382
2021-08-04,10.5,8411.811947822574
2021-08-05,10.5,8271.912646293642
2021-08-06,10.5,8162.477874755856
2021-08-07,10.5,10280.771112442031
2021-08-08,10.5,11566.954278945905
2021-08-09,10.5,12808.19606781007
2021-08-10,10.5,14086.96088790891
2021-08-11,10.5,14482.49959945679
2021-08-12,10.5,14538.798952102683
2021-08-13,10.5,14332.287740707381
2021-08-14,10.5,13794.090700149532
2021-08-15,10.5,13370.247173309355
2021-08-16,10.5,14733.038091659586
2021-08-17,10.5,15569.015693664529
2021-08-18,10.5,15296.515703201288
2021-08-19,10.5,15138.93313407894
2021-08-20,10.5,14684.578084945671
2021-08-21,10.5,14255.101919174227
2021-08-22,10.5,13925.62537193301
2021-08-23,10.5,13481.48760795596
2021-08-24,10.5,12922.537994384777
2021-08-25,10.5,12214.509487152105
2021-08-26,10.5,11756.110525131255
2021-08-27,10.5,11497.495794296254
2021-08-28,10.5,11310.123968124364
2021-08-29,10.5,11081.689882278453
2021-08-30,10.5,10916.041374206554
2021-08-31,10.5,10662.794709205622
2021-09-01,10.5,10359.626126289351
2021-09-02,10.5,10133.139324188276
2021-09-03,10.5,9772.535848617563
2021-09-04,10.5,9569.236207008325
2021-09-05,10.5,9197.071337699885
2021-09-06,10.5,8888.07249069215
2021-09-07,10.5,8753.31144332882
2021-09-08,10.5,8717.894053459142
2021-09-09,10.5,8718.357539176934
2021-09-10,10.5,8638.609671592716
2021-09-11,10.5,9910.5973005295
2021-09-12,10.5,10186.874699592616
2021-09-13,10.5,10035.78479290011
2021-09-14,10.5,9996.089816093443
2021-09-15,10.5,10908.638477325418
2021-09-16,10.5,13983.243083953863
2021-09-17,10.5,14853.0345439911
2021-09-18,10.5,15600.442600250237
2021-09-19,10.5,15653.661060333256
2021-09-20,10.5,15425.037717819207
2021-09-21,10.5,15196.684741973884
2021-09-22,10.5,14904.99129295351
2021-09-23,10.5,14778.462266922012
2021-09-24,10.5,14569.29373741148
2021-09-25,10.5,14238.659763336182
2021-09-26,10.5,14015.822267532327
2021-09-27,10.5,14118.954277038538
2021-09-28,10.5,14348.601150512659
2021-09-29,10.5,14159.389543533362
2021-09-30,10.5,14686.833715438865
2021-10-01,10.5,16895.26848793032
2021-10-02,10.5,19070.150756835945
2021-10-03,10.5,21746.561908721902
2021-10-04,10.5,25059.944057464632
2021-10-05,10.5,27191.440200805628
2021-10-06,10.5,28318.310451507605
2021-10-07,10.5,28643.672275543206
2021-10-08,10.5,28140.367984771772
2021-10-09,10.5,27327.653503417925
2021-10-10,10.5,26328.656387329145
2021-10-11,10.5,25470.81127166745
2021-10-12,10.5,25495.566558837927
2021-10-13,10.5,24607.303905487017
2021-10-14,10.5,23636.571693420385
2021-10-15,10.5,23004.99515533444
2021-10-16,10.5,21956.111526489236
2021-10-17,10.5,21304.799509048476
2021-10-18,10.5,20926.65953636171
2021-10-19,10.5,20945.87616920469
2021-10-20,10.5,23209.559726715102
2021-10-21,10.5,25485.877132415804
2021-10-22,10.5,27538.701725006093
2021-10-23,10.5,28645.348548889117
2021-10-24,10.5,29083.61291885375
2021-10-25,10.5,28704.139137268037
2021-10-26,10.5,28302.420616149888
2021-10-27,10.5,28010.35251617435
2021-10-28,10.5,27902.342319488525
2021-10-29,10.5,27342.49277114871
2021-10-30,10.5,26821.073913574233
2021-10-31,10.5,26607.93743133548
2021-11-01,10.5,26811.322689056433
2021-11-02,10.5,26501.85070037845
2021-11-03,10.5,26035.056209564176
2021-11-04,10.5,25412.370872497544
2021-11-05,10.5,24689.56489562986
2021-11-06,10.5,24037.430191040046
2021-11-07,10.5,25119.90623474122
2021-11-08,10.5,26648.12936782834
2021-11-09,10.5,27377.800083160415
2021-11-10,10.5,27624.89461898805
2021-11-11,10.5,27688.27114105223
2021-11-12,10.5,27601.290321350112
2021-11-13,10.5,27451.0617256165
2021-11-14,10.5,27114.527320861827
2021-11-15,10.5,26658.14065933231
2021-11-16,10.5,26293.261528015108
2021-11-17,10.5,26104.870033264167
2021-11-18,10.5,26018.764686584436
2021-11-19,10.5,26120.831966400117
2021-11-20,10.5,26071.202945709243
2021-11-21,10.5,26105.073451995893
2021-11-22,10.5,25793.45397949216
2021-11-23,10.5,25364.441299438513
2021-11-24,10.5,24937.23363876346
2021-11-25,10.5,24777.413463592507
2021-11-26,10.5,24529.971313476577
2021-11-27,10.5,26416.342735290516
2021-11-28,10.5,30497.056388855024
2021-11-29,10.5,34617.655563354456
2021-11-30,10.5,37668.18981170656
2021-12-01,10.5,43053.91702651979
2021-12-02,10.5,52254.07505035398
2021-12-03,10.5,58983.635330200224
2021-12-04,10.5,64840.54985046382
2021-12-05,10.5,69606.34174346921
2021-12-06,10.5,71885.34736633302
2021-12-07,10.5,71767.33875274661
2021-12-08,10.5,71120.16334533688
2021-12-09,10.5,69375.60825347903
2021-12-10,10.5,67109.47723388676
2021-12-11,10.5,65767.37194061276
2021-12-12,10.5,64913.32740783689
2021-12-13,10.5,65788.70773315433
2021-12-14,10.5,67774.7491836548
2021-12-15,10.5,68703.44581604005
2021-12-16,10.5,68078.89881134029
2021-12-17,10.5,66139.9166107178
2021-12-18,10.5,63713.357734680205
2021-12-19,10.5,61133.6013793945
2021-12-20,10.5,58183.97312164309
2021-12-21,10.5,55153.265762329145
2021-12-22,10.5,52430.585861206084
2021-12-23,10.5,50290.703201293916
2021-12-24,10.5,48389.742279052705
2021-12-25,10.5,45677.48050689696
2021-12-26,10.5,43066.60881042482
2021-12-27,10.5,40711.426734924346
2021-12-28,10.5,39184.97257232669
2021-12-29,10.5,37874.291610717795
2021-12-30,10.5,37352.61011123654
2021-12-31,10.5,40376.689624786406
2022-01-01,10.5,46404.3600082397
2022-01-02,10.5,51465.28930664064
2022-01-03,10.5,55294.690704345674
2022-01-04,10.5,59166.52679443361
2022-01-05,10.5,62225.72307586674
2022-01-06,10.5,63484.52968597412
2022-01-07,10.5,63417.648696899414
2022-01-08,10.5,64151.042747497544
2022-01-09,10.5,67433.43830108641
2022-01-10,10.5,73152.07443237308
2022-01-11,10.5,76916.91741943361
2022-01-12,10.5,78196.56028747563
2022-01-13,10.5,77366.01448059086
2022-01-14,10.5,75448.62556457517
2022-01-15,10.5,72479.44335937506
2022-01-16,10.5,69377.23045349123
2022-01-17,10.5,66729.5476913452
2022-01-18,10.5,63521.294403076216
2022-01-19,10.5,60865.53153991698
2022-01-20,10.5,58754.36954498291
2022-01-21,10.5,55772.95646667483
2022-01-22,10.5,53402.85530090329
2022-01-23,10.5,51262.95204162599
2022-01-24,10.5,49362.161064147906
2022-01-25,10.5,47705.86395263676
2022-01-26,10.5,46362.61539459227
2022-01-27,10.5,45972.53036499028
2022-01-28,10.5,45130.92784881593
2022-01-29,10.5,44841.77455902097
2022-01-30,10.5,44374.045372009256
2022-01-31,10.5,43644.64759826662
2022-02-01,10.5,43348.58837127683
2022-02-02,10.5,43117.65403747563
2022-02-03,10.5,43264.10522460936
2022-02-04,10.5,45191.0213470459
2022-02-05,10.5,48057.09342956545
2022-02-06,10.5,53901.5298843384
2022-02-07,10.5,59472.180175781265
2022-02-08,10.5,63411.58733367917
2022-02-09,10.5,65454.68387603758
2022-02-10,10.5,65939.30969238278
2022-02-11,10.5,64926.00116729732
2022-02-12,10.5,63106.56223297119
2022-02-13,10.5,61246.42410278325
2022-02-14,10.5,60177.34794616698
2022-02-15,10.5,59010.5792999268
2022-02-16,10.5,61061.30790710446
2022-02-17,10.5,70482.70053863524
2022-02-18,10.5,81228.38001251218
2022-02-19,10.5,94166.35208129867
2022-02-20,10.5,105198.99101257364
2022-02-21,10.5,122664.18342590293
2022-02-22,10.5,135316.3135528561
2022-02-23,10.5,140774.7848510739
2022-02-24,10.5,142361.9350433349
2022-02-25,10.5,146387.69989013692
2022-02-26,10.5,146163.54789733852
2022-02-27,10.5,142730.9520721439
2022-02-28,10.5,137454.8881530761
2022-03-01,10.5,131256.15806579616
2022-03-02,10.5,124769.98443603513
2022-03-03,10.5,118427.15148925764
2022-03-04,10.5,112108.76998901396
2022-03-05,10.5,105924.75814819323
2022-03-06,10.5,100054.10385131848
2022-03-07,10.5,94474.37438964864
2022-03-08,10.5,89273.34365844731
2022-03-09,10.5,84461.9962692261
2022-03-10,10.5,79889.16378021242
2022-03-11,10.5,75694.81372833255
2022-03-12,10.5,71222.37224578853
2022-03-13,10.5,67263.11244964603
2022-03-14,10.5,63448.6404418945
2022-03-15,10.5,60197.60227203371
2022-03-16,10.5,57311.76509857178
2022-03-17,10.5,54905.661392211936
2022-03-18,10.5,52321.6203689575
2022-03-19,10.5,49507.62348175047
2022-03-20,10.5,46942.96131134029
2022-03-21,10.5,44480.52349090574
2022-03-22,10.5,42521.4672088623
2022-03-23,10.5,40784.21716690059
2022-03-24,10.5,39129.18691635129
2022-03-25,10.5,37572.678279876694
2022-03-26,10.5,36309.96294021605
2022-03-27,10.5,35147.4944114685
2022-03-28,10.5,34033.264446258545
2022-03-29,10.5,33116.64934158326
2022-03-30,10.5,32275.00305175784
2022-03-31,10.5,31305.09996414181
2022-04-01,10.5,30314.015579223647
2022-04-02,10.5,29362.5823974609
2022-04-03,10.5,28618.669795990034
2022-04-04,10.5,29588.964271545432
2022-04-05,10.5,30440.598678588874
2022-04-06,10.5,31781.635379791227
2022-04-07,10.5,34448.24895858769
2022-04-08,10.5,36545.97244262694
2022-04-09,10.5,37042.46091842647
2022-04-10,10.5,36477.07014083864
2022-04-11,10.5,35639.23730850222
2022-04-12,10.5,34810.584068298354
2022-04-13,10.5,34124.4295120239
2022-04-14,10.5,33526.064300537124
2022-04-15,10.5,33019.13452148442
2022-04-16,10.5,32284.76457595821
2022-04-17,10.5,31636.129188537587
2022-04-18,10.5,31025.108242034898
2022-04-19,10.5,30267.27304458618
2022-04-20,10.5,29570.20082473758
2022-04-21,10.5,28480.466079711943
2022-04-22,10.5,27400.564956664995
2022-04-23,10.5,26265.478134155266
2022-04-24,10.5,25189.962100982673
2022-04-25,10.5,24163.14554214474
2022-04-26,10.5,23247.364711761475
2022-04-27,10.5,22522.249031066873
2022-04-28,10.5,21645.390701293923
2022-04-29,10.5,20859.514617919907
2022-04-30,10.5,20288.14487457273
2022-05-01,10.5,19738.96322250364
2022-05-02,10.5,19109.707975387584
2022-05-03,10.5,18717.364740371675
2022-05-04,10.5,18233.597660064737
2022-05-05,10.5,17709.481573104815
2022-05-06,10.5,17302.116250991807
2022-05-07,10.5,16892.73605346676
2022-05-08,10.5,16460.003900527976
2022-05-09,10.5,16076.151466369658
2022-05-10,10.5,15941.986513137821
2022-05-11,10.5,16033.382034301758
2022-05-12,10.5,15698.200750350938
2022-05-13,10.5,15303.066301345796
2022-05-14,10.5,14888.234996795665
2022-05-15,10.5,14527.02383995058
2022-05-16,10.5,14267.775678634658
2022-05-17,10.5,13910.370254516623
2022-05-18,10.5,13555.190849304214
2022-05-19,10.5,13271.627712249763
2022-05-20,10.5,13331.611776351889
2022-05-21,10.5,14932.54551887516
2022-05-22,10.5,14816.043233871438
2022-05-23,10.5,14615.63715934754
2022-05-24,10.5,14716.364192962646
2022-05-25,10.5,14577.124071121198
2022-05-26,10.5,14365.944528579734
2022-05-27,10.5,14589.36653137203
2022-05-28,10.5,14447.067403793328
2022-05-29,10.5,14309.275674819919
2022-05-30,10.5,14272.780036926242
2022-05-31,10.5,14286.324119567904
2022-06-01,10.5,15232.93447494508
2022-06-02,10.5,14794.927597045902
2022-06-03,10.5,14321.379089355494
2022-06-04,10.5,13986.738538742044
2022-06-05,10.5,13720.62048912049
2022-06-06,10.5,14332.317352294951
2022-06-07,10.5,16184.325170516975
2022-06-08,10.5,16481.104087829615
2022-06-09,10.5,16840.36087989811
2022-06-10,10.5,16920.685529708888
2022-06-11,10.5,16484.985780715928
2022-06-12,10.5,15982.907152175881
2022-06-13,10.5,15506.007385253877
2022-06-14,10.5,14862.57333755492
2022-06-15,10.5,14373.996305465693
2022-06-16,10.5,13751.65214538572
2022-06-17,10.5,13362.966585159264
2022-06-18,10.5,12969.74787712096
2022-06-19,10.5,13020.755767822251
2022-06-20,10.5,12917.081737518281
2022-06-21,10.5,12598.181676864635
2022-06-22,10.5,12212.770128250117
2022-06-23,10.5,11935.375213623061
2022-06-24,10.5,11816.34821891781
2022-06-25,10.5,11290.728378295902
2022-06-26,10.5,11143.144226074233
2022-06-27,10.5,12808.247566223172
2022-06-28,10.5,15107.78431892399
2022-06-29,10.5,15098.693561553977
2022-06-30,10.5,14763.163375854463
2022-07-01,10.5,14196.96021080013
2022-07-02,10.5,13535.957479476932
2022-07-03,10.5,12941.072273254435
2022-07-04,10.5,12402.208328247074
2022-07-05,10.5,11983.884143829378
2022-07-06,10.5,11384.82627868653
2022-07-07,10.5,11512.044095993078
2022-07-08,10.5,10893.141317367561
2022-07-09,10.5,10139.960289001507
2022-07-10,10.5,9482.849550247189
2022-07-11,10.5,9204.69439029695
2022-07-12,10.5,8819.549345970143
2022-07-13,10.5,8490.274930000305
2022-07-14,10.5,7991.264963150023
2022-07-15,10.5,7434.801435470585
2022-07-16,10.5,6938.02778720856
2022-07-17,10.5,6578.089928627014
2022-07-18,10.5,6490.503358840939
2022-07-19,10.5,6562.151813507084
2022-07-20,10.5,6619.217848777775
2022-07-21,10.5,6517.807173728946
2022-07-22,10.5,6182.203602790831
2022-07-23,10.5,6138.536167144777
2022-07-24,10.5,6120.6893920898465
2022-07-25,10.5,7982.833385467529
2022-07-26,10.5,8543.615055084227
2022-07-27,10.5,8121.599721908571
2022-07-28,10.5,7850.770854949953
2022-07-29,10.5,7818.803215026852
2022-07-30,10.5,7783.732795715328
2022-07-31,10.5,7929.469442367552
2022-08-01,10.5,8366.727018356323
2022-08-02,10.5,8346.648430824274
2022-08-03,10.5,8608.856463432308
2022-08-04,10.5,8713.18194866182
2022-08-05,10.5,8743.00982952119
2022-08-06,10.5,8193.474769592283
2022-08-07,10.5,7987.340140342716
2022-08-08,10.5,7874.992489814755
2022-08-09,10.5,7778.235340118408
2022-08-10,10.5,7722.886776924133
2022-08-11,10.5,7640.127539634707
2022-08-12,10.5,7627.558708190914
2022-08-13,10.5,7596.436929702762
2022-08-14,10.5,7510.708808898923
2022-08-15,10.5,7552.459216117857
2022-08-16,10.5,8831.460285186768
2022-08-17,10.5,9371.900081634536
2022-08-18,10.5,9594.818043708787
2022-08-19,10.5,9573.348355293312
2022-08-20,10.5,9233.235454559355
2022-08-21,10.5,8943.376636505145
2022-08-22,10.5,8810.843539237947
2022-08-23,10.5,8614.31272029877
2022-08-24,10.5,8442.194080352787
2022-08-25,10.5,8342.027091979977
2022-08-26,10.5,8759.1796875
2022-08-27,10.5,10126.003575325047
2022-08-28,10.5,9869.975352287252
2022-08-29,10.5,9445.035552978556
2022-08-30,10.5,9128.004884719892
2022-08-31,10.5,8770.489382743806
2022-09-01,10.5,8521.371603012085
2022-09-02,10.5,8300.642967224121
2022-09-03,10.5,7929.537034034731
2022-09-04,10.5,7597.855067253115
2022-09-05,10.5,7249.288058280948
2022-09-06,10.5,6897.198557853701
2022-09-07,10.5,6536.285448074344
2022-09-08,10.5,7133.972811698911
2022-09-09,10.5,9480.411100387584
2022-09-10,10.5,9816.42987728116
2022-09-11,10.5,9769.106054305987
2022-09-12,10.5,9703.86013984683
2022-09-13,10.5,11117.796707153291
2022-09-14,10.5,10847.289705276471
2022-09-15,10.5,10352.373862266519
2022-09-16,10.5,10117.160010337822
2022-09-17,10.5,9943.667006492622
2022-09-18,10.5,9663.218235969553
2022-09-19,10.5,9304.193186759952
2022-09-20,10.5,8965.200376510647
2022-09-21,10.5,8689.375519752472
2022-09-22,10.5,8441.490483283993
2022-09-23,10.5,8274.546790122986
2022-09-24,10.5,8117.1406030654925
2022-09-25,10.5,7935.6498956680325
2022-09-26,10.5,8229.093647003174
2022-09-27,10.5,9727.84616947177
2022-09-28,10.5,10473.96612167355
2022-09-29,10.5,10757.285284996022
2022-09-30,10.5,10701.693391799896
2022-10-01,10.5,10791.556191444384
2022-10-02,10.5,10747.967934608438
2022-10-03,10.5,10419.266438484192
2022-10-04,10.5,10146.156191825876
2022-10-05,10.5,9944.597840309136
2022-10-06,10.5,9957.419657707247
2022-10-07,10.5,9703.68762016299
2022-10-08,10.5,10081.140089035018
2022-10-09,10.5,9948.155093193083
2022-10-10,10.5,9882.472085952797
2022-10-11,10.5,9796.323609352108
2022-10-12,10.5,9595.992851257364
2022-10-13,10.5,9400.625896453863
2022-10-14,10.5,9251.049399375886
2022-10-15,10.5,9210.13584136966
2022-10-16,10.5,9044.348931312536
2022-10-17,10.5,8980.505704879748
2022-10-18,10.5,8860.79506874086
2022-10-19,10.5,8673.014473915104
2022-10-20,10.5,8511.682176589964
2022-10-21,10.5,10192.196416854817
2022-10-22,10.5,11677.137708663935
2022-10-23,10.5,12135.56113243103
2022-10-24,10.5,13440.053272247309
2022-10-25,10.5,14393.124103546137
2022-10-26,10.5,14961.732244491572
2022-10-27,10.5,15102.091169357273
2022-10-28,10.5,15207.549619674704
2022-10-29,10.5,15005.462121963476
2022-10-30,10.5,14823.536252975424
2022-10-31,10.5,14730.8326721191
2022-11-01,10.5,14634.641361236545
2022-11-02,10.5,14589.406442642168
2022-11-03,10.5,14373.263740539573
2022-11-04,10.5,14134.35745239261
2022-11-05,10.5,13911.974430084203
2022-11-06,10.5,13933.114528655984
2022-11-07,10.5,14292.31467247013
2022-11-08,10.5,14657.64055252073
2022-11-09,10.5,14903.302145004229
2022-11-10,10.5,15758.905792236306
2022-11-11,10.5,15882.492971420266
2022-11-12,10.5,16100.135564804095
2022-11-13,10.5,16083.49642753605
2022-11-14,10.5,15825.122451782205
2022-11-15,10.5,15453.988838195786
2022-11-16,10.5,15131.10795021055
2022-11-17,10.5,14692.121315002456
2022-11-18,10.5,13549.44105148314
2022-11-19,10.5,12699.57561492917
2022-11-20,10.5,12387.818384170505
2022-11-21,10.5,12247.700214385957
2022-11-22,10.5,12209.319734573404
2022-11-23,10.5,12527.999639511123
2022-11-24,10.5,13018.61858367917
2022-11-25,10.5,13210.730838775642
2022-11-26,10.5,13483.251428604104
2022-11-27,10.5,13645.275735855139
2022-11-28,10.5,13931.724071502691
2022-11-29,10.5,14715.528631210309
2022-11-30,10.5,15339.149951934789
2022-12-01,10.5,15769.115352630577
2022-12-02,10.5,15840.730333328225
2022-12-03,10.5,15871.92420959473
2022-12-04,10.5,15864.419603347775
2022-12-05,10.5,15622.310113906897
2022-12-06,10.5,15437.8556728363
2022-12-07,10.5,15223.5849380493
2022-12-08,10.5,15038.845968246482
2022-12-09,10.5,14866.735696792619
2022-12-10,10.5,14946.554374694842
2022-12-11,10.5,14694.442605972261
2022-12-12,10.5,14439.070987701409
2022-12-13,10.5,14084.530162811252
2022-12-14,10.5,14481.407833099402
2022-12-15,10.5,14320.118665695198
2022-12-16,10.5,13903.133440017684
2022-12-17,10.5,13459.011125564535
2022-12-18,10.5,14181.975460052468
2022-12-19,10.5,14347.665166854815
2022-12-20,10.5,15972.989845275879
2022-12-21,10.5,19396.013402938865
2022-12-22,10.5,22339.32924270632
2022-12-23,10.5,24385.734558105494
2022-12-24,10.5,25196.453475952116
2022-12-25,10.5,25676.341438293446
2022-12-26,10.5,26290.797328948953
2022-12-27,10.5,26901.10502243044
2022-12-28,10.5,29091.469001770027
2022-12-29,10.5,33957.53602981569
2022-12-30,10.5,39947.1181869507
2022-12-31,10.5,44478.99207670003
2023-01-01,10.5,55804.76272766804
2023-01-02,10.5,62841.68846434799
2023-01-03,10.5,68475.69308012584
2023-01-04,10.5,75504.87389467265
2023-01-05,10.5,83945.29307923478
2023-01-06,10.5,92134.8619456317
2023-01-07,10.5,100778.64089679965
2023-01-08,10.5,105295.82293860824
2023-01-09,10.5,106575.54095395756
2023-01-10,10.5,106042.4395299213
2023-01-11,10.5,107266.87727573674
2023-01-12,10.5,108850.62174273387
2023-01-13,10.5,110552.06479749035
2023-01-14,10.5,113178.9851800318
2023-01-15,10.5,117805.68684915984
2023-01-16,10.5,122016.72957390576
2023-01-17,10.5,126948.05682365606
2023-01-18,10.5,130473.35218869928
2023-01-19,10.5,130844.43083084488
2023-01-20,10.5,129602.05584864394
2023-01-21,10.5,126375.51405948595
2023-01-22,10.5,121883.0413817353
2023-01-23,10.5,116753.06526658416
2023-01-24,10.5,111491.17884364782
2023-01-25,10.5,106180.97627756331
2023-01-26,10.5,102099.35091186433
2023-01-27,10.5,97330.3896031753
2023-01-28,10.5,92525.68397793513
2023-01-29,10.5,88166.98744753594
2023-01-30,10.5,85930.04439155717
2023-01-31,10.5,83527.14783532047
2023-02-01,10.5,82924.8145347799
2023-02-02,10.5,82687.49858546731
2023-02-03,10.5,86098.99902981089
2023-02-04,10.5,88598.87270513827
2023-02-05,10.5,89099.57799330566
2023-02-06,10.5,88029.57515534296
2023-02-07,10.5,85974.41105865058
2023-02-08,10.5,83433.75890119863
2023-02-09,10.5,80652.91973716166
2023-02-10,10.5,77842.67784486385
2023-02-11,10.5,75084.38303270013
2023-02-12,10.5,72183.26599296655
2023-02-13,10.5,69173.87510870073
2023-02-14,10.5,66227.70390005197
2023-02-15,10.5,63477.44849133182
2023-02-16,10.5,60967.07426149768
2023-02-17,10.5,60153.0029127023
2023-02-18,10.5,59819.87905922027
2023-02-19,10.5,58284.67941332356
2023-02-20,10.5,57437.34143281761
2023-02-21,10.5,56404.07299162667
2023-02-22,10.5,54998.53024511764
2023-02-23,10.5,53525.72070923961
2023-02-24,10.5,52980.94622462259
2023-02-25,10.5,52225.65740301096
2023-02-26,10.5,50738.812612277965
2023-02-27,10.5,49161.626563687176
2023-02-28,10.5,47640.91224976508
2023-03-01,10.5,46181.5707103725
2023-03-02,10.5,44796.82510092545
2023-03-03,10.5,43452.74862411324
2023-03-04,10.5,42208.80182576732
2023-03-05,10.5,40991.506150830224
2023-03-06,10.5,39766.458241390836
2023-03-07,10.5,39601.34717248221
2023-03-08,10.5,38989.82407381592
2023-03-09,10.5,38032.473666102596
2023-03-10,10.5,37112.58435241339
2023-03-11,10.5,36225.4473227342
2023-03-12,10.5,35497.93845351775
2023-03-13,10.5,36653.200021870354
2023-03-14,10.5,41350.536639258855
2023-03-15,10.5,44588.18471137971
2023-03-16,10.5,46630.33866352365
2023-03-17,10.5,47552.004054863086
2023-03-18,10.5,48690.232454385216
2023-03-19,10.5,49364.8859521985
2023-03-20,10.5,49610.02517520835
2023-03-21,10.5,49430.360246777396
2023-03-22,10.5,49780.56867956369
2023-03-23,10.5,51057.875336548925
2023-03-24,10.5,53470.84308421898
2023-03-25,10.5,55944.100546474685
2023-03-26,10.5,57279.45205160531
2023-03-27,10.5,56886.12713781558
2023-03-28,10.5,55607.82467212253
2023-03-29,10.5,54121.28104263504
2023-03-30,10.5,55624.88019429818
2023-03-31,10.5,58861.94239506168
2023-04-01,10.5,61189.047040151025
2023-04-02,10.5,60805.40461336371
2023-04-03,10.5,59472.948913335815
2023-04-04,10.5,57839.334352600636
2023-04-05,10.5,56214.41031158973
2023-04-06,10.5,54556.64963641124
2023-04-07,10.5,52328.07760803
2023-04-08,10.5,50376.588001914526
2023-04-09,10.5,48495.60230588056
2023-04-10,10.5,46706.85453741025
2023-04-11,10.5,46851.3123554194
2023-04-12,10.5,46139.90673291013
2023-04-13,10.5,47836.80443129533
2023-04-14,10.5,48244.34649548782
2023-04-15,10.5,50054.77096485388
2023-04-16,10.5,50718.14525669349
2023-04-17,10.5,50629.13667647214
2023-04-18,10.5,49614.2699380041
2023-04-19,10.5,48012.988338732706
2023-04-20,10.5,46267.3233043846
2023-04-21,10.5,44600.269977928365
2023-04-22,10.5,42964.38485988771
2023-04-23,10.5,41764.805247056975
2023-04-24,10.5,42016.11403646169
2023-04-25,10.5,44470.18799751953
2023-04-26,10.5,44030.98184574349
2023-04-27,10.5,43039.03723718132
2023-04-28,10.5,41868.33991947196
2023-04-29,10.5,40307.342800506194
2023-04-30,10.5,38627.83360470315
2023-05-01,10.5,37149.7965998779
2023-05-02,10.5,35993.33737076839
2023-05-03,10.5,34430.5963191187
2023-05-04,10.5,32998.82768230982
2023-05-05,10.5,31469.629309674478
2023-05-06,10.5,29944.162123586553
2023-05-07,10.5,28530.376359984453
2023-05-08,10.5,27509.13937140059
2023-05-09,10.5,26494.18444391809
2023-05-10,10.5,25423.876384909403
2023-05-11,10.5,24777.27088188201
2023-05-12,10.5,24152.73740990634
2023-05-13,10.5,23397.047436064466
2023-05-14,10.5,22644.875466173435
2023-05-15,10.5,21963.10349855543
2023-05-16,10.5,21248.527944805
2023-05-17,10.5,20169.13845316539
2023-05-18,10.5,19425.224116317513
2023-05-19,10.5,18957.57379511495
2023-05-20,10.5,18470.56971374666
2023-05-21,10.5,18026.38498551808
2023-05-22,10.5,17620.296304587726
2023-05-23,10.5,17953.165998842833
2023-05-24,10.5,17846.74594550301
2023-05-25,10.5,17171.814080288823
2023-05-26,10.5,16380.736589860244
2023-05-27,10.5,15816.333105860198
2023-05-28,10.5,15268.28070820709
2023-05-29,10.5,14669.293559655973
2023-05-30,10.5,14242.940468796845
2023-05-31,10.5,13687.091771748856
2023-06-01,10.5,13214.82035130866
2023-06-02,10.5,12865.150887660635
2023-06-03,10.5,12375.922901194685
2023-06-04,10.5,11972.720491782133
2023-06-05,10.5,11689.39048225467
2023-06-06,10.5,11291.599348347976
2023-06-07,10.5,11052.985683029616
2023-06-08,10.5,10641.625153406438
2023-06-09,10.5,10422.858616610487
2023-06-10,10.5,10100.252886425915
2023-06-11,10.5,9602.00340971662
2023-06-12,10.5,9175.505787696442
2023-06-13,10.5,8839.016180939405
2023-06-14,10.5,8536.4137157216
2023-06-15,10.5,8280.942759078447
2023-06-16,10.5,8181.0737814745735
2023-06-17,10.5,8031.748847379415
2023-06-18,10.5,7816.814373054478
2023-06-19,10.5,7703.896169992513
2023-06-20,10.5,7695.356611252666
2023-06-21,10.5,7971.411863090909
2023-06-22,10.5,7993.980578147099
2023-06-23,10.5,7706.090046669118
2023-06-24,10.5,7303.519331244656
2023-06-25,10.5,7195.590105147412
2023-06-26,10.5,7392.889206379143
2023-06-27,10.5,7139.376808639143
2023-06-28,10.5,6694.8264748342735
2023-06-29,10.5,6590.63119330152
2023-06-30,10.5,6404.450160129406
2023-07-01,10.5,6507.50940299818
2023-07-02,10.5,6818.00406112245
2023-07-03,10.5,6703.674248878548
2023-07-04,10.5,7224.875217282762
2023-07-05,10.5,7943.17842088225
2023-07-06,10.5,8612.987005207946
2023-07-07,10.5,8501.243931614368
2023-07-08,10.5,8411.80661744378
2023-07-09,10.5,8276.447699566972
2023-07-10,10.5,8497.869233512141
2023-07-11,10.5,8814.437591693011
2023-07-12,10.5,8878.098895467581
2023-07-13,10.5,8928.20997555408
2023-07-14,10.5,9163.398599753269
2023-07-15,10.5,9415.825493772154
2023-07-16,10.5,10560.73161613202
2023-07-17,10.5,10623.171294634838
2023-07-18,10.5,10551.156990730648
2023-07-19,10.5,10242.79653226032
2023-07-20,10.5,9873.776989575763
2023-07-21,10.5,9539.59743136463
2023-07-22,10.5,9211.510859013331
2023-07-23,10.5,10126.526363978572
2023-07-24,10.5,12134.563585053582
2023-07-25,10.5,12193.53837957671
2023-07-26,10.5,12124.065369594586
2023-07-27,10.5,12061.353769152967
2023-07-28,10.5,11863.953473092935
2023-07-29,10.5,11758.867605681005
2023-07-30,10.5,12151.09992621073
2023-07-31,10.5,12700.117708035177
2023-08-01,10.5,13682.139189998026
2023-08-02,10.5,15143.518723086
2023-08-03,10.5,15796.550246639097
2023-08-04,10.5,15540.618183223045
2023-08-05,10.5,14964.347001023913
2023-08-06,10.5,14517.939680385065
2023-08-07,10.5,13929.445854305857
2023-08-08,10.5,13126.685273515874
2023-08-09,10.5,13298.747983076968
2023-08-10,10.5,13022.823108362743
2023-08-11,10.5,12718.746831132721
2023-08-12,10.5,12728.45415225361
2023-08-13,10.5,12893.89117297997
2023-08-14,10.5,12812.882393460473
2023-08-15,10.5,12585.331089171561
2023-08-16,10.5,12278.180620941002
2023-08-17,10.5,12069.926542077694
2023-08-18,10.5,11898.71404514234
2023-08-19,10.5,12058.18307754411
2023-08-20,10.5,13123.250467185051
2023-08-21,10.5,12926.179807364648
2023-08-22,10.5,12725.892148025257
2023-08-23,10.5,12529.320647300005
2023-08-24,10.5,12277.63316622597
2023-08-25,10.5,14620.400104884884
2023-08-26,10.5,15376.54245907343
2023-08-27,10.5,15769.062461117694
2023-08-28,10.5,16282.57227522958
2023-08-29,10.5,16074.618495550789
2023-08-30,10.5,15938.515000370939
2023-08-31,10.5,18221.105280809374
2023-09-01,10.5,18984.230957647123
2023-09-02,10.5,18824.260293025978
2023-09-03,10.5,18430.73221759465
2023-09-04,10.5,18128.28031586107
2023-09-05,10.5,17796.27378671257
2023-09-06,10.5,17442.454648361614
2023-09-07,10.5,17071.152754671362
2023-09-08,10.5,16711.457948684467
2023-09-09,10.5,16209.682345549612
2023-09-10,10.5,15764.722903072136
2023-09-11,10.5,15490.524182094632
2023-09-12,10.5,15254.382190016564
2023-09-13,10.5,14887.437053148431
2023-09-14,10.5,14368.820876360467
2023-09-15,10.5,13935.98789660215
2023-09-16,10.5,13654.358994702903
2023-09-17,10.5,13476.35114311225
2023-09-18,10.5,13468.1626080809
2023-09-19,10.5,13843.250186542096
2023-09-20,10.5,15172.651990798044
2023-09-21,10.5,15243.548032474155
2023-09-22,10.5,15958.40954672543
2023-09-23,10.5,16840.51237677992
2023-09-24,10.5,17490.953879741806
2023-09-25,10.5,17909.94925445138
2023-09-26,10.5,18432.658478059573
2023-09-27,10.5,18970.662387085802
2023-09-28,10.5,19564.889016268084
2023-09-29,10.5,20128.39701505327
2023-09-30,10.5,20534.385125068875
2023-10-01,10.5,20959.71811066218
2023-10-02,10.5,21828.9857748029
2023-10-03,10.5,32817.46269075572
2023-10-04,10.5,47757.08130218239
2023-10-05,10.5,59623.668753165046
2023-10-06,10.5,67320.87544346118
2023-10-07,10.5,70111.82025890381
2023-10-08,10.5,69923.93394973657
2023-10-09,10.5,67616.01794468914
2023-10-10,10.5,64408.04791744519
2023-10-11,10.5,61460.735522692004
2023-10-12,10.5,57627.55267706457
2023-10-13,10.5,55081.48403839012
2023-10-14,10.5,54981.23566437278
2023-10-15,10.5,52951.8376668388
2023-10-16,10.5,50400.17474261498
2023-10-17,10.5,47702.682627119364
2023-10-18,10.5,45041.86383855612
2023-10-19,10.5,42940.053566970826
2023-10-20,10.5,42223.014883838245
2023-10-21,10.5,46674.43499925977
2023-10-22,10.5,53736.22355254891
2023-10-23,10.5,59166.46557988388
2023-10-24,10.5,63641.25455263488
2023-10-25,10.5,77317.11114891815
2023-10-26,10.5,91273.5496224887
2023-10-27,10.5,102645.80823941136
2023-10-28,10.5,108527.09485808246
2023-10-29,10.5,115439.90598031737
2023-10-30,10.5,127777.05665744343
2023-10-31,10.5,139643.92514137854
2023-11-01,10.5,147399.3569076765
2023-11-02,10.5,152732.14033684842
2023-11-03,10.5,152987.6440866554
2023-11-04,10.5,149827.56648415257
2023-11-05,10.5,147145.0715926272
2023-11-06,10.5,144336.56121447062
2023-11-07,10.5,140447.26593746583
2023-11-08,10.5,136499.6812128117
2023-11-09,10.5,132524.5198452843
2023-11-10,10.5,129212.50197699043
2023-11-11,10.5,126344.0532479213
2023-11-12,10.5,123022.79980666099
2023-11-13,10.5,119258.5853754832
2023-11-14,10.5,121616.19577150645
2023-11-15,10.5,125878.09715873482
2023-11-16,10.5,136605.86594770494
2023-11-17,10.5,144765.47008134145
2023-11-18,10.5,146800.15900726608
2023-11-19,10.5,146803.2668916722
2023-11-20,10.5,147384.34835846574
2023-11-21,10.5,145963.40815206172
2023-11-22,10.5,142016.7900355275
2023-11-23,10.5,139605.1073009116
2023-11-24,10.5,137370.7331690112
2023-11-25,10.5,133460.1626358577
2023-11-26,10.5,128256.58646444735
2023-11-27,10.5,122814.33333497969
2023-11-28,10.5,116709.36979337106
2023-11-29,10.5,110281.43944070034
2023-11-30,10.5,106056.21755231336
2023-12-01,10.5,101325.04842856465
2023-12-02,10.5,96104.93713858715
2023-12-03,10.5,91827.83305542354
2023-12-04,10.5,87844.67066014676
2023-12-05,10.5,84089.16125538245
2023-12-06,10.5,81885.22543834227
2023-12-07,10.5,79679.48534700226
2023-12-08,10.5,77560.55681165453
2023-12-09,10.5,76607.55433782576
2023-12-10,10.5,81748.79968507445
2023-12-11,10.5,96873.12988291871
2023-12-12,10.5,111443.58865366245
2023-12-13,10.5,119318.52353231204
2023-12-14,10.5,121136.59518529594
2023-12-15,10.5,119132.0208605091
2023-12-16,10.5,115640.03175807168
2023-12-17,10.5,111772.42052829984
2023-12-18,10.5,108148.48618197977
2023-12-19,10.5,104545.3315748717
2023-12-20,10.5,101452.17278402526
2023-12-21,10.5,102527.99629906408
2023-12-22,10.5,108350.96666789692
2023-12-23,10.5,110299.0821213289
2023-12-24,10.5,110384.35778356876
2023-12-25,10.5,111568.2834899805
2023-12-26,10.5,112079.73648167856
2023-12-27,10.5,110995.42988777213
2023-12-28,10.5,115780.78561041734
2023-12-29,10.5,126891.59936370308
2023-12-30,10.5,136937.67949813936
2023-12-31,10.5,140507.36402912554
2024-01-01,10.5,144727.6564127448
2024-01-02,10.5,147268.11894983827
2024-01-03,10.5,153572.53626580985
2024-01-04,10.5,153290.2841724136
2024-01-05,10.5,148059.7611836455
2024-01-06,10.5,142119.92481515824
2024-01-07,10.5,135363.0479044775
2024-01-08,10.5,128376.47102999012
2024-01-09,10.5,121603.29844444041
2024-01-10,10.5,115363.1247929038
2024-01-11,10.5,109847.28838200995
2024-01-12,10.5,104566.36771197966
2024-01-13,10.5,100866.47834824877
2024-01-14,10.5,101483.16066206581
2024-01-15,10.5,103373.80450119387
2024-01-16,10.5,102564.21679727471
2024-01-17,10.5,100817.37513572458
2024-01-18,10.5,97160.57276406826
2024-01-19,10.5,93406.23019662048
2024-01-20,10.5,95069.79028813998
2024-01-21,10.5,105560.79093382694
2024-01-22,10.5,124874.58613293216
2024-01-23,10.5,146006.68250142864
2024-01-24,10.5,162143.25327053538
2024-01-25,10.5,171333.28746171793
2024-01-26,10.5,173160.35491503743
2024-01-27,10.5,172281.1491859542
2024-01-28,10.5,167342.20410789156
2024-01-29,10.5,160375.9402630077
2024-01-30,10.5,152902.61456365237
2024-01-31,10.5,145355.9369608155
2024-02-01,10.5,139345.99363163262
2024-02-02,10.5,132996.76373613282
2024-02-03,10.5,127262.05719951773
2024-02-04,10.5,121605.7385429113
2024-02-05,10.5,117469.57571879184
2024-02-06,10.5,129222.24665783903
2024-02-07,10.5,144592.8456125906
2024-02-08,10.5,150291.14252624556
2024-02-09,10.5,150122.17268481426
2024-02-10,10.5,149457.76384166582
2024-02-11,10.5,147078.07104133413
2024-02-12,10.5,151235.02456045517
2024-02-13,10.5,157858.78384651826
2024-02-14,10.5,159452.31231411063
2024-02-15,10.5,157415.78740828176
2024-02-16,10.5,153557.2354364375
2024-02-17,10.5,148569.29040762977
2024-02-18,10.5,143520.39996803278
2024-02-19,10.5,139929.49441959264
2024-02-20,10.5,135576.40461499497
2024-02-21,10.5,131186.8013818582
2024-02-22,10.5,127231.10553864125
2024-02-23,10.5,126397.60048186962
2024-02-24,10.5,125351.54432118461
2024-02-25,10.5,125001.85307855414
2024-02-26,10.5,123893.22452658194
2024-02-27,10.5,121063.6621569217
2024-02-28,10.5,117376.07410065428
2024-02-29,10.5,113623.04970546653
2024-03-01,10.5,110173.08328814822
2024-03-02,10.5,107088.57119707832
2024-03-03,10.5,103847.75421789975
2024-03-04,10.5,100560.35638916466
2024-03-05,10.5,96982.31583914917
2024-03-06,10.5,93919.46418612172
2024-03-07,10.5,90790.76661000596
2024-03-08,10.5,87770.97857092207
2024-03-09,10.5,84929.13619187192
2024-03-10,10.5,82491.74949589833
2024-03-11,10.5,80106.32701023926
2024-03-12,10.5,77422.07485190422
2024-03-13,10.5,74916.63401641468
2024-03-14,10.5,72922.92756672886
2024-03-15,10.5,71373.27260370583
2024-03-16,10.5,69885.88443233349
2024-03-17,10.5,67941.32003716311
2024-03-18,10.5,65845.90023190959
2024-03-19,10.5,63720.13503713031
2024-03-20,10.5,61973.789172583565
2024-03-21,10.5,61658.177288700725
2024-03-22,10.5,60813.628804114065
2024-03-23,10.5,59646.993438347214
2024-03-24,10.5,59233.36937807612
2024-03-25,10.5,59212.03711107066
2024-03-26,10.5,58166.07043690019
2024-03-27,10.5,56766.04440106344
2024-03-28,10.5,55546.436963242515
2024-03-29,10.5,54780.00438617438
2024-03-30,10.5,53684.77701726349
2024-03-31,10.5,52332.105305937366
2024-04-01,10.5,51291.430901782354
2024-04-02,10.5,62030.23702989014
2024-04-03,10.5,75926.4690535929
2024-04-04,10.5,86082.65275839235
2024-04-05,10.5,93918.41557943731
2024-04-06,10.5,102221.24179790591
2024-04-07,10.5,108053.97383738882
2024-04-08,10.5,110976.96676729419
2024-04-09,10.5,110945.70802974471
2024-04-10,10.5,109029.99163412332
2024-04-11,10.5,106025.43954665953
2024-04-12,10.5,102953.62365317222
2024-04-13,10.5,99618.00306215673
2024-04-14,10.5,96026.8603333605
2024-04-15,10.5,92461.92288301844
2024-04-16,10.5,88768.56586284317
2024-04-17,10.5,84742.61119185617
2024-04-18,10.5,80743.97872183862
2024-04-19,10.5,78091.70744830127
2024-04-20,10.5,76216.45900921243
2024-04-21,10.5,77247.55205856841
2024-04-22,10.5,75576.9842442444
2024-04-23,10.5,73896.07375202517
2024-04-24,10.5,73451.2080512358
2024-04-25,10.5,71898.53892783348
2024-04-26,10.5,71896.7357434618
2024-04-27,10.5,74518.29163024589
2024-04-28,10.5,75509.50715990007
2024-04-29,10.5,75027.53374325548
2024-04-30,10.5,73237.27327252754
2024-05-01,10.5,70742.51535010194
2024-05-02,10.5,68158.26737944638
2024-05-03,10.5,65229.05048105935
2024-05-04,10.5,62366.30434497392
2024-05-05,10.5,60322.85503428217
2024-05-06,10.5,59330.16584426304
2024-05-07,10.5,57181.75376636157
2024-05-08,10.5,54540.57064214724
2024-05-09,10.5,51944.313138558835
2024-05-10,10.5,49591.05305715987
2024-05-11,10.5,47444.6094058288
2024-05-12,10.5,45340.14274042061
2024-05-13,10.5,42973.96724845497
2024-05-14,10.5,40667.82584868823
2024-05-15,10.5,38552.87807046173
2024-05-16,10.5,36478.02545031326
2024-05-17,10.5,34466.83248634779
2024-05-18,10.5,32791.20012064976
2024-05-19,10.5,31391.135519863943
2024-05-20,10.5,30091.10621358868
2024-05-21,10.5,28779.171151536226
2024-05-22,10.5,27354.004963365478
2024-05-23,10.5,26953.120384618465
2024-05-24,10.5,26989.292281728987
2024-05-25,10.5,26273.332318449342
2024-05-26,10.5,25599.96933688189
2024-05-27,10.5,24890.356668957786
2024-05-28,10.5,25798.39102483966
2024-05-29,10.5,26891.211342394774
2024-05-30,10.5,27283.719057968243
2024-05-31,10.5,29243.08732890056
2024-06-01,10.5,30428.53569963233
2024-06-02,10.5,30006.280151858075
2024-06-03,10.5,29079.836431690263
2024-06-04,10.5,28403.19931222025
2024-06-05,10.5,29076.83485477442
2024-06-06,10.5,29112.4114458069
2024-06-07,10.5,28937.976297782545
2024-06-08,10.5,31313.401797088372
2024-06-09,10.5,35297.042413691
2024-06-10,10.5,36393.8564831582
2024-06-11,10.5,36794.04251911664
2024-06-12,10.5,36480.41686029361
2024-06-13,10.5,35880.198742419954
2024-06-14,10.5,35396.3004119583
2024-06-15,10.5,37142.818759297465
2024-06-16,10.5,40826.66524751177
2024-06-17,10.5,42103.588033185784
2024-06-18,10.5,42142.72798731574
2024-06-19,10.5,41272.218161981655
2024-06-20,10.5,39913.13663370896
2024-06-21,10.5,39399.20383336459
2024-06-22,10.5,48610.927683886635
2024-06-23,10.5,52222.717295732306
2024-06-24,10.5,53649.231012492564
2024-06-25,10.5,53799.96418642861
2024-06-26,10.5,52789.142042942374
2024-06-27,10.5,51175.82542110696
2024-06-28,10.5,49519.043422968934
2024-06-29,10.5,47203.79564113696
2024-06-30,10.5,45010.096122244664
2024-07-01,10.5,42622.05900474374
2024-07-02,10.5,40313.743138475336
2024-07-03,10.5,38081.14645396317
2024-07-04,10.5,37486.73417198558
2024-07-05,10.5,37097.467229826805
2024-07-06,10.5,36893.11690843082
2024-07-07,10.5,36662.09225570317
2024-07-08,10.5,36131.592382949486
2024-07-09,10.5,35364.21411516684
2024-07-10,10.5,34365.855413385914
2024-07-11,10.5,33318.51398521816
2024-07-12,10.5,32240.977139656476
2024-07-13,10.5,33803.85084861035
2024-07-14,10.5,34334.994703597375
2024-07-15,10.5,35440.133914583654
2024-07-16,10.5,37058.08693734907
2024-07-17,10.5,39064.590618221686
2024-07-18,10.5,39123.001455513666
2024-07-19,10.5,38808.991503485275
2024-07-20,10.5,38195.63533933813
2024-07-21,10.5,37265.076369927396
2024-07-22,10.5,40978.0314615185
2024-07-23,10.5,44685.428380459656
2024-07-24,10.5,46709.476990424184
2024-07-25,10.5,47249.29511936283
2024-07-26,10.5,48708.07920054262
2024-07-27,10.5,49727.84121924952
2024-07-28,10.5,49007.860526010205
2024-07-29,10.5,47787.17852220782
2024-07-30,10.5,46630.67656845946
2024-07-31,10.5,45092.98073671381
2024-08-01,10.5,43361.255714202984
2024-08-02,10.5,41615.75435213301
2024-08-03,10.5,39780.48853438229
2024-08-04,10.5,38165.432078227335
2024-08-05,10.5,36469.19439843422
2024-08-06,10.5,34934.86557097148
2024-08-07,10.5,33625.40284448642
2024-08-08,10.5,32660.899664918346
2024-08-09,10.5,32865.2374794457
2024-08-10,10.5,32294.41292745478
2024-08-11,10.5,30813.98102829901
2024-08-12,10.5,29555.70940179717
2024-08-13,10.5,28529.508588247838
2024-08-14,10.5,29001.63365491968
2024-08-15,10.5,28749.523480879565
2024-08-16,10.5,28959.766993467136
2024-08-17,10.5,28876.8854704661
2024-08-18,10.5,27992.489481888595
2024-08-19,10.5,27090.945246494048
2024-08-20,10.5,26260.75318055276
2024-08-21,10.5,26536.375220051956
2024-08-22,10.5,26256.072031240838
2024-08-23,10.5,27519.900151787337
2024-08-24,10.5,28034.02432931011
2024-08-25,10.5,30482.56818927061
2024-08-26,10.5,31576.530087522922
2024-08-27,10.5,32663.73808963644
2024-08-28,10.5,33278.65434584611
2024-08-29,10.5,33243.52640126896
2024-08-30,10.5,32922.84318874831
2024-08-31,10.5,32156.44871479998
2024-09-01,10.5,31349.962081443202
2024-09-02,10.5,30435.049473880492
2024-09-03,10.5,29497.03974862318
2024-09-04,10.5,28780.614791075437
2024-09-05,10.5,28087.41071695127
2024-09-06,10.5,27167.335548196323
2024-09-07,10.5,26107.123872593
2024-09-08,10.5,25221.272003157887
2024-09-09,10.5,25005.392662243707
2024-09-10,10.5,24948.57586605013
2024-09-11,10.5,26101.761150506485
2024-09-12,10.5,26140.75566425459
2024-09-13,10.5,25740.02829323722
2024-09-14,10.5,24918.26803084933
2024-09-15,10.5,24177.211657595017
2024-09-16,10.5,23528.423467160817
2024-09-17,10.5,22881.037975895983
2024-09-18,10.5,22247.668431039023
2024-09-19,10.5,21608.915129718596
2024-09-20,10.5,20920.334465522737
2024-09-21,10.5,20293.659347843546
2024-09-22,10.5,19721.189983989916
2024-09-23,10.5,19159.838760965904
2024-09-24,10.5,18738.047629631317
2024-09-25,10.5,18331.039691688267
2024-09-26,10.5,18876.89229598322
2024-09-27,10.5,22563.708509799937
2024-09-28,10.5,27874.735103410756
2024-09-29,10.5,30285.430046298803
2024-09-30,10.5,31979.53011477073
2024-10-01,10.5,32355.69404628024
2024-10-02,10.5,31911.93452494904
2024-10-03,10.5,31336.643442408797
2024-10-04,10.5,30590.242061875026
2024-10-05,10.5,29736.187011985014
2024-10-06,10.5,28907.351643548645
2024-10-07,10.5,28430.726524773927
2024-10-08,10.5,28483.512955224596
2024-10-09,10.5,28661.372920367736
2024-10-10,10.5,28633.524918469084
2024-10-11,10.5,28615.68668457014
2024-10-12,10.5,29099.803925595
2024-10-13,10.5,28997.113705655815
2024-10-14,10.5,28705.37232164233
2024-10-15,10.5,28092.04161984821
2024-10-16,10.5,27402.88209475547
2024-10-17,10.5,26630.762509528096
2024-10-18,10.5,26320.361195094454
2024-10-19,10.5,26044.610751861575
2024-10-20,10.5,25789.558199772902
2024-10-21,10.5,25930.802716941915
2024-10-22,10.5,25723.584381267156
2024-10-23,10.5,25324.20356373288
2024-10-24,10.5,24923.624553161713
2024-10-25,10.5,24583.214303414436
2024-10-26,10.5,24270.5873674654
2024-10-27,10.5,24238.36052226069
2024-10-28,10.5,24083.59689695416
2024-10-29,10.5,23944.837773500007
2024-10-30,10.5,23647.36932769292
2024-10-31,10.5,23125.52438091671
2024-11-01,10.5,22861.71081724991
2024-11-02,10.5,22396.892157493978
2024-11-03,10.5,21852.316190344034
2024-11-04,10.5,21575.296654292077
2024-11-05,10.5,21365.296691163323
2024-11-06,10.5,21103.698895791582
2024-11-07,10.5,20813.297781976617
2024-11-08,10.5,20656.75783356317
2024-11-09,10.5,20405.36002864202
2024-11-10,10.5,20124.48065076072
2024-11-11,10.5,20063.946829429267
2024-11-12,10.5,19904.5705159512
2024-11-13,10.5,19769.40406300925
2024-11-14,10.5,19633.72998759431
2024-11-15,10.5,19497.199678829682
2024-11-16,10.5,19776.99347801211
2024-11-17,10.5,19967.472188490327
2024-11-18,10.5,20121.330170963145
2024-11-19,10.5,20049.020195238114
2024-11-20,10.5,20015.377691803027
2024-11-21,10.5,19910.71610735685
2024-11-22,10.5,19796.41700117208
2024-11-23,10.5,19565.41942857266
2024-11-24,10.5,20859.944957197346
2024-11-25,10.5,22273.541502557702
2024-11-26,10.5,23205.317620722017
2024-11-27,10.5,23724.487815641365
2024-11-28,10.5,26000.065723110394
2024-11-29,10.5,27559.90827772065
2024-11-30,10.5,28539.617336154693
2024-12-01,10.5,29181.655330305726
2024-12-02,10.5,30142.62029760163
2024-12-03,10.5,31123.214475875968
2024-12-04,10.5,31886.698899989256
2024-12-05,10.5,32531.481736287038
2024-12-06,10.5,34137.827380644194
2024-12-07,10.5,35846.53531653954
2024-12-08,10.5,38754.60701946725
2024-12-09,10.5,41110.18727521112
2024-12-10,10.5,42653.798653204765
2024-12-11,10.5,43308.29568280236
2024-12-12,10.5,42936.437052577356
2024-12-13,10.5,42088.653093404275
2024-12-14,10.5,41317.867492894395
2024-12-15,10.5,40560.480577749804
2024-12-16,10.5,40412.1021072554
2024-12-17,10.5,40327.076463138495
2024-12-18,10.5,40283.6701773649
2024-12-19,10.5,42163.60714989975
2024-12-20,10.5,44101.44808005997
2024-12-21,10.5,45476.65487760601
2024-12-22,10.5,46881.61537441256
2024-12-23,10.5,47730.09709103305
2024-12-24,10.5,47743.5093499383
2024-12-25,10.5,47257.78923047615
2024-12-26,10.5,46484.99296719696
2024-12-27,10.5,45458.486832797134
2024-12-28,10.5,44354.78480357171
2024-12-29,10.5,43155.20019100306
2024-12-30,10.5,43188.495064628776
2024-12-31,10.5,46549.19103364371
